actual_runoff,predicted_runoff
1467.1809220122962,936.52216
1434.4427561861012,936.54193
1467.1809220122962,936.344
1565.3954194908813,936.3442
1434.4427561861012,936.32025
1418.0736732730036,936.32025
1336.2282587075158,936.32025
1352.5973416206132,936.32025
1254.3828441420283,936.32025
1319.8591757944182,936.32025
1319.8591757944182,936.32025
1205.2755954027355,936.32025
1254.3828441420283,936.32025
1205.2755954027355,936.32025
1123.430180837248,936.32025
1352.5973416206132,936.347
1303.4900928813208,936.44147
1061.2276657674772,936.4883
1188.9065124896379,936.45917
1172.5374295765405,936.346
1238.013761228931,936.344
863.1617625189969,936.35114
1221.6446783158328,936.349
1319.8591757944182,936.32025
1287.1210099682232,936.32025
1123.430180837248,936.32025
1319.8591757944182,936.32025
1450.8118390991986,936.32025
1205.2755954027355,936.32025
1467.1809220122962,936.32025
1450.8118390991986,936.32025
1287.1210099682232,936.3416
1238.013761228931,936.41125
1188.9065124896379,936.4323
1098.8765564676016,936.4043
1532.6572536646863,936.32025
1483.5500049253935,936.32025
1368.9664245337108,936.32025
1418.0736732730036,936.32025
1139.7992637503455,936.3826
1254.3828441420283,936.40344
1013.7573253194942,936.4043
976.10843461937,936.32025
1087.418198428433,936.32025
1221.6446783158328,936.32025
1352.5973416206132,936.32025
1499.9190878384914,936.32025
1123.430180837248,936.32025
1336.2282587075158,936.32025
1287.1210099682232,936.32025
1172.5374295765405,936.32025
1105.4241896328406,936.32025
1172.5374295765405,936.32025
1238.013761228931,936.4361
1188.9065124896379,936.4747
1172.5374295765405,936.47626
1156.168346663443,936.32025
1238.013761228931,936.32025
1188.9065124896379,936.32025
1270.7519270551259,936.32025
1238.013761228931,936.32025
1085.7812901371235,936.32025
1107.06109792415,936.32025
1107.06109792415,936.32025
1107.06109792415,936.32025
1031.7633165239017,936.32025
1336.2282587075158,936.32025
1450.8118390991986,936.32025
1254.3828441420283,936.5568
1221.6446783158328,936.6359
1044.8585828543796,936.6389
1067.7752989327162,936.32025
1368.9664245337108,936.32025
1254.3828441420283,936.32025
1287.1210099682232,936.32025
1238.013761228931,936.32025
1287.1210099682232,936.32025
1221.6446783158328,936.32025
1221.6446783158328,936.32025
1238.013761228931,936.32025
1139.7992637503455,936.32025
1287.1210099682232,936.32025
1254.3828441420283,936.32025
1238.013761228931,936.32025
977.7453429106797,936.32025
938.4595439192458,936.32025
1188.9065124896379,936.4716
1053.0431243109283,936.52216
1102.150373050221,936.5241
1156.168346663443,936.32025
1434.4427561861012,936.32025
945.0071770844845,936.4485
1054.680032602238,936.49133
1205.2755954027355,936.5678
1038.3109496891407,936.44147
945.0071770844845,936.45496
858.2510376450676,936.35614
935.1857273366261,936.3649
3480.5781203232937,936.4326
2825.8148037993915,936.51984
2089.2060727100024,938.9608
1565.3954194908813,939.92633
1046.4954911456894,939.72833
1188.9065124896379,936.6078
1336.2282587075158,936.32025
1172.5374295765405,936.32025
1172.5374295765405,936.32025
1254.3828441420283,936.32025
1072.6860238066456,936.32025
1000.6620589890163,936.347
1156.168346663443,936.35583
1077.5967486805748,936.35626
1082.507473554504,936.5036
1581.764502403979,936.7339
1549.026336577784,936.7927
1401.704590359906,936.5481
1238.013761228931,936.32025
1105.4241896328406,936.32025
1499.9190878384914,936.32025
1221.6446783158328,936.32025
1188.9065124896379,936.32025
1156.168346663443,936.32025
1156.168346663443,936.32025
1205.2755954027355,936.32025
1059.5907574761675,936.32025
1021.941866776043,936.32025
1087.418198428433,936.32025
1059.5907574761675,936.32025
1107.06109792415,936.32025
1139.7992637503455,936.32025
1303.4900928813208,936.32025
1450.8118390991986,936.32025
1238.013761228931,936.32025
1221.6446783158328,936.32025
1205.2755954027355,936.32025
1093.9658315936724,936.32025
1139.7992637503455,936.32025
1139.7992637503455,936.32025
1123.430180837248,936.32025
1188.9065124896379,936.32025
1139.7992637503455,936.32025
1107.06109792415,936.32025
961.376259997582,936.32025
859.8879459363776,936.32025
704.3816582619509,936.32025
817.3283303623238,936.32025
892.6261117625726,936.32025
899.1737449278115,936.32025
776.40562307958,936.32025
606.1671607833657,936.32025
778.0425313708897,936.32025
804.2330640318457,936.32025
800.9592474492263,936.32025
925.3642775887678,936.32025
724.0245577576678,936.32025
800.9592474492263,936.4468
812.4176054883945,936.48895
650.363684648729,936.4906
802.5961557405361,936.32025
800.9592474492263,936.32025
758.3996318751728,936.32025
800.9592474492263,936.32025
712.5661997184995,936.32025
730.5721909229069,936.32025
652.0005929400387,936.32025
688.0125753488534,936.32025
681.4649421836142,936.32025
681.4649421836142,936.32025
699.4709333880214,936.32025
458.8454145654877,936.32025
874.6201205581651,936.32025
884.4415703060238,936.32025
1156.168346663443,936.32025
1089.055106719743,936.32025
954.8286268323433,936.32025
1075.9598403892649,936.32025
1054.680032602238,936.32025
887.7153868886431,936.32025
1039.9478579804504,936.32025
1059.5907574761675,936.32025
1630.8717511432712,936.587
1614.5026682301739,937.17395
1352.5973416206132,937.2989
1254.3828441420283,936.9462
1156.168346663443,936.32025
1156.168346663443,936.32025
1049.7693077283088,936.32025
1139.7992637503455,936.32025
1061.2276657674772,936.32025
1056.316940893548,936.32025
1123.430180837248,936.32025
1062.864574058787,936.32025
971.1977097454408,936.32025
1023.5787750673529,936.32025
938.4595439192458,936.40045
925.3642775887678,936.42725
913.9059195495993,936.4283
732.2090992142166,936.32025
1287.1210099682232,936.6029
1172.5374295765405,936.75964
1418.0736732730036,936.7841
1303.4900928813208,936.4043
1188.9065124896379,936.32025
1062.864574058787,936.32025
1270.7519270551259,936.32025
1071.0491155153356,936.32025
1221.6446783158328,936.32025
1205.2755954027355,936.32025
1221.6446783158328,936.32025
1238.013761228931,936.32025
907.3582863843603,936.32025
1221.6446783158328,936.32025
1254.3828441420283,936.32025
907.3582863843603,936.32025
1581.764502403979,936.33264
1499.9190878384914,936.71326
1401.704590359906,936.9051
1254.3828441420283,936.9152
1188.9065124896379,936.409
1103.7872813415306,936.32025
1254.3828441420283,936.32025
1270.7519270551259,936.32025
1188.9065124896379,936.32025
1254.3828441420283,936.32025
1107.06109792415,936.32025
1205.2755954027355,936.32025
843.5188630232799,936.32025
866.4355791016164,936.32025
938.4595439192458,936.32025
961.376259997582,936.32025
987.5667926585382,936.32025
830.4235966928018,936.32025
890.9892034712626,936.32025
1270.7519270551259,936.32025
1097.239648176292,936.32025
1467.1809220122962,936.70544
1123.430180837248,937.2432
1053.0431243109283,937.38544
899.1737449278115,936.87256
953.1917185410333,936.32025
989.203700949848,936.32025
1044.8585828543796,936.32025
1085.7812901371235,936.32025
1085.7812901371235,936.32025
1069.4122072240261,936.32025
985.9298843672285,936.32025
882.8046620147139,936.32025
851.7034044798288,936.32025
1010.4835087368747,936.32025
913.9059195495993,936.32025
946.6440853757945,936.32025
913.9059195495993,936.32025
899.1737449278115,936.32025
907.3582863843603,936.32025
861.5248542276871,936.32025
890.9892034712626,936.32025
931.9119107540066,936.32025
874.6201205581651,936.32025
843.5188630232799,936.3238
874.6201205581651,936.38745
1287.1210099682232,936.40826
1679.978999882564,936.53076
1450.8118390991986,937.17206
1043.2216745630699,937.31287
1002.298967280326,937.11487
1123.430180837248,936.3466
971.1977097454408,936.32025
1039.9478579804504,936.32025
1003.9358755716358,936.32025
1074.3229320979551,936.32025
882.8046620147139,936.32025
979.3822512019894,936.32025
1156.168346663443,936.32196
1843.6698290135394,936.49
1188.9065124896379,936.6616
1188.9065124896379,936.7001
1139.7992637503455,936.47626
1221.6446783158328,936.32025
1059.5907574761675,936.32025
969.5608014541308,936.32025
1038.3109496891407,936.32025
1123.430180837248,936.5516
1188.9065124896379,936.6288
1270.7519270551259,936.6318
1270.7519270551259,936.32025
1696.3480827956614,936.32025
1647.240834056369,936.32025
1630.8717511432712,936.32025
1598.1335853170763,936.32025
1598.1335853170763,936.32025
1581.764502403979,936.32025
1581.764502403979,936.32025
1630.8717511432712,936.32025
1319.8591757944182,936.32025
1385.3355074468086,936.32025
1123.430180837248,936.32025
1043.2216745630699,936.32025
1287.1210099682232,936.32025
1549.026336577784,936.35583
1663.6099169694664,936.45874
1729.0862486218566,936.6338
1516.288170751589,936.69916
1499.9190878384914,936.6001
1287.1210099682232,936.4066
1516.288170751589,936.32025
1336.2282587075158,936.32025
1336.2282587075158,936.32025
1172.5374295765405,936.32025
1221.6446783158328,936.32025
1139.7992637503455,936.32025
1172.5374295765405,936.32025
1205.2755954027355,936.33093
1385.3355074468086,936.3345
1368.9664245337108,936.3346
1434.4427561861012,936.32025
1418.0736732730036,936.32025
1450.8118390991986,936.3416
1401.704590359906,936.34875
1385.3355074468086,936.349
1095.602739884982,936.32025
1303.4900928813208,936.32025
1270.7519270551259,936.32025
1123.430180837248,936.32025
1123.430180837248,936.32025
1123.430180837248,936.32025
1172.5374295765405,936.32025
1205.2755954027355,936.32025
1336.2282587075158,936.5178
1172.5374295765405,936.5838
1303.4900928813208,936.5863
1549.026336577784,936.404
1352.5973416206132,936.5869
1270.7519270551259,936.63965
1107.06109792415,936.52893
1238.013761228931,936.32025
1516.288170751589,936.32025
1483.5500049253935,936.32025
1467.1809220122962,936.32025
1467.1809220122962,936.4485
1139.7992637503455,936.5073
1172.5374295765405,936.5144
1205.2755954027355,936.3418
1336.2282587075158,936.32025
1270.7519270551259,936.32025
1238.013761228931,936.32025
1238.013761228931,936.32025
1238.013761228931,936.32025
1139.7992637503455,936.32025
1238.013761228931,936.32025
1385.3355074468086,936.32025
1087.418198428433,936.32025
1018.6680501934235,936.32025
881.1677537234043,936.32025
868.0724873929263,936.32025
833.6974132754215,936.32025
828.7866884014921,936.32025
1221.6446783158328,936.32025
936.8226356279358,936.32025
954.8286268323433,936.32025
941.7333605018653,936.32025
751.8519987099336,936.32025
670.0065841444459,936.32025
750.215090418624,936.32025
994.1144258237772,936.32025
1023.5787750673529,936.32025
928.638094171387,936.32025
800.9592474492263,936.32025
707.6554748445702,936.32025
1368.9664245337108,936.32025
1188.9065124896379,936.32025
1303.4900928813208,936.32025
1434.4427561861012,936.32025
1172.5374295765405,936.32025
1156.168346663443,936.32025
1139.7992637503455,936.32025
1123.430180837248,936.32025
1221.6446783158328,936.347
1205.2755954027355,936.35583
1205.2755954027355,936.35626
935.1857273366261,936.32025
1303.4900928813208,936.32025
899.1737449278115,936.32025
982.6560677846091,936.32025
1098.8765564676016,936.32025
1057.9538491848575,936.32025
1107.06109792415,936.32025
1077.5967486805748,936.32025
1031.7633165239017,936.32025
1105.4241896328406,936.32025
1188.9065124896379,936.32025
1139.7992637503455,936.32025
1057.9538491848575,936.32025
853.3403127711384,936.32025
1028.4894999412822,936.32025
1123.430180837248,936.32025
1061.2276657674772,936.32025
1499.9190878384914,936.32025
1516.288170751589,936.32025
1467.1809220122962,936.32025
1303.4900928813208,936.32025
1385.3355074468086,936.32025
1254.3828441420283,936.32025
1319.8591757944182,936.32025
1270.7519270551259,936.32025
1238.013761228931,936.32025
1079.2336569718843,936.32025
1139.7992637503455,936.32025
1188.9065124896379,936.32025
1238.013761228931,936.32025
1287.1210099682232,936.32025
1336.2282587075158,936.3648
1139.7992637503455,936.37964
1205.2755954027355,936.38025
943.3702687931748,936.32025
874.6201205581651,936.32025
992.4775175324675,936.32025
1008.8466004455652,936.32025
1172.5374295765405,936.32025
1205.2755954027355,936.347
1221.6446783158328,936.35583
990.840609241158,936.35626
1156.168346663443,936.32025
1025.2156833586625,936.32025
1033.4002248152115,936.4539
1630.8717511432712,936.4985
1614.5026682301739,936.5001
1614.5026682301739,936.32025
1663.6099169694664,936.32025
1778.1934973611494,936.32025
1679.978999882564,936.32025
1810.9316631873444,936.32025
2023.7297410576125,936.32025
2563.9094771898313,936.5928
3104.08921332205,940.26953
2121.9442385361976,942.30884
1925.5152435790271,942.0174
1925.5152435790271,937.13525
1761.8244144480518,936.32025
2203.7896531016854,936.32025
1876.4079948397343,936.32025
1974.6224923183197,936.461
1745.455331534954,936.81165
1794.5625802742468,936.9361
1614.5026682301739,936.7576
1810.9316631873444,936.9251
1778.1934973611494,937.0034
1745.455331534954,937.0181
1630.8717511432712,936.34485
1679.978999882564,936.3343
1614.5026682301739,936.33435
1696.3480827956614,936.3518
1876.4079948397343,936.61395
663.4589509792071,936.9394
663.4589509792071,972.32275
684.7387587662339,1001.60803
810.7806971970849,1020.64526
810.7806971970849,1020.71844
833.6974132754215,1020.8058
768.2210816230313,1021.1213
768.2210816230313,1021.2542
748.5781821273141,1021.3895
748.5781821273141,1020.64526
748.5781821273141,1020.64526
748.5781821273141,1020.64526
748.5781821273141,1020.64526
789.500889410058,1020.64526
833.6974132754215,1020.64526
833.6974132754215,1020.64526
856.6141293537579,1020.64526
810.7806971970849,1020.64526
810.7806971970849,1020.64526
810.7806971970849,1020.6554
768.2210816230313,1020.6674
768.2210816230313,1020.6726
768.2210816230313,1020.64526
768.2210816230313,1020.64526
768.2210816230313,1020.64526
727.2983743402873,1020.64526
727.2983743402873,1020.64526
727.2983743402873,1020.64526
768.2210816230313,1020.64526
863.1617625189969,1020.64526
845.1557713145896,1020.64526
807.5068806144654,1020.7412
789.500889410058,1020.86304
773.1318064969603,1020.9216
773.1318064969603,1020.6658
773.1318064969603,1020.64526
755.1258152925533,1020.64526
720.7507411750486,1020.6579
704.3816582619509,1020.6729
688.0125753488534,1020.67944
688.0125753488534,1020.64526
670.0065841444459,1020.65155
688.0125753488534,1020.65906
688.0125753488534,1020.6623
653.6375012313484,1020.64526
653.6375012313484,1020.64526
619.2624271138437,1020.64526
619.2624271138437,1020.64526
619.2624271138437,1020.64526
653.6375012313484,1020.64526
619.2624271138437,1020.64526
602.8933442007462,1020.64526
588.1611695789583,1020.64526
602.8933442007462,1020.64526
602.8933442007462,1020.64526
571.7920866658608,1020.64526
555.4230037527631,1020.64526
1532.6572536646863,1020.64526
1532.6572536646863,1020.64526
1499.9190878384914,1020.7437
1401.704590359906,1020.8661
1401.704590359906,1020.9229
1418.0736732730036,1020.68164
1368.9664245337108,1020.8111
1319.8591757944182,1020.96106
1303.4900928813208,1020.9596
1303.4900928813208,1020.64526
1270.7519270551259,1020.64526
1270.7519270551259,1020.64526
1270.7519270551259,1020.64526
1254.3828441420283,1020.66425
1221.6446783158328,1020.68677
1188.9065124896379,1020.6966
1188.9065124896379,1020.64526
1270.7519270551259,1020.64526
1188.9065124896379,1020.6579
1156.168346663443,1020.6729
1139.7992637503455,1020.67944
1139.7992637503455,1020.64526
1107.06109792415,1020.64526
1092.3289233023625,1020.64526
1072.6860238066456,1020.64526
1053.0431243109283,1020.64526
1053.0431243109283,1020.64526
1053.0431243109283,1020.64526
899.1737449278115,1020.64526
881.1677537234043,1020.64526
863.1617625189969,1020.64526
825.5128718188724,1020.64526
807.5068806144654,1020.64526
789.500889410058,1020.64526
789.500889410058,1020.64526
789.500889410058,1020.64526
755.1258152925533,1020.64526
755.1258152925533,1020.64526
720.7507411750486,1020.64526
704.3816582619509,1020.64526
704.3816582619509,1020.64526
704.3816582619509,1020.64526
704.3816582619509,1020.64526
688.0125753488534,1020.64526
653.6375012313484,1020.64526
619.2624271138437,1020.64526
619.2624271138437,1020.64526
619.2624271138437,1020.64526
588.1611695789583,1020.64526
588.1611695789583,1020.64526
602.8933442007462,1020.64526
619.2624271138437,1020.64526
619.2624271138437,1020.64526
653.6375012313484,1020.64526
619.2624271138437,1020.7083
619.2624271138437,1020.7836
692.9233002227826,1020.8162
712.5661997184995,1020.64526
692.9233002227826,1020.64526
673.2804007270654,1020.64526
652.0005929400387,1020.64526
612.7147939486046,1020.65405
593.0718944528875,1020.6646
593.0718944528875,1020.6704
593.0718944528875,1020.64795
612.7147939486046,1020.6486
612.7147939486046,1020.64526
593.0718944528875,1020.64526
593.0718944528875,1020.65027
552.1491871701436,1020.6702
532.5062876744269,1020.6894
532.5062876744269,1020.6829
512.8633881787097,1020.64526
512.8633881787097,1020.64526
494.8573969743024,1020.64526
512.8633881787097,1020.64526
593.0718944528875,1020.6806
593.0718944528875,1020.79974
512.8633881787097,1020.91223
494.8573969743024,1020.8594
476.85140576989494,1020.6521
458.8454145654877,1020.64526
440.8394233610805,1020.64526
440.8394233610805,1020.64526
440.8394233610805,1020.64526
979.3822512019894,1020.64526
979.3822512019894,1020.64526
990.840609241158,1020.64777
954.8286268323433,1020.65076
979.3822512019894,1020.6534
979.3822512019894,1020.64795
979.3822512019894,1020.6499
954.8286268323433,1020.6733
954.8286268323433,1020.7079
908.9951946756701,1020.72205
918.8166444235286,1020.65546
897.5368366365018,1020.64526
886.0784785973336,1020.64526
886.0784785973336,1020.64526
864.7986708103068,1020.64526
843.5188630232799,1020.64526
886.0784785973336,1020.64526
886.0784785973336,1020.64526
876.2570288494751,1020.64526
864.7986708103068,1020.64526
876.2570288494751,1020.64526
886.0784785973336,1020.64526
864.7986708103068,1020.64526
843.5188630232799,1020.64526
954.8286268323433,1020.64526
943.3702687931748,1020.64526
886.0784785973336,1020.64526
886.0784785973336,1020.64526
6840.0,1020.64526
6840.0,1020.64526
6840.0,1020.64526
6840.0,1020.64526
6840.0,1020.6465
6840.0,1020.64795
6840.0,1020.6486
6840.0,1020.64526
6840.0,1020.64526
6840.0,1020.64526
6840.0,1020.64526
1532.6572536646863,1020.88354
1385.3355074468086,1021.38104
1303.4900928813208,1021.7577
1319.8591757944182,1021.2305
1401.704590359906,1020.64526
1319.8591757944182,1020.9124
1254.3828441420283,1021.22955
1221.6446783158328,1021.3644
1221.6446783158328,1020.65356
1188.9065124896379,1020.65546
1188.9065124896379,1020.64526
1172.5374295765405,1020.64526
1123.430180837248,1020.64526
1072.6860238066456,1020.64526
1018.6680501934235,1020.64526
1003.9358755716358,1020.64526
994.1144258237772,1020.64526
1434.4427561861012,1020.64526
1483.5500049253935,1020.64526
1532.6572536646863,1020.64526
1499.9190878384914,1020.64526
1499.9190878384914,1020.7374
1499.9190878384914,1020.8472
1483.5500049253935,1020.8948
1467.1809220122962,1020.64526
1467.1809220122962,1020.64526
1467.1809220122962,1020.64526
1483.5500049253935,1020.64526
1434.4427561861012,1020.64526
1434.4427561861012,1020.64526
1434.4427561861012,1020.64526
1434.4427561861012,1020.64526
1434.4427561861012,1020.73615
1434.4427561861012,1020.85205
1467.1809220122962,1020.92053
1467.1809220122962,1020.69604
1418.0736732730036,1020.68506
1385.3355074468086,1020.6521
1336.2282587075158,1020.64526
1319.8591757944182,1020.64526
1319.8591757944182,1020.64526
1287.1210099682232,1020.64526
1270.7519270551259,1020.64526
1270.7519270551259,1020.65405
1270.7519270551259,1020.69244
1051.4062160196186,1020.7301
1051.4062160196186,1020.72046
1075.9598403892649,1020.64526
1051.4062160196186,1020.66425
1026.8525916499723,1020.6931
1075.9598403892649,1020.71674
1100.5134647589111,1020.67615
1123.430180837248,1020.6623
1100.5134647589111,1020.649
1075.9598403892649,1020.65607
1075.9598403892649,1020.6623
1051.4062160196186,1020.6548
1051.4062160196186,1020.6486
1002.298967280326,1020.64526
1026.8525916499723,1020.64526
1002.298967280326,1020.7083
1002.298967280326,1020.7836
979.3822512019894,1020.8162
979.3822512019894,1020.64526
930.275002462697,1020.64526
930.275002462697,1020.64526
954.8286268323433,1020.64526
1002.298967280326,1020.64526
1002.298967280326,1020.66425
1051.4062160196186,1020.6969
1026.8525916499723,1020.7591
954.8286268323433,1020.7612
930.275002462697,1020.75464
954.8286268323433,1020.64526
648.7267763574192,1020.64526
648.7267763574192,1020.64526
615.9886105312243,1020.64526
599.6195276181265,1020.64526
581.6135364137193,1020.64526
581.6135364137193,1020.64526
565.2444535006218,1020.64526
498.1312135569217,1020.6579
481.7621306438242,1020.6729
467.02995602203646,1020.67944
467.02995602203646,1020.64526
452.2977814002487,1020.64526
421.1965238653635,1020.64526
406.4643492435757,1020.64526
406.4643492435757,1020.64526
391.73217462178775,1020.64526
377.0,1020.64526
377.0,1020.64526
391.73217462178775,1020.64526
498.1312135569217,1020.64526
498.1312135569217,1020.9237
452.2977814002487,1021.3439
437.56560677846096,1021.58704
421.1965238653635,1020.8913
406.4643492435757,1020.64526
421.1965238653635,1020.64526
406.4643492435757,1020.64526
421.1965238653635,1020.64526
971.1977097454408,1020.64526
945.0071770844845,1020.64526
918.8166444235286,1020.64526
864.7986708103068,1020.64526
971.1977097454408,1020.64526
918.8166444235286,1020.64526
890.9892034712626,1020.64526
864.7986708103068,1020.64526
838.6081381493505,1020.64526
838.6081381493505,1020.64526
812.4176054883945,1020.64526
812.4176054883945,1020.64526
760.0365401664824,1020.7601
737.1198240881461,1020.8969
712.5661997184995,1020.96625
689.6494836401631,1021.18005
665.0958592705167,1021.8465
665.0958592705167,1022.06635
689.6494836401631,1020.6623
689.6494836401631,1020.64526
665.0958592705167,1020.74744
665.0958592705167,1020.9472
665.0958592705167,1021.09686
689.6494836401631,1020.86554
689.6494836401631,1020.65546
665.0958592705167,1020.7097
737.1198240881461,1020.83057
760.0365401664824,1020.9164
971.1977097454408,1020.76495
945.0071770844845,1020.64526
918.8166444235286,1020.64526
864.7986708103068,1020.64526
971.1977097454408,1020.64526
918.8166444235286,1020.64526
890.9892034712626,1020.64526
864.7986708103068,1020.64526
838.6081381493505,1020.64526
838.6081381493505,1020.64526
812.4176054883945,1020.64526
812.4176054883945,1020.64526
760.0365401664824,1020.64526
737.1198240881461,1020.64526
712.5661997184995,1020.64526
689.6494836401631,1020.64526
665.0958592705167,1020.64526
665.0958592705167,1020.64526
689.6494836401631,1020.64526
689.6494836401631,1020.64526
665.0958592705167,1020.64526
665.0958592705167,1020.64526
665.0958592705167,1020.64526
689.6494836401631,1020.64526
689.6494836401631,1020.64526
665.0958592705167,1020.64526
737.1198240881461,1020.64526
945.0071770844845,1020.66547
1401.704590359906,1020.9314
1434.4427561861012,1021.27277
1368.9664245337108,1021.3925
1336.2282587075158,1020.76495
1270.7519270551259,1020.64526
1336.2282587075158,1020.64526
1303.4900928813208,1020.64526
1532.6572536646863,1020.64526
1565.3954194908813,1020.9011
1434.4427561861012,1021.23987
1205.2755954027355,1021.4087
1270.7519270551259,1020.7411
1205.2755954027355,1020.64526
1139.7992637503455,1020.64526
1205.2755954027355,1020.66797
1172.5374295765405,1020.69507
1139.7992637503455,1020.7068
1139.7992637503455,1020.64526
1074.3229320979551,1020.64526
1041.5847662717601,1020.64526
1008.8466004455652,1020.64526
1008.8466004455652,1020.64526
1008.8466004455652,1020.64526
976.10843461937,1020.64526
976.10843461937,1020.64526
943.3702687931748,1020.64526
943.3702687931748,1020.64526
943.3702687931748,1020.6769
1008.8466004455652,1020.7145
845.1557713145896,1020.7308
812.4176054883945,1020.7298
779.6794396621995,1020.9312
755.1258152925533,1021.09503
755.1258152925533,1020.9187
755.1258152925533,1020.64526
730.5721909229069,1020.64526
706.0185665532606,1020.64526
681.4649421836142,1020.64526
877.8939371407848,1020.64526
1008.8466004455652,1020.64526
812.4176054883945,1020.64526
755.1258152925533,1020.64526
812.4176054883945,1020.64526
910.6321029669798,1020.64526
910.6321029669798,1020.64526
845.1557713145896,1020.64526
845.1557713145896,1020.64526
730.5721909229069,1020.66675
706.0185665532606,1020.6924
681.4649421836142,1020.7072
656.9113178139679,1020.65356
607.8040690746752,1020.65546
583.250444705029,1020.64526
558.6968203353828,1020.64526
583.250444705029,1020.64526
632.3576934443217,1020.6705
632.3576934443217,1020.7145
971.1977097454408,1020.74414
918.8166444235286,1020.6829
890.9892034712626,1020.64526
864.7986708103068,1020.64526
838.6081381493505,1020.64526
838.6081381493505,1020.64526
786.2270728274386,1020.64526
760.0365401664824,1020.64526
890.9892034712626,1020.64526
1319.8591757944182,1020.69196
1287.1210099682232,1021.08936
1139.7992637503455,1021.5189
1023.5787750673529,1021.55316
864.7986708103068,1020.64526
812.4176054883945,1020.64526
812.4176054883945,1020.64526
786.2270728274386,1020.64526
760.0365401664824,1020.64526
737.1198240881461,1020.64526
712.5661997184995,1020.64526
689.6494836401631,1020.64526
689.6494836401631,1020.64526
864.7986708103068,1020.64526
760.0365401664824,1020.9337
760.0365401664824,1021.27606
712.5661997184995,1021.4152
665.0958592705167,1020.64526
642.17914319218,1020.64526
812.4176054883945,1020.64526
812.4176054883945,1020.64526
812.4176054883945,1020.64526
779.6794396621995,1020.64526
755.1258152925533,1020.64526
779.6794396621995,1020.64526
779.6794396621995,1020.64526
755.1258152925533,1020.64526
730.5721909229069,1020.64526
779.6794396621995,1020.64526
779.6794396621995,1020.64526
779.6794396621995,1020.64526
779.6794396621995,1020.64526
755.1258152925533,1020.64526
755.1258152925533,1020.64526
845.1557713145896,1020.64526
976.10843461937,1020.64526
845.1557713145896,1020.7437
812.4176054883945,1020.86096
755.1258152925533,1020.91187
730.5721909229069,1020.64526
681.4649421836142,1020.64526
755.1258152925533,1020.64526
1041.5847662717601,1020.64526
1041.5847662717601,1021.0326
812.4176054883945,1021.4914
706.0185665532606,1021.6661
730.5721909229069,1020.64526
999.0251506977066,1020.64526
961.376259997582,1020.64526
961.376259997582,1020.64526
925.3642775887678,1020.64526
889.3522951799531,1020.64526
864.7986708103068,1020.64526
830.4235966928018,1020.64526
805.8699723231555,1020.64526
805.8699723231555,1020.64526
1254.3828441420283,1020.64526
1909.1461606659298,1020.64526
2645.7548917553186,1021.2726
1892.7770777528317,1023.0001
1549.026336577784,1024.4889
1368.9664245337108,1023.1528
1319.8591757944182,1020.6623
1238.013761228931,1020.64526
1156.168346663443,1020.64526
1087.418198428433,1020.64526
1100.5134647589111,1020.64526
1075.9598403892649,1020.64526
1025.2156833586625,1020.64526
974.4715263280602,1020.64526
961.376259997582,1020.64526
925.3642775887678,1020.64526
1238.013761228931,1020.64526
1238.013761228931,1020.6705
1909.1461606659298,1020.8217
1450.8118390991986,1021.4547
936.8226356279358,1022.04016
913.9059195495993,1021.91705
900.8106532191214,1020.64526
889.3522951799531,1020.64526
925.3642775887678,1020.64526
889.3522951799531,1020.64526
864.7986708103068,1020.64526
841.8819547319702,1020.64526
830.4235966928018,1020.64526
805.8699723231555,1020.64526
794.4116142839874,1020.64526
769.857989914341,1020.64526
746.9412738360045,1020.64526
724.0245577576678,1020.64526
724.0245577576678,1020.64526
724.0245577576678,1020.64526
678.1911256009947,1020.64526
656.9113178139679,1020.64526
614.3517022399144,1020.64526
593.0718944528875,1020.64526
593.0718944528875,1020.64526
602.8933442007462,1020.6781
602.8933442007462,1020.7173
656.9113178139679,1020.73425
635.6315100269412,1020.64526
645.4529597747996,1020.64526
666.7327675618264,1020.64526
656.9113178139679,1020.6616
1254.3828441420283,1020.6813
1238.013761228931,1020.68976
1287.1210099682232,1020.64526
1303.4900928813208,1020.64526
1270.7519270551259,1020.6616
1221.6446783158328,1020.6813
1205.2755954027355,1020.68976
1205.2755954027355,1020.64526
1188.9065124896379,1020.64526
1156.168346663443,1020.64526
1139.7992637503455,1020.64526
1139.7992637503455,1020.64526
1139.7992637503455,1020.64526
1139.7992637503455,1020.64526
1123.430180837248,1020.64526
1087.418198428433,1020.64526
1064.5014823500967,1020.64526
1041.5847662717601,1020.64526
1053.0431243109283,1020.64526
1139.7992637503455,1020.64526
1075.9598403892649,1020.64526
1041.5847662717601,1020.64526
1018.6680501934235,1020.64526
985.9298843672285,1020.64526
1123.430180837248,1020.64526
1205.2755954027355,1020.65027
1064.5014823500967,1020.89075
1123.430180837248,1021.1881
1156.168346663443,1021.31274
1139.7992637503455,1020.68976
1139.7992637503455,1020.64526
1123.430180837248,1020.64526
1254.3828441420283,1020.68445
1087.418198428433,1020.7311
1062.864574058787,1020.7513
1049.7693077283088,1020.64526
1038.3109496891407,1020.64526
1038.3109496891407,1020.64526
1012.1204170281846,1020.64526
1012.1204170281846,1020.64526
987.5667926585382,1020.64526
974.4715263280602,1020.64526
961.376259997582,1020.64526
936.8226356279358,1020.64526
949.917901958414,1020.64526
936.8226356279358,1020.64526
913.9059195495993,1020.64526
889.3522951799531,1020.64526
900.8106532191214,1020.64526
889.3522951799531,1020.64526
864.7986708103068,1020.64526
913.9059195495993,1020.64526
900.8106532191214,1020.64526
889.3522951799531,1020.64526
877.8939371407848,1020.64526
864.7986708103068,1020.64526
987.5667926585382,1020.64526
1033.4002248152115,1020.64526
1021.941866776043,1020.64526
987.5667926585382,1020.83325
964.6500765802017,1021.0566
1021.941866776043,1021.1537
1057.9538491848575,1020.64526
1092.3289233023625,1020.9513
1044.8585828543796,1021.3143
999.0251506977066,1021.4602
964.6500765802017,1020.64526
987.5667926585382,1020.64526
1092.3289233023625,1020.64526
1044.8585828543796,1020.64526
976.10843461937,1020.64526
941.7333605018653,1020.64526
920.4535527148383,1020.64526
899.1737449278115,1020.64526
866.4355791016164,1020.64526
854.9772210624482,1020.7033
833.6974132754215,1020.7726
812.4176054883945,1020.80255
812.4176054883945,1020.64526
768.2210816230313,1020.64526
746.9412738360045,1020.64526
746.9412738360045,1020.64526
725.6614660489776,1020.64526
725.6614660489776,1020.64526
746.9412738360045,1020.64526
1095.602739884982,1020.64526
1064.5014823500967,1020.64526
1033.4002248152115,1020.64526
964.6500765802017,1020.64526
941.7333605018653,1020.64526
935.1857273366261,1020.64526
905.7213780930506,1020.64526
905.7213780930506,1020.64526
899.1737449278115,1020.64526
912.2690112582895,1020.64526
935.1857273366261,1020.64526
987.5667926585382,1020.64526
949.917901958414,1020.64526
920.4535527148383,1020.64526
899.1737449278115,1020.64526
899.1737449278115,1020.64526
884.4415703060238,1020.64526
863.1617625189969,1020.71594
833.6974132754215,1020.80023
833.6974132754215,1020.83673
812.4176054883945,1020.64526
890.9892034712626,1020.64526
876.2570288494751,1020.64526
854.9772210624482,1020.64526
869.7093956842359,1020.64526
920.4535527148383,1020.64526
920.4535527148383,1020.64777
899.1737449278115,1020.84247
943.3702687931748,1021.0717
890.9892034712626,1021.1639
1033.4002248152115,1020.64526
796.703285891821,1020.64526
884.4415703060238,1020.64526
881.1677537234043,1020.64526
1270.7519270551259,1020.64526
1287.1210099682232,1020.64526
1156.168346663443,1020.649
1123.430180837248,1020.7306
1095.602739884982,1020.8268
1172.5374295765405,1020.8594
6840.0,1020.6521
6840.0,1021.09955
6840.0,1021.662
6840.0,1021.8555
6840.0,1020.64526
6840.0,1020.64526
6840.0,1020.64526
6840.0,1020.64526
6840.0,1020.64526
6840.0,1020.64526
6840.0,1020.64526
6840.0,1020.64526
6840.0,1020.64526
6840.0,1020.64526
6840.0,1020.84705
6840.0,1021.09937
6840.0,1021.2181
6840.0,1020.6807
6840.0,1021.06903
6840.0,1021.58136
6840.0,1021.776
6840.0,1020.67944
6840.0,1020.64526
6840.0,1020.64526
6840.0,1020.64526
6840.0,1020.64526
6840.0,1020.64526
6840.0,1020.64526
1066.1383906414064,1020.64526
1077.5967486805748,1020.64526
1084.1443818458135,1020.64526
982.6560677846091,1020.64526
963.013168288892,1020.64526
882.8046620147139,1020.64526
1123.430180837248,1020.64526
1434.4427561861012,1020.64526
1614.5026682301739,1021.1924
1319.8591757944182,1022.0203
1172.5374295765405,1022.41864
1156.168346663443,1020.9596
981.0191594932992,1020.64526
827.1497801101824,1020.64526
1139.7992637503455,1020.64526
1238.013761228931,1020.64526
1467.1809220122962,1020.64526
1434.4427561861012,1020.64526
1467.1809220122962,1020.64526
1565.3954194908813,1020.64526
1434.4427561861012,1020.64526
1418.0736732730036,1020.64526
1336.2282587075158,1020.64526
1352.5973416206132,1020.64526
1254.3828441420283,1020.64526
1319.8591757944182,1020.64526
1319.8591757944182,1020.64526
1205.2755954027355,1020.64526
1254.3828441420283,1020.64526
1205.2755954027355,1020.64526
1123.430180837248,1020.64526
1352.5973416206132,1020.64526
1303.4900928813208,1020.64526
1061.2276657674772,1020.64526
1188.9065124896379,1020.64526
1172.5374295765405,1020.64526
1238.013761228931,1020.64526
863.1617625189969,1020.64526
1221.6446783158328,1020.64526
1319.8591757944182,1020.64526
1287.1210099682232,1020.64526
1123.430180837248,1020.64526
1319.8591757944182,1020.64526
1450.8118390991986,1020.64526
1205.2755954027355,1020.64526
1467.1809220122962,1020.64526
1450.8118390991986,1020.64526
1287.1210099682232,1020.7236
1238.013761228931,1020.8168
1188.9065124896379,1020.85724
1098.8765564676016,1020.64526
1532.6572536646863,1020.64526
1483.5500049253935,1020.64526
1368.9664245337108,1020.64526
1418.0736732730036,1020.6566
1139.7992637503455,1020.69794
1254.3828441420283,1020.73694
1013.7573253194942,1020.72046
976.10843461937,1020.64526
1087.418198428433,1020.64526
1221.6446783158328,1020.64526
1352.5973416206132,1020.64526
1499.9190878384914,1020.74744
1123.430180837248,1020.86926
1336.2282587075158,1020.92206
1287.1210099682232,1020.64526
1172.5374295765405,1020.64526
1105.4241896328406,1020.64526
1172.5374295765405,1020.64526
1238.013761228931,1020.75507
1188.9065124896379,1020.88586
1172.5374295765405,1020.94257
1156.168346663443,1020.64526
1238.013761228931,1020.64526
1188.9065124896379,1020.64526
1270.7519270551259,1020.64526
1238.013761228931,1020.64526
1085.7812901371235,1020.64526
1107.06109792415,1020.64526
1107.06109792415,1020.64526
1107.06109792415,1020.64526
1031.7633165239017,1020.64526
1336.2282587075158,1020.64526
1450.8118390991986,1020.64526
1254.3828441420283,1020.64777
1221.6446783158328,1020.65076
1044.8585828543796,1020.6521
1067.7752989327162,1020.64526
1368.9664245337108,1020.64526
1254.3828441420283,1020.64526
1287.1210099682232,1020.64526
1238.013761228931,1020.64526
1287.1210099682232,1020.64526
1221.6446783158328,1020.64526
1221.6446783158328,1020.64526
1238.013761228931,1020.64526
1139.7992637503455,1020.64526
1287.1210099682232,1020.64526
1254.3828441420283,1020.64526
1238.013761228931,1020.64526
977.7453429106797,1020.64526
938.4595439192458,1020.64526
1188.9065124896379,1020.64526
1053.0431243109283,1020.64526
1102.150373050221,1020.64526
1156.168346663443,1020.64526
1434.4427561861012,1020.64526
945.0071770844845,1020.64526
1054.680032602238,1020.64526
1205.2755954027355,1020.64526
1038.3109496891407,1020.66425
945.0071770844845,1020.6893
858.2510376450676,1020.7021
935.1857273366261,1020.7594
3480.5781203232937,1020.91174
2825.8148037993915,1021.00476
2089.2060727100024,1021.7737
1565.3954194908813,1023.1349
1046.4954911456894,1023.6912
1188.9065124896379,1020.64526
1336.2282587075158,1020.64526
1172.5374295765405,1020.64526
1172.5374295765405,1020.64526
1254.3828441420283,1020.64526
1072.6860238066456,1020.64526
1000.6620589890163,1020.64526
1156.168346663443,1020.64526
1077.5967486805748,1020.64526
1082.507473554504,1020.77264
1581.764502403979,1020.92444
1549.026336577784,1020.99023
1401.704590359906,1020.64526
1238.013761228931,1020.64526
1105.4241896328406,1020.64526
1499.9190878384914,1020.64526
1221.6446783158328,1020.64526
1188.9065124896379,1020.64526
1156.168346663443,1020.64526
1156.168346663443,1020.64526
1205.2755954027355,1020.64526
1059.5907574761675,1020.64526
1021.941866776043,1020.64526
1087.418198428433,1020.64526
1059.5907574761675,1020.64526
1107.06109792415,1020.64526
1139.7992637503455,1020.64526
1303.4900928813208,1020.64526
1450.8118390991986,1020.64526
1238.013761228931,1020.64526
1221.6446783158328,1020.7394
1205.2755954027355,1020.85156
1093.9658315936724,1020.9001
1139.7992637503455,1020.64526
1139.7992637503455,1020.64526
1123.430180837248,1020.64526
1188.9065124896379,1020.64526
1139.7992637503455,1020.64526
1107.06109792415,1020.64526
961.376259997582,1020.64526
859.8879459363776,1020.64526
704.3816582619509,1020.64526
817.3283303623238,1020.64526
892.6261117625726,1020.64526
899.1737449278115,1020.64526
776.40562307958,1020.8156
606.1671607833657,1021.01807
778.0425313708897,1021.106
804.2330640318457,1020.64526
800.9592474492263,1020.64526
925.3642775887678,1020.64526
724.0245577576678,1020.71094
800.9592474492263,1020.7891
812.4176054883945,1020.82306
650.363684648729,1020.64526
802.5961557405361,1020.64526
800.9592474492263,1020.64526
758.3996318751728,1020.64526
800.9592474492263,1020.64526
712.5661997184995,1020.64526
730.5721909229069,1020.64526
652.0005929400387,1020.64526
688.0125753488534,1020.64526
681.4649421836142,1020.64526
681.4649421836142,1020.64526
699.4709333880214,1020.64526
458.8454145654877,1020.64526
874.6201205581651,1020.64526
884.4415703060238,1020.64526
1156.168346663443,1020.64526
1089.055106719743,1020.64526
954.8286268323433,1020.64526
1075.9598403892649,1020.64526
1054.680032602238,1020.64526
887.7153868886431,1020.64526
1039.9478579804504,1020.64526
1059.5907574761675,1020.64526
1630.8717511432712,1020.80304
1614.5026682301739,1021.42804
1352.5973416206132,1022.03937
1254.3828441420283,1021.80054
1156.168346663443,1020.64526
1156.168346663443,1020.72095
1049.7693077283088,1020.8113
1139.7992637503455,1020.8504
1061.2276657674772,1020.64526
1056.316940893548,1020.64526
1123.430180837248,1020.64526
1062.864574058787,1020.64526
971.1977097454408,1020.64526
1023.5787750673529,1020.64526
938.4595439192458,1020.64526
925.3642775887678,1020.649
913.9059195495993,1020.65356
732.2090992142166,1020.65546
1287.1210099682232,1020.64526
1172.5374295765405,1020.64526
1418.0736732730036,1020.64526
1303.4900928813208,1020.64526
1188.9065124896379,1020.64526
1062.864574058787,1020.64526
1270.7519270551259,1020.64526
1071.0491155153356,1020.64526
1221.6446783158328,1020.64526
1205.2755954027355,1020.64526
1221.6446783158328,1020.64526
1238.013761228931,1020.64526
907.3582863843603,1020.64526
1221.6446783158328,1020.64526
1254.3828441420283,1020.64526
907.3582863843603,1020.64526
1581.764502403979,1020.64526
1499.9190878384914,1020.80304
1401.704590359906,1021.21094
1254.3828441420283,1021.5552
1188.9065124896379,1021.2438
1103.7872813415306,1020.64526
1254.3828441420283,1020.64526
1270.7519270551259,1020.64526
1188.9065124896379,1020.64526
1254.3828441420283,1020.64526
1107.06109792415,1020.64526
1205.2755954027355,1020.64526
843.5188630232799,1020.64526
866.4355791016164,1020.64526
938.4595439192458,1020.64526
961.376259997582,1020.64526
987.5667926585382,1020.64526
830.4235966928018,1020.64526
890.9892034712626,1020.64526
1270.7519270551259,1020.64526
1097.239648176292,1020.64526
1467.1809220122962,1021.0977
1123.430180837248,1022.13116
1053.0431243109283,1022.88995
899.1737449278115,1021.8677
953.1917185410333,1020.64526
989.203700949848,1020.64526
1044.8585828543796,1020.64526
1085.7812901371235,1020.64526
1085.7812901371235,1020.64526
1069.4122072240261,1020.64777
985.9298843672285,1020.65076
882.8046620147139,1020.6521
851.7034044798288,1020.64526
1010.4835087368747,1020.64526
913.9059195495993,1020.64526
946.6440853757945,1020.64526
913.9059195495993,1020.64526
899.1737449278115,1020.64526
907.3582863843603,1020.64526
861.5248542276871,1020.64526
890.9892034712626,1020.64526
931.9119107540066,1020.64526
874.6201205581651,1020.64526
843.5188630232799,1020.64526
874.6201205581651,1020.64526
1287.1210099682232,1020.64526
1679.978999882564,1020.64526
1450.8118390991986,1020.64526
1043.2216745630699,1020.64526
1002.298967280326,1020.64526
1123.430180837248,1020.64526
971.1977097454408,1020.64526
1039.9478579804504,1020.64526
1003.9358755716358,1020.64526
1074.3229320979551,1020.64526
882.8046620147139,1020.64526
979.3822512019894,1020.64526
1156.168346663443,1020.64526
1843.6698290135394,1020.64526
1188.9065124896379,1020.64526
1188.9065124896379,1020.64526
1139.7992637503455,1020.64526
1221.6446783158328,1020.64526
1059.5907574761675,1020.64526
969.5608014541308,1020.64526
1038.3109496891407,1020.64526
1123.430180837248,1020.64526
1188.9065124896379,1020.64526
1270.7519270551259,1020.64526
1270.7519270551259,1020.64526
1696.3480827956614,1020.64526
1647.240834056369,1020.64526
1630.8717511432712,1020.64526
1598.1335853170763,1020.64526
1598.1335853170763,1020.64526
1581.764502403979,1020.64526
1581.764502403979,1020.64526
1630.8717511432712,1020.64526
1319.8591757944182,1020.64526
1385.3355074468086,1020.64526
1123.430180837248,1020.65155
1043.2216745630699,1020.65906
1287.1210099682232,1020.6623
1549.026336577784,1020.66675
1663.6099169694664,1020.8499
1729.0862486218566,1021.3049
1516.288170751589,1021.85486
1499.9190878384914,1021.798
1287.1210099682232,1021.2171
1516.288170751589,1020.64526
1336.2282587075158,1020.64526
1336.2282587075158,1020.64526
1172.5374295765405,1020.64526
1221.6446783158328,1020.64526
1139.7992637503455,1020.64526
1172.5374295765405,1020.64526
1205.2755954027355,1020.88104
1385.3355074468086,1021.161
1368.9664245337108,1021.2802
1434.4427561861012,1020.64526
1418.0736732730036,1020.64526
1450.8118390991986,1020.80554
1401.704590359906,1020.9961
1385.3355074468086,1021.07886
1095.602739884982,1020.64526
1303.4900928813208,1020.64526
1270.7519270551259,1020.64526
1123.430180837248,1020.64526
1123.430180837248,1020.64526
1123.430180837248,1020.64526
1172.5374295765405,1020.64526
1205.2755954027355,1020.64526
1336.2282587075158,1020.64526
1172.5374295765405,1020.64526
1303.4900928813208,1020.64526
1549.026336577784,1020.64526
1352.5973416206132,1020.6756
1270.7519270551259,1020.71173
1107.06109792415,1020.7274
1238.013761228931,1020.64526
1516.288170751589,1020.64526
1483.5500049253935,1020.64526
1467.1809220122962,1020.64526
1467.1809220122962,1020.7487
1139.7992637503455,1020.8922
1172.5374295765405,1020.9697
1205.2755954027355,1020.69995
1336.2282587075158,1020.64526
1270.7519270551259,1020.64526
1238.013761228931,1020.64526
1238.013761228931,1020.64526
1238.013761228931,1020.64526
1139.7992637503455,1020.64526
1238.013761228931,1020.6971
1385.3355074468086,1020.7588
1087.418198428433,1020.78546
1018.6680501934235,1020.64526
881.1677537234043,1020.64526
868.0724873929263,1020.64526
833.6974132754215,1020.64526
828.7866884014921,1020.64526
1221.6446783158328,1020.64526
936.8226356279358,1020.64526
954.8286268323433,1020.64526
941.7333605018653,1020.64526
751.8519987099336,1020.64526
670.0065841444459,1020.68945
750.215090418624,1020.7421
994.1144258237772,1020.76495
1023.5787750673529,1020.64526
928.638094171387,1020.64526
800.9592474492263,1020.64526
707.6554748445702,1020.64526
1368.9664245337108,1020.64526
1188.9065124896379,1020.64526
1303.4900928813208,1020.64526
1434.4427561861012,1020.64526
1172.5374295765405,1020.64526
1156.168346663443,1020.64526
1139.7992637503455,1020.64526
1123.430180837248,1020.64526
1221.6446783158328,1020.64526
1205.2755954027355,1020.64526
1205.2755954027355,1020.64526
935.1857273366261,1020.64526
1303.4900928813208,1020.64526
899.1737449278115,1020.64526
982.6560677846091,1020.64526
1098.8765564676016,1020.64526
1057.9538491848575,1020.64526
1107.06109792415,1020.64526
1077.5967486805748,1020.64526
1031.7633165239017,1020.64526
1105.4241896328406,1020.64526
1188.9065124896379,1020.64526
1139.7992637503455,1020.64526
1057.9538491848575,1020.64526
853.3403127711384,1020.64526
1028.4894999412822,1020.64526
1123.430180837248,1020.64526
1061.2276657674772,1020.64526
1499.9190878384914,1020.64526
1516.288170751589,1020.64526
1467.1809220122962,1020.64526
1303.4900928813208,1020.64526
1385.3355074468086,1020.64526
1254.3828441420283,1020.64526
1319.8591757944182,1020.64526
1270.7519270551259,1020.64526
1238.013761228931,1020.64526
1079.2336569718843,1020.64526
1139.7992637503455,1020.64526
1188.9065124896379,1020.64526
1238.013761228931,1020.64526
1287.1210099682232,1020.64526
1336.2282587075158,1020.77264
1139.7992637503455,1020.92444
1205.2755954027355,1020.99023
943.3702687931748,1020.64526
874.6201205581651,1020.64526
992.4775175324675,1020.64526
1008.8466004455652,1020.64526
1172.5374295765405,1020.64526
1205.2755954027355,1020.64526
1221.6446783158328,1020.64526
990.840609241158,1020.64526
1156.168346663443,1020.64526
1025.2156833586625,1020.64526
1033.4002248152115,1020.64526
1630.8717511432712,1020.64526
1614.5026682301739,1020.64526
1614.5026682301739,1020.64526
1663.6099169694664,1020.64526
1778.1934973611494,1020.64526
1679.978999882564,1020.64526
1810.9316631873444,1020.64526
2023.7297410576125,1020.64526
2563.9094771898313,1020.75256
3104.08921332205,1021.29926
2121.9442385361976,1022.3725
1925.5152435790271,1022.8828
1925.5152435790271,1021.9925
1761.8244144480518,1020.64526
2203.7896531016854,1020.64526
1876.4079948397343,1020.64526
1974.6224923183197,1020.7979
1745.455331534954,1021.04346
1794.5625802742468,1021.249
1614.5026682301739,1020.93024
1810.9316631873444,1020.8074
1778.1934973611494,1020.7006
1745.455331534954,1020.7136
1630.8717511432712,1020.64526
1679.978999882564,1020.64526
1614.5026682301739,1020.64526
1696.3480827956614,1020.64526
1876.4079948397343,1020.64526
663.4589509792071,1020.72095
663.4589509792071,1021.21
684.7387587662339,1021.39984
810.7806971970849,1021.5454
810.7806971970849,1021.5454
833.6974132754215,1021.6249
768.2210816230313,1021.7623
768.2210816230313,1021.8733
748.5781821273141,1021.69714
748.5781821273141,1021.6864
748.5781821273141,1021.5454
748.5781821273141,1021.5454
748.5781821273141,1021.5454
789.500889410058,1021.5454
833.6974132754215,1021.5454
833.6974132754215,1021.5454
856.6141293537579,1021.7368
810.7806971970849,1022.10284
810.7806971970849,1022.32
810.7806971970849,1021.794
768.2210816230313,1021.8217
768.2210816230313,1022.10297
768.2210816230313,1022.082
768.2210816230313,1021.6246
768.2210816230313,1021.66437
727.2983743402873,1021.5956
727.2983743402873,1021.55524
727.2983743402873,1021.57086
768.2210816230313,1021.57684
863.1617625189969,1021.56506
845.1557713145896,1021.5962
807.5068806144654,1021.60815
789.500889410058,1021.5454
773.1318064969603,1021.5454
773.1318064969603,1021.5454
773.1318064969603,1021.5454
755.1258152925533,1021.5454
720.7507411750486,1021.5454
704.3816582619509,1021.5454
688.0125753488534,1021.5454
688.0125753488534,1021.56604
670.0065841444459,1021.5987
688.0125753488534,1021.6113
688.0125753488534,1021.5454
653.6375012313484,1021.5454
653.6375012313484,1021.5454
619.2624271138437,1021.5454
619.2624271138437,1021.5454
619.2624271138437,1021.5454
653.6375012313484,1021.5454
619.2624271138437,1021.5454
602.8933442007462,1021.5454
588.1611695789583,1021.5454
602.8933442007462,1021.5454
602.8933442007462,1021.5454
571.7920866658608,1021.5454
555.4230037527631,1021.5454
1532.6572536646863,1021.5454
1532.6572536646863,1021.5454
1499.9190878384914,1021.6052
1401.704590359906,1021.7
1401.704590359906,1021.7365
1418.0736732730036,1021.5454
1368.9664245337108,1021.6239
1319.8591757944182,1021.74805
1303.4900928813208,1021.7959
1303.4900928813208,1021.55524
1270.7519270551259,1021.57965
1270.7519270551259,1021.5997
1270.7519270551259,1021.57367
1254.3828441420283,1021.5454
1221.6446783158328,1021.5454
1188.9065124896379,1021.5454
1188.9065124896379,1021.5454
1270.7519270551259,1021.5454
1188.9065124896379,1021.5454
1156.168346663443,1021.5454
1139.7992637503455,1021.5454
1139.7992637503455,1021.5454
1107.06109792415,1021.5454
1092.3289233023625,1021.5454
1072.6860238066456,1021.5454
1053.0431243109283,1021.5454
1053.0431243109283,1021.5454
1053.0431243109283,1021.5454
899.1737449278115,1021.5454
881.1677537234043,1021.6122
863.1617625189969,1021.8355
825.5128718188724,1022.0635
807.5068806144654,1021.9239
789.500889410058,1021.5454
789.500889410058,1021.5454
789.500889410058,1021.5454
755.1258152925533,1021.5454
755.1258152925533,1021.5454
720.7507411750486,1021.5454
704.3816582619509,1021.5454
704.3816582619509,1021.5454
704.3816582619509,1021.5454
704.3816582619509,1021.5454
688.0125753488534,1021.5454
653.6375012313484,1021.5454
619.2624271138437,1021.5454
619.2624271138437,1021.5454
619.2624271138437,1021.5454
588.1611695789583,1021.5454
588.1611695789583,1021.5454
602.8933442007462,1021.571
619.2624271138437,1021.6114
619.2624271138437,1021.6269
653.6375012313484,1021.5454
619.2624271138437,1021.5454
619.2624271138437,1021.5454
692.9233002227826,1021.5454
712.5661997184995,1021.5454
692.9233002227826,1021.5454
673.2804007270654,1021.5454
652.0005929400387,1021.5454
612.7147939486046,1021.5454
593.0718944528875,1021.5454
593.0718944528875,1021.5454
593.0718944528875,1021.5454
612.7147939486046,1021.55133
612.7147939486046,1021.56067
593.0718944528875,1021.56433
593.0718944528875,1021.5454
552.1491871701436,1021.5454
532.5062876744269,1021.5454
532.5062876744269,1021.5454
512.8633881787097,1021.5454
512.8633881787097,1021.5454
494.8573969743024,1021.5454
512.8633881787097,1021.5454
593.0718944528875,1021.5454
593.0718944528875,1021.59937
512.8633881787097,1021.6849
494.8573969743024,1021.7177
476.85140576989494,1021.5454
458.8454145654877,1021.5454
440.8394233610805,1021.5454
440.8394233610805,1021.5454
440.8394233610805,1021.5454
979.3822512019894,1021.5454
979.3822512019894,1021.5454
990.840609241158,1021.5454
954.8286268323433,1021.6434
979.3822512019894,1021.79865
979.3822512019894,1021.85834
979.3822512019894,1021.5454
954.8286268323433,1021.5965
954.8286268323433,1021.6773
908.9951946756701,1021.72986
918.8166444235286,1021.6013
897.5368366365018,1021.6144
886.0784785973336,1021.5454
886.0784785973336,1021.5454
864.7986708103068,1021.5454
843.5188630232799,1021.5454
886.0784785973336,1021.5454
886.0784785973336,1021.55237
876.2570288494751,1021.56323
864.7986708103068,1021.5674
876.2570288494751,1021.5454
886.0784785973336,1021.5454
864.7986708103068,1021.5454
843.5188630232799,1021.5454
954.8286268323433,1021.5454
943.3702687931748,1021.5454
886.0784785973336,1021.5454
886.0784785973336,1021.5454
6840.0,1021.5454
6840.0,1021.5454
6840.0,1021.5454
6840.0,1021.5454
6840.0,1021.5454
6840.0,1021.5454
6840.0,1021.5454
6840.0,1021.5454
6840.0,1021.5454
6840.0,1021.5454
6840.0,1021.5454
1532.6572536646863,1021.5465
1385.3355074468086,1021.79364
1303.4900928813208,1022.18335
1319.8591757944182,1022.3303
1401.704590359906,1021.5484
1319.8591757944182,1021.74347
1254.3828441420283,1022.074
1221.6446783158328,1022.2242
1221.6446783158328,1021.6332
1188.9065124896379,1021.5454
1188.9065124896379,1021.5454
1172.5374295765405,1021.5454
1123.430180837248,1021.5454
1072.6860238066456,1021.5454
1018.6680501934235,1021.5454
1003.9358755716358,1021.5454
994.1144258237772,1021.5454
1434.4427561861012,1021.5454
1483.5500049253935,1021.5454
1532.6572536646863,1021.5454
1499.9190878384914,1021.5454
1499.9190878384914,1021.5454
1499.9190878384914,1021.5827
1483.5500049253935,1021.64185
1467.1809220122962,1021.66455
1467.1809220122962,1021.5454
1467.1809220122962,1021.5454
1483.5500049253935,1021.5454
1434.4427561861012,1021.5475
1434.4427561861012,1021.55054
1434.4427561861012,1021.5517
1434.4427561861012,1021.5454
1434.4427561861012,1021.5454
1434.4427561861012,1021.5454
1467.1809220122962,1021.5454
1467.1809220122962,1021.5454
1418.0736732730036,1021.5847
1385.3355074468086,1021.647
1336.2282587075158,1021.67084
1319.8591757944182,1021.5454
1319.8591757944182,1021.5454
1287.1210099682232,1021.5454
1270.7519270551259,1021.5454
1270.7519270551259,1021.5454
1270.7519270551259,1021.5454
1051.4062160196186,1021.5454
1051.4062160196186,1021.5454
1075.9598403892649,1021.5454
1051.4062160196186,1021.5454
1026.8525916499723,1021.5454
1075.9598403892649,1021.5454
1100.5134647589111,1021.5454
1123.430180837248,1021.5454
1100.5134647589111,1021.5454
1075.9598403892649,1021.5454
1075.9598403892649,1021.5454
1051.4062160196186,1021.5454
1051.4062160196186,1021.5454
1002.298967280326,1021.5454
1026.8525916499723,1021.5454
1002.298967280326,1021.5475
1002.298967280326,1021.6191
979.3822512019894,1021.72906
979.3822512019894,1021.76465
930.275002462697,1021.56506
930.275002462697,1021.5962
954.8286268323433,1021.60815
1002.298967280326,1021.5454
1002.298967280326,1021.6063
1051.4062160196186,1021.70264
1026.8525916499723,1021.76605
954.8286268323433,1021.6139
930.275002462697,1021.632
954.8286268323433,1021.55054
648.7267763574192,1021.5517
648.7267763574192,1021.5454
615.9886105312243,1021.5454
599.6195276181265,1021.5454
581.6135364137193,1021.5454
581.6135364137193,1021.5454
565.2444535006218,1021.5454
498.1312135569217,1021.5454
481.7621306438242,1021.5454
467.02995602203646,1021.5454
467.02995602203646,1021.5454
452.2977814002487,1021.5454
421.1965238653635,1021.5454
406.4643492435757,1021.5454
406.4643492435757,1021.5454
391.73217462178775,1021.5454
377.0,1021.5454
377.0,1021.5454
391.73217462178775,1021.5454
498.1312135569217,1021.5454
498.1312135569217,1021.5749
452.2977814002487,1021.6215
437.56560677846096,1021.6395
421.1965238653635,1021.5454
406.4643492435757,1021.5454
421.1965238653635,1021.5454
406.4643492435757,1021.5454
421.1965238653635,1021.5454
971.1977097454408,1021.5454
945.0071770844845,1021.5454
918.8166444235286,1021.5454
864.7986708103068,1021.5454
971.1977097454408,1021.791
918.8166444235286,1022.1803
890.9892034712626,1022.3303
864.7986708103068,1021.5454
838.6081381493505,1021.5454
838.6081381493505,1021.5454
812.4176054883945,1021.5454
812.4176054883945,1021.5454
760.0365401664824,1021.658
737.1198240881461,1022.02997
712.5661997184995,1022.4425
689.6494836401631,1022.26227
665.0958592705167,1021.6614
665.0958592705167,1021.6434
689.6494836401631,1021.79865
689.6494836401631,1021.9168
665.0958592705167,1021.8387
665.0958592705167,1022.0989
665.0958592705167,1021.99854
689.6494836401631,1021.5454
689.6494836401631,1021.5454
665.0958592705167,1021.5454
737.1198240881461,1021.5454
760.0365401664824,1021.5454
971.1977097454408,1021.5454
945.0071770844845,1021.5454
918.8166444235286,1021.5454
864.7986708103068,1021.5454
971.1977097454408,1021.5454
918.8166444235286,1021.57983
890.9892034712626,1021.6342
864.7986708103068,1021.65515
838.6081381493505,1021.5454
838.6081381493505,1021.5454
812.4176054883945,1021.5454
812.4176054883945,1021.5454
760.0365401664824,1021.5454
737.1198240881461,1021.5454
712.5661997184995,1021.5454
689.6494836401631,1021.5454
665.0958592705167,1021.5454
665.0958592705167,1021.5454
689.6494836401631,1021.5454
689.6494836401631,1021.5454
665.0958592705167,1021.5454
665.0958592705167,1021.5454
665.0958592705167,1021.5454
689.6494836401631,1021.5454
689.6494836401631,1021.5454
665.0958592705167,1021.5454
737.1198240881461,1021.5454
945.0071770844845,1021.5454
1401.704590359906,1021.76587
1434.4427561861012,1022.20184
1368.9664245337108,1022.4753
1336.2282587075158,1021.82715
1270.7519270551259,1021.5454
1336.2282587075158,1021.5454
1303.4900928813208,1021.5454
1532.6572536646863,1021.5454
1565.3954194908813,1021.71155
1434.4427561861012,1021.97485
1205.2755954027355,1022.0763
1270.7519270551259,1021.5454
1205.2755954027355,1021.5454
1139.7992637503455,1021.5454
1205.2755954027355,1021.5454
1172.5374295765405,1021.5454
1139.7992637503455,1021.5454
1139.7992637503455,1021.5454
1074.3229320979551,1021.5454
1041.5847662717601,1021.5454
1008.8466004455652,1021.5454
1008.8466004455652,1021.5454
1008.8466004455652,1021.5454
976.10843461937,1021.5454
976.10843461937,1021.5454
943.3702687931748,1021.5454
943.3702687931748,1021.5454
943.3702687931748,1021.5454
1008.8466004455652,1021.5454
845.1557713145896,1021.5454
812.4176054883945,1021.5454
779.6794396621995,1021.59937
755.1258152925533,1021.6849
755.1258152925533,1021.7177
755.1258152925533,1021.5454
730.5721909229069,1021.5454
706.0185665532606,1021.5454
681.4649421836142,1021.5454
877.8939371407848,1021.5454
1008.8466004455652,1021.5454
812.4176054883945,1021.5454
755.1258152925533,1021.5454
812.4176054883945,1021.5454
910.6321029669798,1021.5454
910.6321029669798,1021.5454
845.1557713145896,1021.5454
845.1557713145896,1021.5454
730.5721909229069,1021.5454
706.0185665532606,1021.5817
681.4649421836142,1021.63934
656.9113178139679,1021.70935
607.8040690746752,1021.6697
583.250444705029,1021.699
558.6968203353828,1021.5454
583.250444705029,1021.5454
632.3576934443217,1021.5454
632.3576934443217,1021.5454
971.1977097454408,1021.5454
918.8166444235286,1021.6239
890.9892034712626,1021.74805
864.7986708103068,1021.7959
838.6081381493505,1021.5454
838.6081381493505,1021.5454
786.2270728274386,1021.5454
760.0365401664824,1021.5454
890.9892034712626,1021.5454
1319.8591757944182,1021.5454
1287.1210099682232,1021.72614
1139.7992637503455,1022.03186
1023.5787750673529,1022.17303
864.7986708103068,1021.60815
812.4176054883945,1021.5454
812.4176054883945,1021.5454
786.2270728274386,1021.5454
760.0365401664824,1021.55524
737.1198240881461,1021.57086
712.5661997184995,1021.57684
689.6494836401631,1021.5454
689.6494836401631,1021.5454
864.7986708103068,1021.5454
760.0365401664824,1021.60425
760.0365401664824,1021.6975
712.5661997184995,1021.73334
665.0958592705167,1021.5454
642.17914319218,1021.5454
812.4176054883945,1021.5454
812.4176054883945,1021.5454
812.4176054883945,1021.5454
779.6794396621995,1021.5454
755.1258152925533,1021.5454
779.6794396621995,1021.5454
779.6794396621995,1021.5454
755.1258152925533,1021.5454
730.5721909229069,1021.5454
779.6794396621995,1021.5454
779.6794396621995,1021.5454
779.6794396621995,1021.5454
779.6794396621995,1021.5454
755.1258152925533,1021.5454
755.1258152925533,1021.5454
845.1557713145896,1021.5454
976.10843461937,1021.55725
845.1557713145896,1021.57587
812.4176054883945,1021.58307
755.1258152925533,1021.5454
730.5721909229069,1021.5454
681.4649421836142,1021.5454
755.1258152925533,1021.5454
1041.5847662717601,1021.5454
1041.5847662717601,1021.8566
812.4176054883945,1022.5043
706.0185665532606,1022.9433
730.5721909229069,1022.05145
999.0251506977066,1021.5454
961.376259997582,1021.5454
961.376259997582,1021.5454
925.3642775887678,1021.5454
889.3522951799531,1021.5454
864.7986708103068,1021.5454
830.4235966928018,1021.5454
805.8699723231555,1021.5454
805.8699723231555,1021.5454
1254.3828441420283,1021.5454
1909.1461606659298,1021.56506
2645.7548917553186,1021.80084
1892.7770777528317,1022.43915
1549.026336577784,1023.0406
1368.9664245337108,1022.6703
1319.8591757944182,1021.724
1238.013761228931,1021.5454
1156.168346663443,1021.62
1087.418198428433,1021.738
1100.5134647589111,1021.7834
1075.9598403892649,1021.5454
1025.2156833586625,1021.5454
974.4715263280602,1021.5454
961.376259997582,1021.59155
925.3642775887678,1021.6647
1238.013761228931,1021.6927
1238.013761228931,1021.6239
1909.1461606659298,1021.7939
1450.8118390991986,1022.0252
936.8226356279358,1021.9805
913.9059195495993,1021.90204
900.8106532191214,1021.5454
889.3522951799531,1021.5454
925.3642775887678,1021.5454
889.3522951799531,1021.5602
864.7986708103068,1021.58356
841.8819547319702,1021.5925
830.4235966928018,1021.5454
805.8699723231555,1021.5454
794.4116142839874,1021.5454
769.857989914341,1021.5454
746.9412738360045,1021.5454
724.0245577576678,1021.5454
724.0245577576678,1021.5454
724.0245577576678,1021.5454
678.1911256009947,1021.5454
656.9113178139679,1021.5454
614.3517022399144,1021.5454
593.0718944528875,1021.5454
593.0718944528875,1021.5454
602.8933442007462,1021.5454
602.8933442007462,1021.5454
656.9113178139679,1021.5454
635.6315100269412,1021.58765
645.4529597747996,1021.6545
666.7327675618264,1021.6802
656.9113178139679,1021.5454
1254.3828441420283,1021.5454
1238.013761228931,1021.5454
1287.1210099682232,1021.5454
1303.4900928813208,1021.5454
1270.7519270551259,1021.5454
1221.6446783158328,1021.5454
1205.2755954027355,1021.5454
1205.2755954027355,1021.5454
1188.9065124896379,1021.5454
1156.168346663443,1021.5454
1139.7992637503455,1021.5454
1139.7992637503455,1021.5454
1139.7992637503455,1021.5454
1139.7992637503455,1021.5454
1123.430180837248,1021.5454
1087.418198428433,1021.5454
1064.5014823500967,1021.5454
1041.5847662717601,1021.5454
1053.0431243109283,1021.5454
1139.7992637503455,1021.5454
1075.9598403892649,1021.5454
1041.5847662717601,1021.5454
1018.6680501934235,1021.5454
985.9298843672285,1021.5454
1123.430180837248,1021.5454
1205.2755954027355,1021.56506
1064.5014823500967,1021.6998
1123.430180837248,1021.87616
1156.168346663443,1021.87714
1139.7992637503455,1021.5454
1139.7992637503455,1021.5454
1123.430180837248,1021.5454
1254.3828441420283,1021.5454
1087.418198428433,1021.5454
1062.864574058787,1021.5454
1049.7693077283088,1021.5454
1038.3109496891407,1021.5454
1038.3109496891407,1021.5454
1012.1204170281846,1021.5454
1012.1204170281846,1021.5454
987.5667926585382,1021.5454
974.4715263280602,1021.5454
961.376259997582,1021.5454
936.8226356279358,1021.5454
949.917901958414,1021.5454
936.8226356279358,1021.5454
913.9059195495993,1021.5454
889.3522951799531,1021.5454
900.8106532191214,1021.5454
889.3522951799531,1021.5454
864.7986708103068,1021.55524
913.9059195495993,1021.57086
900.8106532191214,1021.57684
889.3522951799531,1021.5454
877.8939371407848,1021.5454
864.7986708103068,1021.5454
987.5667926585382,1021.5454
1033.4002248152115,1021.5454
1021.941866776043,1021.5454
987.5667926585382,1021.5454
964.6500765802017,1021.5454
1021.941866776043,1021.5454
1057.9538491848575,1021.5454
1092.3289233023625,1021.5454
1044.8585828543796,1021.6219
999.0251506977066,1021.74304
964.6500765802017,1021.7897
987.5667926585382,1021.5454
1092.3289233023625,1021.5454
1044.8585828543796,1021.5454
976.10843461937,1021.619
941.7333605018653,1021.7355
920.4535527148383,1021.7802
899.1737449278115,1021.5454
866.4355791016164,1021.5454
854.9772210624482,1021.5454
833.6974132754215,1021.5454
812.4176054883945,1021.5454
812.4176054883945,1021.5454
768.2210816230313,1021.5454
746.9412738360045,1021.5454
746.9412738360045,1021.5454
725.6614660489776,1021.5454
725.6614660489776,1021.5454
746.9412738360045,1021.5454
1095.602739884982,1021.5454
1064.5014823500967,1021.5454
1033.4002248152115,1021.5454
964.6500765802017,1021.5454
941.7333605018653,1021.5454
935.1857273366261,1021.5454
905.7213780930506,1021.5454
905.7213780930506,1021.5454
899.1737449278115,1021.5454
912.2690112582895,1021.5454
935.1857273366261,1021.5454
987.5667926585382,1021.5454
949.917901958414,1021.5454
920.4535527148383,1021.5454
899.1737449278115,1021.5454
899.1737449278115,1021.5454
884.4415703060238,1021.5454
863.1617625189969,1021.5454
833.6974132754215,1021.5454
833.6974132754215,1021.5454
812.4176054883945,1021.5454
890.9892034712626,1021.5454
876.2570288494751,1021.5847
854.9772210624482,1021.647
869.7093956842359,1021.67084
920.4535527148383,1021.5454
920.4535527148383,1021.571
899.1737449278115,1021.80817
943.3702687931748,1022.136
890.9892034712626,1022.17554
1033.4002248152115,1021.5454
796.703285891821,1021.5454
884.4415703060238,1021.5454
881.1677537234043,1021.5454
1270.7519270551259,1021.5454
1287.1210099682232,1021.5454
1156.168346663443,1021.5454
1123.430180837248,1021.5454
1095.602739884982,1021.57
1172.5374295765405,1021.6089
6840.0,1021.62384
6840.0,1021.5454
6840.0,1021.697
6840.0,1021.9372
6840.0,1022.02966
6840.0,1021.5454
6840.0,1021.5454
6840.0,1021.5454
6840.0,1021.5454
6840.0,1021.5454
6840.0,1021.5454
6840.0,1021.5454
6840.0,1021.5454
6840.0,1021.5454
6840.0,1021.5454
6840.0,1021.661
6840.0,1021.89453
6840.0,1022.04553
6840.0,1021.92804
6840.0,1022.1153
6840.0,1022.24994
6840.0,1021.5454
6840.0,1021.5454
6840.0,1021.5454
6840.0,1021.5454
6840.0,1021.5454
6840.0,1021.5454
6840.0,1021.5454
1066.1383906414064,1021.5454
1077.5967486805748,1021.5454
1084.1443818458135,1021.5454
982.6560677846091,1021.5454
963.013168288892,1021.5454
882.8046620147139,1021.5454
1123.430180837248,1021.5454
1434.4427561861012,1021.5454
1614.5026682301739,1021.82965
1319.8591757944182,1022.4073
1172.5374295765405,1022.7856
1156.168346663443,1021.9613
981.0191594932992,1021.5454
827.1497801101824,1021.5454
1139.7992637503455,1021.7475
1238.013761228931,1022.0677
1467.1809220122962,1022.1911
1434.4427561861012,1021.5454
1467.1809220122962,1021.5454
1565.3954194908813,1021.5454
1434.4427561861012,1021.5454
1418.0736732730036,1021.5454
1336.2282587075158,1021.5454
1352.5973416206132,1021.5454
1254.3828441420283,1021.55524
1319.8591757944182,1021.57086
1319.8591757944182,1021.57684
1205.2755954027355,1021.5454
1254.3828441420283,1021.5454
1205.2755954027355,1021.5454
1123.430180837248,1021.5454
1352.5973416206132,1021.5454
1303.4900928813208,1021.5454
1061.2276657674772,1021.5454
1188.9065124896379,1021.5454
1172.5374295765405,1021.5454
1238.013761228931,1021.5454
863.1617625189969,1021.59937
1221.6446783158328,1021.6849
1319.8591757944182,1021.7177
1287.1210099682232,1021.5454
1123.430180837248,1021.5454
1319.8591757944182,1021.5454
1450.8118390991986,1021.5454
1205.2755954027355,1021.5454
1467.1809220122962,1021.5454
1450.8118390991986,1021.5454
1287.1210099682232,1021.5827
1238.013761228931,1021.6868
1188.9065124896379,1021.7809
1098.8765564676016,1021.6895
1532.6572536646863,1021.5454
1483.5500049253935,1021.5454
1368.9664245337108,1021.5454
1418.0736732730036,1021.5454
1139.7992637503455,1021.5454
1254.3828441420283,1021.5454
1013.7573253194942,1021.5454
976.10843461937,1021.5454
1087.418198428433,1021.5454
1221.6446783158328,1021.5454
1352.5973416206132,1021.5454
1499.9190878384914,1021.56506
1123.430180837248,1021.5962
1336.2282587075158,1021.60815
1287.1210099682232,1021.5454
1172.5374295765405,1021.5454
1105.4241896328406,1021.5454
1172.5374295765405,1021.5454
1238.013761228931,1021.5454
1188.9065124896379,1021.5454
1172.5374295765405,1021.5454
1156.168346663443,1021.5454
1238.013761228931,1021.5454
1188.9065124896379,1021.5454
1270.7519270551259,1021.5454
1238.013761228931,1021.5454
1085.7812901371235,1021.5454
1107.06109792415,1021.5454
1107.06109792415,1021.5454
1107.06109792415,1021.5454
1031.7633165239017,1021.5454
1336.2282587075158,1021.5454
1450.8118390991986,1021.5454
1254.3828441420283,1021.5454
1221.6446783158328,1021.5454
1044.8585828543796,1021.5454
1067.7752989327162,1021.5454
1368.9664245337108,1021.5454
1254.3828441420283,1021.5454
1287.1210099682232,1021.5454
1238.013761228931,1021.5454
1287.1210099682232,1021.5454
1221.6446783158328,1021.5454
1221.6446783158328,1021.5454
1238.013761228931,1021.5454
1139.7992637503455,1021.5454
1287.1210099682232,1021.5454
1254.3828441420283,1021.5454
1238.013761228931,1021.5454
977.7453429106797,1021.5454
938.4595439192458,1021.5454
1188.9065124896379,1021.5454
1053.0431243109283,1021.5454
1102.150373050221,1021.5454
1156.168346663443,1021.5454
1434.4427561861012,1021.55725
945.0071770844845,1021.6376
1054.680032602238,1021.7427
1205.2755954027355,1021.75354
1038.3109496891407,1021.57336
945.0071770844845,1021.6045
858.2510376450676,1021.6089
935.1857273366261,1021.62384
3480.5781203232937,1021.5935
2825.8148037993915,1021.6873
2089.2060727100024,1022.3624
1565.3954194908813,1023.3756
1046.4954911456894,1023.81415
1188.9065124896379,1021.79004
1336.2282587075158,1021.57086
1172.5374295765405,1021.57684
1172.5374295765405,1021.5454
1254.3828441420283,1021.5454
1072.6860238066456,1021.5454
1000.6620589890163,1021.5454
1156.168346663443,1021.5454
1077.5967486805748,1021.5454
1082.507473554504,1021.9114
1581.764502403979,1022.8137
1549.026336577784,1023.5424
1401.704590359906,1022.5866
1238.013761228931,1021.5454
1105.4241896328406,1021.5454
1499.9190878384914,1021.5454
1221.6446783158328,1021.5454
1188.9065124896379,1021.5454
1156.168346663443,1021.5454
1156.168346663443,1021.5454
1205.2755954027355,1021.5454
1059.5907574761675,1021.5454
1021.941866776043,1021.5454
1087.418198428433,1021.5454
1059.5907574761675,1021.5454
1107.06109792415,1021.5454
1139.7992637503455,1021.5454
1303.4900928813208,1021.5454
1450.8118390991986,1021.5454
1238.013761228931,1021.5454
1221.6446783158328,1021.5454
1205.2755954027355,1021.5454
1093.9658315936724,1021.5454
1139.7992637503455,1021.5454
1139.7992637503455,1021.5454
1123.430180837248,1021.5454
1188.9065124896379,1021.5454
1139.7992637503455,1021.5454
1107.06109792415,1021.5454
961.376259997582,1021.5454
859.8879459363776,1021.5454
704.3816582619509,1021.5454
817.3283303623238,1021.5454
892.6261117625726,1021.5454
899.1737449278115,1021.5454
776.40562307958,1021.5454
606.1671607833657,1021.5454
778.0425313708897,1021.5454
804.2330640318457,1021.5454
800.9592474492263,1021.5454
925.3642775887678,1021.5454
724.0245577576678,1021.5454
800.9592474492263,1021.5454
812.4176054883945,1021.5454
650.363684648729,1021.5454
802.5961557405361,1021.5454
800.9592474492263,1021.5454
758.3996318751728,1021.5454
800.9592474492263,1021.5454
712.5661997184995,1021.5454
730.5721909229069,1021.5454
652.0005929400387,1021.5454
688.0125753488534,1021.5454
681.4649421836142,1021.5454
681.4649421836142,1021.5454
699.4709333880214,1021.5454
458.8454145654877,1021.5454
874.6201205581651,1021.5454
884.4415703060238,1021.5454
1156.168346663443,1021.5454
1089.055106719743,1021.5454
954.8286268323433,1021.5454
1075.9598403892649,1021.5454
1054.680032602238,1021.5454
887.7153868886431,1021.5454
1039.9478579804504,1021.5454
1059.5907574761675,1021.5454
1630.8717511432712,1021.6454
1614.5026682301739,1022.0137
1352.5973416206132,1022.4092
1254.3828441420283,1022.222
1156.168346663443,1021.5454
1156.168346663443,1021.5827
1049.7693077283088,1021.64185
1139.7992637503455,1021.7135
1061.2276657674772,1021.6722
1056.316940893548,1021.70215
1123.430180837248,1021.5454
1062.864574058787,1021.5454
971.1977097454408,1021.5454
1023.5787750673529,1021.5454
938.4595439192458,1021.5454
925.3642775887678,1021.5454
913.9059195495993,1021.5454
732.2090992142166,1021.5454
1287.1210099682232,1021.5454
1172.5374295765405,1021.5454
1418.0736732730036,1021.5454
1303.4900928813208,1021.5454
1188.9065124896379,1021.5454
1062.864574058787,1021.5454
1270.7519270551259,1021.5454
1071.0491155153356,1021.5454
1221.6446783158328,1021.5454
1205.2755954027355,1021.5454
1221.6446783158328,1021.5454
1238.013761228931,1021.5454
907.3582863843603,1021.5454
1221.6446783158328,1021.5454
1254.3828441420283,1021.5454
907.3582863843603,1021.5454
1581.764502403979,1021.5454
1499.9190878384914,1021.5454
1401.704590359906,1021.5906
1254.3828441420283,1021.66205
1188.9065124896379,1021.6895
1103.7872813415306,1021.5454
1254.3828441420283,1021.5454
1270.7519270551259,1021.5454
1188.9065124896379,1021.5454
1254.3828441420283,1021.5454
1107.06109792415,1021.5454
1205.2755954027355,1021.5454
843.5188630232799,1021.5454
866.4355791016164,1021.5454
938.4595439192458,1021.5454
961.376259997582,1021.5454
987.5667926585382,1021.5454
830.4235966928018,1021.5454
890.9892034712626,1021.5454
1270.7519270551259,1021.5454
1097.239648176292,1021.5454
1467.1809220122962,1021.78815
1123.430180837248,1022.4485
1053.0431243109283,1023.03955
899.1737449278115,1022.44476
953.1917185410333,1021.5454
989.203700949848,1021.5454
1044.8585828543796,1021.5454
1085.7812901371235,1021.5454
1085.7812901371235,1021.5454
1069.4122072240261,1021.5454
985.9298843672285,1021.5454
882.8046620147139,1021.5454
851.7034044798288,1021.5454
1010.4835087368747,1021.5454
913.9059195495993,1021.5454
946.6440853757945,1021.5454
913.9059195495993,1021.5454
899.1737449278115,1021.5454
907.3582863843603,1021.5454
861.5248542276871,1021.5454
890.9892034712626,1021.5454
931.9119107540066,1021.5454
874.6201205581651,1021.5454
843.5188630232799,1021.5454
874.6201205581651,1021.5454
1287.1210099682232,1021.5454
1679.978999882564,1021.6219
1450.8118390991986,1022.014
1043.2216745630699,1022.5108
1002.298967280326,1022.467
1123.430180837248,1021.60815
971.1977097454408,1021.5454
1039.9478579804504,1021.5454
1003.9358755716358,1021.5454
1074.3229320979551,1021.5454
882.8046620147139,1021.5454
979.3822512019894,1021.5454
1156.168346663443,1021.5454
1843.6698290135394,1021.81036
1188.9065124896379,1022.43646
1188.9065124896379,1022.9298
1139.7992637503455,1022.21893
1221.6446783158328,1021.5827
1059.5907574761675,1021.64185
969.5608014541308,1021.66455
1038.3109496891407,1021.5454
1123.430180837248,1021.5454
1188.9065124896379,1021.5454
1270.7519270551259,1021.5454
1270.7519270551259,1021.5454
1696.3480827956614,1021.5454
1647.240834056369,1021.5454
1630.8717511432712,1021.5454
1598.1335853170763,1021.5454
1598.1335853170763,1021.5454
1581.764502403979,1021.5454
1581.764502403979,1021.5454
1630.8717511432712,1021.5454
1319.8591757944182,1021.5454
1385.3355074468086,1021.5454
1123.430180837248,1021.5454
1043.2216745630699,1021.5454
1287.1210099682232,1021.5454
1549.026336577784,1021.5454
1663.6099169694664,1021.58966
1729.0862486218566,1021.65955
1516.288170751589,1021.7099
1499.9190878384914,1021.6063
1287.1210099682232,1021.62067
1516.288170751589,1021.5454
1336.2282587075158,1021.5454
1336.2282587075158,1021.5454
1172.5374295765405,1021.5454
1221.6446783158328,1021.5454
1139.7992637503455,1021.5454
1172.5374295765405,1021.5454
1205.2755954027355,1021.5867
1385.3355074468086,1021.652
1368.9664245337108,1021.67706
1434.4427561861012,1021.5454
1418.0736732730036,1021.5454
1450.8118390991986,1021.5454
1401.704590359906,1021.5454
1385.3355074468086,1021.5454
1095.602739884982,1021.5454
1303.4900928813208,1021.5454
1270.7519270551259,1021.5454
1123.430180837248,1021.5454
1123.430180837248,1021.5454
1123.430180837248,1021.5454
1172.5374295765405,1021.5454
1205.2755954027355,1021.5454
1336.2282587075158,1021.5454
1172.5374295765405,1021.5454
1303.4900928813208,1021.5454
1549.026336577784,1021.5454
1352.5973416206132,1021.5454
1270.7519270551259,1021.5454
1107.06109792415,1021.5454
1238.013761228931,1021.5454
1516.288170751589,1021.5454
1483.5500049253935,1021.5454
1467.1809220122962,1021.5454
1467.1809220122962,1021.65515
1139.7992637503455,1021.97235
1172.5374295765405,1022.26794
1205.2755954027355,1022.0079
1336.2282587075158,1021.5454
1270.7519270551259,1021.5454
1238.013761228931,1021.5454
1238.013761228931,1021.5454
1238.013761228931,1021.5454
1139.7992637503455,1021.5454
1238.013761228931,1021.55237
1385.3355074468086,1021.625
1087.418198428433,1021.727
1018.6680501934235,1021.74274
881.1677537234043,1021.5454
868.0724873929263,1021.5454
833.6974132754215,1021.5454
828.7866884014921,1021.5454
1221.6446783158328,1021.5454
936.8226356279358,1021.5454
954.8286268323433,1021.5454
941.7333605018653,1021.5454
751.8519987099336,1021.5454
670.0065841444459,1021.5454
750.215090418624,1021.5454
994.1144258237772,1021.5454
1023.5787750673529,1021.5454
928.638094171387,1021.5739
800.9592474492263,1021.619
707.6554748445702,1021.63635
1368.9664245337108,1021.5454
1188.9065124896379,1021.5454
1303.4900928813208,1021.5454
1434.4427561861012,1021.5454
1172.5374295765405,1021.5454
1156.168346663443,1021.5454
1139.7992637503455,1021.5454
1123.430180837248,1021.5454
1221.6446783158328,1021.5454
1205.2755954027355,1021.5454
1205.2755954027355,1021.5454
935.1857273366261,1021.5454
1303.4900928813208,1021.5454
899.1737449278115,1021.5454
982.6560677846091,1021.5454
1098.8765564676016,1021.5454
1057.9538491848575,1021.5454
1107.06109792415,1021.5454
1077.5967486805748,1021.5454
1031.7633165239017,1021.5454
1105.4241896328406,1021.5454
1188.9065124896379,1021.5454
1139.7992637503455,1021.5454
1057.9538491848575,1021.5454
853.3403127711384,1021.5454
1028.4894999412822,1021.5454
1123.430180837248,1021.5454
1061.2276657674772,1021.5454
1499.9190878384914,1021.5454
1516.288170751589,1021.5454
1467.1809220122962,1021.5454
1303.4900928813208,1021.5454
1385.3355074468086,1021.5454
1254.3828441420283,1021.5454
1319.8591757944182,1021.5454
1270.7519270551259,1021.5454
1238.013761228931,1021.5454
1079.2336569718843,1021.5454
1139.7992637503455,1021.5454
1188.9065124896379,1021.5454
1238.013761228931,1021.5454
1287.1210099682232,1021.5454
1336.2282587075158,1021.5454
1139.7992637503455,1021.5454
1205.2755954027355,1021.57983
943.3702687931748,1021.6342
874.6201205581651,1021.65515
992.4775175324675,1021.5454
1008.8466004455652,1021.5454
1172.5374295765405,1021.5454
1205.2755954027355,1021.5454
1221.6446783158328,1021.5454
990.840609241158,1021.5454
1156.168346663443,1021.5454
1025.2156833586625,1021.5632
1033.4002248152115,1021.59106
1630.8717511432712,1021.60187
1614.5026682301739,1021.5454
1614.5026682301739,1021.5454
1663.6099169694664,1021.5454
1778.1934973611494,1021.5454
1679.978999882564,1021.5454
1810.9316631873444,1021.5454
2023.7297410576125,1021.5454
2563.9094771898313,1021.616
3104.08921332205,1021.96436
2121.9442385361976,1022.6611
1925.5152435790271,1023.0316
1925.5152435790271,1022.454
1761.8244144480518,1021.5454
2203.7896531016854,1021.5454
1876.4079948397343,1021.5454
1974.6224923183197,1021.58374
1745.455331534954,1021.6825
1794.5625802742468,1021.9846
1614.5026682301739,1022.2338
1810.9316631873444,1022.28064
1778.1934973611494,1021.6342
1745.455331534954,1021.65515
1630.8717511432712,1021.5454
1679.978999882564,1021.5454
1614.5026682301739,1021.5454
1696.3480827956614,1021.5454
1876.4079948397343,1021.5454
663.4589509792071,1021.5965
663.4589509792071,1021.2812
684.7387587662339,1020.7534
810.7806971970849,1019.8618
810.7806971970849,1019.9005
833.6974132754215,1019.95685
768.2210816230313,1020.0342
768.2210816230313,1019.9805
748.5781821273141,1020.017
748.5781821273141,1019.8618
748.5781821273141,1019.8618
748.5781821273141,1019.8618
748.5781821273141,1019.8618
789.500889410058,1019.8618
833.6974132754215,1019.8618
833.6974132754215,1019.8618
856.6141293537579,1019.8618
810.7806971970849,1019.8618
810.7806971970849,1019.8618
810.7806971970849,1019.8618
768.2210816230313,1019.8618
768.2210816230313,1019.8618
768.2210816230313,1019.8618
768.2210816230313,1019.8618
768.2210816230313,1019.8618
727.2983743402873,1019.8618
727.2983743402873,1019.8618
727.2983743402873,1019.8618
768.2210816230313,1019.8618
863.1617625189969,1019.8618
845.1557713145896,1019.8618
807.5068806144654,1019.8618
789.500889410058,1019.8618
773.1318064969603,1019.8618
773.1318064969603,1019.8618
773.1318064969603,1019.8618
755.1258152925533,1019.8618
720.7507411750486,1019.87634
704.3816582619509,1019.89746
688.0125753488534,1019.90845
688.0125753488534,1019.8618
670.0065841444459,1019.8618
688.0125753488534,1019.8618
688.0125753488534,1019.8618
653.6375012313484,1019.8618
653.6375012313484,1019.8618
619.2624271138437,1019.8618
619.2624271138437,1019.8618
619.2624271138437,1019.8618
653.6375012313484,1019.8618
619.2624271138437,1019.8618
602.8933442007462,1019.8618
588.1611695789583,1019.8618
602.8933442007462,1019.8618
602.8933442007462,1019.8618
571.7920866658608,1019.8618
555.4230037527631,1019.8618
1532.6572536646863,1019.8618
1532.6572536646863,1019.8618
1499.9190878384914,1019.968
1401.704590359906,1020.13196
1401.704590359906,1020.2265
1418.0736732730036,1019.89294
1368.9664245337108,1019.8618
1319.8591757944182,1019.8618
1303.4900928813208,1019.8618
1303.4900928813208,1019.8618
1270.7519270551259,1019.8618
1270.7519270551259,1019.8618
1270.7519270551259,1019.8618
1254.3828441420283,1019.8618
1221.6446783158328,1019.8618
1188.9065124896379,1019.8618
1188.9065124896379,1019.8618
1270.7519270551259,1019.8618
1188.9065124896379,1019.8618
1156.168346663443,1019.8618
1139.7992637503455,1019.8618
1139.7992637503455,1019.8618
1107.06109792415,1019.8618
1092.3289233023625,1019.8618
1072.6860238066456,1019.8618
1053.0431243109283,1019.8618
1053.0431243109283,1019.8618
1053.0431243109283,1019.8618
899.1737449278115,1019.8618
881.1677537234043,1019.8618
863.1617625189969,1019.8618
825.5128718188724,1019.8618
807.5068806144654,1019.8618
789.500889410058,1019.8618
789.500889410058,1019.8618
789.500889410058,1019.8618
755.1258152925533,1019.8618
755.1258152925533,1019.8618
720.7507411750486,1019.8618
704.3816582619509,1019.8618
704.3816582619509,1019.8618
704.3816582619509,1019.8618
704.3816582619509,1019.8618
688.0125753488534,1019.8618
653.6375012313484,1019.8618
619.2624271138437,1019.8618
619.2624271138437,1019.8618
619.2624271138437,1019.8618
588.1611695789583,1019.8618
588.1611695789583,1019.8618
602.8933442007462,1019.8618
619.2624271138437,1019.8618
619.2624271138437,1019.8618
653.6375012313484,1019.8618
619.2624271138437,1019.88116
619.2624271138437,1019.90936
692.9233002227826,1019.92395
712.5661997184995,1019.8618
692.9233002227826,1019.8618
673.2804007270654,1019.8618
652.0005929400387,1019.8618
612.7147939486046,1019.8618
593.0718944528875,1019.8618
593.0718944528875,1019.8618
593.0718944528875,1019.8618
612.7147939486046,1019.8618
612.7147939486046,1019.8618
593.0718944528875,1019.8618
593.0718944528875,1019.8618
552.1491871701436,1019.8618
532.5062876744269,1019.8618
532.5062876744269,1019.8618
512.8633881787097,1019.8618
512.8633881787097,1019.8618
494.8573969743024,1019.8618
512.8633881787097,1019.8618
593.0718944528875,1019.8618
593.0718944528875,1019.88116
512.8633881787097,1019.96246
494.8573969743024,1020.05444
476.85140576989494,1020.03253
458.8454145654877,1019.8618
440.8394233610805,1019.8618
440.8394233610805,1019.8618
440.8394233610805,1019.8618
979.3822512019894,1019.8618
979.3822512019894,1019.8618
990.840609241158,1019.8618
954.8286268323433,1019.8618
979.3822512019894,1019.8618
979.3822512019894,1019.8618
979.3822512019894,1019.8618
954.8286268323433,1019.8618
954.8286268323433,1019.8618
908.9951946756701,1019.8618
918.8166444235286,1019.8618
897.5368366365018,1019.8618
886.0784785973336,1019.8618
886.0784785973336,1019.8618
864.7986708103068,1019.8618
843.5188630232799,1019.8618
886.0784785973336,1019.8618
886.0784785973336,1019.8618
876.2570288494751,1019.8618
864.7986708103068,1019.8618
876.2570288494751,1019.8618
886.0784785973336,1019.8618
864.7986708103068,1019.8618
843.5188630232799,1019.8618
954.8286268323433,1019.8618
943.3702687931748,1019.8618
886.0784785973336,1019.8618
886.0784785973336,1019.8618
6840.0,1019.8618
6840.0,1019.8618
6840.0,1019.8618
6840.0,1019.8618
6840.0,1019.8618
6840.0,1019.8618
6840.0,1019.8618
6840.0,1019.8618
6840.0,1019.8618
6840.0,1019.8618
6840.0,1019.8618
1532.6572536646863,1019.97766
1385.3355074468086,1020.3126
1303.4900928813208,1020.644
1319.8591757944182,1020.40063
1401.704590359906,1019.8618
1319.8591757944182,1019.92944
1254.3828441420283,1020.12415
1221.6446783158328,1020.31464
1221.6446783158328,1020.17194
1188.9065124896379,1019.8618
1188.9065124896379,1019.8618
1172.5374295765405,1019.8618
1123.430180837248,1019.8618
1072.6860238066456,1019.8618
1018.6680501934235,1019.8618
1003.9358755716358,1019.8618
994.1144258237772,1019.8618
1434.4427561861012,1019.8618
1483.5500049253935,1019.8618
1532.6572536646863,1019.8618
1499.9190878384914,1019.8618
1499.9190878384914,1019.8618
1499.9190878384914,1019.8618
1483.5500049253935,1019.8618
1467.1809220122962,1019.8618
1467.1809220122962,1019.8618
1467.1809220122962,1019.8618
1483.5500049253935,1019.8618
1434.4427561861012,1019.8618
1434.4427561861012,1019.8618
1434.4427561861012,1019.8618
1434.4427561861012,1019.8618
1434.4427561861012,1019.8618
1434.4427561861012,1019.8618
1467.1809220122962,1019.88116
1467.1809220122962,1019.90936
1418.0736732730036,1020.0992
1385.3355074468086,1020.2993
1336.2282587075158,1020.4253
1319.8591757944182,1019.8618
1319.8591757944182,1019.8618
1287.1210099682232,1019.8618
1270.7519270551259,1019.8618
1270.7519270551259,1019.8618
1270.7519270551259,1019.8618
1051.4062160196186,1019.8618
1051.4062160196186,1019.8618
1075.9598403892649,1019.8618
1051.4062160196186,1019.8618
1026.8525916499723,1019.8618
1075.9598403892649,1019.8618
1100.5134647589111,1019.8618
1123.430180837248,1019.8618
1100.5134647589111,1019.8618
1075.9598403892649,1019.8618
1075.9598403892649,1019.8618
1051.4062160196186,1019.8618
1051.4062160196186,1019.8618
1002.298967280326,1019.8618
1026.8525916499723,1019.8618
1002.298967280326,1019.914
1002.298967280326,1020.0286
979.3822512019894,1020.12427
979.3822512019894,1019.98596
930.275002462697,1019.8618
930.275002462697,1019.8618
954.8286268323433,1019.8618
1002.298967280326,1019.8618
1002.298967280326,1019.8618
1051.4062160196186,1019.8618
1026.8525916499723,1019.97766
954.8286268323433,1020.1461
930.275002462697,1020.23376
954.8286268323433,1019.8618
648.7267763574192,1019.8618
648.7267763574192,1019.8618
615.9886105312243,1019.8618
599.6195276181265,1019.8618
581.6135364137193,1019.8618
581.6135364137193,1019.8618
565.2444535006218,1019.8618
498.1312135569217,1019.8618
481.7621306438242,1019.8618
467.02995602203646,1019.8618
467.02995602203646,1019.8618
452.2977814002487,1019.8618
421.1965238653635,1019.8618
406.4643492435757,1019.8618
406.4643492435757,1019.8618
391.73217462178775,1019.8618
377.0,1019.8618
377.0,1019.8618
391.73217462178775,1019.8618
498.1312135569217,1019.8618
498.1312135569217,1019.915
452.2977814002487,1020.0598
437.56560677846096,1020.198
421.1965238653635,1020.079
406.4643492435757,1019.8618
421.1965238653635,1019.8618
406.4643492435757,1019.8618
421.1965238653635,1019.8618
971.1977097454408,1019.8618
945.0071770844845,1019.8618
918.8166444235286,1019.8618
864.7986708103068,1019.8618
971.1977097454408,1019.8618
918.8166444235286,1019.8618
890.9892034712626,1019.8618
864.7986708103068,1019.8618
838.6081381493505,1019.8618
838.6081381493505,1019.8618
812.4176054883945,1019.8618
812.4176054883945,1019.8618
760.0365401664824,1019.8618
737.1198240881461,1019.8618
712.5661997184995,1019.8618
689.6494836401631,1020.4761
665.0958592705167,1021.4457
665.0958592705167,1021.7627
689.6494836401631,1019.93945
689.6494836401631,1019.8618
665.0958592705167,1019.8618
665.0958592705167,1019.8618
665.0958592705167,1019.8618
689.6494836401631,1019.8618
689.6494836401631,1019.8618
665.0958592705167,1019.8618
737.1198240881461,1019.886
760.0365401664824,1019.9212
971.1977097454408,1019.93945
945.0071770844845,1019.8618
918.8166444235286,1019.8618
864.7986708103068,1019.8618
971.1977097454408,1019.8618
918.8166444235286,1019.8618
890.9892034712626,1019.8618
864.7986708103068,1019.8618
838.6081381493505,1019.8618
838.6081381493505,1019.8618
812.4176054883945,1019.8618
812.4176054883945,1019.8618
760.0365401664824,1019.8618
737.1198240881461,1019.8618
712.5661997184995,1019.8618
689.6494836401631,1019.8618
665.0958592705167,1019.8618
665.0958592705167,1019.8618
689.6494836401631,1019.8618
689.6494836401631,1019.8618
665.0958592705167,1019.8618
665.0958592705167,1019.8618
665.0958592705167,1019.8618
689.6494836401631,1019.8618
689.6494836401631,1019.8618
665.0958592705167,1019.8618
737.1198240881461,1019.8618
945.0071770844845,1019.9198
1401.704590359906,1020.23926
1434.4427561861012,1020.6429
1368.9664245337108,1020.6182
1336.2282587075158,1019.8618
1270.7519270551259,1019.8618
1336.2282587075158,1019.8618
1303.4900928813208,1019.8618
1532.6572536646863,1020.0065
1565.3954194908813,1020.27466
1434.4427561861012,1020.4671
1205.2755954027355,1020.048
1270.7519270551259,1019.8618
1205.2755954027355,1019.8618
1139.7992637503455,1019.8618
1205.2755954027355,1019.8618
1172.5374295765405,1019.8618
1139.7992637503455,1019.8618
1139.7992637503455,1019.8618
1074.3229320979551,1019.8618
1041.5847662717601,1019.8618
1008.8466004455652,1019.8618
1008.8466004455652,1019.8618
1008.8466004455652,1019.8618
976.10843461937,1019.8618
976.10843461937,1019.8618
943.3702687931748,1019.8618
943.3702687931748,1019.8618
943.3702687931748,1019.8618
1008.8466004455652,1019.8618
845.1557713145896,1019.8618
812.4176054883945,1019.8618
779.6794396621995,1019.8618
755.1258152925533,1019.8618
755.1258152925533,1019.8618
755.1258152925533,1019.8618
730.5721909229069,1019.8618
706.0185665532606,1019.8618
681.4649421836142,1019.8618
877.8939371407848,1019.8618
1008.8466004455652,1019.8618
812.4176054883945,1019.8618
755.1258152925533,1019.8618
812.4176054883945,1019.8618
910.6321029669798,1019.8618
910.6321029669798,1019.8618
845.1557713145896,1019.8618
845.1557713145896,1019.8618
730.5721909229069,1019.8618
706.0185665532606,1019.8618
681.4649421836142,1019.9246
656.9113178139679,1020.0162
607.8040690746752,1020.0635
583.250444705029,1019.8618
558.6968203353828,1019.8618
583.250444705029,1019.8618
632.3576934443217,1019.87146
632.3576934443217,1019.8856
971.1977097454408,1019.89294
918.8166444235286,1019.8618
890.9892034712626,1019.8618
864.7986708103068,1019.8618
838.6081381493505,1019.8618
838.6081381493505,1019.8618
786.2270728274386,1019.8618
760.0365401664824,1019.8618
890.9892034712626,1019.8618
1319.8591757944182,1019.8618
1287.1210099682232,1020.05835
1139.7992637503455,1020.35565
1023.5787750673529,1020.4931
864.7986708103068,1019.8618
812.4176054883945,1019.8618
812.4176054883945,1019.8618
786.2270728274386,1019.8618
760.0365401664824,1019.8618
737.1198240881461,1019.8618
712.5661997184995,1019.8618
689.6494836401631,1019.8618
689.6494836401631,1019.8618
864.7986708103068,1019.8618
760.0365401664824,1019.9342
760.0365401664824,1020.03986
712.5661997184995,1020.0945
665.0958592705167,1019.8618
642.17914319218,1019.8618
812.4176054883945,1019.8618
812.4176054883945,1019.8618
812.4176054883945,1019.8618
779.6794396621995,1019.8618
755.1258152925533,1019.8618
779.6794396621995,1019.8618
779.6794396621995,1019.8618
755.1258152925533,1019.8618
730.5721909229069,1019.8618
779.6794396621995,1019.8618
779.6794396621995,1019.8618
779.6794396621995,1019.8618
779.6794396621995,1019.8618
755.1258152925533,1019.8618
755.1258152925533,1019.8618
845.1557713145896,1019.8618
976.10843461937,1019.939
845.1557713145896,1020.14777
812.4176054883945,1020.34534
755.1258152925533,1020.17194
730.5721909229069,1019.8618
681.4649421836142,1019.8618
755.1258152925533,1019.8618
1041.5847662717601,1019.8618
1041.5847662717601,1020.04016
812.4176054883945,1020.307
706.0185665532606,1020.4346
730.5721909229069,1019.8618
999.0251506977066,1019.8618
961.376259997582,1019.8618
961.376259997582,1019.8618
925.3642775887678,1019.8618
889.3522951799531,1019.8618
864.7986708103068,1019.8618
830.4235966928018,1019.8618
805.8699723231555,1019.8618
805.8699723231555,1019.8618
1254.3828441420283,1019.8618
1909.1461606659298,1019.8618
2645.7548917553186,1020.23126
1892.7770777528317,1021.1911
1549.026336577784,1022.0053
1368.9664245337108,1021.10455
1319.8591757944182,1019.8618
1238.013761228931,1019.8618
1156.168346663443,1019.9931
1087.418198428433,1020.184
1100.5134647589111,1020.28326
1075.9598403892649,1019.8618
1025.2156833586625,1019.8618
974.4715263280602,1019.8618
961.376259997582,1019.8618
925.3642775887678,1019.8618
1238.013761228931,1019.8618
1238.013761228931,1019.8618
1909.1461606659298,1019.97284
1450.8118390991986,1020.24445
936.8226356279358,1020.48846
913.9059195495993,1020.2183
900.8106532191214,1019.8618
889.3522951799531,1019.8618
925.3642775887678,1019.8618
889.3522951799531,1019.8618
864.7986708103068,1019.90533
841.8819547319702,1019.9687
830.4235966928018,1020.00146
805.8699723231555,1019.8618
794.4116142839874,1019.8618
769.857989914341,1019.8618
746.9412738360045,1019.8618
724.0245577576678,1019.8618
724.0245577576678,1019.8618
724.0245577576678,1019.8618
678.1911256009947,1019.8618
656.9113178139679,1019.8618
614.3517022399144,1019.8618
593.0718944528875,1019.8618
593.0718944528875,1019.8618
602.8933442007462,1019.8618
602.8933442007462,1019.8618
656.9113178139679,1019.8618
635.6315100269412,1019.8618
645.4529597747996,1019.8618
666.7327675618264,1019.8618
656.9113178139679,1019.8618
1254.3828441420283,1019.8618
1238.013761228931,1019.8618
1287.1210099682232,1019.8618
1303.4900928813208,1019.8618
1270.7519270551259,1019.8618
1221.6446783158328,1019.8618
1205.2755954027355,1019.8618
1205.2755954027355,1019.8618
1188.9065124896379,1019.8618
1156.168346663443,1019.8618
1139.7992637503455,1019.8618
1139.7992637503455,1019.8618
1139.7992637503455,1019.8618
1139.7992637503455,1019.8618
1123.430180837248,1019.8618
1087.418198428433,1019.8618
1064.5014823500967,1019.8618
1041.5847662717601,1019.8618
1053.0431243109283,1019.8618
1139.7992637503455,1019.8618
1075.9598403892649,1019.8618
1041.5847662717601,1019.8618
1018.6680501934235,1019.8618
985.9298843672285,1019.8618
1123.430180837248,1019.8618
1205.2755954027355,1019.8618
1064.5014823500967,1020.00165
1123.430180837248,1020.3345
1156.168346663443,1020.62775
1139.7992637503455,1020.28015
1139.7992637503455,1019.8618
1123.430180837248,1019.8618
1254.3828441420283,1019.8773
1087.418198428433,1019.89984
1062.864574058787,1019.9115
1049.7693077283088,1019.8618
1038.3109496891407,1019.8618
1038.3109496891407,1019.8618
1012.1204170281846,1019.8618
1012.1204170281846,1019.8618
987.5667926585382,1019.8618
974.4715263280602,1019.8618
961.376259997582,1019.8618
936.8226356279358,1019.8618
949.917901958414,1019.8618
936.8226356279358,1019.8618
913.9059195495993,1019.8618
889.3522951799531,1019.8618
900.8106532191214,1019.8618
889.3522951799531,1019.8618
864.7986708103068,1019.8618
913.9059195495993,1019.8618
900.8106532191214,1019.8618
889.3522951799531,1019.8618
877.8939371407848,1019.8618
864.7986708103068,1019.8618
987.5667926585382,1019.8618
1033.4002248152115,1019.8618
1021.941866776043,1019.8618
987.5667926585382,1019.8618
964.6500765802017,1019.8618
1021.941866776043,1019.8618
1057.9538491848575,1019.9536
1092.3289233023625,1020.08685
1044.8585828543796,1020.15643
999.0251506977066,1019.8618
964.6500765802017,1019.8618
987.5667926585382,1019.8618
1092.3289233023625,1019.8618
1044.8585828543796,1019.90247
976.10843461937,1019.9616
941.7333605018653,1019.9922
920.4535527148383,1019.8618
899.1737449278115,1019.8618
866.4355791016164,1019.8618
854.9772210624482,1019.8618
833.6974132754215,1019.8618
812.4176054883945,1019.8618
812.4176054883945,1019.8618
768.2210816230313,1019.8618
746.9412738360045,1019.8618
746.9412738360045,1019.8618
725.6614660489776,1019.8618
725.6614660489776,1019.8618
746.9412738360045,1019.8618
1095.602739884982,1019.8618
1064.5014823500967,1019.8618
1033.4002248152115,1019.8618
964.6500765802017,1019.8618
941.7333605018653,1019.8618
935.1857273366261,1019.8618
905.7213780930506,1019.8618
905.7213780930506,1019.8618
899.1737449278115,1019.8618
912.2690112582895,1019.8618
935.1857273366261,1019.8618
987.5667926585382,1019.8618
949.917901958414,1019.8618
920.4535527148383,1019.8618
899.1737449278115,1019.8618
899.1737449278115,1019.8618
884.4415703060238,1019.8618
863.1617625189969,1019.8618
833.6974132754215,1019.8618
833.6974132754215,1019.8618
812.4176054883945,1019.8618
890.9892034712626,1019.8618
876.2570288494751,1019.87634
854.9772210624482,1020.042
869.7093956842359,1020.2634
920.4535527148383,1020.3265
920.4535527148383,1019.8618
899.1737449278115,1019.9825
943.3702687931748,1020.15796
890.9892034712626,1020.24927
1033.4002248152115,1019.8618
796.703285891821,1019.8618
884.4415703060238,1019.8618
881.1677537234043,1019.8618
1270.7519270551259,1019.8618
1287.1210099682232,1019.8618
1156.168346663443,1019.8618
1123.430180837248,1019.8618
1095.602739884982,1019.8618
1172.5374295765405,1019.8618
6840.0,1019.8618
6840.0,1020.04486
6840.0,1020.3198
6840.0,1020.44995
6840.0,1019.8618
6840.0,1019.8618
6840.0,1019.8618
6840.0,1019.8618
6840.0,1019.8618
6840.0,1019.8618
6840.0,1019.8618
6840.0,1019.8618
6840.0,1019.8618
6840.0,1019.8618
6840.0,1019.9968
6840.0,1020.2318
6840.0,1020.38965
6840.0,1019.98596
6840.0,1019.9872
6840.0,1020.1698
6840.0,1020.2648
6840.0,1019.8618
6840.0,1019.8618
6840.0,1019.8618
6840.0,1019.8618
6840.0,1019.8618
6840.0,1019.8618
6840.0,1019.8618
1066.1383906414064,1019.8618
1077.5967486805748,1019.8618
1084.1443818458135,1019.8618
982.6560677846091,1019.8618
963.013168288892,1019.8618
882.8046620147139,1019.8618
1123.430180837248,1019.8618
1434.4427561861012,1019.8618
1614.5026682301739,1020.12634
1319.8591757944182,1020.72174
1172.5374295765405,1021.1627
1156.168346663443,1020.46533
981.0191594932992,1019.8618
827.1497801101824,1019.8618
1139.7992637503455,1019.87634
1238.013761228931,1019.89746
1467.1809220122962,1019.90845
1434.4427561861012,1019.8618
1467.1809220122962,1019.8618
1565.3954194908813,1019.8618
1434.4427561861012,1019.8618
1418.0736732730036,1019.8618
1336.2282587075158,1019.8618
1352.5973416206132,1019.8618
1254.3828441420283,1019.8618
1319.8591757944182,1019.8618
1319.8591757944182,1019.8618
1205.2755954027355,1019.8618
1254.3828441420283,1019.8618
1205.2755954027355,1019.8618
1123.430180837248,1019.8618
1352.5973416206132,1019.8618
1303.4900928813208,1019.8618
1061.2276657674772,1019.8618
1188.9065124896379,1019.8618
1172.5374295765405,1019.8618
1238.013761228931,1019.8618
863.1617625189969,1019.8618
1221.6446783158328,1019.8618
1319.8591757944182,1019.8618
1287.1210099682232,1019.8618
1123.430180837248,1019.8618
1319.8591757944182,1019.8618
1450.8118390991986,1019.8618
1205.2755954027355,1019.8618
1467.1809220122962,1019.8618
1450.8118390991986,1019.8618
1287.1210099682232,1019.9217
1238.013761228931,1020.00903
1188.9065124896379,1020.05426
1098.8765564676016,1019.8618
1532.6572536646863,1019.8618
1483.5500049253935,1019.8618
1368.9664245337108,1019.8618
1418.0736732730036,1019.8618
1139.7992637503455,1019.8618
1254.3828441420283,1019.8618
1013.7573253194942,1019.8618
976.10843461937,1019.8618
1087.418198428433,1019.8618
1221.6446783158328,1019.8618
1352.5973416206132,1019.8618
1499.9190878384914,1019.90247
1123.430180837248,1019.9616
1336.2282587075158,1019.9922
1287.1210099682232,1019.8618
1172.5374295765405,1019.8618
1105.4241896328406,1019.8618
1172.5374295765405,1019.8618
1238.013761228931,1019.9198
1188.9065124896379,1020.00433
1172.5374295765405,1020.048
1156.168346663443,1019.8618
1238.013761228931,1019.8618
1188.9065124896379,1019.8618
1270.7519270551259,1019.8618
1238.013761228931,1019.8618
1085.7812901371235,1019.8618
1107.06109792415,1019.8618
1107.06109792415,1019.8618
1107.06109792415,1019.8618
1031.7633165239017,1019.8618
1336.2282587075158,1019.8618
1450.8118390991986,1019.8618
1254.3828441420283,1019.8618
1221.6446783158328,1019.8618
1044.8585828543796,1019.8618
1067.7752989327162,1019.8618
1368.9664245337108,1019.8618
1254.3828441420283,1019.8618
1287.1210099682232,1019.8618
1238.013761228931,1019.8618
1287.1210099682232,1019.8618
1221.6446783158328,1019.8618
1221.6446783158328,1019.8618
1238.013761228931,1019.8618
1139.7992637503455,1019.8618
1287.1210099682232,1019.8618
1254.3828441420283,1019.8618
1238.013761228931,1019.8618
977.7453429106797,1019.8618
938.4595439192458,1019.8618
1188.9065124896379,1019.8618
1053.0431243109283,1019.8618
1102.150373050221,1019.8618
1156.168346663443,1019.8618
1434.4427561861012,1019.8618
945.0071770844845,1019.8618
1054.680032602238,1019.8618
1205.2755954027355,1019.8618
1038.3109496891407,1019.9198
945.0071770844845,1020.00433
858.2510376450676,1020.048
935.1857273366261,1019.8618
3480.5781203232937,1019.8956
2825.8148037993915,1019.945
2089.2060727100024,1020.41895
1565.3954194908813,1021.0281
1046.4954911456894,1021.29956
1188.9065124896379,1019.93945
1336.2282587075158,1019.8618
1172.5374295765405,1019.8618
1172.5374295765405,1019.8618
1254.3828441420283,1019.8618
1072.6860238066456,1019.8618
1000.6620589890163,1019.8618
1156.168346663443,1019.8618
1077.5967486805748,1019.8618
1082.507473554504,1019.87335
1581.764502403979,1019.8903
1549.026336577784,1019.8991
1401.704590359906,1019.8618
1238.013761228931,1019.8618
1105.4241896328406,1019.8618
1499.9190878384914,1019.8618
1221.6446783158328,1019.8618
1188.9065124896379,1019.8618
1156.168346663443,1019.8618
1156.168346663443,1019.8618
1205.2755954027355,1019.8618
1059.5907574761675,1019.8618
1021.941866776043,1019.8618
1087.418198428433,1019.8618
1059.5907574761675,1019.8618
1107.06109792415,1019.8618
1139.7992637503455,1019.8618
1303.4900928813208,1019.8618
1450.8118390991986,1019.8618
1238.013761228931,1019.8618
1221.6446783158328,1019.8618
1205.2755954027355,1019.8618
1093.9658315936724,1019.8618
1139.7992637503455,1019.8618
1139.7992637503455,1019.8618
1123.430180837248,1019.8618
1188.9065124896379,1019.8618
1139.7992637503455,1019.8618
1107.06109792415,1019.8618
961.376259997582,1019.8618
859.8879459363776,1019.8618
704.3816582619509,1019.8618
817.3283303623238,1019.8618
892.6261117625726,1019.8618
899.1737449278115,1019.8618
776.40562307958,1019.8618
606.1671607833657,1019.8618
778.0425313708897,1019.8618
804.2330640318457,1019.8618
800.9592474492263,1019.8618
925.3642775887678,1019.8618
724.0245577576678,1019.8618
800.9592474492263,1019.8618
812.4176054883945,1019.8618
650.363684648729,1019.8618
802.5961557405361,1019.8618
800.9592474492263,1019.8618
758.3996318751728,1019.8618
800.9592474492263,1019.8618
712.5661997184995,1019.8618
730.5721909229069,1019.8618
652.0005929400387,1019.8618
688.0125753488534,1019.8618
681.4649421836142,1019.8618
681.4649421836142,1019.8618
699.4709333880214,1019.8618
458.8454145654877,1019.8618
874.6201205581651,1019.8618
884.4415703060238,1019.8618
1156.168346663443,1019.8618
1089.055106719743,1019.8618
954.8286268323433,1019.8618
1075.9598403892649,1019.8618
1054.680032602238,1019.8618
887.7153868886431,1019.8618
1039.9478579804504,1019.8618
1059.5907574761675,1019.8618
1630.8717511432712,1019.94684
1614.5026682301739,1020.35815
1352.5973416206132,1020.8701
1254.3828441420283,1020.7846
1156.168346663443,1019.90436
1156.168346663443,1019.9664
1049.7693077283088,1019.99835
1139.7992637503455,1019.8618
1061.2276657674772,1019.8618
1056.316940893548,1019.8618
1123.430180837248,1019.8618
1062.864574058787,1019.8618
971.1977097454408,1019.8618
1023.5787750673529,1019.8618
938.4595439192458,1019.8618
925.3642775887678,1019.8918
913.9059195495993,1019.9355
732.2090992142166,1019.958
1287.1210099682232,1019.8618
1172.5374295765405,1019.8618
1418.0736732730036,1019.8618
1303.4900928813208,1019.8618
1188.9065124896379,1019.8618
1062.864574058787,1019.8618
1270.7519270551259,1019.8618
1071.0491155153356,1019.8618
1221.6446783158328,1019.8618
1205.2755954027355,1019.8618
1221.6446783158328,1019.8618
1238.013761228931,1019.8618
907.3582863843603,1019.8618
1221.6446783158328,1019.8618
1254.3828441420283,1019.8618
907.3582863843603,1019.8618
1581.764502403979,1019.8725
1499.9190878384914,1019.97003
1401.704590359906,1020.2173
1254.3828441420283,1020.4198
1188.9065124896379,1020.24927
1103.7872813415306,1019.8618
1254.3828441420283,1019.8618
1270.7519270551259,1019.8618
1188.9065124896379,1019.8618
1254.3828441420283,1019.8618
1107.06109792415,1019.8618
1205.2755954027355,1019.8618
843.5188630232799,1019.8618
866.4355791016164,1019.8618
938.4595439192458,1019.8618
961.376259997582,1019.8618
987.5667926585382,1019.8618
830.4235966928018,1019.8618
890.9892034712626,1019.8618
1270.7519270551259,1019.8618
1097.239648176292,1019.8618
1467.1809220122962,1020.2769
1123.430180837248,1021.2306
1053.0431243109283,1021.94354
899.1737449278115,1020.8817
953.1917185410333,1019.8618
989.203700949848,1019.8618
1044.8585828543796,1019.886
1085.7812901371235,1019.9212
1085.7812901371235,1019.93945
1069.4122072240261,1019.8618
985.9298843672285,1019.8618
882.8046620147139,1019.8618
851.7034044798288,1019.8618
1010.4835087368747,1019.8618
913.9059195495993,1019.8618
946.6440853757945,1019.8618
913.9059195495993,1019.8618
899.1737449278115,1019.8618
907.3582863843603,1019.8618
861.5248542276871,1019.8618
890.9892034712626,1019.8618
931.9119107540066,1019.8618
874.6201205581651,1019.8618
843.5188630232799,1019.8618
874.6201205581651,1019.8618
1287.1210099682232,1019.8618
1679.978999882564,1020.0228
1450.8118390991986,1020.5349
1043.2216745630699,1021.14636
1002.298967280326,1020.92004
1123.430180837248,1020.0945
971.1977097454408,1019.8618
1039.9478579804504,1019.8618
1003.9358755716358,1019.8618
1074.3229320979551,1019.8618
882.8046620147139,1019.8618
979.3822512019894,1019.8618
1156.168346663443,1019.8618
1843.6698290135394,1020.15497
1188.9065124896379,1020.8411
1188.9065124896379,1021.3664
1139.7992637503455,1020.6063
1221.6446783158328,1020.15314
1059.5907574761675,1020.6086
969.5608014541308,1020.7906
1038.3109496891407,1019.8618
1123.430180837248,1019.8618
1188.9065124896379,1019.8618
1270.7519270551259,1019.8618
1270.7519270551259,1019.8618
1696.3480827956614,1019.8618
1647.240834056369,1019.8618
1630.8717511432712,1019.8618
1598.1335853170763,1019.8618
1598.1335853170763,1019.8618
1581.764502403979,1019.8618
1581.764502403979,1019.8618
1630.8717511432712,1019.8618
1319.8591757944182,1019.8618
1385.3355074468086,1019.8618
1123.430180837248,1019.8618
1043.2216745630699,1019.8618
1287.1210099682232,1019.8618
1549.026336577784,1019.8618
1663.6099169694664,1019.9825
1729.0862486218566,1020.24896
1516.288170751589,1020.5911
1499.9190878384914,1020.4506
1287.1210099682232,1020.24927
1516.288170751589,1019.8618
1336.2282587075158,1019.8618
1336.2282587075158,1019.8618
1172.5374295765405,1019.8618
1221.6446783158328,1019.8618
1139.7992637503455,1019.8618
1172.5374295765405,1019.8618
1205.2755954027355,1019.88214
1385.3355074468086,1019.9117
1368.9664245337108,1019.927
1434.4427561861012,1019.8618
1418.0736732730036,1019.8618
1450.8118390991986,1019.97284
1401.704590359906,1020.1343
1385.3355074468086,1020.2183
1095.602739884982,1019.8618
1303.4900928813208,1019.8618
1270.7519270551259,1019.8618
1123.430180837248,1019.8618
1123.430180837248,1019.8618
1123.430180837248,1019.8618
1172.5374295765405,1019.8618
1205.2755954027355,1019.8618
1336.2282587075158,1019.8618
1172.5374295765405,1019.8618
1303.4900928813208,1019.8618
1549.026336577784,1019.8618
1352.5973416206132,1019.914
1270.7519270551259,1019.9901
1107.06109792415,1020.02936
1238.013761228931,1019.8618
1516.288170751589,1019.8618
1483.5500049253935,1019.8618
1467.1809220122962,1019.8618
1467.1809220122962,1019.88214
1139.7992637503455,1019.9803
1172.5374295765405,1020.09534
1205.2755954027355,1020.0821
1336.2282587075158,1019.8618
1270.7519270551259,1019.8618
1238.013761228931,1019.8618
1238.013761228931,1019.8618
1238.013761228931,1019.8618
1139.7992637503455,1019.8618
1238.013761228931,1019.8792
1385.3355074468086,1019.90454
1087.418198428433,1019.9178
1018.6680501934235,1019.8618
881.1677537234043,1019.8618
868.0724873929263,1019.8618
833.6974132754215,1019.8618
828.7866884014921,1019.8618
1221.6446783158328,1019.8618
936.8226356279358,1019.8618
954.8286268323433,1019.8618
941.7333605018653,1019.8618
751.8519987099336,1019.8618
670.0065841444459,1019.8618
750.215090418624,1019.8618
994.1144258237772,1019.8618
1023.5787750673529,1019.8618
928.638094171387,1019.8618
800.9592474492263,1019.8618
707.6554748445702,1019.8618
1368.9664245337108,1019.8618
1188.9065124896379,1019.8618
1303.4900928813208,1019.8618
1434.4427561861012,1019.8618
1172.5374295765405,1019.8618
1156.168346663443,1019.8618
1139.7992637503455,1019.8618
1123.430180837248,1019.8618
1221.6446783158328,1019.8618
1205.2755954027355,1019.8618
1205.2755954027355,1019.8618
935.1857273366261,1019.8618
1303.4900928813208,1019.8618
899.1737449278115,1019.8618
982.6560677846091,1019.8618
1098.8765564676016,1019.8618
1057.9538491848575,1019.8618
1107.06109792415,1019.8618
1077.5967486805748,1019.8618
1031.7633165239017,1019.8618
1105.4241896328406,1019.8618
1188.9065124896379,1019.8618
1139.7992637503455,1019.8618
1057.9538491848575,1019.8618
853.3403127711384,1019.8618
1028.4894999412822,1019.8618
1123.430180837248,1019.8618
1061.2276657674772,1019.8618
1499.9190878384914,1019.8618
1516.288170751589,1019.8618
1467.1809220122962,1019.8618
1303.4900928813208,1019.8618
1385.3355074468086,1019.8618
1254.3828441420283,1019.8618
1319.8591757944182,1019.8618
1270.7519270551259,1019.8618
1238.013761228931,1019.8618
1079.2336569718843,1019.8618
1139.7992637503455,1019.8618
1188.9065124896379,1019.8618
1238.013761228931,1019.8618
1287.1210099682232,1019.8618
1336.2282587075158,1019.886
1139.7992637503455,1019.9212
1205.2755954027355,1019.93945
943.3702687931748,1019.8618
874.6201205581651,1019.8618
992.4775175324675,1019.8618
1008.8466004455652,1019.8618
1172.5374295765405,1019.8618
1205.2755954027355,1019.8618
1221.6446783158328,1019.8618
990.840609241158,1019.8618
1156.168346663443,1019.8618
1025.2156833586625,1019.8618
1033.4002248152115,1019.8618
1630.8717511432712,1019.8618
1614.5026682301739,1019.8618
1614.5026682301739,1019.8618
1663.6099169694664,1019.8618
1778.1934973611494,1019.8618
1679.978999882564,1019.8618
1810.9316631873444,1019.8618
2023.7297410576125,1019.8618
2563.9094771898313,1019.91113
3104.08921332205,1020.4519
2121.9442385361976,1021.47784
1925.5152435790271,1021.9752
1925.5152435790271,1020.7431
1761.8244144480518,1019.8618
2203.7896531016854,1019.8618
1876.4079948397343,1019.8685
1974.6224923183197,1019.8785
1745.455331534954,1019.8836
1794.5625802742468,1019.94
1614.5026682301739,1020.05396
1810.9316631873444,1020.1439
1778.1934973611494,1019.93787
1745.455331534954,1019.9612
1630.8717511432712,1019.8618
1679.978999882564,1019.8618
1614.5026682301739,1019.8618
1696.3480827956614,1019.8618
1876.4079948397343,1019.8618
663.4589509792071,1019.8753
663.4589509792071,1019.61334
684.7387587662339,1019.3997
810.7806971970849,1019.47815
810.7806971970849,1019.6162
833.6974132754215,1019.79816
768.2210816230313,1019.85394
768.2210816230313,1019.5357
748.5781821273141,1019.49207
748.5781821273141,1019.47815
748.5781821273141,1019.47815
748.5781821273141,1019.509
748.5781821273141,1019.557
789.500889410058,1019.5788
833.6974132754215,1019.5117
833.6974132754215,1019.47815
856.6141293537579,1019.47815
810.7806971970849,1019.4942
810.7806971970849,1019.5459
810.7806971970849,1019.6157
768.2210816230313,1019.6547
768.2210816230313,1019.62213
768.2210816230313,1019.6039
768.2210816230313,1019.5653
768.2210816230313,1019.5732
727.2983743402873,1019.47815
727.2983743402873,1019.47815
727.2983743402873,1019.47815
768.2210816230313,1019.47815
863.1617625189969,1019.47815
845.1557713145896,1019.49915
807.5068806144654,1019.5217
789.500889410058,1019.5257
773.1318064969603,1019.47815
773.1318064969603,1019.47815
773.1318064969603,1019.47815
755.1258152925533,1019.47815
720.7507411750486,1019.5102
704.3816582619509,1019.5448
688.0125753488534,1019.55084
688.0125753488534,1019.51385
670.0065841444459,1019.5525
688.0125753488534,1019.5728
688.0125753488534,1019.57355
653.6375012313484,1019.6509
653.6375012313484,1019.6324
619.2624271138437,1019.47815
619.2624271138437,1019.47815
619.2624271138437,1019.47815
653.6375012313484,1019.47815
619.2624271138437,1019.47815
602.8933442007462,1019.47815
588.1611695789583,1019.47815
602.8933442007462,1019.47815
602.8933442007462,1019.47815
571.7920866658608,1019.47815
555.4230037527631,1019.47815
1532.6572536646863,1019.47815
1532.6572536646863,1019.47815
1499.9190878384914,1019.6283
1401.704590359906,1019.82495
1401.704590359906,1019.8773
1418.0736732730036,1019.53033
1368.9664245337108,1019.5892
1319.8591757944182,1019.7028
1303.4900928813208,1019.70746
1303.4900928813208,1019.49115
1270.7519270551259,1019.5452
1270.7519270551259,1019.60254
1270.7519270551259,1019.59485
1254.3828441420283,1019.47815
1221.6446783158328,1019.47815
1188.9065124896379,1019.47815
1188.9065124896379,1019.47815
1270.7519270551259,1019.48303
1188.9065124896379,1019.55347
1156.168346663443,1019.62646
1139.7992637503455,1019.6517
1139.7992637503455,1019.5295
1107.06109792415,1019.53406
1092.3289233023625,1019.47815
1072.6860238066456,1019.47815
1053.0431243109283,1019.47815
1053.0431243109283,1019.47815
1053.0431243109283,1019.47815
899.1737449278115,1019.47815
881.1677537234043,1019.66516
863.1617625189969,1019.888
825.5128718188724,1019.9276
807.5068806144654,1019.47815
789.500889410058,1019.47815
789.500889410058,1019.4819
789.500889410058,1019.48584
755.1258152925533,1019.4865
755.1258152925533,1019.47815
720.7507411750486,1019.47815
704.3816582619509,1019.47815
704.3816582619509,1019.47815
704.3816582619509,1019.47815
704.3816582619509,1019.47815
688.0125753488534,1019.47815
653.6375012313484,1019.47815
619.2624271138437,1019.47815
619.2624271138437,1019.47815
619.2624271138437,1019.47815
588.1611695789583,1019.47815
588.1611695789583,1019.47815
602.8933442007462,1019.49664
619.2624271138437,1019.53503
619.2624271138437,1019.58685
653.6375012313484,1019.57904
619.2624271138437,1019.56714
619.2624271138437,1019.53186
692.9233002227826,1019.55023
712.5661997184995,1019.50684
692.9233002227826,1019.50336
673.2804007270654,1019.47815
652.0005929400387,1019.47815
612.7147939486046,1019.47815
593.0718944528875,1019.47815
593.0718944528875,1019.47815
593.0718944528875,1019.47815
612.7147939486046,1019.47815
612.7147939486046,1019.47815
593.0718944528875,1019.47815
593.0718944528875,1019.50037
552.1491871701436,1019.5489
532.5062876744269,1019.5797
532.5062876744269,1019.53406
512.8633881787097,1019.47815
512.8633881787097,1019.47815
494.8573969743024,1019.47815
512.8633881787097,1019.47815
593.0718944528875,1019.47815
593.0718944528875,1019.5498
512.8633881787097,1019.6299
494.8573969743024,1019.6432
476.85140576989494,1019.47815
458.8454145654877,1019.47815
440.8394233610805,1019.47815
440.8394233610805,1019.47815
440.8394233610805,1019.47815
979.3822512019894,1019.47815
979.3822512019894,1019.47815
990.840609241158,1019.47815
954.8286268323433,1019.51514
979.3822512019894,1019.55505
979.3822512019894,1019.5719
979.3822512019894,1019.5048
954.8286268323433,1019.5343
954.8286268323433,1019.54803
908.9951946756701,1019.56604
918.8166444235286,1019.57007
897.5368366365018,1019.58704
886.0784785973336,1019.56647
886.0784785973336,1019.49207
864.7986708103068,1019.47815
843.5188630232799,1019.47815
886.0784785973336,1019.47815
886.0784785973336,1019.6304
876.2570288494751,1019.8322
864.7986708103068,1019.8877
876.2570288494751,1019.5285
886.0784785973336,1019.47815
864.7986708103068,1019.47815
843.5188630232799,1019.47815
954.8286268323433,1019.47815
943.3702687931748,1019.47815
886.0784785973336,1019.47815
886.0784785973336,1019.47815
6840.0,1019.47815
6840.0,1019.47815
6840.0,1019.47815
6840.0,1019.47815
6840.0,1019.47815
6840.0,1019.47815
6840.0,1019.47815
6840.0,1019.47815
6840.0,1019.47815
6840.0,1019.47815
6840.0,1019.47815
1532.6572536646863,1019.47815
1385.3355074468086,1019.675
1303.4900928813208,1019.9098
1319.8591757944182,1019.95166
1401.704590359906,1019.4843
1319.8591757944182,1019.64856
1254.3828441420283,1019.8692
1221.6446783158328,1019.92413
1221.6446783158328,1019.55365
1188.9065124896379,1019.47815
1188.9065124896379,1019.47815
1172.5374295765405,1019.47815
1123.430180837248,1019.47815
1072.6860238066456,1019.47815
1018.6680501934235,1019.47815
1003.9358755716358,1019.47815
994.1144258237772,1019.47815
1434.4427561861012,1019.47815
1483.5500049253935,1019.47815
1532.6572536646863,1019.47815
1499.9190878384914,1019.6739
1499.9190878384914,1019.90735
1499.9190878384914,1019.96
1483.5500049253935,1019.5012
1467.1809220122962,1019.50336
1467.1809220122962,1019.47815
1467.1809220122962,1019.47815
1483.5500049253935,1019.47815
1434.4427561861012,1019.47815
1434.4427561861012,1019.47815
1434.4427561861012,1019.47815
1434.4427561861012,1019.47815
1434.4427561861012,1019.47815
1434.4427561861012,1019.47815
1467.1809220122962,1019.5028
1467.1809220122962,1019.56757
1418.0736732730036,1019.61346
1385.3355074468086,1019.5648
1336.2282587075158,1019.47815
1319.8591757944182,1019.47815
1319.8591757944182,1019.47815
1287.1210099682232,1019.47815
1270.7519270551259,1019.47815
1270.7519270551259,1019.4905
1270.7519270551259,1019.6037
1051.4062160196186,1019.7212
1051.4062160196186,1019.713
1075.9598403892649,1019.47815
1051.4062160196186,1019.47815
1026.8525916499723,1019.47815
1075.9598403892649,1019.47815
1100.5134647589111,1019.47815
1123.430180837248,1019.47815
1100.5134647589111,1019.47815
1075.9598403892649,1019.47815
1075.9598403892649,1019.47815
1051.4062160196186,1019.47815
1051.4062160196186,1019.47815
1002.298967280326,1019.47815
1026.8525916499723,1019.50037
1002.298967280326,1019.5304
1002.298967280326,1019.64
979.3822512019894,1019.70483
979.3822512019894,1019.7103
930.275002462697,1019.47815
930.275002462697,1019.47815
954.8286268323433,1019.49664
1002.298967280326,1019.54736
1002.298967280326,1019.64685
1051.4062160196186,1019.6802
1026.8525916499723,1019.7833
954.8286268323433,1019.8877
930.275002462697,1020.03284
954.8286268323433,1019.7104
648.7267763574192,1019.59216
648.7267763574192,1019.47815
615.9886105312243,1019.47815
599.6195276181265,1019.47815
581.6135364137193,1019.47815
581.6135364137193,1019.47815
565.2444535006218,1019.47815
498.1312135569217,1019.47815
481.7621306438242,1019.47815
467.02995602203646,1019.47815
467.02995602203646,1019.47815
452.2977814002487,1019.47815
421.1965238653635,1019.47815
406.4643492435757,1019.47815
406.4643492435757,1019.47815
391.73217462178775,1019.47815
377.0,1019.47815
377.0,1019.47815
391.73217462178775,1019.47815
498.1312135569217,1019.47815
498.1312135569217,1019.6098
452.2977814002487,1019.9505
437.56560677846096,1020.2011
421.1965238653635,1019.93634
406.4643492435757,1019.4947
421.1965238653635,1019.4998
406.4643492435757,1019.4865
421.1965238653635,1019.47815
971.1977097454408,1019.47815
945.0071770844845,1019.47815
918.8166444235286,1019.47815
864.7986708103068,1019.47815
971.1977097454408,1019.47815
918.8166444235286,1019.47815
890.9892034712626,1019.47815
864.7986708103068,1019.47815
838.6081381493505,1019.4905
838.6081381493505,1019.53455
812.4176054883945,1019.5702
812.4176054883945,1019.6457
760.0365401664824,1020.3208
737.1198240881461,1021.1425
712.5661997184995,1021.09705
689.6494836401631,1019.89087
665.0958592705167,1020.37476
665.0958592705167,1020.4431
689.6494836401631,1019.53406
689.6494836401631,1019.47815
665.0958592705167,1019.5443
665.0958592705167,1019.6178
665.0958592705167,1019.631
689.6494836401631,1019.4807
689.6494836401631,1019.74817
665.0958592705167,1020.346
737.1198240881461,1020.7462
760.0365401664824,1020.16943
971.1977097454408,1019.5682
945.0071770844845,1019.662
918.8166444235286,1019.6755
864.7986708103068,1019.47815
971.1977097454408,1019.47815
918.8166444235286,1019.5858
890.9892034712626,1019.7104
864.7986708103068,1019.7319
838.6081381493505,1019.47815
838.6081381493505,1019.47815
812.4176054883945,1019.47815
812.4176054883945,1019.47815
760.0365401664824,1019.47815
737.1198240881461,1019.4794
712.5661997184995,1019.4807
689.6494836401631,1019.4809
665.0958592705167,1019.47815
665.0958592705167,1019.47815
689.6494836401631,1019.47815
689.6494836401631,1019.47815
665.0958592705167,1019.47815
665.0958592705167,1019.47815
665.0958592705167,1019.47815
689.6494836401631,1019.47815
689.6494836401631,1019.47815
665.0958592705167,1019.47815
737.1198240881461,1019.47815
945.0071770844845,1019.48065
1401.704590359906,1019.7396
1434.4427561861012,1020.10297
1368.9664245337108,1020.2433
1336.2282587075158,1019.69763
1270.7519270551259,1019.66705
1336.2282587075158,1019.66315
1303.4900928813208,1019.60297
1532.6572536646863,1019.47815
1565.3954194908813,1019.69666
1434.4427561861012,1019.9973
1205.2755954027355,1020.0866
1270.7519270551259,1019.56757
1205.2755954027355,1019.4819
1139.7992637503455,1019.5339
1205.2755954027355,1019.5914
1172.5374295765405,1019.59705
1139.7992637503455,1019.4893
1139.7992637503455,1019.47815
1074.3229320979551,1019.47815
1041.5847662717601,1019.4905
1008.8466004455652,1019.50385
1008.8466004455652,1019.50616
1008.8466004455652,1019.50037
976.10843461937,1019.52423
976.10843461937,1019.5285
943.3702687931748,1019.47815
943.3702687931748,1019.47815
943.3702687931748,1019.47815
1008.8466004455652,1019.47815
845.1557713145896,1019.4794
812.4176054883945,1019.4807
779.6794396621995,1019.49084
755.1258152925533,1019.49866
755.1258152925533,1019.50055
755.1258152925533,1019.47815
730.5721909229069,1019.47815
706.0185665532606,1019.47815
681.4649421836142,1019.47815
877.8939371407848,1019.47815
1008.8466004455652,1019.47815
812.4176054883945,1019.47815
755.1258152925533,1019.47815
812.4176054883945,1019.47815
910.6321029669798,1019.47815
910.6321029669798,1019.47815
845.1557713145896,1019.47815
845.1557713145896,1019.5015
730.5721909229069,1019.52686
706.0185665532606,1019.5313
681.4649421836142,1019.5858
656.9113178139679,1019.72266
607.8040690746752,1019.7574
583.250444705029,1019.50616
558.6968203353828,1019.48065
583.250444705029,1019.4832
632.3576934443217,1019.4837
632.3576934443217,1019.47815
971.1977097454408,1019.47815
918.8166444235286,1019.56067
890.9892034712626,1019.65436
864.7986708103068,1019.67004
838.6081381493505,1019.47815
838.6081381493505,1019.47815
786.2270728274386,1019.47815
760.0365401664824,1019.47815
890.9892034712626,1019.47815
1319.8591757944182,1019.47815
1287.1210099682232,1019.74
1139.7992637503455,1020.10516
1023.5787750673529,1020.2163
864.7986708103068,1019.5934
812.4176054883945,1019.4807
812.4176054883945,1019.4809
786.2270728274386,1019.4905
760.0365401664824,1019.505
737.1198240881461,1019.72705
712.5661997184995,1019.9611
689.6494836401631,1020.0052
689.6494836401631,1019.47815
864.7986708103068,1019.47815
760.0365401664824,1019.5803
760.0365401664824,1019.8268
712.5661997184995,1019.9983
665.0958592705167,1019.7855
642.17914319218,1019.47815
812.4176054883945,1019.47815
812.4176054883945,1019.47815
812.4176054883945,1019.4905
779.6794396621995,1019.50385
755.1258152925533,1019.50616
779.6794396621995,1019.47815
779.6794396621995,1019.4794
755.1258152925533,1019.75653
730.5721909229069,1020.0896
779.6794396621995,1020.147
779.6794396621995,1019.5498
779.6794396621995,1019.63605
779.6794396621995,1019.656
755.1258152925533,1019.49207
755.1258152925533,1019.47815
845.1557713145896,1019.47815
976.10843461937,1019.5262
845.1557713145896,1019.6538
812.4176054883945,1019.748
755.1258152925533,1019.8338
730.5721909229069,1019.8856
681.4649421836142,1019.937
755.1258152925533,1019.50616
1041.5847662717601,1019.4794
1041.5847662717601,1019.7208
812.4176054883945,1020.012
706.0185665532606,1020.06384
730.5721909229069,1019.4837
999.0251506977066,1019.62067
961.376259997582,1019.7883
961.376259997582,1019.8177
925.3642775887678,1019.47815
889.3522951799531,1019.509
864.7986708103068,1019.54224
830.4235966928018,1019.54803
805.8699723231555,1019.47815
805.8699723231555,1019.47815
1254.3828441420283,1019.47815
1909.1461606659298,1019.6532
2645.7548917553186,1020.00214
1892.7770777528317,1020.42413
1549.026336577784,1020.41974
1368.9664245337108,1020.27014
1319.8591757944182,1019.76135
1238.013761228931,1019.47815
1156.168346663443,1019.4794
1087.418198428433,1019.4807
1100.5134647589111,1019.4809
1075.9598403892649,1019.47815
1025.2156833586625,1019.4819
974.4715263280602,1019.492
961.376259997582,1019.53265
925.3642775887678,1019.56134
1238.013761228931,1019.55365
1238.013761228931,1019.509
1909.1461606659298,1019.64856
1450.8118390991986,1020.03735
936.8226356279358,1020.3041
913.9059195495993,1020.1122
900.8106532191214,1019.4843
889.3522951799531,1019.51556
925.3642775887678,1019.5619
889.3522951799531,1019.618
864.7986708103068,1019.6333
841.8819547319702,1019.64435
830.4235966928018,1019.58984
805.8699723231555,1019.644
794.4116142839874,1019.6718
769.857989914341,1019.6432
746.9412738360045,1019.47815
724.0245577576678,1019.47815
724.0245577576678,1019.47815
724.0245577576678,1019.47815
678.1911256009947,1019.47815
656.9113178139679,1019.47815
614.3517022399144,1019.47815
593.0718944528875,1019.47815
593.0718944528875,1019.47815
602.8933442007462,1019.62714
602.8933442007462,1019.80286
656.9113178139679,1019.835
635.6315100269412,1019.596
645.4529597747996,1019.7303
666.7327675618264,1019.75305
656.9113178139679,1019.49567
1254.3828441420283,1019.51306
1238.013761228931,1019.51385
1287.1210099682232,1019.4865
1303.4900928813208,1019.47815
1270.7519270551259,1019.5262
1221.6446783158328,1019.57806
1205.2755954027355,1019.6582
1205.2755954027355,1019.6299
1188.9065124896379,1019.68005
1156.168346663443,1019.58215
1139.7992637503455,1019.61835
1139.7992637503455,1019.5397
1139.7992637503455,1019.47815
1139.7992637503455,1019.47815
1123.430180837248,1019.47815
1087.418198428433,1019.47815
1064.5014823500967,1019.47815
1041.5847662717601,1019.47815
1053.0431243109283,1019.47815
1139.7992637503455,1019.47815
1075.9598403892649,1019.57153
1041.5847662717601,1019.68115
1018.6680501934235,1019.702
985.9298843672285,1019.4924
1123.430180837248,1019.49615
1205.2755954027355,1019.4989
1064.5014823500967,1019.6145
1123.430180837248,1019.77167
1156.168346663443,1019.7962
1139.7992637503455,1019.47815
1139.7992637503455,1019.47815
1123.430180837248,1019.47815
1254.3828441420283,1019.47815
1087.418198428433,1019.47815
1062.864574058787,1019.47815
1049.7693077283088,1019.47815
1038.3109496891407,1019.47815
1038.3109496891407,1019.47815
1012.1204170281846,1019.47815
1012.1204170281846,1019.47815
987.5667926585382,1019.47815
974.4715263280602,1019.47815
961.376259997582,1019.47815
936.8226356279358,1019.47815
949.917901958414,1019.47815
936.8226356279358,1019.47815
913.9059195495993,1019.47815
889.3522951799531,1019.47815
900.8106532191214,1019.47815
889.3522951799531,1019.47815
864.7986708103068,1019.47815
913.9059195495993,1019.6901
900.8106532191214,1019.9438
889.3522951799531,1019.9892
877.8939371407848,1019.47815
864.7986708103068,1019.4905
987.5667926585382,1019.5137
1033.4002248152115,1019.5267
1021.941866776043,1019.50055
987.5667926585382,1019.5028
964.6500765802017,1019.5295
1021.941866776043,1019.53406
1057.9538491848575,1019.47815
1092.3289233023625,1019.5989
1044.8585828543796,1019.75183
999.0251506977066,1019.7969
964.6500765802017,1019.60614
987.5667926585382,1019.67596
1092.3289233023625,1019.6755
1044.8585828543796,1019.6152
976.10843461937,1019.7761
941.7333605018653,1019.8043
920.4535527148383,1019.47815
899.1737449278115,1019.47815
866.4355791016164,1019.47815
854.9772210624482,1019.47815
833.6974132754215,1019.47815
812.4176054883945,1019.47815
812.4176054883945,1019.47815
768.2210816230313,1019.47815
746.9412738360045,1019.47815
746.9412738360045,1019.47815
725.6614660489776,1019.47815
725.6614660489776,1019.47815
746.9412738360045,1019.55853
1095.602739884982,1019.6495
1064.5014823500967,1019.6647
1033.4002248152115,1019.47815
964.6500765802017,1019.47815
941.7333605018653,1019.47815
935.1857273366261,1019.47815
905.7213780930506,1019.47815
905.7213780930506,1019.47815
899.1737449278115,1019.47815
912.2690112582895,1019.47815
935.1857273366261,1019.47815
987.5667926585382,1019.47815
949.917901958414,1019.47815
920.4535527148383,1019.47815
899.1737449278115,1019.47815
899.1737449278115,1019.47815
884.4415703060238,1019.4819
863.1617625189969,1019.48584
833.6974132754215,1019.4865
833.6974132754215,1019.47815
812.4176054883945,1019.5879
890.9892034712626,1019.7312
876.2570288494751,1019.7704
854.9772210624482,1019.6025
869.7093956842359,1019.6665
920.4535527148383,1019.70197
920.4535527148383,1019.5412
899.1737449278115,1019.5959
943.3702687931748,1019.6222
890.9892034712626,1019.61096
1033.4002248152115,1019.562
796.703285891821,1019.47815
884.4415703060238,1019.47815
881.1677537234043,1019.47815
1270.7519270551259,1019.47815
1287.1210099682232,1019.47815
1156.168346663443,1019.48065
1123.430180837248,1019.4832
1095.602739884982,1019.4837
1172.5374295765405,1019.47815
6840.0,1019.47815
6840.0,1019.6847
6840.0,1019.93164
6840.0,1019.9758
6840.0,1019.47815
6840.0,1019.47815
6840.0,1019.47815
6840.0,1019.47815
6840.0,1019.6945
6840.0,1019.9535
6840.0,1020.006
6840.0,1019.5997
6840.0,1019.7268
6840.0,1019.7345
6840.0,1019.676
6840.0,1020.0185
6840.0,1020.1848
6840.0,1019.7503
6840.0,1019.82404
6840.0,1020.2191
6840.0,1020.26514
6840.0,1019.52014
6840.0,1019.47815
6840.0,1019.47815
6840.0,1019.47815
6840.0,1019.47815
6840.0,1019.47815
6840.0,1019.47815
1066.1383906414064,1019.47815
1077.5967486805748,1019.47815
1084.1443818458135,1019.47815
982.6560677846091,1019.47815
963.013168288892,1019.47815
882.8046620147139,1019.47815
1123.430180837248,1019.50037
1434.4427561861012,1019.52423
1614.5026682301739,1019.9
1319.8591757944182,1020.4088
1172.5374295765405,1020.6093
1156.168346663443,1019.7184
981.0191594932992,1019.47815
827.1497801101824,1019.47815
1139.7992637503455,1019.5127
1238.013761228931,1019.55
1467.1809220122962,1019.6748
1434.4427561861012,1019.7348
1467.1809220122962,1019.75867
1565.3954194908813,1019.47815
1434.4427561861012,1019.47815
1418.0736732730036,1019.47815
1336.2282587075158,1019.47815
1352.5973416206132,1019.6695
1254.3828441420283,1019.90985
1319.8591757944182,1019.9638
1319.8591757944182,1019.5123
1205.2755954027355,1019.4909
1254.3828441420283,1019.49207
1205.2755954027355,1019.51514
1123.430180837248,1019.55505
1352.5973416206132,1019.562
1303.4900928813208,1019.57153
1061.2276657674772,1019.6787
1188.9065124896379,1019.69696
1172.5374295765405,1019.47815
1238.013761228931,1019.702
863.1617625189969,1019.97046
1221.6446783158328,1020.0186
1319.8591757944182,1019.47815
1287.1210099682232,1019.47815
1123.430180837248,1019.47815
1319.8591757944182,1019.48804
1450.8118390991986,1019.49866
1205.2755954027355,1019.50055
1467.1809220122962,1019.47815
1450.8118390991986,1019.47815
1287.1210099682232,1019.5388
1238.013761228931,1019.6659
1188.9065124896379,1019.74347
1098.8765564676016,1019.61633
1532.6572536646863,1019.47815
1483.5500049253935,1019.47815
1368.9664245337108,1019.47815
1418.0736732730036,1019.47815
1139.7992637503455,1019.4819
1254.3828441420283,1019.48584
1013.7573253194942,1019.4865
976.10843461937,1019.47815
1087.418198428433,1019.47815
1221.6446783158328,1019.47815
1352.5973416206132,1019.47815
1499.9190878384914,1019.48065
1123.430180837248,1019.4832
1336.2282587075158,1019.4837
1287.1210099682232,1019.47815
1172.5374295765405,1019.47815
1105.4241896328406,1019.47815
1172.5374295765405,1019.47815
1238.013761228931,1019.4843
1188.9065124896379,1019.4909
1172.5374295765405,1019.49207
1156.168346663443,1019.47815
1238.013761228931,1019.47815
1188.9065124896379,1019.47815
1270.7519270551259,1019.47815
1238.013761228931,1019.47815
1085.7812901371235,1019.47815
1107.06109792415,1019.47815
1107.06109792415,1019.47815
1107.06109792415,1019.47815
1031.7633165239017,1019.47815
1336.2282587075158,1019.47815
1450.8118390991986,1019.47815
1254.3828441420283,1019.63153
1221.6446783158328,1019.8126
1044.8585828543796,1019.8445
1067.7752989327162,1019.47815
1368.9664245337108,1019.47815
1254.3828441420283,1019.47815
1287.1210099682232,1019.47815
1238.013761228931,1019.48303
1287.1210099682232,1019.4884
1221.6446783158328,1019.4893
1221.6446783158328,1019.4843
1238.013761228931,1019.51556
1139.7992637503455,1019.5434
1287.1210099682232,1019.53406
1254.3828441420283,1019.47815
1238.013761228931,1019.47815
977.7453429106797,1019.47815
938.4595439192458,1019.47815
1188.9065124896379,1019.47815
1053.0431243109283,1019.47815
1102.150373050221,1019.47815
1156.168346663443,1019.47815
1434.4427561861012,1019.5028
945.0071770844845,1019.71515
1054.680032602238,1019.9472
1205.2755954027355,1020.03015
1038.3109496891407,1019.6927
945.0071770844845,1019.7313
858.2510376450676,1019.55
935.1857273366261,1019.58105
3480.5781203232937,1019.64667
2825.8148037993915,1019.9238
2089.2060727100024,1021.1582
1565.3954194908813,1022.3471
1046.4954911456894,1022.32544
1188.9065124896379,1019.5803
1336.2282587075158,1019.7129
1172.5374295765405,1019.749
1172.5374295765405,1019.5117
1254.3828441420283,1019.47815
1072.6860238066456,1019.47815
1000.6620589890163,1019.47815
1156.168346663443,1019.47815
1077.5967486805748,1019.47815
1082.507473554504,1019.62067
1581.764502403979,1019.90247
1549.026336577784,1020.0997
1401.704590359906,1019.8466
1238.013761228931,1019.60767
1105.4241896328406,1019.53406
1499.9190878384914,1019.47815
1221.6446783158328,1019.47815
1188.9065124896379,1019.47815
1156.168346663443,1019.47815
1156.168346663443,1019.47815
1205.2755954027355,1019.47815
1059.5907574761675,1019.47815
1021.941866776043,1019.47815
1087.418198428433,1019.47815
1059.5907574761675,1019.47815
1107.06109792415,1019.47815
1139.7992637503455,1019.47815
1303.4900928813208,1019.47815
1450.8118390991986,1019.47815
1238.013761228931,1019.47815
1221.6446783158328,1019.5274
1205.2755954027355,1019.6357
1093.9658315936724,1019.70447
1139.7992637503455,1019.60297
1139.7992637503455,1019.47815
1123.430180837248,1019.47815
1188.9065124896379,1019.47815
1139.7992637503455,1019.47815
1107.06109792415,1019.4843
961.376259997582,1019.4909
859.8879459363776,1019.49207
704.3816582619509,1019.47815
817.3283303623238,1019.47815
892.6261117625726,1019.48065
899.1737449278115,1019.4832
776.40562307958,1019.4837
606.1671607833657,1019.47815
778.0425313708897,1019.47815
804.2330640318457,1019.47815
800.9592474492263,1019.47815
925.3642775887678,1019.47815
724.0245577576678,1019.5333
800.9592474492263,1019.5933
812.4176054883945,1019.60297
650.363684648729,1019.47815
802.5961557405361,1019.47815
800.9592474492263,1019.47815
758.3996318751728,1019.47815
800.9592474492263,1019.47815
712.5661997184995,1019.47815
730.5721909229069,1019.47815
652.0005929400387,1019.47815
688.0125753488534,1019.47815
681.4649421836142,1019.47815
681.4649421836142,1019.47815
699.4709333880214,1019.47815
458.8454145654877,1019.47815
874.6201205581651,1019.47815
884.4415703060238,1019.47815
1156.168346663443,1019.47815
1089.055106719743,1019.47815
954.8286268323433,1019.47815
1075.9598403892649,1019.47815
1054.680032602238,1019.47815
887.7153868886431,1019.47815
1039.9478579804504,1019.47815
1059.5907574761675,1019.47815
1630.8717511432712,1019.8728
1614.5026682301739,1020.5021
1352.5973416206132,1020.7589
1254.3828441420283,1019.8204
1156.168346663443,1019.55853
1156.168346663443,1019.6495
1049.7693077283088,1019.6647
1139.7992637503455,1019.47815
1061.2276657674772,1019.47815
1056.316940893548,1019.47815
1123.430180837248,1019.47815
1062.864574058787,1019.47815
971.1977097454408,1019.47815
1023.5787750673529,1019.48065
938.4595439192458,1019.4832
925.3642775887678,1019.5466
913.9059195495993,1019.6105
732.2090992142166,1019.6217
1287.1210099682232,1019.48065
1172.5374295765405,1019.4832
1418.0736732730036,1019.4837
1303.4900928813208,1019.47815
1188.9065124896379,1019.47815
1062.864574058787,1019.47815
1270.7519270551259,1019.47815
1071.0491155153356,1019.47815
1221.6446783158328,1019.47815
1205.2755954027355,1019.47815
1221.6446783158328,1019.47815
1238.013761228931,1019.47815
907.3582863843603,1019.47815
1221.6446783158328,1019.47815
1254.3828441420283,1019.47815
907.3582863843603,1019.4868
1581.764502403979,1019.5023
1499.9190878384914,1019.76886
1401.704590359906,1020.186
1254.3828441420283,1020.3751
1188.9065124896379,1019.77747
1103.7872813415306,1019.47815
1254.3828441420283,1019.5028
1270.7519270551259,1019.5295
1188.9065124896379,1019.53406
1254.3828441420283,1019.5028
1107.06109792415,1019.58453
1205.2755954027355,1019.6492
843.5188630232799,1019.60297
866.4355791016164,1019.47815
938.4595439192458,1019.47815
961.376259997582,1019.47815
987.5667926585382,1019.47815
830.4235966928018,1019.47815
890.9892034712626,1019.47815
1270.7519270551259,1019.47815
1097.239648176292,1019.47815
1467.1809220122962,1019.9273
1123.430180837248,1020.6577
1053.0431243109283,1020.96857
899.1737449278115,1019.89813
953.1917185410333,1019.47815
989.203700949848,1019.47815
1044.8585828543796,1019.47815
1085.7812901371235,1019.47815
1085.7812901371235,1019.47815
1069.4122072240261,1019.47815
985.9298843672285,1019.47815
882.8046620147139,1019.47815
851.7034044798288,1019.47815
1010.4835087368747,1019.47815
913.9059195495993,1019.47815
946.6440853757945,1019.47815
913.9059195495993,1019.47815
899.1737449278115,1019.47815
907.3582863843603,1019.47815
861.5248542276871,1019.47815
890.9892034712626,1019.47815
931.9119107540066,1019.47815
874.6201205581651,1019.47815
843.5188630232799,1019.5238
874.6201205581651,1019.58154
1287.1210099682232,1019.5993
1679.978999882564,1019.59766
1450.8118390991986,1019.92236
1043.2216745630699,1020.23016
1002.298967280326,1020.0601
1123.430180837248,1019.50616
971.1977097454408,1019.47815
1039.9478579804504,1019.47815
1003.9358755716358,1019.47815
1074.3229320979551,1019.47815
882.8046620147139,1019.47815
979.3822512019894,1019.47815
1156.168346663443,1019.4905
1843.6698290135394,1019.81866
1188.9065124896379,1020.32214
1188.9065124896379,1020.51013
1139.7992637503455,1019.7768
1221.6446783158328,1019.49207
1059.5907574761675,1019.47815
969.5608014541308,1019.47815
1038.3109496891407,1019.60754
1123.430180837248,1019.868
1188.9065124896379,1020.0215
1270.7519270551259,1019.7372
1270.7519270551259,1019.47815
1696.3480827956614,1019.47815
1647.240834056369,1019.47815
1630.8717511432712,1019.47815
1598.1335853170763,1019.47815
1598.1335853170763,1019.47815
1581.764502403979,1019.47815
1581.764502403979,1019.47815
1630.8717511432712,1019.47815
1319.8591757944182,1019.47815
1385.3355074468086,1019.47815
1123.430180837248,1019.47815
1043.2216745630699,1019.47815
1287.1210099682232,1019.47815
1549.026336577784,1019.49664
1663.6099169694664,1019.6055
1729.0862486218566,1019.78186
1516.288170751589,1019.90845
1499.9190878384914,1019.7946
1287.1210099682232,1019.6432
1516.288170751589,1019.47815
1336.2282587075158,1019.47815
1336.2282587075158,1019.47815
1172.5374295765405,1019.47815
1221.6446783158328,1019.47815
1139.7992637503455,1019.47815
1172.5374295765405,1019.47815
1205.2755954027355,1019.52985
1385.3355074468086,1019.643
1368.9664245337108,1019.71466
1434.4427561861012,1019.6082
1418.0736732730036,1019.47815
1450.8118390991986,1019.5322
1401.704590359906,1019.5909
1385.3355074468086,1019.6002
1095.602739884982,1019.47815
1303.4900928813208,1019.47815
1270.7519270551259,1019.47815
1123.430180837248,1019.47815
1123.430180837248,1019.47815
1123.430180837248,1019.47815
1172.5374295765405,1019.47815
1205.2755954027355,1019.47815
1336.2282587075158,1019.4843
1172.5374295765405,1019.4909
1303.4900928813208,1019.49207
1549.026336577784,1019.5274
1352.5973416206132,1019.7693
1270.7519270551259,1020.00336
1107.06109792415,1019.933
1238.013761228931,1019.47815
1516.288170751589,1019.47815
1483.5500049253935,1019.47815
1467.1809220122962,1019.5694
1467.1809220122962,1019.6738
1139.7992637503455,1019.7345
1172.5374295765405,1019.5679
1205.2755954027355,1019.576
1336.2282587075158,1019.47815
1270.7519270551259,1019.47815
1238.013761228931,1019.47815
1238.013761228931,1019.47815
1238.013761228931,1019.47815
1139.7992637503455,1019.47815
1238.013761228931,1019.493
1385.3355074468086,1019.552
1087.418198428433,1019.6014
1018.6680501934235,1019.576
881.1677537234043,1019.47815
868.0724873929263,1019.47815
833.6974132754215,1019.47815
828.7866884014921,1019.47815
1221.6446783158328,1019.47815
936.8226356279358,1019.47815
954.8286268323433,1019.47815
941.7333605018653,1019.47815
751.8519987099336,1019.47815
670.0065841444459,1019.47815
750.215090418624,1019.47815
994.1144258237772,1019.47815
1023.5787750673529,1019.47815
928.638094171387,1019.4868
800.9592474492263,1019.49615
707.6554748445702,1019.52234
1368.9664245337108,1019.575
1188.9065124896379,1019.62885
1303.4900928813208,1019.58136
1434.4427561861012,1019.4794
1172.5374295765405,1019.4807
1156.168346663443,1019.4809
1139.7992637503455,1019.47815
1123.430180837248,1019.47815
1221.6446783158328,1019.47815
1205.2755954027355,1019.47815
1205.2755954027355,1019.47815
935.1857273366261,1019.47815
1303.4900928813208,1019.47815
899.1737449278115,1019.47815
982.6560677846091,1019.47815
1098.8765564676016,1019.47815
1057.9538491848575,1019.47815
1107.06109792415,1019.47815
1077.5967486805748,1019.47815
1031.7633165239017,1019.47815
1105.4241896328406,1019.47815
1188.9065124896379,1019.47815
1139.7992637503455,1019.47815
1057.9538491848575,1019.47815
853.3403127711384,1019.47815
1028.4894999412822,1019.47815
1123.430180837248,1019.47815
1061.2276657674772,1019.47815
1499.9190878384914,1019.47815
1516.288170751589,1019.47815
1467.1809220122962,1019.47815
1303.4900928813208,1019.47815
1385.3355074468086,1019.47815
1254.3828441420283,1019.47815
1319.8591757944182,1019.47815
1270.7519270551259,1019.47815
1238.013761228931,1019.47815
1079.2336569718843,1019.47815
1139.7992637503455,1019.47815
1188.9065124896379,1019.47815
1238.013761228931,1019.47815
1287.1210099682232,1019.5552
1336.2282587075158,1019.64215
1139.7992637503455,1019.6567
1205.2755954027355,1019.47815
943.3702687931748,1019.47815
874.6201205581651,1019.47815
992.4775175324675,1019.47815
1008.8466004455652,1019.47815
1172.5374295765405,1019.47815
1205.2755954027355,1019.47815
1221.6446783158328,1019.702
990.840609241158,1019.97046
1156.168346663443,1020.0308
1025.2156833586625,1019.50385
1033.4002248152115,1019.553
1630.8717511432712,1019.5878
1614.5026682301739,1019.6097
1614.5026682301739,1019.50616
1663.6099169694664,1019.47815
1778.1934973611494,1019.47815
1679.978999882564,1019.47815
1810.9316631873444,1019.47815
2023.7297410576125,1019.47815
2563.9094771898313,1019.6152
3104.08921332205,1020.0143
2121.9442385361976,1020.8244
1925.5152435790271,1021.1867
1925.5152435790271,1020.7383
1761.8244144480518,1019.47815
2203.7896531016854,1019.47815
1876.4079948397343,1019.47815
1974.6224923183197,1019.541
1745.455331534954,1019.8605
1794.5625802742468,1020.1795
1614.5026682301739,1020.09827
1810.9316631873444,1019.534
1778.1934973611494,1019.5653
1745.455331534954,1019.5732
1630.8717511432712,1019.47815
1679.978999882564,1019.47815
1614.5026682301739,1019.47815
1696.3480827956614,1019.509
1876.4079948397343,1019.54224
663.4589509792071,1019.6903
663.4589509792071,1020.14984
684.7387587662339,1020.1514
810.7806971970849,1019.3405
810.7806971970849,1019.3532
833.6974132754215,1019.3625
768.2210816230313,1019.37024
768.2210816230313,1019.37354
748.5781821273141,1019.3862
748.5781821273141,1019.3927
748.5781821273141,1019.37634
748.5781821273141,1019.3647
748.5781821273141,1019.39307
789.500889410058,1019.40674
833.6974132754215,1019.4058
833.6974132754215,1019.4364
856.6141293537579,1019.455
810.7806971970849,1019.4457
810.7806971970849,1019.4207
810.7806971970849,1019.4125
768.2210816230313,1019.4056
768.2210816230313,1019.4194
768.2210816230313,1019.4452
768.2210816230313,1019.46674
768.2210816230313,1019.4757
727.2983743402873,1019.4793
727.2983743402873,1019.4813
727.2983743402873,1019.4835
768.2210816230313,1019.4819
863.1617625189969,1019.4872
845.1557713145896,1019.4779
807.5068806144654,1019.38916
789.500889410058,1019.2865
773.1318064969603,1019.3369
773.1318064969603,1019.489
773.1318064969603,1019.5092
755.1258152925533,1019.4813
720.7507411750486,1019.42206
704.3816582619509,1019.3315
688.0125753488534,1019.30884
688.0125753488534,1019.26953
670.0065841444459,1019.32056
688.0125753488534,1019.51917
688.0125753488534,1019.6249
653.6375012313484,1019.5914
653.6375012313484,1019.56415
619.2624271138437,1019.5939
619.2624271138437,1019.6147
619.2624271138437,1019.6687
653.6375012313484,1019.7105
619.2624271138437,1019.745
602.8933442007462,1019.7472
588.1611695789583,1019.74036
602.8933442007462,1019.7575
602.8933442007462,1019.75836
571.7920866658608,1019.6905
555.4230037527631,1019.6218
1532.6572536646863,1019.57104
1532.6572536646863,1019.4369
1499.9190878384914,1019.1944
1401.704590359906,1019.00977
1401.704590359906,1019.0434
1418.0736732730036,1018.9525
1368.9664245337108,1018.94775
1319.8591757944182,1018.9202
1303.4900928813208,1018.94745
1303.4900928813208,1019.01624
1270.7519270551259,1019.1389
1270.7519270551259,1019.1992
1270.7519270551259,1019.25366
1254.3828441420283,1019.2679
1221.6446783158328,1019.2462
1188.9065124896379,1019.27625
1188.9065124896379,1019.33905
1270.7519270551259,1019.31256
1188.9065124896379,1019.2252
1156.168346663443,1019.1626
1139.7992637503455,1019.28406
1139.7992637503455,1019.3615
1107.06109792415,1019.36475
1092.3289233023625,1019.3463
1072.6860238066456,1019.33655
1053.0431243109283,1019.3873
1053.0431243109283,1019.44055
1053.0431243109283,1019.4832
899.1737449278115,1019.5175
881.1677537234043,1019.4807
863.1617625189969,1019.3309
825.5128718188724,1019.1469
807.5068806144654,1019.1422
789.500889410058,1019.14355
789.500889410058,1019.098
789.500889410058,1019.0517
755.1258152925533,1019.0724
755.1258152925533,1019.1397
720.7507411750486,1019.2082
704.3816582619509,1019.25055
704.3816582619509,1019.2967
704.3816582619509,1019.3251
704.3816582619509,1019.3445
688.0125753488534,1019.3507
653.6375012313484,1019.3693
619.2624271138437,1019.37915
619.2624271138437,1019.39966
619.2624271138437,1019.42065
588.1611695789583,1019.45905
588.1611695789583,1019.481
602.8933442007462,1019.51373
619.2624271138437,1019.4841
619.2624271138437,1019.41473
653.6375012313484,1019.339
619.2624271138437,1019.3637
619.2624271138437,1019.40924
692.9233002227826,1019.46234
712.5661997184995,1019.4827
692.9233002227826,1019.37384
673.2804007270654,1019.17267
652.0005929400387,1019.20917
612.7147939486046,1019.2967
593.0718944528875,1019.3299
593.0718944528875,1019.3591
593.0718944528875,1019.38116
612.7147939486046,1019.4112
612.7147939486046,1019.4428
593.0718944528875,1019.4469
593.0718944528875,1019.4127
552.1491871701436,1019.3712
532.5062876744269,1019.37305
532.5062876744269,1019.4115
512.8633881787097,1019.45355
512.8633881787097,1019.53937
494.8573969743024,1019.6322
512.8633881787097,1019.6098
593.0718944528875,1019.5858
593.0718944528875,1019.616
512.8633881787097,1019.5632
494.8573969743024,1019.4841
476.85140576989494,1019.41284
458.8454145654877,1019.3439
440.8394233610805,1019.39056
440.8394233610805,1019.4665
440.8394233610805,1019.50903
979.3822512019894,1019.5927
979.3822512019894,1019.5758
990.840609241158,1019.3714
954.8286268323433,1019.11957
979.3822512019894,1019.1875
979.3822512019894,1019.28406
979.3822512019894,1019.349
954.8286268323433,1019.3407
954.8286268323433,1019.33655
908.9951946756701,1019.3873
918.8166444235286,1019.4346
897.5368366365018,1019.41833
886.0784785973336,1019.3419
886.0784785973336,1019.30817
864.7986708103068,1019.4167
843.5188630232799,1019.445
886.0784785973336,1019.3715
886.0784785973336,1019.33356
876.2570288494751,1019.30304
864.7986708103068,1019.3114
876.2570288494751,1019.3903
886.0784785973336,1019.484
864.7986708103068,1019.5384
843.5188630232799,1019.51117
954.8286268323433,1019.5157
943.3702687931748,1019.5477
886.0784785973336,1019.6278
886.0784785973336,1019.71735
6840.0,1019.7493
6840.0,1019.6898
6840.0,1019.448
6840.0,1019.1694
6840.0,1019.1597
6840.0,1019.146
6840.0,1019.10785
6840.0,1019.0872
6840.0,1019.1373
6840.0,1019.1894
6840.0,1019.2082
1532.6572536646863,1019.25055
1385.3355074468086,1019.2967
1303.4900928813208,1019.3542
1319.8591757944182,1019.4417
1401.704590359906,1019.48956
1319.8591757944182,1019.41473
1254.3828441420283,1019.339
1221.6446783158328,1019.3637
1221.6446783158328,1019.3901
1188.9065124896379,1019.34015
1188.9065124896379,1019.28906
1172.5374295765405,1019.3394
1123.430180837248,1019.4917
1072.6860238066456,1019.4763
1018.6680501934235,1019.4024
1003.9358755716358,1019.338
994.1144258237772,1019.3424
1434.4427561861012,1019.3739
1483.5500049253935,1019.4092
1532.6572536646863,1019.392
1499.9190878384914,1019.2512
1499.9190878384914,1019.2781
1499.9190878384914,1019.2986
1483.5500049253935,1019.32983
1467.1809220122962,1019.349
1467.1809220122962,1019.3102
1467.1809220122962,1019.2352
1483.5500049253935,1019.1289
1434.4427561861012,1019.11237
1434.4427561861012,1019.0755
1434.4427561861012,1019.1291
1434.4427561861012,1019.23987
1434.4427561861012,1019.37915
1434.4427561861012,1019.39484
1467.1809220122962,1019.4112
1467.1809220122962,1019.44086
1418.0736732730036,1019.46155
1385.3355074468086,1019.4837
1336.2282587075158,1019.51373
1319.8591757944182,1019.50323
1319.8591757944182,1019.46106
1287.1210099682232,1019.3892
1270.7519270551259,1019.3582
1270.7519270551259,1019.40924
1270.7519270551259,1019.46234
1051.4062160196186,1019.5574
1051.4062160196186,1019.6125
1075.9598403892649,1019.5445
1051.4062160196186,1019.45654
1026.8525916499723,1019.4545
1075.9598403892649,1019.4575
1100.5134647589111,1019.46985
1123.430180837248,1019.483
1100.5134647589111,1019.4685
1075.9598403892649,1019.4709
1075.9598403892649,1019.4989
1051.4062160196186,1019.50653
1051.4062160196186,1019.4432
1002.298967280326,1019.372
1026.8525916499723,1019.3637
1002.298967280326,1019.3901
1002.298967280326,1019.38824
979.3822512019894,1019.4085
979.3822512019894,1019.4592
930.275002462697,1019.404
930.275002462697,1019.318
954.8286268323433,1019.27625
1002.298967280326,1019.314
1002.298967280326,1019.28265
1051.4062160196186,1019.28455
1026.8525916499723,1019.3892
954.8286268323433,1019.4713
930.275002462697,1019.4627
954.8286268323433,1019.47833
648.7267763574192,1019.3944
648.7267763574192,1019.334
615.9886105312243,1019.331
599.6195276181265,1019.27985
581.6135364137193,1019.18866
581.6135364137193,1019.1847
565.2444535006218,1019.2229
498.1312135569217,1019.24805
481.7621306438242,1019.276
467.02995602203646,1019.2877
467.02995602203646,1019.33185
452.2977814002487,1019.4024
421.1965238653635,1019.453
406.4643492435757,1019.4937
406.4643492435757,1019.52014
391.73217462178775,1019.5
377.0,1019.3933
377.0,1019.2419
391.73217462178775,1019.1742
498.1312135569217,1019.19836
498.1312135569217,1019.2332
452.2977814002487,1019.3107
437.56560677846096,1019.3554
421.1965238653635,1019.33923
406.4643492435757,1019.3375
421.1965238653635,1019.401
406.4643492435757,1019.4739
421.1965238653635,1019.5282
971.1977097454408,1019.62933
945.0071770844845,1019.7288
918.8166444235286,1019.6673
864.7986708103068,1019.5645
971.1977097454408,1019.50336
918.8166444235286,1019.52057
890.9892034712626,1019.4713
864.7986708103068,1019.3662
838.6081381493505,1019.3015
838.6081381493505,1019.32916
812.4176054883945,1019.3479
812.4176054883945,1019.3647
760.0365401664824,1019.454
737.1198240881461,1019.50305
712.5661997184995,1019.47974
689.6494836401631,1019.3584
665.0958592705167,1019.26166
665.0958592705167,1019.3427
689.6494836401631,1019.3682
689.6494836401631,1019.347
665.0958592705167,1019.2545
665.0958592705167,1019.1424
665.0958592705167,1019.2445
689.6494836401631,1019.268
689.6494836401631,1019.27783
665.0958592705167,1019.2622
737.1198240881461,1019.2362
760.0365401664824,1019.2632
971.1977097454408,1019.2717
945.0071770844845,1019.2906
918.8166444235286,1019.34106
864.7986708103068,1019.3721
971.1977097454408,1019.2664
918.8166444235286,1019.14886
890.9892034712626,1019.1619
864.7986708103068,1019.2589
838.6081381493505,1019.4112
838.6081381493505,1019.4439
812.4176054883945,1019.47504
812.4176054883945,1019.5952
760.0365401664824,1019.6265
737.1198240881461,1019.52466
712.5661997184995,1019.4945
689.6494836401631,1019.4739
665.0958592705167,1019.49854
665.0958592705167,1019.5425
689.6494836401631,1019.58203
689.6494836401631,1019.52997
665.0958592705167,1019.44073
665.0958592705167,1019.5258
665.0958592705167,1019.713
689.6494836401631,1019.81885
689.6494836401631,1019.8651
665.0958592705167,1019.826
737.1198240881461,1019.68805
945.0071770844845,1019.57587
1401.704590359906,1019.3467
1434.4427561861012,1019.0871
1368.9664245337108,1019.1839
1336.2282587075158,1019.27386
1270.7519270551259,1019.31885
1336.2282587075158,1019.158
1303.4900928813208,1019.1921
1532.6572536646863,1019.3254
1565.3954194908813,1019.29266
1434.4427561861012,1019.20935
1205.2755954027355,1019.1909
1270.7519270551259,1019.2417
1205.2755954027355,1019.32434
1139.7992637503455,1019.3463
1205.2755954027355,1019.3439
1172.5374295765405,1019.4136
1139.7992637503455,1019.3977
1139.7992637503455,1019.35474
1074.3229320979551,1019.3382
1041.5847662717601,1019.29285
1008.8466004455652,1019.34406
1008.8466004455652,1019.3721
1008.8466004455652,1019.3052
976.10843461937,1019.2457
976.10843461937,1019.23785
943.3702687931748,1019.2445
943.3702687931748,1019.1567
943.3702687931748,1019.2385
1008.8466004455652,1019.48224
845.1557713145896,1019.5517
812.4176054883945,1019.4697
779.6794396621995,1019.43304
755.1258152925533,1019.4115
755.1258152925533,1019.45233
755.1258152925533,1019.4063
730.5721909229069,1019.44403
706.0185665532606,1019.60535
681.4649421836142,1019.75916
877.8939371407848,1019.63654
1008.8466004455652,1019.4297
812.4176054883945,1019.51636
755.1258152925533,1019.6143
812.4176054883945,1019.5605
910.6321029669798,1019.6077
910.6321029669798,1019.697
845.1557713145896,1019.75604
845.1557713145896,1019.73346
730.5721909229069,1019.56635
706.0185665532606,1019.48914
681.4649421836142,1019.3709
656.9113178139679,1019.3045
607.8040690746752,1019.2071
583.250444705029,1019.161
558.6968203353828,1019.19366
583.250444705029,1019.25507
632.3576934443217,1019.28754
632.3576934443217,1019.31256
971.1977097454408,1019.32153
918.8166444235286,1019.3059
890.9892034712626,1019.2144
864.7986708103068,1019.171
838.6081381493505,1019.15424
838.6081381493505,1019.26056
786.2270728274386,1019.2204
760.0365401664824,1019.25653
890.9892034712626,1019.36334
1319.8591757944182,1019.4293
1287.1210099682232,1019.34717
1139.7992637503455,1019.20624
1023.5787750673529,1019.32166
864.7986708103068,1019.35516
812.4176054883945,1019.2544
812.4176054883945,1019.25287
786.2270728274386,1019.3572
760.0365401664824,1019.3257
737.1198240881461,1019.3579
712.5661997184995,1019.3693
689.6494836401631,1019.382
689.6494836401631,1019.47565
864.7986708103068,1019.6155
760.0365401664824,1019.53687
760.0365401664824,1019.3805
712.5661997184995,1019.355
665.0958592705167,1019.47015
642.17914319218,1019.4654
812.4176054883945,1019.47906
812.4176054883945,1019.4217
812.4176054883945,1019.3952
779.6794396621995,1019.3878
755.1258152925533,1019.3462
779.6794396621995,1019.3691
779.6794396621995,1019.29724
755.1258152925533,1019.2653
730.5721909229069,1019.33215
779.6794396621995,1019.482
779.6794396621995,1019.52136
779.6794396621995,1019.3749
779.6794396621995,1019.28235
755.1258152925533,1019.30725
755.1258152925533,1019.3627
845.1557713145896,1019.4532
976.10843461937,1019.428
845.1557713145896,1019.3034
812.4176054883945,1019.2454
755.1258152925533,1019.28424
730.5721909229069,1019.22217
681.4649421836142,1019.1162
755.1258152925533,1019.1261
1041.5847662717601,1019.1694
1041.5847662717601,1019.1714
812.4176054883945,1019.11536
706.0185665532606,1019.1145
730.5721909229069,1019.2701
999.0251506977066,1019.3375
961.376259997582,1019.27606
961.376259997582,1019.2967
925.3642775887678,1019.3919
889.3522951799531,1019.42236
864.7986708103068,1019.44586
830.4235966928018,1019.5313
805.8699723231555,1019.50604
805.8699723231555,1019.4448
1254.3828441420283,1019.36523
1909.1461606659298,1019.1687
2645.7548917553186,1019.031
1892.7770777528317,1019.0669
1549.026336577784,1019.09784
1368.9664245337108,1019.1974
1319.8591757944182,1019.349
1238.013761228931,1019.39154
1156.168346663443,1019.3458
1087.418198428433,1019.3239
1100.5134647589111,1019.45703
1075.9598403892649,1019.4501
1025.2156833586625,1019.3082
974.4715263280602,1019.17206
961.376259997582,1019.2236
925.3642775887678,1019.31006
1238.013761228931,1019.3969
1238.013761228931,1019.42017
1909.1461606659298,1019.3492
1450.8118390991986,1019.3043
936.8226356279358,1019.24536
913.9059195495993,1019.3277
900.8106532191214,1019.3376
889.3522951799531,1019.3405
925.3642775887678,1019.3532
889.3522951799531,1019.3625
864.7986708103068,1019.37024
841.8819547319702,1019.37354
830.4235966928018,1019.3862
805.8699723231555,1019.3927
794.4116142839874,1019.37634
769.857989914341,1019.3647
746.9412738360045,1019.39307
724.0245577576678,1019.3994
724.0245577576678,1019.3894
724.0245577576678,1019.4204
678.1911256009947,1019.4608
656.9113178139679,1019.4457
614.3517022399144,1019.4207
593.0718944528875,1019.4125
593.0718944528875,1019.4056
602.8933442007462,1019.4194
602.8933442007462,1019.4452
656.9113178139679,1019.46674
635.6315100269412,1019.47455
645.4529597747996,1019.45667
666.7327675618264,1019.382
656.9113178139679,1019.2888
1254.3828441420283,1019.2544
1238.013761228931,1019.31665
1287.1210099682232,1019.3641
1303.4900928813208,1019.42505
1270.7519270551259,1019.3614
1221.6446783158328,1019.2599
1205.2755954027355,1019.2364
1205.2755954027355,1019.2032
1188.9065124896379,1019.226
1156.168346663443,1019.26056
1139.7992637503455,1019.2885
1139.7992637503455,1019.2985
1139.7992637503455,1019.284
1139.7992637503455,1019.25037
1123.430180837248,1019.2305
1087.418198428433,1019.23755
1064.5014823500967,1019.26373
1041.5847662717601,1019.28656
1053.0431243109283,1019.29785
1139.7992637503455,1019.3093
1075.9598403892649,1019.31665
1041.5847662717601,1019.33484
1018.6680501934235,1019.3559
985.9298843672285,1019.3764
1123.430180837248,1019.3987
1205.2755954027355,1019.435
1064.5014823500967,1019.50323
1123.430180837248,1019.548
1156.168346663443,1019.55707
1139.7992637503455,1019.5289
1139.7992637503455,1019.44037
1123.430180837248,1019.35815
1254.3828441420283,1019.4291
1087.418198428433,1019.4909
1062.864574058787,1019.4683
1049.7693077283088,1019.4882
1038.3109496891407,1019.59485
1038.3109496891407,1019.7027
1012.1204170281846,1019.608
1012.1204170281846,1019.44006
987.5667926585382,1019.4498
974.4715263280602,1019.63556
961.376259997582,1019.7211
936.8226356279358,1019.7818
949.917901958414,1019.82117
936.8226356279358,1019.8548
913.9059195495993,1019.8417
889.3522951799531,1019.8235
900.8106532191214,1019.79016
889.3522951799531,1019.7605
864.7986708103068,1019.71484
913.9059195495993,1019.7032
900.8106532191214,1019.7343
889.3522951799531,1019.75354
877.8939371407848,1019.5233
864.7986708103068,1019.415
987.5667926585382,1019.4109
1033.4002248152115,1019.36365
1021.941866776043,1019.26654
987.5667926585382,1019.1081
964.6500765802017,1019.1085
1021.941866776043,1019.1914
1057.9538491848575,1019.25226
1092.3289233023625,1019.1652
1044.8585828543796,1019.07104
999.0251506977066,1019.1792
964.6500765802017,1019.21924
987.5667926585382,1019.2677
1092.3289233023625,1019.3171
1044.8585828543796,1019.31903
976.10843461937,1019.247
941.7333605018653,1019.2642
920.4535527148383,1019.34283
899.1737449278115,1019.4225
866.4355791016164,1019.4113
854.9772210624482,1019.2441
833.6974132754215,1019.1145
812.4176054883945,1019.09686
812.4176054883945,1019.1261
768.2210816230313,1019.1809
746.9412738360045,1019.25854
746.9412738360045,1019.3488
725.6614660489776,1019.4108
725.6614660489776,1019.3825
746.9412738360045,1019.2856
1095.602739884982,1019.2222
1064.5014823500967,1019.3452
1033.4002248152115,1019.54535
964.6500765802017,1019.7922
941.7333605018653,1019.6673
935.1857273366261,1019.56287
905.7213780930506,1019.45435
905.7213780930506,1019.3465
899.1737449278115,1019.40936
912.2690112582895,1019.5304
935.1857273366261,1019.61755
987.5667926585382,1019.5532
949.917901958414,1019.4982
920.4535527148383,1019.4999
899.1737449278115,1019.5012
899.1737449278115,1019.54236
884.4415703060238,1019.6055
863.1617625189969,1019.615
833.6974132754215,1019.6257
833.6974132754215,1019.56866
812.4176054883945,1019.5073
890.9892034712626,1019.4975
876.2570288494751,1019.4275
854.9772210624482,1019.33655
869.7093956842359,1019.3479
920.4535527148383,1019.5057
920.4535527148383,1019.37805
899.1737449278115,1019.3408
943.3702687931748,1019.3307
890.9892034712626,1019.39667
1033.4002248152115,1019.41235
796.703285891821,1019.3905
884.4415703060238,1019.4767
881.1677537234043,1019.561
1270.7519270551259,1019.54987
1287.1210099682232,1019.53284
1156.168346663443,1019.471
1123.430180837248,1019.428
1095.602739884982,1019.4291
1172.5374295765405,1019.4529
6840.0,1019.4909
6840.0,1019.4266
6840.0,1019.2879
6840.0,1019.34
6840.0,1019.46954
6840.0,1019.545
6840.0,1019.52
6840.0,1019.47107
6840.0,1019.4642
6840.0,1019.50104
6840.0,1019.5099
6840.0,1019.4877
6840.0,1019.5101
6840.0,1019.507
6840.0,1019.3723
6840.0,1019.2867
6840.0,1019.2777
6840.0,1019.2935
6840.0,1019.19885
6840.0,1019.0977
6840.0,1019.2162
6840.0,1019.3405
6840.0,1019.43353
6840.0,1019.4875
6840.0,1019.53455
6840.0,1019.453
6840.0,1019.31665
6840.0,1019.3695
1066.1383906414064,1019.3479
1077.5967486805748,1019.2867
1084.1443818458135,1019.24316
982.6560677846091,1019.2256
963.013168288892,1019.327
882.8046620147139,1019.39624
1123.430180837248,1019.40283
1434.4427561861012,1019.4137
1614.5026682301739,1019.42267
1319.8591757944182,1019.3662
1172.5374295765405,1019.305
1156.168346663443,1019.2987
981.0191594932992,1019.426
827.1497801101824,1019.4455
1139.7992637503455,1019.4217
1238.013761228931,1019.4444
1467.1809220122962,1019.4764
1434.4427561861012,1019.50055
1467.1809220122962,1019.46204
1565.3954194908813,1019.3018
1434.4427561861012,1019.2949
1418.0736732730036,1019.3378
1336.2282587075158,1019.33307
1352.5973416206132,1019.195
1254.3828441420283,1019.1184
1319.8591757944182,1019.25604
1319.8591757944182,1019.43506
1205.2755954027355,1019.4137
1254.3828441420283,1019.5212
1205.2755954027355,1019.52606
1123.430180837248,1019.5279
1352.5973416206132,1019.4843
1303.4900928813208,1019.3639
1061.2276657674772,1019.3795
1188.9065124896379,1019.4739
1172.5374295765405,1019.57355
1238.013761228931,1019.4713
863.1617625189969,1019.38416
1221.6446783158328,1019.3637
1319.8591757944182,1019.4835
1287.1210099682232,1019.5832
1123.430180837248,1019.69037
1319.8591757944182,1019.87964
1450.8118390991986,1019.898
1205.2755954027355,1019.841
1467.1809220122962,1019.7453
1450.8118390991986,1019.6312
1287.1210099682232,1019.3622
1238.013761228931,1019.14655
1188.9065124896379,1019.19525
1098.8765564676016,1019.24567
1532.6572536646863,1019.24036
1483.5500049253935,1019.17633
1368.9664245337108,1019.1739
1418.0736732730036,1019.1242
1139.7992637503455,1019.1605
1254.3828441420283,1019.26135
1013.7573253194942,1019.5057
976.10843461937,1019.57513
1087.418198428433,1019.478
1221.6446783158328,1019.54034
1352.5973416206132,1019.4841
1499.9190878384914,1019.39185
1123.430180837248,1019.28033
1336.2282587075158,1019.34955
1287.1210099682232,1019.3762
1172.5374295765405,1019.4407
1105.4241896328406,1019.53564
1172.5374295765405,1019.5015
1238.013761228931,1019.46014
1188.9065124896379,1019.45917
1172.5374295765405,1019.59406
1156.168346663443,1019.62555
1238.013761228931,1019.62897
1188.9065124896379,1019.676
1270.7519270551259,1019.7474
1238.013761228931,1019.7585
1085.7812901371235,1019.6638
1107.06109792415,1019.59766
1107.06109792415,1019.69684
1107.06109792415,1019.77203
1031.7633165239017,1019.8015
1336.2282587075158,1019.6717
1450.8118390991986,1019.5202
1254.3828441420283,1019.4764
1221.6446783158328,1019.56506
1044.8585828543796,1019.6562
1067.7752989327162,1019.5845
1368.9664245337108,1019.54364
1254.3828441420283,1019.53485
1287.1210099682232,1019.484
1238.013761228931,1019.4684
1287.1210099682232,1019.6535
1221.6446783158328,1019.75604
1221.6446783158328,1019.71954
1238.013761228931,1019.723
1139.7992637503455,1019.82916
1287.1210099682232,1019.84937
1254.3828441420283,1019.7992
1238.013761228931,1019.8795
977.7453429106797,1019.97217
938.4595439192458,1019.965
1188.9065124896379,1019.8643
1053.0431243109283,1019.709
1102.150373050221,1019.6303
1156.168346663443,1019.63684
1434.4427561861012,1019.4677
945.0071770844845,1019.3029
1054.680032602238,1019.2502
1205.2755954027355,1019.2089
1038.3109496891407,1019.19086
945.0071770844845,1019.23755
858.2510376450676,1019.37006
935.1857273366261,1019.39716
3480.5781203232937,1019.2547
2825.8148037993915,1019.0944
2089.2060727100024,1019.22516
1565.3954194908813,1019.20703
1046.4954911456894,1019.161
1188.9065124896379,1019.06305
1336.2282587075158,1018.9808
1172.5374295765405,1019.06976
1172.5374295765405,1019.21875
1254.3828441420283,1019.4268
1072.6860238066456,1019.56555
1000.6620589890163,1019.56396
1156.168346663443,1019.4902
1077.5967486805748,1019.4185
1082.507473554504,1019.2689
1581.764502403979,1019.18274
1549.026336577784,1019.19434
1401.704590359906,1019.10956
1238.013761228931,1019.0154
1105.4241896328406,1019.1892
1499.9190878384914,1019.20435
1221.6446783158328,1019.2829
1188.9065124896379,1019.3219
1156.168346663443,1019.39166
1156.168346663443,1019.4505
1205.2755954027355,1019.4526
1059.5907574761675,1019.4109
1021.941866776043,1019.3639
1087.418198428433,1019.39667
1059.5907574761675,1019.41284
1107.06109792415,1019.3745
1139.7992637503455,1019.3495
1303.4900928813208,1019.4107
1450.8118390991986,1019.4367
1238.013761228931,1019.46436
1221.6446783158328,1019.1727
1205.2755954027355,1019.1369
1093.9658315936724,1019.2717
1139.7992637503455,1019.5405
1139.7992637503455,1019.56006
1123.430180837248,1019.4599
1188.9065124896379,1019.4365
1139.7992637503455,1019.4087
1107.06109792415,1019.4298
961.376259997582,1019.57837
859.8879459363776,1019.7688
704.3816582619509,1019.75934
817.3283303623238,1019.61383
892.6261117625726,1019.6248
899.1737449278115,1019.56506
776.40562307958,1019.53815
606.1671607833657,1019.6327
778.0425313708897,1019.6177
804.2330640318457,1019.6562
800.9592474492263,1019.6992
925.3642775887678,1019.7663
724.0245577576678,1019.7839
800.9592474492263,1019.733
812.4176054883945,1019.7375
650.363684648729,1019.8071
802.5961557405361,1019.8827
800.9592474492263,1019.8513
758.3996318751728,1019.791
800.9592474492263,1019.6933
712.5661997184995,1019.7004
730.5721909229069,1019.6662
652.0005929400387,1019.62915
688.0125753488534,1019.5748
681.4649421836142,1019.5749
681.4649421836142,1019.5343
699.4709333880214,1019.517
458.8454145654877,1019.4975
874.6201205581651,1019.49084
884.4415703060238,1019.4497
1156.168346663443,1019.3805
1089.055106719743,1019.34985
954.8286268323433,1019.31555
1075.9598403892649,1019.3223
1054.680032602238,1019.3495
887.7153868886431,1019.44714
1039.9478579804504,1019.5557
1059.5907574761675,1019.5482
1630.8717511432712,1019.416
1614.5026682301739,1019.23303
1352.5973416206132,1019.2055
1254.3828441420283,1019.2944
1156.168346663443,1019.30206
1156.168346663443,1019.2749
1049.7693077283088,1019.484
1139.7992637503455,1019.4575
1061.2276657674772,1019.44464
1056.316940893548,1019.4407
1123.430180837248,1019.4767
1062.864574058787,1019.5678
971.1977097454408,1019.607
1023.5787750673529,1019.70245
938.4595439192458,1019.6979
925.3642775887678,1019.4915
913.9059195495993,1019.33685
732.2090992142166,1019.5209
1287.1210099682232,1019.5782
1172.5374295765405,1019.5539
1418.0736732730036,1019.50806
1303.4900928813208,1019.5087
1188.9065124896379,1019.6555
1062.864574058787,1019.71216
1270.7519270551259,1019.74036
1071.0491155153356,1019.7267
1221.6446783158328,1019.7595
1205.2755954027355,1019.77216
1221.6446783158328,1019.7339
1238.013761228931,1019.70264
907.3582863843603,1019.7013
1221.6446783158328,1019.71484
1254.3828441420283,1019.68866
907.3582863843603,1019.60785
1581.764502403979,1019.4795
1499.9190878384914,1019.31104
1401.704590359906,1019.12726
1254.3828441420283,1019.11975
1188.9065124896379,1019.208
1103.7872813415306,1019.26306
1254.3828441420283,1019.3674
1270.7519270551259,1019.3942
1188.9065124896379,1019.41534
1254.3828441420283,1019.47034
1107.06109792415,1019.44574
1205.2755954027355,1019.32355
843.5188630232799,1019.22437
866.4355791016164,1019.263
938.4595439192458,1019.3039
961.376259997582,1019.3221
987.5667926585382,1019.31256
830.4235966928018,1019.3666
890.9892034712626,1019.3851
1270.7519270551259,1019.48883
1097.239648176292,1019.583
1467.1809220122962,1019.6069
1123.430180837248,1019.4764
1053.0431243109283,1019.2969
899.1737449278115,1019.25684
953.1917185410333,1019.24866
989.203700949848,1019.22284
1044.8585828543796,1019.2767
1085.7812901371235,1019.32434
1085.7812901371235,1019.36804
1069.4122072240261,1019.35156
985.9298843672285,1019.3463
882.8046620147139,1019.40265
851.7034044798288,1019.4939
1010.4835087368747,1019.547
913.9059195495993,1019.4973
946.6440853757945,1019.47186
913.9059195495993,1019.6082
899.1737449278115,1019.67847
907.3582863843603,1019.6562
861.5248542276871,1019.69653
890.9892034712626,1019.74805
931.9119107540066,1019.576
874.6201205581651,1019.39935
843.5188630232799,1019.3237
874.6201205581651,1019.27985
1287.1210099682232,1019.31287
1679.978999882564,1019.31525
1450.8118390991986,1019.28955
1043.2216745630699,1019.25574
1002.298967280326,1019.27637
1123.430180837248,1019.2883
971.1977097454408,1019.2432
1039.9478579804504,1019.3329
1003.9358755716358,1019.4812
1074.3229320979551,1019.4862
882.8046620147139,1019.4184
979.3822512019894,1019.44714
1156.168346663443,1019.39
1843.6698290135394,1019.14343
1188.9065124896379,1019.0554
1188.9065124896379,1019.0774
1139.7992637503455,1019.1809
1221.6446783158328,1019.2256
1059.5907574761675,1019.3622
969.5608014541308,1019.4495
1038.3109496891407,1019.4327
1123.430180837248,1019.374
1188.9065124896379,1019.442
1270.7519270551259,1019.6533
1270.7519270551259,1019.69116
1696.3480827956614,1019.59503
1647.240834056369,1019.5184
1630.8717511432712,1019.59705
1598.1335853170763,1019.6438
1598.1335853170763,1019.6139
1581.764502403979,1019.5129
1581.764502403979,1019.45654
1630.8717511432712,1019.4745
1319.8591757944182,1019.4319
1385.3355074468086,1019.439
1123.430180837248,1019.4525
1043.2216745630699,1019.39307
1287.1210099682232,1019.3277
1549.026336577784,1019.4115
1663.6099169694664,1019.4794
1729.0862486218566,1019.4216
1516.288170751589,1019.2675
1499.9190878384914,1019.14374
1287.1210099682232,1019.26807
1516.288170751589,1019.4037
1336.2282587075158,1019.50287
1336.2282587075158,1019.53033
1172.5374295765405,1019.38824
1221.6446783158328,1019.3477
1139.7992637503455,1019.6174
1172.5374295765405,1019.64685
1205.2755954027355,1019.5092
1385.3355074468086,1019.351
1368.9664245337108,1019.3276
1434.4427561861012,1019.39966
1418.0736732730036,1019.4004
1450.8118390991986,1019.3474
1401.704590359906,1019.3547
1385.3355074468086,1019.534
1095.602739884982,1019.54755
1303.4900928813208,1019.4866
1270.7519270551259,1019.3613
1123.430180837248,1019.33234
1123.430180837248,1019.4347
1123.430180837248,1019.3999
1172.5374295765405,1019.40955
1205.2755954027355,1019.4868
1336.2282587075158,1019.53485
1172.5374295765405,1019.55096
1303.4900928813208,1019.58563
1549.026336577784,1019.5202
1352.5973416206132,1019.398
1270.7519270551259,1019.37054
1107.06109792415,1019.53973
1238.013761228931,1019.70197
1516.288170751589,1019.83997
1483.5500049253935,1019.9103
1467.1809220122962,1019.8858
1467.1809220122962,1019.78314
1139.7992637503455,1019.6098
1172.5374295765405,1019.482
1205.2755954027355,1019.41656
1336.2282587075158,1019.3622
1270.7519270551259,1019.39923
1238.013761228931,1019.50574
1238.013761228931,1019.6617
1238.013761228931,1019.7789
1139.7992637503455,1019.7944
1238.013761228931,1019.6274
1385.3355074468086,1019.47473
1087.418198428433,1019.39374
1018.6680501934235,1019.4215
881.1677537234043,1019.4412
868.0724873929263,1019.44824
833.6974132754215,1019.49036
828.7866884014921,1019.5437
1221.6446783158328,1019.5853
936.8226356279358,1019.6615
954.8286268323433,1019.7297
941.7333605018653,1019.8102
751.8519987099336,1019.8227
670.0065841444459,1019.7412
750.215090418624,1019.70245
994.1144258237772,1019.7653
1023.5787750673529,1019.6843
928.638094171387,1019.6128
800.9592474492263,1019.6299
707.6554748445702,1019.5862
1368.9664245337108,1019.4924
1188.9065124896379,1019.47516
1303.4900928813208,1019.44403
1434.4427561861012,1019.4083
1172.5374295765405,1019.4645
1156.168346663443,1019.56915
1139.7992637503455,1019.7213
1123.430180837248,1019.67285
1221.6446783158328,1019.57416
1205.2755954027355,1019.5544
1205.2755954027355,1019.61304
935.1857273366261,1019.57635
1303.4900928813208,1019.55963
899.1737449278115,1019.56354
982.6560677846091,1019.5565
1098.8765564676016,1019.58856
1057.9538491848575,1019.6738
1107.06109792415,1019.70703
1077.5967486805748,1019.6092
1031.7633165239017,1019.6032
1105.4241896328406,1019.5927
1188.9065124896379,1019.6059
1139.7992637503455,1019.52606
1057.9538491848575,1019.52
853.3403127711384,1019.50885
1028.4894999412822,1019.54834
1123.430180837248,1019.58887
1061.2276657674772,1019.5787
1499.9190878384914,1019.4869
1516.288170751589,1019.4088
1467.1809220122962,1019.3878
1303.4900928813208,1019.33716
1385.3355074468086,1019.3515
1254.3828441420283,1019.3657
1319.8591757944182,1019.3799
1270.7519270551259,1019.3874
1238.013761228931,1019.39667
1079.2336569718843,1019.3977
1139.7992637503455,1019.3769
1188.9065124896379,1019.36206
1238.013761228931,1019.39056
1287.1210099682232,1019.412
1336.2282587075158,1019.41986
1139.7992637503455,1019.449
1205.2755954027355,1019.4635
943.3702687931748,1019.4469
874.6201205581651,1019.4209
992.4775175324675,1019.4122
1008.8466004455652,1019.4085
1172.5374295765405,1019.4216
1205.2755954027355,1019.44073
1221.6446783158328,1019.4599
990.840609241158,1019.46735
1156.168346663443,1019.4759
1025.2156833586625,1019.47687
1033.4002248152115,1019.4739
1630.8717511432712,1019.46735
1614.5026682301739,1019.4164
1614.5026682301739,1018.3488
1663.6099169694664,1016.7574
1778.1934973611494,1016.19165
1679.978999882564,1019.45184
1810.9316631873444,1019.5332
2023.7297410576125,1019.5595
2563.9094771898313,1019.45337
3104.08921332205,1019.30975
2121.9442385361976,1019.1795
1925.5152435790271,1019.0507
1925.5152435790271,1018.9996
1761.8244144480518,1019.23236
2203.7896531016854,1019.46234
1876.4079948397343,1019.53754
1974.6224923183197,1019.4758
1745.455331534954,1019.26825
1794.5625802742468,1019.1971
1614.5026682301739,1019.203
1810.9316631873444,1019.3066
1778.1934973611494,1019.2965
1745.455331534954,1019.3171
1630.8717511432712,1019.4217
1679.978999882564,1019.4582
1614.5026682301739,1019.46814
1696.3480827956614,1019.40186
1876.4079948397343,1019.2457
663.4589509792071,1019.0331
663.4589509792071,1021.067
684.7387587662339,1024.3069
810.7806971970849,1027.4517
810.7806971970849,1027.4357
833.6974132754215,1027.412
768.2210816230313,1027.4242
768.2210816230313,1027.4525
748.5781821273141,1027.4845
748.5781821273141,1027.5051
748.5781821273141,1027.5001
748.5781821273141,1027.4777
748.5781821273141,1027.4539
789.500889410058,1027.4478
833.6974132754215,1027.4597
833.6974132754215,1027.472
856.6141293537579,1027.4935
810.7806971970849,1027.5094
810.7806971970849,1027.5149
810.7806971970849,1027.5067
768.2210816230313,1027.5044
768.2210816230313,1027.4927
768.2210816230313,1027.5005
768.2210816230313,1027.5248
768.2210816230313,1027.5294
727.2983743402873,1027.5388
727.2983743402873,1027.5562
727.2983743402873,1027.5789
768.2210816230313,1027.594
863.1617625189969,1027.5933
845.1557713145896,1027.573
807.5068806144654,1027.533
789.500889410058,1027.4816
773.1318064969603,1027.4801
773.1318064969603,1027.4375
773.1318064969603,1027.4606
755.1258152925533,1027.4758
720.7507411750486,1027.5039
704.3816582619509,1027.4242
688.0125753488534,1027.2832
688.0125753488534,1027.2709
670.0065841444459,1027.2916
688.0125753488534,1027.4043
688.0125753488534,1027.4993
653.6375012313484,1027.5304
653.6375012313484,1027.5118
619.2624271138437,1027.4711
619.2624271138437,1027.5035
619.2624271138437,1027.5386
653.6375012313484,1027.6101
619.2624271138437,1027.6389
602.8933442007462,1027.6067
588.1611695789583,1027.5941
602.8933442007462,1027.6488
602.8933442007462,1027.6715
571.7920866658608,1027.645
555.4230037527631,1027.636
1532.6572536646863,1027.6361
1532.6572536646863,1027.6229
1499.9190878384914,1027.503
1401.704590359906,1027.339
1401.704590359906,1027.2938
1418.0736732730036,1027.2513
1368.9664245337108,1027.196
1319.8591757944182,1027.1747
1303.4900928813208,1027.1328
1303.4900928813208,1027.1704
1270.7519270551259,1027.1915
1270.7519270551259,1027.2235
1270.7519270551259,1027.22
1254.3828441420283,1027.2697
1221.6446783158328,1027.2855
1188.9065124896379,1027.301
1188.9065124896379,1027.3347
1270.7519270551259,1027.413
1188.9065124896379,1027.4772
1156.168346663443,1027.5221
1139.7992637503455,1027.502
1139.7992637503455,1027.3837
1107.06109792415,1027.3923
1092.3289233023625,1027.3883
1072.6860238066456,1027.3856
1053.0431243109283,1027.3918
1053.0431243109283,1027.4065
1053.0431243109283,1027.4315
899.1737449278115,1027.448
881.1677537234043,1027.4052
863.1617625189969,1027.2169
825.5128718188724,1027.0314
807.5068806144654,1026.9983
789.500889410058,1026.9594
789.500889410058,1026.9199
789.500889410058,1026.8717
755.1258152925533,1026.8597
755.1258152925533,1026.909
720.7507411750486,1027.0173
704.3816582619509,1027.0944
704.3816582619509,1027.1782
704.3816582619509,1027.2255
704.3816582619509,1027.2404
688.0125753488534,1027.2294
653.6375012313484,1027.2283
619.2624271138437,1027.2424
619.2624271138437,1027.2628
619.2624271138437,1027.2762
588.1611695789583,1027.2822
588.1611695789583,1027.2869
602.8933442007462,1027.2943
619.2624271138437,1027.3042
619.2624271138437,1027.3004
653.6375012313484,1027.311
619.2624271138437,1027.3662
619.2624271138437,1027.4233
692.9233002227826,1027.4756
712.5661997184995,1027.47
692.9233002227826,1027.3822
673.2804007270654,1027.1912
652.0005929400387,1027.1194
612.7147939486046,1027.1163
593.0718944528875,1027.2255
593.0718944528875,1027.2449
593.0718944528875,1027.247
612.7147939486046,1027.2625
612.7147939486046,1027.2788
593.0718944528875,1027.2947
593.0718944528875,1027.2826
552.1491871701436,1027.24
532.5062876744269,1027.1838
532.5062876744269,1027.1838
512.8633881787097,1027.2317
512.8633881787097,1027.3197
494.8573969743024,1027.3906
512.8633881787097,1027.3662
593.0718944528875,1027.421
593.0718944528875,1027.4385
512.8633881787097,1027.4003
494.8573969743024,1027.3401
476.85140576989494,1027.3058
458.8454145654877,1027.3168
440.8394233610805,1027.3662
440.8394233610805,1027.4233
440.8394233610805,1027.4756
979.3822512019894,1027.505
979.3822512019894,1027.4575
990.840609241158,1027.2683
954.8286268323433,1027.171
979.3822512019894,1027.2804
979.3822512019894,1027.4319
979.3822512019894,1027.3837
954.8286268323433,1027.3911
954.8286268323433,1027.3856
908.9951946756701,1027.3918
918.8166444235286,1027.4065
897.5368366365018,1027.4395
886.0784785973336,1027.4386
886.0784785973336,1027.4379
864.7986708103068,1027.4047
843.5188630232799,1027.4536
886.0784785973336,1027.3762
886.0784785973336,1027.3527
876.2570288494751,1027.407
864.7986708103068,1027.4498
876.2570288494751,1027.4385
886.0784785973336,1027.4003
864.7986708103068,1027.3673
843.5188630232799,1027.393
954.8286268323433,1027.4521
943.3702687931748,1027.4778
886.0784785973336,1027.5544
886.0784785973336,1027.6627
6840.0,1027.7285
6840.0,1027.6224
6840.0,1027.3458
6840.0,1027.0428
6840.0,1027.0402
6840.0,1027.034
6840.0,1027.016
6840.0,1027.0173
6840.0,1027.0453
6840.0,1027.0624
6840.0,1027.0916
1532.6572536646863,1027.1365
1385.3355074468086,1027.1782
1303.4900928813208,1027.2278
1319.8591757944182,1027.2549
1401.704590359906,1027.2678
1319.8591757944182,1027.289
1254.3828441420283,1027.3168
1221.6446783158328,1027.3662
1221.6446783158328,1027.4584
1188.9065124896379,1027.5552
1188.9065124896379,1027.5773
1172.5374295765405,1027.4778
1123.430180837248,1027.432
1072.6860238066456,1027.4547
1018.6680501934235,1027.4225
1003.9358755716358,1027.3789
994.1144258237772,1027.2919
1434.4427561861012,1027.286
1483.5500049253935,1027.2595
1532.6572536646863,1027.1907
1499.9190878384914,1027.1355
1499.9190878384914,1027.0944
1499.9190878384914,1027.1782
1483.5500049253935,1027.2255
1467.1809220122962,1027.2404
1467.1809220122962,1027.1997
1467.1809220122962,1027.1354
1483.5500049253935,1027.0779
1434.4427561861012,1027.0562
1434.4427561861012,1026.974
1434.4427561861012,1026.929
1434.4427561861012,1027.0017
1434.4427561861012,1027.1414
1434.4427561861012,1027.2628
1467.1809220122962,1027.274
1467.1809220122962,1027.279
1418.0736732730036,1027.2844
1385.3355074468086,1027.2947
1336.2282587075158,1027.3053
1319.8591757944182,1027.3097
1319.8591757944182,1027.3004
1287.1210099682232,1027.311
1270.7519270551259,1027.3662
1270.7519270551259,1027.4233
1270.7519270551259,1027.4756
1051.4062160196186,1027.505
1051.4062160196186,1027.4937
1075.9598403892649,1027.4111
1051.4062160196186,1027.3748
1026.8525916499723,1027.3745
1075.9598403892649,1027.384
1100.5134647589111,1027.3855
1123.430180837248,1027.3743
1100.5134647589111,1027.3673
1075.9598403892649,1027.3704
1075.9598403892649,1027.37
1051.4062160196186,1027.3312
1051.4062160196186,1027.3845
1002.298967280326,1027.4385
1026.8525916499723,1027.423
1002.298967280326,1027.43
1002.298967280326,1027.4622
979.3822512019894,1027.4574
979.3822512019894,1027.4343
930.275002462697,1027.417
930.275002462697,1027.3319
954.8286268323433,1027.2839
1002.298967280326,1027.2831
1002.298967280326,1027.2197
1051.4062160196186,1027.1647
1026.8525916499723,1027.1827
954.8286268323433,1027.2727
930.275002462697,1027.3672
954.8286268323433,1027.451
648.7267763574192,1027.5085
648.7267763574192,1027.6316
615.9886105312243,1027.695
599.6195276181265,1027.6935
581.6135364137193,1027.5493
581.6135364137193,1027.4728
565.2444535006218,1027.5603
498.1312135569217,1027.7264
481.7621306438242,1027.6823
467.02995602203646,1027.549
467.02995602203646,1027.472
452.2977814002487,1027.6177
421.1965238653635,1027.6873
406.4643492435757,1027.5529
406.4643492435757,1027.4521
391.73217462178775,1027.4504
377.0,1027.5219
377.0,1027.5142
391.73217462178775,1027.3905
498.1312135569217,1027.3252
498.1312135569217,1027.3224
452.2977814002487,1027.4047
437.56560677846096,1027.5009
421.1965238653635,1027.4827
406.4643492435757,1027.3633
421.1965238653635,1027.4878
406.4643492435757,1027.6615
421.1965238653635,1027.63
971.1977097454408,1027.611
945.0071770844845,1027.6921
918.8166444235286,1027.6141
864.7986708103068,1027.5532
971.1977097454408,1027.5009
918.8166444235286,1027.3984
890.9892034712626,1027.474
864.7986708103068,1027.53
838.6081381493505,1027.5078
838.6081381493505,1027.4762
812.4176054883945,1027.5347
812.4176054883945,1027.6278
760.0365401664824,1027.6136
737.1198240881461,1027.6017
712.5661997184995,1027.6646
689.6494836401631,1027.7454
665.0958592705167,1027.7672
665.0958592705167,1027.5591
689.6494836401631,1027.3676
689.6494836401631,1027.3643
665.0958592705167,1027.4047
665.0958592705167,1027.3019
665.0958592705167,1027.2026
689.6494836401631,1027.301
689.6494836401631,1027.3579
665.0958592705167,1027.4386
737.1198240881461,1027.4127
760.0365401664824,1027.3467
971.1977097454408,1027.4474
945.0071770844845,1027.5388
918.8166444235286,1027.4633
864.7986708103068,1027.344
971.1977097454408,1027.2782
918.8166444235286,1027.1697
890.9892034712626,1027.0945
864.7986708103068,1027.1042
838.6081381493505,1027.2433
838.6081381493505,1027.3021
812.4176054883945,1027.4362
812.4176054883945,1027.5314
760.0365401664824,1027.6255
737.1198240881461,1027.6321
712.5661997184995,1027.6394
689.6494836401631,1027.5533
665.0958592705167,1027.428
665.0958592705167,1027.3708
689.6494836401631,1027.3766
689.6494836401631,1027.5446
665.0958592705167,1027.7318
665.0958592705167,1027.7639
665.0958592705167,1027.6381
689.6494836401631,1027.5685
689.6494836401631,1027.5995
665.0958592705167,1027.6503
737.1198240881461,1027.597
945.0071770844845,1027.574
1401.704590359906,1027.5664
1434.4427561861012,1027.6132
1368.9664245337108,1027.6145
1336.2282587075158,1027.602
1270.7519270551259,1027.4974
1336.2282587075158,1027.3695
1303.4900928813208,1027.307
1532.6572536646863,1027.4222
1565.3954194908813,1027.4747
1434.4427561861012,1027.5458
1205.2755954027355,1027.5046
1270.7519270551259,1027.3082
1205.2755954027355,1027.2571
1139.7992637503455,1027.3065
1205.2755954027355,1027.3989
1172.5374295765405,1027.49
1139.7992637503455,1027.4594
1139.7992637503455,1027.4655
1074.3229320979551,1027.4983
1041.5847662717601,1027.4401
1008.8466004455652,1027.3558
1008.8466004455652,1027.3312
1008.8466004455652,1027.4963
976.10843461937,1027.5302
976.10843461937,1027.3768
943.3702687931748,1027.191
943.3702687931748,1027.1201
943.3702687931748,1027.2065
1008.8466004455652,1027.4585
845.1557713145896,1027.4564
812.4176054883945,1027.448
779.6794396621995,1027.4587
755.1258152925533,1027.3215
755.1258152925533,1027.2445
755.1258152925533,1027.2705
730.5721909229069,1027.3291
706.0185665532606,1027.4324
681.4649421836142,1027.5914
877.8939371407848,1027.8335
1008.8466004455652,1027.8505
812.4176054883945,1027.7827
755.1258152925533,1027.5946
812.4176054883945,1027.5497
910.6321029669798,1027.569
910.6321029669798,1027.6304
845.1557713145896,1027.6678
845.1557713145896,1027.6909
730.5721909229069,1027.6238
706.0185665532606,1027.5956
681.4649421836142,1027.5255
656.9113178139679,1027.3397
607.8040690746752,1027.2966
583.250444705029,1027.2617
558.6968203353828,1027.2485
583.250444705029,1027.1213
632.3576934443217,1027.2571
632.3576934443217,1027.443
971.1977097454408,1027.5472
918.8166444235286,1027.5315
890.9892034712626,1027.5009
864.7986708103068,1027.4298
838.6081381493505,1027.406
838.6081381493505,1027.2933
786.2270728274386,1027.3523
760.0365401664824,1027.453
890.9892034712626,1027.4653
1319.8591757944182,1027.4148
1287.1210099682232,1027.5913
1139.7992637503455,1027.6028
1023.5787750673529,1027.4747
864.7986708103068,1027.3615
812.4176054883945,1027.3198
812.4176054883945,1027.3302
786.2270728274386,1027.2661
760.0365401664824,1027.2075
737.1198240881461,1027.2289
712.5661997184995,1027.2671
689.6494836401631,1027.3027
689.6494836401631,1027.3435
864.7986708103068,1027.4297
760.0365401664824,1027.5443
760.0365401664824,1027.5814
712.5661997184995,1027.3472
665.0958592705167,1027.2902
642.17914319218,1027.3748
812.4176054883945,1027.4531
812.4176054883945,1027.5391
812.4176054883945,1027.574
779.6794396621995,1027.5575
755.1258152925533,1027.5571
779.6794396621995,1027.605
779.6794396621995,1027.6254
755.1258152925533,1027.5747
730.5721909229069,1027.5743
779.6794396621995,1027.6184
779.6794396621995,1027.6653
779.6794396621995,1027.6215
779.6794396621995,1027.7021
755.1258152925533,1027.7081
755.1258152925533,1027.7
845.1557713145896,1027.6471
976.10843461937,1027.5745
845.1557713145896,1027.5292
812.4176054883945,1027.4832
755.1258152925533,1027.4786
730.5721909229069,1027.4741
681.4649421836142,1027.4016
755.1258152925533,1027.405
1041.5847662717601,1027.5612
1041.5847662717601,1027.6393
812.4176054883945,1027.6816
706.0185665532606,1027.6006
730.5721909229069,1027.5432
999.0251506977066,1027.5304
961.376259997582,1027.5771
961.376259997582,1027.5593
925.3642775887678,1027.6008
889.3522951799531,1027.5966
864.7986708103068,1027.6387
830.4235966928018,1027.6038
805.8699723231555,1027.6129
805.8699723231555,1027.6073
1254.3828441420283,1027.6305
1909.1461606659298,1027.5907
2645.7548917553186,1027.5165
1892.7770777528317,1027.3302
1549.026336577784,1027.2686
1368.9664245337108,1027.2955
1319.8591757944182,1027.4156
1238.013761228931,1027.5347
1156.168346663443,1027.625
1087.418198428433,1027.6285
1100.5134647589111,1027.5159
1075.9598403892649,1027.5725
1025.2156833586625,1027.5944
974.4715263280602,1027.5717
961.376259997582,1027.5042
925.3642775887678,1027.4573
1238.013761228931,1027.5317
1238.013761228931,1027.7227
1909.1461606659298,1027.8684
1450.8118390991986,1027.7681
936.8226356279358,1027.6034
913.9059195495993,1027.5515
900.8106532191214,1027.5325
889.3522951799531,1027.4517
925.3642775887678,1027.4357
889.3522951799531,1027.412
864.7986708103068,1027.4242
841.8819547319702,1027.4525
830.4235966928018,1027.4845
805.8699723231555,1027.5051
794.4116142839874,1027.5001
769.857989914341,1027.4777
746.9412738360045,1027.4539
724.0245577576678,1027.4478
724.0245577576678,1027.4597
724.0245577576678,1027.472
678.1911256009947,1027.4935
656.9113178139679,1027.5094
614.3517022399144,1027.5149
593.0718944528875,1027.5067
593.0718944528875,1027.5044
602.8933442007462,1027.4927
602.8933442007462,1027.5005
656.9113178139679,1027.5248
635.6315100269412,1027.5294
645.4529597747996,1027.5388
666.7327675618264,1027.5562
656.9113178139679,1027.5789
1254.3828441420283,1027.594
1238.013761228931,1027.5712
1287.1210099682232,1027.533
1303.4900928813208,1027.5232
1270.7519270551259,1027.5662
1221.6446783158328,1027.5374
1205.2755954027355,1027.411
1205.2755954027355,1027.3738
1188.9065124896379,1027.3788
1156.168346663443,1027.4424
1139.7992637503455,1027.4498
1139.7992637503455,1027.5024
1139.7992637503455,1027.4916
1139.7992637503455,1027.473
1123.430180837248,1027.4905
1087.418198428433,1027.5149
1064.5014823500967,1027.5607
1041.5847662717601,1027.5287
1053.0431243109283,1027.5969
1139.7992637503455,1027.682
1075.9598403892649,1027.6941
1041.5847662717601,1027.6958
1018.6680501934235,1027.759
985.9298843672285,1027.8246
1123.430180837248,1027.8623
1205.2755954027355,1027.8756
1064.5014823500967,1027.8923
1123.430180837248,1027.9257
1156.168346663443,1027.9658
1139.7992637503455,1027.8668
1139.7992637503455,1027.7152
1123.430180837248,1027.568
1254.3828441420283,1027.7495
1087.418198428433,1027.7678
1062.864574058787,1027.7166
1049.7693077283088,1027.5455
1038.3109496891407,1027.5502
1038.3109496891407,1027.5958
1012.1204170281846,1027.6532
1012.1204170281846,1027.7072
987.5667926585382,1027.7999
974.4715263280602,1027.695
961.376259997582,1027.6709
936.8226356279358,1027.762
949.917901958414,1027.8058
936.8226356279358,1027.7979
913.9059195495993,1027.7965
889.3522951799531,1027.783
900.8106532191214,1027.7738
889.3522951799531,1027.7157
864.7986708103068,1027.6757
913.9059195495993,1027.6738
900.8106532191214,1027.7299
889.3522951799531,1027.756
877.8939371407848,1027.8171
864.7986708103068,1027.8888
987.5667926585382,1027.8473
1033.4002248152115,1027.7045
1021.941866776043,1027.525
987.5667926585382,1027.4017
964.6500765802017,1027.414
1021.941866776043,1027.3496
1057.9538491848575,1027.459
1092.3289233023625,1027.5242
1044.8585828543796,1027.5153
999.0251506977066,1027.414
964.6500765802017,1027.3241
987.5667926585382,1027.3262
1092.3289233023625,1027.3696
1044.8585828543796,1027.5359
976.10843461937,1027.6426
941.7333605018653,1027.5016
920.4535527148383,1027.3693
899.1737449278115,1027.5051
866.4355791016164,1027.6936
854.9772210624482,1027.6359
833.6974132754215,1027.4847
812.4176054883945,1027.252
812.4176054883945,1027.1455
768.2210816230313,1027.2292
746.9412738360045,1027.2885
746.9412738360045,1027.2667
725.6614660489776,1027.2795
725.6614660489776,1027.2784
746.9412738360045,1027.3151
1095.602739884982,1027.407
1064.5014823500967,1027.5741
1033.4002248152115,1027.6866
964.6500765802017,1027.7725
941.7333605018653,1027.6188
935.1857273366261,1027.535
905.7213780930506,1027.5287
905.7213780930506,1027.611
899.1737449278115,1027.6724
912.2690112582895,1027.5667
935.1857273366261,1027.5123
987.5667926585382,1027.5055
949.917901958414,1027.531
920.4535527148383,1027.5201
899.1737449278115,1027.5264
899.1737449278115,1027.5697
884.4415703060238,1027.6245
863.1617625189969,1027.6182
833.6974132754215,1027.636
833.6974132754215,1027.614
812.4176054883945,1027.5535
890.9892034712626,1027.5477
876.2570288494751,1027.61
854.9772210624482,1027.6486
869.7093956842359,1027.6377
920.4535527148383,1027.6387
920.4535527148383,1027.7384
899.1737449278115,1027.7971
943.3702687931748,1027.6995
890.9892034712626,1027.5012
1033.4002248152115,1027.4817
796.703285891821,1027.4691
884.4415703060238,1027.4427
881.1677537234043,1027.4377
1270.7519270551259,1027.4802
1287.1210099682232,1027.5527
1156.168346663443,1027.6985
1123.430180837248,1027.8733
1095.602739884982,1027.8267
1172.5374295765405,1027.7338
6840.0,1027.6196
6840.0,1027.4569
6840.0,1027.4596
6840.0,1027.4766
6840.0,1027.4974
6840.0,1027.5941
6840.0,1027.6893
6840.0,1027.6815
6840.0,1027.6549
6840.0,1027.6521
6840.0,1027.6569
6840.0,1027.6527
6840.0,1027.6068
6840.0,1027.6415
6840.0,1027.5763
6840.0,1027.4968
6840.0,1027.4116
6840.0,1027.4418
6840.0,1027.5731
6840.0,1027.6638
6840.0,1027.5239
6840.0,1027.3926
6840.0,1027.3905
6840.0,1027.473
6840.0,1027.5299
6840.0,1027.5702
6840.0,1027.4576
6840.0,1027.3799
1066.1383906414064,1027.3435
1077.5967486805748,1027.3082
1084.1443818458135,1027.2947
982.6560677846091,1027.3175
963.013168288892,1027.389
882.8046620147139,1027.4563
1123.430180837248,1027.4681
1434.4427561861012,1027.5198
1614.5026682301739,1027.5254
1319.8591757944182,1027.4569
1172.5374295765405,1027.4733
1156.168346663443,1027.5419
981.0191594932992,1027.581
827.1497801101824,1027.6201
1139.7992637503455,1027.6417
1238.013761228931,1027.6575
1467.1809220122962,1027.7035
1434.4427561861012,1027.7339
1467.1809220122962,1027.6698
1565.3954194908813,1027.5831
1434.4427561861012,1027.4794
1418.0736732730036,1027.4268
1336.2282587075158,1027.473
1352.5973416206132,1027.4738
1254.3828441420283,1027.4609
1319.8591757944182,1027.5271
1319.8591757944182,1027.4935
1205.2755954027355,1027.4957
1254.3828441420283,1027.496
1205.2755954027355,1027.5282
1123.430180837248,1027.5306
1352.5973416206132,1027.5013
1303.4900928813208,1027.485
1061.2276657674772,1027.5519
1188.9065124896379,1027.649
1172.5374295765405,1027.6589
1238.013761228931,1027.6816
863.1617625189969,1027.715
1221.6446783158328,1027.6628
1319.8591757944182,1027.6473
1287.1210099682232,1027.6707
1123.430180837248,1027.7615
1319.8591757944182,1027.852
1450.8118390991986,1027.8347
1205.2755954027355,1027.8615
1467.1809220122962,1027.8022
1450.8118390991986,1027.7656
1287.1210099682232,1027.6807
1238.013761228931,1027.6144
1188.9065124896379,1027.5203
1098.8765564676016,1027.4297
1532.6572536646863,1027.4349
1483.5500049253935,1027.4498
1368.9664245337108,1027.4819
1418.0736732730036,1027.6337
1139.7992637503455,1027.6733
1254.3828441420283,1027.5703
1013.7573253194942,1027.4927
976.10843461937,1027.5604
1087.418198428433,1027.5614
1221.6446783158328,1027.5396
1352.5973416206132,1027.6483
1499.9190878384914,1027.7803
1123.430180837248,1027.7837
1336.2282587075158,1027.626
1287.1210099682232,1027.5068
1172.5374295765405,1027.5475
1105.4241896328406,1027.5709
1172.5374295765405,1027.6058
1238.013761228931,1027.547
1188.9065124896379,1027.6158
1172.5374295765405,1027.634
1156.168346663443,1027.6836
1238.013761228931,1027.715
1188.9065124896379,1027.6947
1270.7519270551259,1027.724
1238.013761228931,1027.7335
1085.7812901371235,1027.7186
1107.06109792415,1027.672
1107.06109792415,1027.6404
1107.06109792415,1027.73
1031.7633165239017,1027.8085
1336.2282587075158,1027.7487
1450.8118390991986,1027.7039
1254.3828441420283,1027.6642
1221.6446783158328,1027.6483
1044.8585828543796,1027.6124
1067.7752989327162,1027.645
1368.9664245337108,1027.6615
1254.3828441420283,1027.6733
1287.1210099682232,1027.6875
1238.013761228931,1027.683
1287.1210099682232,1027.652
1221.6446783158328,1027.7076
1221.6446783158328,1027.7263
1238.013761228931,1027.7712
1139.7992637503455,1027.8174
1287.1210099682232,1027.8502
1254.3828441420283,1027.9337
1238.013761228931,1027.93
977.7453429106797,1027.8916
938.4595439192458,1027.7943
1188.9065124896379,1027.7556
1053.0431243109283,1027.6694
1102.150373050221,1027.6324
1156.168346663443,1027.7153
1434.4427561861012,1027.7565
945.0071770844845,1027.7797
1054.680032602238,1027.7386
1205.2755954027355,1027.6606
1038.3109496891407,1027.5789
945.0071770844845,1027.5271
858.2510376450676,1027.461
935.1857273366261,1027.4763
3480.5781203232937,1027.5349
2825.8148037993915,1027.4792
2089.2060727100024,1027.3589
1565.3954194908813,1027.2534
1046.4954911456894,1027.2015
1188.9065124896379,1027.184
1336.2282587075158,1027.1527
1172.5374295765405,1027.1025
1172.5374295765405,1027.2563
1254.3828441420283,1027.4607
1072.6860238066456,1027.6117
1000.6620589890163,1027.5825
1156.168346663443,1027.5458
1077.5967486805748,1027.5182
1082.507473554504,1027.5046
1581.764502403979,1027.4913
1549.026336577784,1027.4138
1401.704590359906,1027.3374
1238.013761228931,1027.2358
1105.4241896328406,1027.2192
1499.9190878384914,1027.2559
1221.6446783158328,1027.3115
1188.9065124896379,1027.2775
1156.168346663443,1027.4354
1156.168346663443,1027.7793
1205.2755954027355,1027.9728
1059.5907574761675,1027.8427
1021.941866776043,1027.5531
1087.418198428433,1027.4227
1059.5907574761675,1027.3806
1107.06109792415,1027.3356
1139.7992637503455,1027.3551
1303.4900928813208,1027.4253
1450.8118390991986,1027.4043
1238.013761228931,1027.4993
1221.6446783158328,1027.4987
1205.2755954027355,1027.405
1093.9658315936724,1027.3339
1139.7992637503455,1027.4614
1139.7992637503455,1027.5826
1123.430180837248,1027.5929
1188.9065124896379,1027.5845
1139.7992637503455,1027.4811
1107.06109792415,1027.4432
961.376259997582,1027.4819
859.8879459363776,1027.577
704.3816582619509,1027.6006
817.3283303623238,1027.5372
892.6261117625726,1027.5913
899.1737449278115,1027.5563
776.40562307958,1027.5123
606.1671607833657,1027.4767
778.0425313708897,1027.487
804.2330640318457,1027.506
800.9592474492263,1027.4994
925.3642775887678,1027.5706
724.0245577576678,1027.6013
800.9592474492263,1027.5465
812.4176054883945,1027.5314
650.363684648729,1027.533
802.5961557405361,1027.593
800.9592474492263,1027.5465
758.3996318751728,1027.523
800.9592474492263,1027.5989
712.5661997184995,1027.6853
730.5721909229069,1027.6652
652.0005929400387,1027.5708
688.0125753488534,1027.5986
681.4649421836142,1027.5746
681.4649421836142,1027.5588
699.4709333880214,1027.6046
458.8454145654877,1027.6584
874.6201205581651,1027.667
884.4415703060238,1027.5127
1156.168346663443,1027.4706
1089.055106719743,1027.4434
954.8286268323433,1027.41
1075.9598403892649,1027.2563
1054.680032602238,1027.244
887.7153868886431,1027.3079
1039.9478579804504,1027.4393
1059.5907574761675,1027.532
1630.8717511432712,1027.5443
1614.5026682301739,1027.512
1352.5973416206132,1027.4188
1254.3828441420283,1027.385
1156.168346663443,1027.4843
1156.168346663443,1027.4777
1049.7693077283088,1027.4122
1139.7992637503455,1027.4188
1061.2276657674772,1027.4882
1056.316940893548,1027.5303
1123.430180837248,1027.5372
1062.864574058787,1027.5095
971.1977097454408,1027.5022
1023.5787750673529,1027.5598
938.4595439192458,1027.6145
925.3642775887678,1027.5898
913.9059195495993,1027.5206
732.2090992142166,1027.479
1287.1210099682232,1027.5509
1172.5374295765405,1027.5269
1418.0736732730036,1027.4324
1303.4900928813208,1027.3567
1188.9065124896379,1027.4789
1062.864574058787,1027.4934
1270.7519270551259,1027.4781
1071.0491155153356,1027.4803
1221.6446783158328,1027.4713
1205.2755954027355,1027.4927
1221.6446783158328,1027.5088
1238.013761228931,1027.5146
907.3582863843603,1027.5135
1221.6446783158328,1027.5259
1254.3828441420283,1027.5479
907.3582863843603,1027.6055
1581.764502403979,1027.7222
1499.9190878384914,1027.771
1401.704590359906,1027.6492
1254.3828441420283,1027.3755
1188.9065124896379,1027.2864
1103.7872813415306,1027.3206
1254.3828441420283,1027.3584
1270.7519270551259,1027.4078
1188.9065124896379,1027.4868
1254.3828441420283,1027.5487
1107.06109792415,1027.5912
1205.2755954027355,1027.6355
843.5188630232799,1027.563
866.4355791016164,1027.3845
938.4595439192458,1027.2858
961.376259997582,1027.2694
987.5667926585382,1027.3416
830.4235966928018,1027.4127
890.9892034712626,1027.5548
1270.7519270551259,1027.6624
1097.239648176292,1027.6981
1467.1809220122962,1027.508
1123.430180837248,1027.5378
1053.0431243109283,1027.4203
899.1737449278115,1027.3042
953.1917185410333,1027.2427
989.203700949848,1027.2925
1044.8585828543796,1027.3788
1085.7812901371235,1027.4526
1085.7812901371235,1027.4883
1069.4122072240261,1027.3983
985.9298843672285,1027.3523
882.8046620147139,1027.4392
851.7034044798288,1027.505
1010.4835087368747,1027.5758
913.9059195495993,1027.659
946.6440853757945,1027.593
913.9059195495993,1027.5121
899.1737449278115,1027.5135
907.3582863843603,1027.5736
861.5248542276871,1027.6675
890.9892034712626,1027.7246
931.9119107540066,1027.6487
874.6201205581651,1027.5521
843.5188630232799,1027.5681
874.6201205581651,1027.538
1287.1210099682232,1027.4963
1679.978999882564,1027.5182
1450.8118390991986,1027.5697
1043.2216745630699,1027.6785
1002.298967280326,1027.7374
1123.430180837248,1027.6925
971.1977097454408,1027.5045
1039.9478579804504,1027.4985
1003.9358755716358,1027.5515
1074.3229320979551,1027.6515
882.8046620147139,1027.6658
979.3822512019894,1027.599
1156.168346663443,1027.5637
1843.6698290135394,1027.5737
1188.9065124896379,1027.4753
1188.9065124896379,1027.3375
1139.7992637503455,1027.3007
1221.6446783158328,1027.4546
1059.5907574761675,1027.5264
969.5608014541308,1027.5999
1038.3109496891407,1027.6484
1123.430180837248,1027.6537
1188.9065124896379,1027.627
1270.7519270551259,1027.5817
1270.7519270551259,1027.5725
1696.3480827956614,1027.5607
1647.240834056369,1027.5613
1630.8717511432712,1027.5999
1598.1335853170763,1027.6132
1598.1335853170763,1027.5918
1581.764502403979,1027.5616
1581.764502403979,1027.555
1630.8717511432712,1027.5265
1319.8591757944182,1027.4956
1385.3355074468086,1027.4957
1123.430180837248,1027.5715
1043.2216745630699,1027.6057
1287.1210099682232,1027.5116
1549.026336577784,1027.4507
1663.6099169694664,1027.6515
1729.0862486218566,1027.7498
1516.288170751589,1027.5421
1499.9190878384914,1027.4635
1287.1210099682232,1027.4576
1516.288170751589,1027.504
1336.2282587075158,1027.5123
1336.2282587075158,1027.5492
1172.5374295765405,1027.5612
1221.6446783158328,1027.5438
1139.7992637503455,1027.4906
1172.5374295765405,1027.5785
1205.2755954027355,1027.6383
1385.3355074468086,1027.5977
1368.9664245337108,1027.5619
1434.4427561861012,1027.5298
1418.0736732730036,1027.5292
1450.8118390991986,1027.4563
1401.704590359906,1027.4244
1385.3355074468086,1027.4929
1095.602739884982,1027.6118
1303.4900928813208,1027.559
1270.7519270551259,1027.4601
1123.430180837248,1027.4253
1123.430180837248,1027.4623
1123.430180837248,1027.513
1172.5374295765405,1027.4921
1205.2755954027355,1027.484
1336.2282587075158,1027.542
1172.5374295765405,1027.5731
1303.4900928813208,1027.6726
1549.026336577784,1027.6925
1352.5973416206132,1027.6573
1270.7519270551259,1027.578
1107.06109792415,1027.5396
1238.013761228931,1027.5559
1516.288170751589,1027.6583
1483.5500049253935,1027.7972
1467.1809220122962,1027.8573
1467.1809220122962,1027.803
1139.7992637503455,1027.7694
1172.5374295765405,1027.7411
1205.2755954027355,1027.6604
1336.2282587075158,1027.4275
1270.7519270551259,1027.3645
1238.013761228931,1027.3746
1238.013761228931,1027.4728
1238.013761228931,1027.5786
1139.7992637503455,1027.6669
1238.013761228931,1027.7394
1385.3355074468086,1027.715
1087.418198428433,1027.5807
1018.6680501934235,1027.4976
881.1677537234043,1027.5583
868.0724873929263,1027.6067
833.6974132754215,1027.5566
828.7866884014921,1027.6265
1221.6446783158328,1027.6132
936.8226356279358,1027.757
954.8286268323433,1027.7405
941.7333605018653,1027.7374
751.8519987099336,1027.7954
670.0065841444459,1027.927
750.215090418624,1027.8619
994.1144258237772,1027.662
1023.5787750673529,1027.6725
928.638094171387,1027.6996
800.9592474492263,1027.7316
707.6554748445702,1027.6697
1368.9664245337108,1027.6135
1188.9065124896379,1027.6368
1303.4900928813208,1027.5879
1434.4427561861012,1027.5293
1172.5374295765405,1027.5757
1156.168346663443,1027.6285
1139.7992637503455,1027.7235
1123.430180837248,1027.773
1221.6446783158328,1027.7733
1205.2755954027355,1027.7537
1205.2755954027355,1027.5912
935.1857273366261,1027.5447
1303.4900928813208,1027.4523
899.1737449278115,1027.4244
982.6560677846091,1027.446
1098.8765564676016,1027.5082
1057.9538491848575,1027.5934
1107.06109792415,1027.6611
1077.5967486805748,1027.6465
1031.7633165239017,1027.6726
1105.4241896328406,1027.7157
1188.9065124896379,1027.7976
1139.7992637503455,1027.776
1057.9538491848575,1027.7418
853.3403127711384,1027.7032
1028.4894999412822,1027.6705
1123.430180837248,1027.5292
1061.2276657674772,1027.5773
1499.9190878384914,1027.6265
1516.288170751589,1027.5897
1467.1809220122962,1027.4946
1303.4900928813208,1027.4517
1385.3355074468086,1027.4354
1254.3828441420283,1027.4119
1319.8591757944182,1027.4242
1270.7519270551259,1027.4525
1238.013761228931,1027.4847
1079.2336569718843,1027.5052
1139.7992637503455,1027.5004
1188.9065124896379,1027.4779
1238.013761228931,1027.4541
1287.1210099682232,1027.448
1336.2282587075158,1027.4596
1139.7992637503455,1027.4718
1205.2755954027355,1027.4934
943.3702687931748,1027.5095
874.6201205581651,1027.515
992.4775175324675,1027.5067
1008.8466004455652,1027.5043
1172.5374295765405,1027.4926
1205.2755954027355,1027.5004
1221.6446783158328,1027.5247
990.840609241158,1027.5293
1156.168346663443,1027.5388
1025.2156833586625,1027.5564
1033.4002248152115,1027.579
1630.8717511432712,1027.5941
1614.5026682301739,1027.5509
1614.5026682301739,1027.4723
1663.6099169694664,1027.4183
1778.1934973611494,1027.4596
1679.978999882564,1027.4387
1810.9316631873444,1027.4127
2023.7297410576125,1027.4575
2563.9094771898313,1027.4623
3104.08921332205,1027.4677
2121.9442385361976,1027.4641
1925.5152435790271,1027.3577
1925.5152435790271,1027.2509
1761.8244144480518,1027.2533
2203.7896531016854,1027.336
1876.4079948397343,1027.4622
1974.6224923183197,1027.5516
1745.455331534954,1027.5396
1794.5625802742468,1027.4452
1614.5026682301739,1027.3715
1810.9316631873444,1027.3394
1778.1934973611494,1027.4288
1745.455331534954,1027.5173
1630.8717511432712,1027.5586
1679.978999882564,1027.612
1614.5026682301739,1027.6216
1696.3480827956614,1027.546
1876.4079948397343,1027.5023
