actual_runoff,predicted_runoff
227.23235715171361,176.98276
224.13228636637686,176.98462
227.23235715171361,176.9659
236.53256950772385,176.96591
224.13228636637686,176.96362
222.5822509737085,176.96362
214.83207401036663,176.96362
216.382109403035,176.96362
207.0818970470248,176.96362
213.28203861769825,176.96362
213.28203861769825,176.96362
202.43179086901964,176.96362
207.0818970470248,176.96362
202.43179086901964,176.96362
194.6816139056778,176.96362
216.382109403035,176.96617
211.7320032250299,176.97513
188.791479413538,176.97955
200.8817554763513,176.97679
199.3317200836829,176.96608
205.53186165435642,176.9659
170.03605116225066,176.96657
203.981826261688,176.96637
213.28203861769825,176.96362
210.18196783236152,176.96362
194.6816139056778,176.96362
213.28203861769825,176.96362
225.68232175904524,176.96362
202.43179086901964,176.96362
227.23235715171361,176.96362
225.68232175904524,176.96362
210.18196783236152,176.96565
205.53186165435642,176.97226
200.8817554763513,176.97424
192.35656081667523,176.9716
233.43249872238712,176.96362
228.782392544382,176.96362
217.93214479570338,176.96362
222.5822509737085,176.96362
196.23164929834618,176.96954
207.0818970470248,176.97151
184.29637677479968,176.9716
180.7312953716624,176.96362
191.27153604180737,176.96362
203.981826261688,176.96362
216.382109403035,176.96362
230.33242793705037,176.96362
194.6816139056778,176.96362
214.83207401036663,176.96362
210.18196783236152,176.96362
199.3317200836829,176.96362
192.97657497374257,176.96362
199.3317200836829,176.96362
205.53186165435642,176.97461
200.8817554763513,176.97826
199.3317200836829,176.97841
197.78168469101453,176.96362
205.53186165435642,176.96362
200.8817554763513,176.96362
208.63193243969314,176.96362
205.53186165435642,176.96362
191.11653250254054,176.96362
193.1315785130094,176.96362
193.1315785130094,176.96362
193.1315785130094,176.96362
186.00141570673492,176.96362
214.83207401036663,176.96362
225.68232175904524,176.96362
207.0818970470248,176.98604
203.981826261688,176.99353
187.2414440208696,176.99382
189.41149357060533,176.96362
217.93214479570338,176.96362
207.0818970470248,176.96362
210.18196783236152,176.96362
205.53186165435642,176.96362
210.18196783236152,176.96362
203.981826261688,176.96362
203.981826261688,176.96362
205.53186165435642,176.96362
196.23164929834618,176.96362
210.18196783236152,176.96362
207.0818970470248,176.96362
205.53186165435642,176.96362
180.88629891092927,176.96362
177.1662139685252,176.96362
200.8817554763513,176.97797
188.01646171720378,176.98276
192.6665678952089,176.98294
197.78168469101453,176.96362
224.13228636637686,176.96362
177.78622812559252,176.97578
188.1714652564706,176.97984
202.43179086901964,176.98709
186.62142986380226,176.97513
177.78622812559252,176.9764
169.57104054445017,176.96704
176.8562068899915,176.96786
417.88671044992344,176.97429
355.8852947431886,176.98254
286.1337020731118,177.21368
236.53256950772385,177.3051
187.3964475601364,177.28635
200.8817554763513,176.99086
214.83207401036663,176.96362
199.3317200836829,176.96362
199.3317200836829,176.96362
207.0818970470248,176.96362
189.87650418840585,176.96362
183.056348460665,176.96617
197.78168469101453,176.96701
190.34151480620633,176.96704
190.80652542400688,176.98099
238.08260490039223,177.0028
234.9825341150555,177.00838
221.03221558104013,176.98521
205.53186165435642,176.96362
192.97657497374257,176.96362
230.33242793705037,176.96362
203.981826261688,176.96362
200.8817554763513,176.96362
197.78168469101453,176.96362
197.78168469101453,176.96362
202.43179086901964,176.96362
188.63647587427113,176.96362
185.07139447113386,176.96362
191.27153604180737,176.96362
188.63647587427113,176.96362
193.1315785130094,176.96362
196.23164929834618,176.96362
211.7320032250299,176.96362
225.68232175904524,176.96362
205.53186165435642,176.96362
203.981826261688,176.96362
202.43179086901964,176.96362
191.89155019887474,176.96362
196.23164929834618,176.96362
196.23164929834618,176.96362
194.6816139056778,176.96362
200.8817554763513,176.96362
196.23164929834618,176.96362
193.1315785130094,176.96362
179.3362635182609,176.96362
169.726044083717,176.96362
155.00070785336746,176.96362
165.69595206277918,176.96362
172.82611486905373,176.96362
173.44612902612107,176.96362
161.82086358110828,176.96362
145.70049549735722,176.96362
161.9758671203751,176.96362
164.4559237486445,176.96362
164.14591667011086,176.96362
175.9261856543905,176.96362
156.86075032456952,176.96362
164.14591667011086,176.97562
165.2309414449787,176.97961
149.8855910575618,176.97977
164.3009202093777,176.96362
164.14591667011086,176.96362
160.11582464917308,176.96362
164.14591667011086,176.96362
155.77572554970163,176.96362
157.48076448163687,176.96362
150.04059459682867,176.96362
153.45067246069905,176.96362
152.8306583036317,176.96362
152.8306583036317,176.96362
154.53569723556694,176.96362
131.75017696334186,176.96362
171.1210759371185,176.96362
172.05109717271955,176.96362
197.78168469101453,176.96362
191.42653958107422,176.96362
178.71624936119355,176.96362
190.1865112669395,176.96362
188.1714652564706,176.96362
172.3611042512532,176.96362
186.77643340306906,176.96362
188.63647587427113,176.96362
242.73271107839733,176.98889
241.18267568572895,177.04448
216.382109403035,177.0563
207.0818970470248,177.0229
197.78168469101453,176.96362
197.78168469101453,176.96362
187.70645463867012,176.96362
196.23164929834618,176.96362
188.791479413538,176.96362
188.32646879573747,176.96362
194.6816139056778,176.96362
188.9464829528048,176.96362
180.26628475386192,176.96362
185.22639801040074,176.96362
177.1662139685252,176.97124
175.9261856543905,176.97377
174.84116087952262,176.97386
157.63576802090367,176.96362
210.18196783236152,176.9904
199.3317200836829,177.00525
222.5822509737085,177.00757
211.7320032250299,176.9716
200.8817554763513,176.96362
188.9464829528048,176.96362
208.63193243969314,176.96362
189.721500649139,176.96362
203.981826261688,176.96362
202.43179086901964,176.96362
203.981826261688,176.96362
205.53186165435642,176.96362
174.22114672245527,176.96362
203.981826261688,176.96362
207.0818970470248,176.96362
174.22114672245527,176.96362
238.08260490039223,176.96481
230.33242793705037,177.00085
221.03221558104013,177.01903
207.0818970470248,177.01997
200.8817554763513,176.97203
192.82157143447571,176.96362
207.0818970470248,176.96362
208.63193243969314,176.96362
200.8817554763513,176.96362
207.0818970470248,176.96362
193.1315785130094,176.96362
202.43179086901964,176.96362
168.17600869104862,176.96362
170.34605824078434,176.96362
177.1662139685252,176.96362
179.3362635182609,176.96362
181.8163201465303,176.96362
166.9359803769139,176.96362
172.6711113297869,176.96362
208.63193243969314,176.96362
192.20155727740843,176.96362
227.23235715171361,177.0001
194.6816139056778,177.05103
188.01646171720378,177.06451
173.44612902612107,177.01595
178.56124582192672,176.96362
181.9713236857971,176.96362
187.2414440208696,176.96362
191.11653250254054,176.96362
191.11653250254054,176.96362
189.56649710987216,176.96362
181.66131660726347,176.96362
171.8960936334527,176.96362
168.95102638738283,176.96362
183.98636969626602,176.96362
174.84116087952262,176.96362
177.9412316648594,176.96362
174.84116087952262,176.96362
173.44612902612107,176.96362
174.22114672245527,176.96362
169.8810476229838,176.96362
172.6711113297869,176.96362
176.5461998114578,176.96362
171.1210759371185,176.96362
168.17600869104862,176.96397
171.1210759371185,176.97
210.18196783236152,176.97197
247.38281725640246,176.98357
225.68232175904524,177.0443
187.08644048160278,177.05763
183.21135199993182,177.03888
194.6816139056778,176.96613
180.26628475386192,176.96362
186.77643340306906,176.96362
183.3663555391987,176.96362
190.03150772767268,176.96362
171.8960936334527,176.96362
181.04130245019613,176.96362
197.78168469101453,176.96379
262.8831711830862,176.97972
200.8817554763513,176.99597
200.8817554763513,176.9996
196.23164929834618,176.97841
203.981826261688,176.96362
188.63647587427113,176.96362
180.11128121459507,176.96362
186.62142986380226,176.96362
194.6816139056778,176.98553
200.8817554763513,176.99284
208.63193243969314,176.99313
208.63193243969314,176.96362
248.93285264907084,176.96362
244.28274647106574,176.96362
242.73271107839733,176.96362
239.6326402930606,176.96362
239.6326402930606,176.96362
238.08260490039223,176.96362
238.08260490039223,176.96362
242.73271107839733,176.96362
213.28203861769825,176.96362
219.48218018837176,176.96362
194.6816139056778,176.96362
187.08644048160278,176.96362
210.18196783236152,176.96362
234.9825341150555,176.96701
245.8327818637341,176.97675
252.03292343440756,176.99332
231.88246332971875,176.99953
230.33242793705037,176.99013
210.18196783236152,176.97182
231.88246332971875,176.96362
214.83207401036663,176.96362
214.83207401036663,176.96362
199.3317200836829,176.96362
203.981826261688,176.96362
196.23164929834618,176.96362
199.3317200836829,176.96362
202.43179086901964,176.96465
219.48218018837176,176.96498
217.93214479570338,176.965
224.13228636637686,176.96362
222.5822509737085,176.96362
225.68232175904524,176.96565
221.03221558104013,176.96632
219.48218018837176,176.96637
192.04655373814157,176.96362
211.7320032250299,176.96362
208.63193243969314,176.96362
194.6816139056778,176.96362
194.6816139056778,176.96362
194.6816139056778,176.96362
199.3317200836829,176.96362
202.43179086901964,176.96362
214.83207401036663,176.98235
199.3317200836829,176.9886
211.7320032250299,176.98883
234.9825341150555,176.97156
216.382109403035,176.98889
208.63193243969314,176.99388
193.1315785130094,176.9834
205.53186165435642,176.96362
231.88246332971875,176.96362
228.782392544382,176.96362
227.23235715171361,176.96362
227.23235715171361,176.97578
196.23164929834618,176.98135
199.3317200836829,176.98201
202.43179086901964,176.96567
214.83207401036663,176.96362
208.63193243969314,176.96362
205.53186165435642,176.96362
205.53186165435642,176.96362
205.53186165435642,176.96362
196.23164929834618,176.96362
205.53186165435642,176.96362
219.48218018837176,176.96362
191.27153604180737,176.96362
184.7613873926002,176.96362
171.7410900941859,176.96362
170.50106178005117,176.96362
167.2459874554476,176.96362
166.78097683764707,176.96362
203.981826261688,176.96362
177.01121042925834,176.96362
178.71624936119355,176.96362
177.47622104705886,176.96362
159.49581049210573,176.96362
151.74563352876388,176.96362
159.3408069528389,176.96362
182.43633430359765,176.96362
185.22639801040074,176.96362
176.23619273292417,176.96362
164.14591667011086,176.96362
155.31071493190112,176.96362
217.93214479570338,176.96362
200.8817554763513,176.96362
211.7320032250299,176.96362
224.13228636637686,176.96362
199.3317200836829,176.96362
197.78168469101453,176.96362
196.23164929834618,176.96362
194.6816139056778,176.96362
203.981826261688,176.96617
202.43179086901964,176.96701
202.43179086901964,176.96704
176.8562068899915,176.96362
211.7320032250299,176.96362
173.44612902612107,176.96362
181.35130952872981,176.96362
192.35656081667523,176.96362
188.4814723350043,176.96362
193.1315785130094,176.96362
190.34151480620633,176.96362
186.00141570673492,176.96362
192.97657497374257,176.96362
200.8817554763513,176.96362
196.23164929834618,176.96362
188.4814723350043,176.96362
169.10602992664963,176.96362
185.69140862820123,176.96362
194.6816139056778,176.96362
188.791479413538,176.96362
230.33242793705037,176.96362
231.88246332971875,176.96362
227.23235715171361,176.96362
211.7320032250299,176.96362
219.48218018837176,176.96362
207.0818970470248,176.96362
213.28203861769825,176.96362
208.63193243969314,176.96362
205.53186165435642,176.96362
190.49651834547316,176.96362
196.23164929834618,176.96362
200.8817554763513,176.96362
205.53186165435642,176.96362
210.18196783236152,176.96362
214.83207401036663,176.96786
196.23164929834618,176.96927
202.43179086901964,176.96931
177.6312245863257,176.96362
171.1210759371185,176.96362
182.28133076433082,176.96362
183.8313661569992,176.96362
199.3317200836829,176.96362
202.43179086901964,176.96617
203.981826261688,176.96701
182.126327225064,176.96704
197.78168469101453,176.96362
185.38140154966757,176.96362
186.15641924600172,176.97629
242.73271107839733,176.98051
241.18267568572895,176.98067
241.18267568572895,176.96362
245.8327818637341,176.96362
256.6830296124127,176.96362
247.38281725640246,176.96362
259.7831003977495,176.96362
279.9335605024383,176.96362
331.0847284604946,176.98944
382.2358964185509,177.3376
289.2337728584485,177.53072
270.6333481464281,177.50313
270.6333481464281,177.04082
255.13299421974435,176.96362
296.9839498217904,176.96362
265.98324196842293,176.96362
275.2834543244332,176.97696
253.58295882707594,177.01018
258.2330650050811,177.02196
241.18267568572895,177.00505
259.7831003977495,177.02092
256.6830296124127,177.02832
253.58295882707594,177.02972
242.73271107839733,176.96596
247.38281725640246,176.96497
241.18267568572895,176.96498
248.93285264907084,176.96661
265.98324196842293,176.99144
151.12561937169653,177.02226
151.12561937169653,180.37282
153.14066538216542,183.14594
165.07593790571187,184.94862
165.07593790571187,184.95555
167.2459874554476,184.9638
161.0458458847741,184.99368
161.0458458847741,185.00627
159.18580341357205,185.01909
159.18580341357205,184.94862
159.18580341357205,184.94862
159.18580341357205,184.94862
159.18580341357205,184.94862
163.06089189524297,184.94862
167.2459874554476,184.94862
167.2459874554476,184.94862
169.4160370051833,184.94862
165.07593790571187,184.94862
165.07593790571187,184.94862
165.07593790571187,184.94957
161.0458458847741,184.95071
161.0458458847741,184.9512
161.0458458847741,184.94862
161.0458458847741,184.94862
161.0458458847741,184.94862
157.17075740310315,184.94862
157.17075740310315,184.94862
157.17075740310315,184.94862
161.0458458847741,184.94862
170.03605116225066,184.94862
168.33101223031548,184.94862
164.7659308271782,184.9577
163.06089189524297,184.96922
161.51085650257457,184.97478
161.51085650257457,184.95055
161.51085650257457,184.94862
159.80581757063942,184.94862
156.55074324603584,184.9498
155.00070785336746,184.95123
153.45067246069905,184.95184
153.45067246069905,184.94862
151.74563352876388,184.9492
153.45067246069905,184.94992
153.45067246069905,184.95023
150.1955981360955,184.94862
150.1955981360955,184.94862
146.94052381149191,184.94862
146.94052381149191,184.94862
146.94052381149191,184.94862
150.1955981360955,184.94862
146.94052381149191,184.94862
145.39048841882354,184.94862
143.995456565422,184.94862
145.39048841882354,184.94862
145.39048841882354,184.94862
142.44542117275364,184.94862
140.89538578008523,184.94862
233.43249872238712,184.94862
233.43249872238712,184.94862
230.33242793705037,184.95793
221.03221558104013,184.96953
221.03221558104013,184.9749
222.5822509737085,184.95207
217.93214479570338,184.96432
213.28203861769825,184.97852
211.7320032250299,184.97838
211.7320032250299,184.94862
208.63193243969314,184.94862
208.63193243969314,184.94862
208.63193243969314,184.94862
207.0818970470248,184.95041
203.981826261688,184.95255
200.8817554763513,184.95348
200.8817554763513,184.94862
208.63193243969314,184.94862
200.8817554763513,184.9498
197.78168469101453,184.95123
196.23164929834618,184.95184
196.23164929834618,184.94862
193.1315785130094,184.94862
191.73654665960788,184.94862
189.87650418840585,184.94862
188.01646171720378,184.94862
188.01646171720378,184.94862
188.01646171720378,184.94862
173.44612902612107,184.94862
171.7410900941859,184.94862
170.03605116225066,184.94862
166.4709697591134,184.94862
164.7659308271782,184.94862
163.06089189524297,184.94862
163.06089189524297,184.94862
163.06089189524297,184.94862
159.80581757063942,184.94862
159.80581757063942,184.94862
156.55074324603584,184.94862
155.00070785336746,184.94862
155.00070785336746,184.94862
155.00070785336746,184.94862
155.00070785336746,184.94862
153.45067246069905,184.94862
150.1955981360955,184.94862
146.94052381149191,184.94862
146.94052381149191,184.94862
146.94052381149191,184.94862
143.995456565422,184.94862
143.995456565422,184.94862
145.39048841882354,184.94862
146.94052381149191,184.94862
146.94052381149191,184.94862
150.1955981360955,184.94862
146.94052381149191,184.95459
146.94052381149191,184.96172
153.9156830784996,184.9648
155.77572554970163,184.94862
153.9156830784996,184.94862
152.05564060729753,184.94862
150.04059459682867,184.94862
146.32050965442454,184.94943
144.4604671832225,184.95044
144.4604671832225,184.95099
144.4604671832225,184.94887
146.32050965442454,184.94893
146.32050965442454,184.94862
144.4604671832225,184.94862
144.4604671832225,184.9491
140.58537870155158,184.95097
138.72533623034954,184.95279
138.72533623034954,184.95218
136.86529375914748,184.94862
136.86529375914748,184.94862
135.16025482721227,184.94862
136.86529375914748,184.94862
144.4604671832225,184.95195
144.4604671832225,184.96324
136.86529375914748,184.97389
135.16025482721227,184.96889
133.45521589527706,184.94926
131.75017696334186,184.94862
130.04513803140665,184.94862
130.04513803140665,184.94862
130.04513803140665,184.94862
181.04130245019613,184.94862
181.04130245019613,184.94862
182.126327225064,184.94885
178.71624936119355,184.94913
181.04130245019613,184.94939
181.04130245019613,184.94887
181.04130245019613,184.94905
178.71624936119355,184.95126
178.71624936119355,184.95454
174.37615026172213,184.95587
175.3061714973231,184.94958
173.29112548685424,184.94862
172.20610071198638,184.94862
172.20610071198638,184.94862
170.19105470151752,184.94862
168.17600869104862,184.94862
172.20610071198638,184.94862
172.20610071198638,184.94862
171.27607947638538,184.94862
170.19105470151752,184.94862
171.27607947638538,184.94862
172.20610071198638,184.94862
170.19105470151752,184.94862
168.17600869104862,184.94862
178.71624936119355,184.94862
177.6312245863257,184.94862
172.20610071198638,184.94862
172.20610071198638,184.94862
736.0,184.94862
736.0,184.94862
736.0,184.94862
736.0,184.94862
736.0,184.94873
736.0,184.94887
736.0,184.94893
736.0,184.94862
736.0,184.94862
736.0,184.94862
736.0,184.94862
233.43249872238712,184.97118
219.48218018837176,185.0183
211.7320032250299,185.05396
213.28203861769825,185.00403
221.03221558104013,184.94862
213.28203861769825,184.97392
207.0818970470248,185.00394
203.981826261688,185.01671
203.981826261688,184.9494
200.8817554763513,184.94958
200.8817554763513,184.94862
199.3317200836829,184.94862
194.6816139056778,184.94862
189.87650418840585,184.94862
184.7613873926002,184.94862
183.3663555391987,184.94862
182.43633430359765,184.94862
224.13228636637686,184.94862
228.782392544382,184.94862
233.43249872238712,184.94862
230.33242793705037,184.94862
230.33242793705037,184.95734
230.33242793705037,184.96773
228.782392544382,184.97224
227.23235715171361,184.94862
227.23235715171361,184.94862
227.23235715171361,184.94862
228.782392544382,184.94862
224.13228636637686,184.94862
224.13228636637686,184.94862
224.13228636637686,184.94862
224.13228636637686,184.94862
224.13228636637686,184.95723
224.13228636637686,184.96819
227.23235715171361,184.97469
227.23235715171361,184.95341
222.5822509737085,184.95238
219.48218018837176,184.94926
214.83207401036663,184.94862
213.28203861769825,184.94862
213.28203861769825,184.94862
210.18196783236152,184.94862
208.63193243969314,184.94862
208.63193243969314,184.94943
208.63193243969314,184.9531
187.86145817793695,184.95665
187.86145817793695,184.95573
190.1865112669395,184.94862
187.86145817793695,184.95041
185.53640508893437,184.95314
190.1865112669395,184.95538
192.51156435594206,184.95154
194.6816139056778,184.95023
192.51156435594206,184.94896
190.1865112669395,184.94965
190.1865112669395,184.95023
187.86145817793695,184.94951
187.86145817793695,184.94893
183.21135199993182,184.94862
185.53640508893437,184.94862
183.21135199993182,184.95459
183.21135199993182,184.96172
181.04130245019613,184.9648
181.04130245019613,184.94862
176.391196272191,184.94862
176.391196272191,184.94862
178.71624936119355,184.94862
183.21135199993182,184.94862
183.21135199993182,184.95041
187.86145817793695,184.9535
185.53640508893437,184.9594
178.71624936119355,184.9596
176.391196272191,184.95898
178.71624936119355,184.94862
149.73058751829498,184.94862
149.73058751829498,184.94862
146.63051673295826,184.94862
145.08048134028985,184.94862
143.37544240835464,184.94862
143.37544240835464,184.94862
141.8254070156863,184.94862
135.47026190574593,184.9498
133.92022651307758,184.95123
132.52519465967603,184.95184
132.52519465967603,184.94862
131.1301628062745,184.94862
128.18509556020462,184.94862
126.79006370680308,184.94862
126.79006370680308,184.94862
125.39503185340153,184.94862
124.0,184.94862
124.0,184.94862
125.39503185340153,184.94862
135.47026190574593,184.94862
135.47026190574593,184.97498
131.1301628062745,185.01477
129.73513095287296,185.0378
128.18509556020462,184.97191
126.79006370680308,184.94862
128.18509556020462,184.94862
126.79006370680308,184.94862
128.18509556020462,184.94862
180.26628475386192,184.94862
177.78622812559252,184.94862
175.3061714973231,184.94862
170.19105470151752,184.94862
180.26628475386192,184.94862
175.3061714973231,184.94862
172.6711113297869,184.94862
170.19105470151752,184.94862
167.71099807324808,184.94862
167.71099807324808,184.94862
165.2309414449787,184.94862
165.2309414449787,184.94862
160.27082818843988,184.95949
158.1007786387042,184.97244
155.77572554970163,184.979
153.6056759999659,184.99925
151.28062291096336,185.06236
151.28062291096336,185.08319
153.6056759999659,184.95023
153.6056759999659,184.94862
151.28062291096336,184.95828
151.28062291096336,184.9772
151.28062291096336,184.99136
153.6056759999659,184.96947
153.6056759999659,184.94958
151.28062291096336,184.95471
158.1007786387042,184.96617
160.27082818843988,184.97427
180.26628475386192,184.95995
177.78622812559252,184.94862
175.3061714973231,184.94862
170.19105470151752,184.94862
180.26628475386192,184.94862
175.3061714973231,184.94862
172.6711113297869,184.94862
170.19105470151752,184.94862
167.71099807324808,184.94862
167.71099807324808,184.94862
165.2309414449787,184.94862
165.2309414449787,184.94862
160.27082818843988,184.94862
158.1007786387042,184.94862
155.77572554970163,184.94862
153.6056759999659,184.94862
151.28062291096336,184.94862
151.28062291096336,184.94862
153.6056759999659,184.94862
153.6056759999659,184.94862
151.28062291096336,184.94862
151.28062291096336,184.94862
151.28062291096336,184.94862
153.6056759999659,184.94862
153.6056759999659,184.94862
151.28062291096336,184.94862
158.1007786387042,184.94862
177.78622812559252,184.95053
221.03221558104013,184.97571
224.13228636637686,185.00804
217.93214479570338,185.01936
214.83207401036663,184.95995
208.63193243969314,184.94862
214.83207401036663,184.94862
211.7320032250299,184.94862
233.43249872238712,184.94862
236.53256950772385,184.97284
224.13228636637686,185.00493
202.43179086901964,185.0209
208.63193243969314,184.95769
202.43179086901964,184.94862
196.23164929834618,184.94862
202.43179086901964,184.95078
199.3317200836829,184.95332
196.23164929834618,184.95444
196.23164929834618,184.94862
190.03150772767268,184.94862
186.93143694233592,184.94862
183.8313661569992,184.94862
183.8313661569992,184.94862
183.8313661569992,184.94862
180.7312953716624,184.94862
180.7312953716624,184.94862
177.6312245863257,184.94862
177.6312245863257,184.94862
177.6312245863257,184.95161
183.8313661569992,184.95517
168.33101223031548,184.95671
165.2309414449787,184.95662
162.13087065964197,184.9757
159.80581757063942,184.99121
159.80581757063942,184.9745
159.80581757063942,184.94862
157.48076448163687,184.94862
155.1557113926343,184.94862
152.8306583036317,184.94862
171.4310830156522,184.94862
183.8313661569992,184.94862
165.2309414449787,184.94862
159.80581757063942,184.94862
165.2309414449787,184.94862
174.53115380098896,184.94862
174.53115380098896,184.94862
168.33101223031548,184.94862
168.33101223031548,184.94862
157.48076448163687,184.95064
155.1557113926343,184.95306
152.8306583036317,184.95447
150.50560521462916,184.9494
145.85549903662405,184.94958
143.5304459476215,184.94862
141.20539285861895,184.94862
143.5304459476215,184.94862
148.1805521256266,184.951
148.1805521256266,184.95517
180.26628475386192,184.95798
175.3061714973231,184.95218
172.6711113297869,184.94862
170.19105470151752,184.94862
167.71099807324808,184.94862
167.71099807324808,184.94862
162.75088481670934,184.94862
160.27082818843988,184.94862
172.6711113297869,184.94862
213.28203861769825,184.95303
210.18196783236152,184.99066
196.23164929834618,185.03136
185.22639801040074,185.03458
170.19105470151752,184.94862
165.2309414449787,184.94862
165.2309414449787,184.94862
162.75088481670934,184.94862
160.27082818843988,184.94862
158.1007786387042,184.94862
155.77572554970163,184.94862
153.6056759999659,184.94862
153.6056759999659,184.94862
170.19105470151752,184.94862
160.27082818843988,184.97592
160.27082818843988,185.00835
155.77572554970163,185.02151
151.28062291096336,184.94862
149.1105733612276,184.94862
165.2309414449787,184.94862
165.2309414449787,184.94862
165.2309414449787,184.94862
162.13087065964197,184.94862
159.80581757063942,184.94862
162.13087065964197,184.94862
162.13087065964197,184.94862
159.80581757063942,184.94862
157.48076448163687,184.94862
162.13087065964197,184.94862
162.13087065964197,184.94862
162.13087065964197,184.94862
162.13087065964197,184.94862
159.80581757063942,184.94862
159.80581757063942,184.94862
168.33101223031548,184.94862
180.7312953716624,184.94862
168.33101223031548,184.95793
165.2309414449787,184.96904
159.80581757063942,184.97386
157.48076448163687,184.94862
152.8306583036317,184.94862
159.80581757063942,184.94862
186.93143694233592,184.94862
186.93143694233592,184.98529
165.2309414449787,185.02875
155.1557113926343,185.04529
157.48076448163687,184.94862
182.90134492139816,184.94862
179.3362635182609,184.94862
179.3362635182609,184.94862
175.9261856543905,184.94862
172.5161077905201,184.94862
170.19105470151752,184.94862
166.9359803769139,184.94862
164.61092728791135,184.94862
164.61092728791135,184.94862
207.0818970470248,184.94862
269.0833127537597,184.94862
338.83490542383646,185.00803
267.5332773610913,185.17162
234.9825341150555,185.31258
217.93214479570338,185.18605
213.28203861769825,184.95023
205.53186165435642,184.94862
197.78168469101453,184.94862
191.27153604180737,184.94862
192.51156435594206,184.94862
190.1865112669395,184.94862
185.38140154966757,184.94862
180.5762918323956,184.94862
179.3362635182609,184.94862
175.9261856543905,184.94862
205.53186165435642,184.94862
205.53186165435642,184.951
269.0833127537597,184.96533
225.68232175904524,185.02525
177.01121042925834,185.0807
174.84116087952262,185.06905
173.60113256538793,184.94862
172.5161077905201,184.94862
175.9261856543905,184.94862
172.5161077905201,184.94862
170.19105470151752,184.94862
168.02100515178176,184.94862
166.9359803769139,184.94862
164.61092728791135,184.94862
163.52590251304352,184.94862
161.20084942404094,184.94862
159.03079987430522,184.94862
156.86075032456952,184.94862
156.86075032456952,184.94862
156.86075032456952,184.94862
152.52065122509805,184.94862
150.50560521462916,184.94862
146.4755131936914,184.94862
144.4604671832225,184.94862
144.4604671832225,184.94862
145.39048841882354,184.95172
145.39048841882354,184.95544
150.50560521462916,184.95705
148.4905592041603,184.94862
149.4205804397613,184.94862
151.4356264502302,184.94862
150.50560521462916,184.95016
207.0818970470248,184.95203
205.53186165435642,184.95284
210.18196783236152,184.94862
211.7320032250299,184.94862
208.63193243969314,184.95016
203.981826261688,184.95203
202.43179086901964,184.95284
202.43179086901964,184.94862
200.8817554763513,184.94862
197.78168469101453,184.94862
196.23164929834618,184.94862
196.23164929834618,184.94862
196.23164929834618,184.94862
196.23164929834618,184.94862
194.6816139056778,184.94862
191.27153604180737,184.94862
189.10148649207164,184.94862
186.93143694233592,184.94862
188.01646171720378,184.94862
196.23164929834618,184.94862
190.1865112669395,184.94862
186.93143694233592,184.94862
184.7613873926002,184.94862
181.66131660726347,184.94862
194.6816139056778,184.94862
202.43179086901964,184.9491
189.10148649207164,184.97186
194.6816139056778,185.00002
197.78168469101453,185.01181
196.23164929834618,184.95284
196.23164929834618,184.94862
194.6816139056778,184.94862
207.0818970470248,184.95232
191.27153604180737,184.95674
188.9464829528048,184.95865
187.70645463867012,184.94862
186.62142986380226,184.94862
186.62142986380226,184.94862
184.14137323553285,184.94862
184.14137323553285,184.94862
181.8163201465303,184.94862
180.5762918323956,184.94862
179.3362635182609,184.94862
177.01121042925834,184.94862
178.25123874339303,184.94862
177.01121042925834,184.94862
174.84116087952262,184.94862
172.5161077905201,184.94862
173.60113256538793,184.94862
172.5161077905201,184.94862
170.19105470151752,184.94862
174.84116087952262,184.94862
173.60113256538793,184.94862
172.5161077905201,184.94862
171.4310830156522,184.94862
170.19105470151752,184.94862
181.8163201465303,184.94862
186.15641924600172,184.94862
185.07139447113386,184.94862
181.8163201465303,184.96642
179.64627059679458,184.98756
185.07139447113386,184.99675
188.4814723350043,184.94862
191.73654665960788,184.9776
187.2414440208696,185.01196
182.90134492139816,185.02579
179.64627059679458,184.94862
181.8163201465303,184.94862
191.73654665960788,184.94862
187.2414440208696,184.94862
180.7312953716624,184.94862
177.47622104705886,184.94862
175.46117503658996,184.94862
173.44612902612107,184.94862
170.34605824078434,184.94862
169.26103346591646,184.9541
167.2459874554476,184.96068
165.2309414449787,184.9635
165.2309414449787,184.94862
161.0458458847741,184.94862
159.03079987430522,184.94862
159.03079987430522,184.94862
157.01575386383632,184.94862
157.01575386383632,184.94862
159.03079987430522,184.94862
192.04655373814157,184.94862
189.10148649207164,184.94862
186.15641924600172,184.94862
179.64627059679458,184.94862
177.47622104705886,184.94862
176.8562068899915,184.94862
174.06614318318842,184.94862
174.06614318318842,184.94862
173.44612902612107,184.94862
174.68615734025576,184.94862
176.8562068899915,184.94862
181.8163201465303,184.94862
178.25123874339303,184.94862
175.46117503658996,184.94862
173.44612902612107,184.94862
173.44612902612107,184.94862
172.05109717271955,184.94862
170.03605116225066,184.9553
167.2459874554476,184.96329
167.2459874554476,184.96675
165.2309414449787,184.94862
172.6711113297869,184.94862
171.27607947638538,184.94862
169.26103346591646,184.94862
170.656065319318,184.94862
175.46117503658996,184.94862
175.46117503658996,184.94885
173.44612902612107,184.9673
177.6312245863257,184.989
172.6711113297869,184.99771
186.15641924600172,184.94862
163.74290746801708,184.94862
172.05109717271955,184.94862
171.7410900941859,184.94862
208.63193243969314,184.94862
210.18196783236152,184.94862
197.78168469101453,184.94896
194.6816139056778,184.9567
192.04655373814157,184.9658
199.3317200836829,184.96889
736.0,184.94926
736.0,184.99162
736.0,185.04489
736.0,185.06322
736.0,184.94862
736.0,184.94862
736.0,184.94862
736.0,184.94862
736.0,184.94862
736.0,184.94862
736.0,184.94862
736.0,184.94862
736.0,184.94862
736.0,184.94862
736.0,184.96771
736.0,184.99161
736.0,185.00287
736.0,184.95198
736.0,184.98874
736.0,185.03726
736.0,185.05568
736.0,184.95184
736.0,184.94862
736.0,184.94862
736.0,184.94862
736.0,184.94862
736.0,184.94862
736.0,184.94862
189.25649003133847,184.94862
190.34151480620633,184.94862
190.96152896327368,184.94862
181.35130952872981,184.94862
179.49126705752772,184.94862
171.8960936334527,184.94862
194.6816139056778,184.94862
224.13228636637686,184.94862
241.18267568572895,185.00041
213.28203861769825,185.07883
199.3317200836829,185.11655
197.78168469101453,184.97838
181.19630598946296,184.94862
166.62597329838025,184.94862
196.23164929834618,184.94862
205.53186165435642,184.94862
227.23235715171361,184.94862
224.13228636637686,184.94862
227.23235715171361,184.94862
236.53256950772385,184.94862
224.13228636637686,184.94862
222.5822509737085,184.94862
214.83207401036663,184.94862
216.382109403035,184.94862
207.0818970470248,184.94862
213.28203861769825,184.94862
213.28203861769825,184.94862
202.43179086901964,184.94862
207.0818970470248,184.94862
202.43179086901964,184.94862
194.6816139056778,184.94862
216.382109403035,184.94862
211.7320032250299,184.94862
188.791479413538,184.94862
200.8817554763513,184.94862
199.3317200836829,184.94862
205.53186165435642,184.94862
170.03605116225066,184.94862
203.981826261688,184.94862
213.28203861769825,184.94862
210.18196783236152,184.94862
194.6816139056778,184.94862
213.28203861769825,184.94862
225.68232175904524,184.94862
202.43179086901964,184.94862
227.23235715171361,184.94862
225.68232175904524,184.94862
210.18196783236152,184.95602
205.53186165435642,184.96486
200.8817554763513,184.96869
192.35656081667523,184.94862
233.43249872238712,184.94862
228.782392544382,184.94862
217.93214479570338,184.94862
222.5822509737085,184.94969
196.23164929834618,184.9536
207.0818970470248,184.9573
184.29637677479968,184.95573
180.7312953716624,184.94862
191.27153604180737,184.94862
203.981826261688,184.94862
216.382109403035,184.94862
230.33242793705037,184.95828
194.6816139056778,184.96983
214.83207401036663,184.97482
210.18196783236152,184.94862
199.3317200836829,184.94862
192.97657497374257,184.94862
199.3317200836829,184.94862
205.53186165435642,184.95901
200.8817554763513,184.9714
199.3317200836829,184.97676
197.78168469101453,184.94862
205.53186165435642,184.94862
200.8817554763513,184.94862
208.63193243969314,184.94862
205.53186165435642,184.94862
191.11653250254054,184.94862
193.1315785130094,184.94862
193.1315785130094,184.94862
193.1315785130094,184.94862
186.00141570673492,184.94862
214.83207401036663,184.94862
225.68232175904524,184.94862
207.0818970470248,184.94885
203.981826261688,184.94913
187.2414440208696,184.94926
189.41149357060533,184.94862
217.93214479570338,184.94862
207.0818970470248,184.94862
210.18196783236152,184.94862
205.53186165435642,184.94862
210.18196783236152,184.94862
203.981826261688,184.94862
203.981826261688,184.94862
205.53186165435642,184.94862
196.23164929834618,184.94862
210.18196783236152,184.94862
207.0818970470248,184.94862
205.53186165435642,184.94862
180.88629891092927,184.94862
177.1662139685252,184.94862
200.8817554763513,184.94862
188.01646171720378,184.94862
192.6665678952089,184.94862
197.78168469101453,184.94862
224.13228636637686,184.94862
177.78622812559252,184.94862
188.1714652564706,184.94862
202.43179086901964,184.94862
186.62142986380226,184.95041
177.78622812559252,184.95277
169.57104054445017,184.954
176.8562068899915,184.95941
417.88671044992344,184.97385
355.8852947431886,184.98265
286.1337020731118,185.05547
236.53256950772385,185.18436
187.3964475601364,185.23705
200.8817554763513,184.94862
214.83207401036663,184.94862
199.3317200836829,184.94862
199.3317200836829,184.94862
207.0818970470248,184.94862
189.87650418840585,184.94862
183.056348460665,184.94862
197.78168469101453,184.94862
190.34151480620633,184.94862
190.80652542400688,184.96068
238.08260490039223,184.97505
234.9825341150555,184.98128
221.03221558104013,184.94862
205.53186165435642,184.94862
192.97657497374257,184.94862
230.33242793705037,184.94862
203.981826261688,184.94862
200.8817554763513,184.94862
197.78168469101453,184.94862
197.78168469101453,184.94862
202.43179086901964,184.94862
188.63647587427113,184.94862
185.07139447113386,184.94862
191.27153604180737,184.94862
188.63647587427113,184.94862
193.1315785130094,184.94862
196.23164929834618,184.94862
211.7320032250299,184.94862
225.68232175904524,184.94862
205.53186165435642,184.94862
203.981826261688,184.95752
202.43179086901964,184.96815
191.89155019887474,184.97275
196.23164929834618,184.94862
196.23164929834618,184.94862
194.6816139056778,184.94862
200.8817554763513,184.94862
196.23164929834618,184.94862
193.1315785130094,184.94862
179.3362635182609,184.94862
169.726044083717,184.94862
155.00070785336746,184.94862
165.69595206277918,184.94862
172.82611486905373,184.94862
173.44612902612107,184.94862
161.82086358110828,184.96474
145.70049549735722,184.98392
161.9758671203751,184.99225
164.4559237486445,184.94862
164.14591667011086,184.94862
175.9261856543905,184.94862
156.86075032456952,184.95483
164.14591667011086,184.96225
165.2309414449787,184.96545
149.8855910575618,184.94862
164.3009202093777,184.94862
164.14591667011086,184.94862
160.11582464917308,184.94862
164.14591667011086,184.94862
155.77572554970163,184.94862
157.48076448163687,184.94862
150.04059459682867,184.94862
153.45067246069905,184.94862
152.8306583036317,184.94862
152.8306583036317,184.94862
154.53569723556694,184.94862
131.75017696334186,184.94862
171.1210759371185,184.94862
172.05109717271955,184.94862
197.78168469101453,184.94862
191.42653958107422,184.94862
178.71624936119355,184.94862
190.1865112669395,184.94862
188.1714652564706,184.94862
172.3611042512532,184.94862
186.77643340306906,184.94862
188.63647587427113,184.94862
242.73271107839733,184.96356
241.18267568572895,185.02274
216.382109403035,185.08063
207.0818970470248,185.05801
197.78168469101453,184.94862
197.78168469101453,184.95578
187.70645463867012,184.96434
196.23164929834618,184.96805
188.791479413538,184.94862
188.32646879573747,184.94862
194.6816139056778,184.94862
188.9464829528048,184.94862
180.26628475386192,184.94862
185.22639801040074,184.94862
177.1662139685252,184.94862
175.9261856543905,184.94896
174.84116087952262,184.9494
157.63576802090367,184.94958
210.18196783236152,184.94862
199.3317200836829,184.94862
222.5822509737085,184.94862
211.7320032250299,184.94862
200.8817554763513,184.94862
188.9464829528048,184.94862
208.63193243969314,184.94862
189.721500649139,184.94862
203.981826261688,184.94862
202.43179086901964,184.94862
203.981826261688,184.94862
205.53186165435642,184.94862
174.22114672245527,184.94862
203.981826261688,184.94862
207.0818970470248,184.94862
174.22114672245527,184.94862
238.08260490039223,184.94862
230.33242793705037,184.96356
221.03221558104013,185.00218
207.0818970470248,185.03477
200.8817554763513,185.0053
192.82157143447571,184.94862
207.0818970470248,184.94862
208.63193243969314,184.94862
200.8817554763513,184.94862
207.0818970470248,184.94862
193.1315785130094,184.94862
202.43179086901964,184.94862
168.17600869104862,184.94862
170.34605824078434,184.94862
177.1662139685252,184.94862
179.3362635182609,184.94862
181.8163201465303,184.94862
166.9359803769139,184.94862
172.6711113297869,184.94862
208.63193243969314,184.94862
192.20155727740843,184.94862
227.23235715171361,184.99146
194.6816139056778,185.08931
188.01646171720378,185.16118
173.44612902612107,185.06436
178.56124582192672,184.94862
181.9713236857971,184.94862
187.2414440208696,184.94862
191.11653250254054,184.94862
191.11653250254054,184.94862
189.56649710987216,184.94885
181.66131660726347,184.94913
171.8960936334527,184.94926
168.95102638738283,184.94862
183.98636969626602,184.94862
174.84116087952262,184.94862
177.9412316648594,184.94862
174.84116087952262,184.94862
173.44612902612107,184.94862
174.22114672245527,184.94862
169.8810476229838,184.94862
172.6711113297869,184.94862
176.5461998114578,184.94862
171.1210759371185,184.94862
168.17600869104862,184.94862
171.1210759371185,184.94862
210.18196783236152,184.94862
247.38281725640246,184.94862
225.68232175904524,184.94862
187.08644048160278,184.94862
183.21135199993182,184.94862
194.6816139056778,184.94862
180.26628475386192,184.94862
186.77643340306906,184.94862
183.3663555391987,184.94862
190.03150772767268,184.94862
171.8960936334527,184.94862
181.04130245019613,184.94862
197.78168469101453,184.94862
262.8831711830862,184.94862
200.8817554763513,184.94862
200.8817554763513,184.94862
196.23164929834618,184.94862
203.981826261688,184.94862
188.63647587427113,184.94862
180.11128121459507,184.94862
186.62142986380226,184.94862
194.6816139056778,184.94862
200.8817554763513,184.94862
208.63193243969314,184.94862
208.63193243969314,184.94862
248.93285264907084,184.94862
244.28274647106574,184.94862
242.73271107839733,184.94862
239.6326402930606,184.94862
239.6326402930606,184.94862
238.08260490039223,184.94862
238.08260490039223,184.94862
242.73271107839733,184.94862
213.28203861769825,184.94862
219.48218018837176,184.94862
194.6816139056778,184.9492
187.08644048160278,184.94992
210.18196783236152,184.95023
234.9825341150555,184.95064
245.8327818637341,184.96799
252.03292343440756,185.01106
231.88246332971875,185.06316
230.33242793705037,185.05775
210.18196783236152,185.00278
231.88246332971875,184.94862
214.83207401036663,184.94862
214.83207401036663,184.94862
199.3317200836829,184.94862
203.981826261688,184.94862
196.23164929834618,184.94862
199.3317200836829,184.94862
202.43179086901964,184.97095
219.48218018837176,184.99745
217.93214479570338,185.00873
224.13228636637686,184.94862
222.5822509737085,184.94862
225.68232175904524,184.96379
221.03221558104013,184.98183
219.48218018837176,184.98967
192.04655373814157,184.94862
211.7320032250299,184.94862
208.63193243969314,184.94862
194.6816139056778,184.94862
194.6816139056778,184.94862
194.6816139056778,184.94862
199.3317200836829,184.94862
202.43179086901964,184.94862
214.83207401036663,184.94862
199.3317200836829,184.94862
211.7320032250299,184.94862
234.9825341150555,184.94862
216.382109403035,184.95148
208.63193243969314,184.95491
193.1315785130094,184.95639
205.53186165435642,184.94862
231.88246332971875,184.94862
228.782392544382,184.94862
227.23235715171361,184.94862
227.23235715171361,184.95842
196.23164929834618,184.972
199.3317200836829,184.97934
202.43179086901964,184.9538
214.83207401036663,184.94862
208.63193243969314,184.94862
205.53186165435642,184.94862
205.53186165435642,184.94862
205.53186165435642,184.94862
196.23164929834618,184.94862
205.53186165435642,184.95352
219.48218018837176,184.95937
191.27153604180737,184.9619
184.7613873926002,184.94862
171.7410900941859,184.94862
170.50106178005117,184.94862
167.2459874554476,184.94862
166.78097683764707,184.94862
203.981826261688,184.94862
177.01121042925834,184.94862
178.71624936119355,184.94862
177.47622104705886,184.94862
159.49581049210573,184.94862
151.74563352876388,184.95279
159.3408069528389,184.9578
182.43633430359765,184.95995
185.22639801040074,184.94862
176.23619273292417,184.94862
164.14591667011086,184.94862
155.31071493190112,184.94862
217.93214479570338,184.94862
200.8817554763513,184.94862
211.7320032250299,184.94862
224.13228636637686,184.94862
199.3317200836829,184.94862
197.78168469101453,184.94862
196.23164929834618,184.94862
194.6816139056778,184.94862
203.981826261688,184.94862
202.43179086901964,184.94862
202.43179086901964,184.94862
176.8562068899915,184.94862
211.7320032250299,184.94862
173.44612902612107,184.94862
181.35130952872981,184.94862
192.35656081667523,184.94862
188.4814723350043,184.94862
193.1315785130094,184.94862
190.34151480620633,184.94862
186.00141570673492,184.94862
192.97657497374257,184.94862
200.8817554763513,184.94862
196.23164929834618,184.94862
188.4814723350043,184.94862
169.10602992664963,184.94862
185.69140862820123,184.94862
194.6816139056778,184.94862
188.791479413538,184.94862
230.33242793705037,184.94862
231.88246332971875,184.94862
227.23235715171361,184.94862
211.7320032250299,184.94862
219.48218018837176,184.94862
207.0818970470248,184.94862
213.28203861769825,184.94862
208.63193243969314,184.94862
205.53186165435642,184.94862
190.49651834547316,184.94862
196.23164929834618,184.94862
200.8817554763513,184.94862
205.53186165435642,184.94862
210.18196783236152,184.94862
214.83207401036663,184.96068
196.23164929834618,184.97505
202.43179086901964,184.98128
177.6312245863257,184.94862
171.1210759371185,184.94862
182.28133076433082,184.94862
183.8313661569992,184.94862
199.3317200836829,184.94862
202.43179086901964,184.94862
203.981826261688,184.94862
182.126327225064,184.94862
197.78168469101453,184.94862
185.38140154966757,184.94862
186.15641924600172,184.94862
242.73271107839733,184.94862
241.18267568572895,184.94862
241.18267568572895,184.94862
245.8327818637341,184.94862
256.6830296124127,184.94862
247.38281725640246,184.94862
259.7831003977495,184.94862
279.9335605024383,184.94862
331.0847284604946,184.95877
382.2358964185509,185.01054
289.2337728584485,185.11217
270.6333481464281,185.1605
270.6333481464281,185.07619
255.13299421974435,184.94862
296.9839498217904,184.94862
265.98324196842293,184.94862
275.2834543244332,184.96306
253.58295882707594,184.98631
258.2330650050811,185.00578
241.18267568572895,184.9756
259.7831003977495,184.96396
256.6830296124127,184.95386
253.58295882707594,184.9551
242.73271107839733,184.94862
247.38281725640246,184.94862
241.18267568572895,184.94862
248.93285264907084,184.94862
265.98324196842293,184.94862
151.12561937169653,184.95578
151.12561937169653,185.00209
153.14066538216542,185.02007
165.07593790571187,185.03384
165.07593790571187,185.03384
167.2459874554476,185.04138
161.0458458847741,185.05438
161.0458458847741,185.0649
159.18580341357205,185.04822
159.18580341357205,185.0472
159.18580341357205,185.03384
159.18580341357205,185.03384
159.18580341357205,185.03384
163.06089189524297,185.03384
167.2459874554476,185.03384
167.2459874554476,185.03384
169.4160370051833,185.05199
165.07593790571187,185.08664
165.07593790571187,185.10721
165.07593790571187,185.0574
161.0458458847741,185.06003
161.0458458847741,185.08665
161.0458458847741,185.08467
161.0458458847741,185.04135
161.0458458847741,185.04512
157.17075740310315,185.0386
157.17075740310315,185.03477
157.17075740310315,185.03625
161.0458458847741,185.03682
170.03605116225066,185.0357
168.33101223031548,185.03867
164.7659308271782,185.0398
163.06089189524297,185.03384
161.51085650257457,185.03384
161.51085650257457,185.03384
161.51085650257457,185.03384
159.80581757063942,185.03384
156.55074324603584,185.03384
155.00070785336746,185.03384
153.45067246069905,185.03384
153.45067246069905,185.0358
151.74563352876388,185.0389
153.45067246069905,185.04008
153.45067246069905,185.03384
150.1955981360955,185.03384
150.1955981360955,185.03384
146.94052381149191,185.03384
146.94052381149191,185.03384
146.94052381149191,185.03384
150.1955981360955,185.03384
146.94052381149191,185.03384
145.39048841882354,185.03384
143.995456565422,185.03384
145.39048841882354,185.03384
145.39048841882354,185.03384
142.44542117275364,185.03384
140.89538578008523,185.03384
233.43249872238712,185.03384
233.43249872238712,185.03384
230.33242793705037,185.03952
221.03221558104013,185.0485
221.03221558104013,185.05194
222.5822509737085,185.03384
217.93214479570338,185.04129
213.28203861769825,185.05304
211.7320032250299,185.05757
211.7320032250299,185.03477
208.63193243969314,185.0371
208.63193243969314,185.03899
208.63193243969314,185.03653
207.0818970470248,185.03384
203.981826261688,185.03384
200.8817554763513,185.03384
200.8817554763513,185.03384
208.63193243969314,185.03384
200.8817554763513,185.03384
197.78168469101453,185.03384
196.23164929834618,185.03384
196.23164929834618,185.03384
193.1315785130094,185.03384
191.73654665960788,185.03384
189.87650418840585,185.03384
188.01646171720378,185.03384
188.01646171720378,185.03384
188.01646171720378,185.03384
173.44612902612107,185.03384
171.7410900941859,185.04018
170.03605116225066,185.06133
166.4709697591134,185.08292
164.7659308271782,185.06969
163.06089189524297,185.03384
163.06089189524297,185.03384
163.06089189524297,185.03384
159.80581757063942,185.03384
159.80581757063942,185.03384
156.55074324603584,185.03384
155.00070785336746,185.03384
155.00070785336746,185.03384
155.00070785336746,185.03384
155.00070785336746,185.03384
153.45067246069905,185.03384
150.1955981360955,185.03384
146.94052381149191,185.03384
146.94052381149191,185.03384
146.94052381149191,185.03384
143.995456565422,185.03384
143.995456565422,185.03384
145.39048841882354,185.03627
146.94052381149191,185.0401
146.94052381149191,185.04156
150.1955981360955,185.03384
146.94052381149191,185.03384
146.94052381149191,185.03384
153.9156830784996,185.03384
155.77572554970163,185.03384
153.9156830784996,185.03384
152.05564060729753,185.03384
150.04059459682867,185.03384
146.32050965442454,185.03384
144.4604671832225,185.03384
144.4604671832225,185.03384
144.4604671832225,185.03384
146.32050965442454,185.03441
146.32050965442454,185.0353
144.4604671832225,185.03564
144.4604671832225,185.03384
140.58537870155158,185.03384
138.72533623034954,185.03384
138.72533623034954,185.03384
136.86529375914748,185.03384
136.86529375914748,185.03384
135.16025482721227,185.03384
136.86529375914748,185.03384
144.4604671832225,185.03384
144.4604671832225,185.03896
136.86529375914748,185.04706
135.16025482721227,185.05017
133.45521589527706,185.03384
131.75017696334186,185.03384
130.04513803140665,185.03384
130.04513803140665,185.03384
130.04513803140665,185.03384
181.04130245019613,185.03384
181.04130245019613,185.03384
182.126327225064,185.03384
178.71624936119355,185.04314
181.04130245019613,185.05783
181.04130245019613,185.06349
181.04130245019613,185.03384
178.71624936119355,185.03868
178.71624936119355,185.04634
174.37615026172213,185.05132
175.3061714973231,185.03914
173.29112548685424,185.04037
172.20610071198638,185.03384
172.20610071198638,185.03384
170.19105470151752,185.03384
168.17600869104862,185.03384
172.20610071198638,185.03384
172.20610071198638,185.0345
171.27607947638538,185.03555
170.19105470151752,185.03593
171.27607947638538,185.03384
172.20610071198638,185.03384
170.19105470151752,185.03384
168.17600869104862,185.03384
178.71624936119355,185.03384
177.6312245863257,185.03384
172.20610071198638,185.03384
172.20610071198638,185.03384
736.0,185.03384
736.0,185.03384
736.0,185.03384
736.0,185.03384
736.0,185.03384
736.0,185.03384
736.0,185.03384
736.0,185.03384
736.0,185.03384
736.0,185.03384
736.0,185.03384
233.43249872238712,185.03397
219.48218018837176,185.05736
211.7320032250299,185.09425
213.28203861769825,185.10817
221.03221558104013,185.03415
213.28203861769825,185.0526
207.0818970470248,185.0839
203.981826261688,185.09813
203.981826261688,185.04216
200.8817554763513,185.03384
200.8817554763513,185.03384
199.3317200836829,185.03384
194.6816139056778,185.03384
189.87650418840585,185.03384
184.7613873926002,185.03384
183.3663555391987,185.03384
182.43633430359765,185.03384
224.13228636637686,185.03384
228.782392544382,185.03384
233.43249872238712,185.03384
230.33242793705037,185.03384
230.33242793705037,185.03384
230.33242793705037,185.03738
228.782392544382,185.04298
227.23235715171361,185.04514
227.23235715171361,185.03384
227.23235715171361,185.03384
228.782392544382,185.03384
224.13228636637686,185.03406
224.13228636637686,185.03435
224.13228636637686,185.03445
224.13228636637686,185.03384
224.13228636637686,185.03384
224.13228636637686,185.03384
227.23235715171361,185.03384
227.23235715171361,185.03384
222.5822509737085,185.03757
219.48218018837176,185.04346
214.83207401036663,185.04573
213.28203861769825,185.03384
213.28203861769825,185.03384
210.18196783236152,185.03384
208.63193243969314,185.03384
208.63193243969314,185.03384
208.63193243969314,185.03384
187.86145817793695,185.03384
187.86145817793695,185.03384
190.1865112669395,185.03384
187.86145817793695,185.03384
185.53640508893437,185.03384
190.1865112669395,185.03384
192.51156435594206,185.03384
194.6816139056778,185.03384
192.51156435594206,185.03384
190.1865112669395,185.03384
190.1865112669395,185.03384
187.86145817793695,185.03384
187.86145817793695,185.03384
183.21135199993182,185.03384
185.53640508893437,185.03384
183.21135199993182,185.03406
183.21135199993182,185.04083
181.04130245019613,185.05125
181.04130245019613,185.05461
176.391196272191,185.0357
176.391196272191,185.03867
178.71624936119355,185.0398
183.21135199993182,185.03384
183.21135199993182,185.03961
187.86145817793695,185.04874
185.53640508893437,185.05475
178.71624936119355,185.04034
176.391196272191,185.04205
178.71624936119355,185.03435
149.73058751829498,185.03445
149.73058751829498,185.03384
146.63051673295826,185.03384
145.08048134028985,185.03384
143.37544240835464,185.03384
143.37544240835464,185.03384
141.8254070156863,185.03384
135.47026190574593,185.03384
133.92022651307758,185.03384
132.52519465967603,185.03384
132.52519465967603,185.03384
131.1301628062745,185.03384
128.18509556020462,185.03384
126.79006370680308,185.03384
126.79006370680308,185.03384
125.39503185340153,185.03384
124.0,185.03384
124.0,185.03384
125.39503185340153,185.03384
135.47026190574593,185.03384
135.47026190574593,185.03664
131.1301628062745,185.04106
129.73513095287296,185.04277
128.18509556020462,185.03384
126.79006370680308,185.03384
128.18509556020462,185.03384
126.79006370680308,185.03384
128.18509556020462,185.03384
180.26628475386192,185.03384
177.78622812559252,185.03384
175.3061714973231,185.03384
170.19105470151752,185.03384
180.26628475386192,185.0571
175.3061714973231,185.09396
172.6711113297869,185.10817
170.19105470151752,185.03384
167.71099807324808,185.03384
167.71099807324808,185.03384
165.2309414449787,185.03384
165.2309414449787,185.03384
160.27082818843988,185.04453
158.1007786387042,185.07974
155.77572554970163,185.1188
153.6056759999659,185.10173
151.28062291096336,185.04483
151.28062291096336,185.04314
153.6056759999659,185.05783
153.6056759999659,185.06902
151.28062291096336,185.06163
151.28062291096336,185.08627
151.28062291096336,185.07677
153.6056759999659,185.03384
153.6056759999659,185.03384
151.28062291096336,185.03384
158.1007786387042,185.03384
160.27082818843988,185.03384
180.26628475386192,185.03384
177.78622812559252,185.03384
175.3061714973231,185.03384
170.19105470151752,185.03384
180.26628475386192,185.03384
175.3061714973231,185.03711
172.6711113297869,185.04225
170.19105470151752,185.04425
167.71099807324808,185.03384
167.71099807324808,185.03384
165.2309414449787,185.03384
165.2309414449787,185.03384
160.27082818843988,185.03384
158.1007786387042,185.03384
155.77572554970163,185.03384
153.6056759999659,185.03384
151.28062291096336,185.03384
151.28062291096336,185.03384
153.6056759999659,185.03384
153.6056759999659,185.03384
151.28062291096336,185.03384
151.28062291096336,185.03384
151.28062291096336,185.03384
153.6056759999659,185.03384
153.6056759999659,185.03384
151.28062291096336,185.03384
158.1007786387042,185.03384
177.78622812559252,185.03384
221.03221558104013,185.05473
224.13228636637686,185.09601
217.93214479570338,185.1219
214.83207401036663,185.06053
208.63193243969314,185.03384
214.83207401036663,185.03384
211.7320032250299,185.03384
233.43249872238712,185.03384
236.53256950772385,185.04959
224.13228636637686,185.07452
202.43179086901964,185.08412
208.63193243969314,185.03384
202.43179086901964,185.03384
196.23164929834618,185.03384
202.43179086901964,185.03384
199.3317200836829,185.03384
196.23164929834618,185.03384
196.23164929834618,185.03384
190.03150772767268,185.03384
186.93143694233592,185.03384
183.8313661569992,185.03384
183.8313661569992,185.03384
183.8313661569992,185.03384
180.7312953716624,185.03384
180.7312953716624,185.03384
177.6312245863257,185.03384
177.6312245863257,185.03384
177.6312245863257,185.03384
183.8313661569992,185.03384
168.33101223031548,185.03384
165.2309414449787,185.03384
162.13087065964197,185.03896
159.80581757063942,185.04706
159.80581757063942,185.05017
159.80581757063942,185.03384
157.48076448163687,185.03384
155.1557113926343,185.03384
152.8306583036317,185.03384
171.4310830156522,185.03384
183.8313661569992,185.03384
165.2309414449787,185.03384
159.80581757063942,185.03384
165.2309414449787,185.03384
174.53115380098896,185.03384
174.53115380098896,185.03384
168.33101223031548,185.03384
168.33101223031548,185.03384
157.48076448163687,185.03384
155.1557113926343,185.0373
152.8306583036317,185.04276
150.50560521462916,185.04938
145.85549903662405,185.04561
143.5304459476215,185.04839
141.20539285861895,185.03384
143.5304459476215,185.03384
148.1805521256266,185.03384
148.1805521256266,185.03384
180.26628475386192,185.03384
175.3061714973231,185.04129
172.6711113297869,185.05304
170.19105470151752,185.05757
167.71099807324808,185.03384
167.71099807324808,185.03384
162.75088481670934,185.03384
160.27082818843988,185.03384
172.6711113297869,185.03384
213.28203861769825,185.03384
210.18196783236152,185.05096
196.23164929834618,185.07993
185.22639801040074,185.09329
170.19105470151752,185.0398
165.2309414449787,185.03384
165.2309414449787,185.03384
162.75088481670934,185.03384
160.27082818843988,185.03477
158.1007786387042,185.03625
155.77572554970163,185.03682
153.6056759999659,185.03384
153.6056759999659,185.03384
170.19105470151752,185.03384
160.27082818843988,185.03943
160.27082818843988,185.04826
155.77572554970163,185.05165
151.28062291096336,185.03384
149.1105733612276,185.03384
165.2309414449787,185.03384
165.2309414449787,185.03384
165.2309414449787,185.03384
162.13087065964197,185.03384
159.80581757063942,185.03384
162.13087065964197,185.03384
162.13087065964197,185.03384
159.80581757063942,185.03384
157.48076448163687,185.03384
162.13087065964197,185.03384
162.13087065964197,185.03384
162.13087065964197,185.03384
162.13087065964197,185.03384
159.80581757063942,185.03384
159.80581757063942,185.03384
168.33101223031548,185.03384
180.7312953716624,185.03497
168.33101223031548,185.03673
165.2309414449787,185.03743
159.80581757063942,185.03384
157.48076448163687,185.03384
152.8306583036317,185.03384
159.80581757063942,185.03384
186.93143694233592,185.03384
186.93143694233592,185.06332
165.2309414449787,185.12465
155.1557113926343,185.16623
157.48076448163687,185.08176
182.90134492139816,185.03384
179.3362635182609,185.03384
179.3362635182609,185.03384
175.9261856543905,185.03384
172.5161077905201,185.03384
170.19105470151752,185.03384
166.9359803769139,185.03384
164.61092728791135,185.03384
164.61092728791135,185.03384
207.0818970470248,185.03384
269.0833127537597,185.0357
338.83490542383646,185.05803
267.5332773610913,185.11848
234.9825341150555,185.17545
217.93214479570338,185.14037
213.28203861769825,185.05075
205.53186165435642,185.03384
197.78168469101453,185.04091
191.27153604180737,185.0521
192.51156435594206,185.0564
190.1865112669395,185.03384
185.38140154966757,185.03384
180.5762918323956,185.03384
179.3362635182609,185.03822
175.9261856543905,185.04514
205.53186165435642,185.0478
205.53186165435642,185.04129
269.0833127537597,185.05737
225.68232175904524,185.07928
177.01121042925834,185.07506
174.84116087952262,185.06763
173.60113256538793,185.03384
172.5161077905201,185.03384
175.9261856543905,185.03384
172.5161077905201,185.03525
170.19105470151752,185.03746
168.02100515178176,185.03831
166.9359803769139,185.03384
164.61092728791135,185.03384
163.52590251304352,185.03384
161.20084942404094,185.03384
159.03079987430522,185.03384
156.86075032456952,185.03384
156.86075032456952,185.03384
156.86075032456952,185.03384
152.52065122509805,185.03384
150.50560521462916,185.03384
146.4755131936914,185.03384
144.4604671832225,185.03384
144.4604671832225,185.03384
145.39048841882354,185.03384
145.39048841882354,185.03384
150.50560521462916,185.03384
148.4905592041603,185.03784
149.4205804397613,185.04417
151.4356264502302,185.04662
150.50560521462916,185.03384
207.0818970470248,185.03384
205.53186165435642,185.03384
210.18196783236152,185.03384
211.7320032250299,185.03384
208.63193243969314,185.03384
203.981826261688,185.03384
202.43179086901964,185.03384
202.43179086901964,185.03384
200.8817554763513,185.03384
197.78168469101453,185.03384
196.23164929834618,185.03384
196.23164929834618,185.03384
196.23164929834618,185.03384
196.23164929834618,185.03384
194.6816139056778,185.03384
191.27153604180737,185.03384
189.10148649207164,185.03384
186.93143694233592,185.03384
188.01646171720378,185.03384
196.23164929834618,185.03384
190.1865112669395,185.03384
186.93143694233592,185.03384
184.7613873926002,185.03384
181.66131660726347,185.03384
194.6816139056778,185.03384
202.43179086901964,185.0357
189.10148649207164,185.04848
194.6816139056778,185.06517
197.78168469101453,185.06526
196.23164929834618,185.03384
196.23164929834618,185.03384
194.6816139056778,185.03384
207.0818970470248,185.03384
191.27153604180737,185.03384
188.9464829528048,185.03384
187.70645463867012,185.03384
186.62142986380226,185.03384
186.62142986380226,185.03384
184.14137323553285,185.03384
184.14137323553285,185.03384
181.8163201465303,185.03384
180.5762918323956,185.03384
179.3362635182609,185.03384
177.01121042925834,185.03384
178.25123874339303,185.03384
177.01121042925834,185.03384
174.84116087952262,185.03384
172.5161077905201,185.03384
173.60113256538793,185.03384
172.5161077905201,185.03384
170.19105470151752,185.03477
174.84116087952262,185.03625
173.60113256538793,185.03682
172.5161077905201,185.03384
171.4310830156522,185.03384
170.19105470151752,185.03384
181.8163201465303,185.03384
186.15641924600172,185.03384
185.07139447113386,185.03384
181.8163201465303,185.03384
179.64627059679458,185.03384
185.07139447113386,185.03384
188.4814723350043,185.03384
191.73654665960788,185.03384
187.2414440208696,185.04109
182.90134492139816,185.05257
179.64627059679458,185.05698
181.8163201465303,185.03384
191.73654665960788,185.03384
187.2414440208696,185.03384
180.7312953716624,185.04082
177.47622104705886,185.05185
175.46117503658996,185.05608
173.44612902612107,185.03384
170.34605824078434,185.03384
169.26103346591646,185.03384
167.2459874554476,185.03384
165.2309414449787,185.03384
165.2309414449787,185.03384
161.0458458847741,185.03384
159.03079987430522,185.03384
159.03079987430522,185.03384
157.01575386383632,185.03384
157.01575386383632,185.03384
159.03079987430522,185.03384
192.04655373814157,185.03384
189.10148649207164,185.03384
186.15641924600172,185.03384
179.64627059679458,185.03384
177.47622104705886,185.03384
176.8562068899915,185.03384
174.06614318318842,185.03384
174.06614318318842,185.03384
173.44612902612107,185.03384
174.68615734025576,185.03384
176.8562068899915,185.03384
181.8163201465303,185.03384
178.25123874339303,185.03384
175.46117503658996,185.03384
173.44612902612107,185.03384
173.44612902612107,185.03384
172.05109717271955,185.03384
170.03605116225066,185.03384
167.2459874554476,185.03384
167.2459874554476,185.03384
165.2309414449787,185.03384
172.6711113297869,185.03384
171.27607947638538,185.03757
169.26103346591646,185.04346
170.656065319318,185.04573
175.46117503658996,185.03384
175.46117503658996,185.03627
173.44612902612107,185.05873
177.6312245863257,185.08977
172.6711113297869,185.09352
186.15641924600172,185.03384
163.74290746801708,185.03384
172.05109717271955,185.03384
171.7410900941859,185.03384
208.63193243969314,185.03384
210.18196783236152,185.03384
197.78168469101453,185.03384
194.6816139056778,185.03384
192.04655373814157,185.03618
199.3317200836829,185.03987
736.0,185.04128
736.0,185.03384
736.0,185.0482
736.0,185.07095
736.0,185.0797
736.0,185.03384
736.0,185.03384
736.0,185.03384
736.0,185.03384
736.0,185.03384
736.0,185.03384
736.0,185.03384
736.0,185.03384
736.0,185.03384
736.0,185.03384
736.0,185.0448
736.0,185.06691
736.0,185.08122
736.0,185.07008
736.0,185.08781
736.0,185.10057
736.0,185.03384
736.0,185.03384
736.0,185.03384
736.0,185.03384
736.0,185.03384
736.0,185.03384
736.0,185.03384
189.25649003133847,185.03384
190.34151480620633,185.03384
190.96152896327368,185.03384
181.35130952872981,185.03384
179.49126705752772,185.03384
171.8960936334527,185.03384
194.6816139056778,185.03384
224.13228636637686,185.03384
241.18267568572895,185.06078
213.28203861769825,185.11546
199.3317200836829,185.15129
197.78168469101453,185.07323
181.19630598946296,185.03384
166.62597329838025,185.03384
196.23164929834618,185.05298
205.53186165435642,185.08331
227.23235715171361,185.09499
224.13228636637686,185.03384
227.23235715171361,185.03384
236.53256950772385,185.03384
224.13228636637686,185.03384
222.5822509737085,185.03384
214.83207401036663,185.03384
216.382109403035,185.03384
207.0818970470248,185.03477
213.28203861769825,185.03625
213.28203861769825,185.03682
202.43179086901964,185.03384
207.0818970470248,185.03384
202.43179086901964,185.03384
194.6816139056778,185.03384
216.382109403035,185.03384
211.7320032250299,185.03384
188.791479413538,185.03384
200.8817554763513,185.03384
199.3317200836829,185.03384
205.53186165435642,185.03384
170.03605116225066,185.03896
203.981826261688,185.04706
213.28203861769825,185.05017
210.18196783236152,185.03384
194.6816139056778,185.03384
213.28203861769825,185.03384
225.68232175904524,185.03384
202.43179086901964,185.03384
227.23235715171361,185.03384
225.68232175904524,185.03384
210.18196783236152,185.03738
205.53186165435642,185.04724
200.8817554763513,185.05615
192.35656081667523,185.04749
233.43249872238712,185.03384
228.782392544382,185.03384
217.93214479570338,185.03384
222.5822509737085,185.03384
196.23164929834618,185.03384
207.0818970470248,185.03384
184.29637677479968,185.03384
180.7312953716624,185.03384
191.27153604180737,185.03384
203.981826261688,185.03384
216.382109403035,185.03384
230.33242793705037,185.0357
194.6816139056778,185.03867
214.83207401036663,185.0398
210.18196783236152,185.03384
199.3317200836829,185.03384
192.97657497374257,185.03384
199.3317200836829,185.03384
205.53186165435642,185.03384
200.8817554763513,185.03384
199.3317200836829,185.03384
197.78168469101453,185.03384
205.53186165435642,185.03384
200.8817554763513,185.03384
208.63193243969314,185.03384
205.53186165435642,185.03384
191.11653250254054,185.03384
193.1315785130094,185.03384
193.1315785130094,185.03384
193.1315785130094,185.03384
186.00141570673492,185.03384
214.83207401036663,185.03384
225.68232175904524,185.03384
207.0818970470248,185.03384
203.981826261688,185.03384
187.2414440208696,185.03384
189.41149357060533,185.03384
217.93214479570338,185.03384
207.0818970470248,185.03384
210.18196783236152,185.03384
205.53186165435642,185.03384
210.18196783236152,185.03384
203.981826261688,185.03384
203.981826261688,185.03384
205.53186165435642,185.03384
196.23164929834618,185.03384
210.18196783236152,185.03384
207.0818970470248,185.03384
205.53186165435642,185.03384
180.88629891092927,185.03384
177.1662139685252,185.03384
200.8817554763513,185.03384
188.01646171720378,185.03384
192.6665678952089,185.03384
197.78168469101453,185.03384
224.13228636637686,185.03497
177.78622812559252,185.04259
188.1714652564706,185.05252
202.43179086901964,185.05357
186.62142986380226,185.0365
177.78622812559252,185.03944
169.57104054445017,185.03987
176.8562068899915,185.04128
417.88671044992344,185.0384
355.8852947431886,185.04729
286.1337020731118,185.11122
236.53256950772385,185.20715
187.3964475601364,185.24869
200.8817554763513,185.057
214.83207401036663,185.03625
199.3317200836829,185.03682
199.3317200836829,185.03384
207.0818970470248,185.03384
189.87650418840585,185.03384
183.056348460665,185.03384
197.78168469101453,185.03384
190.34151480620633,185.03384
190.80652542400688,185.0685
238.08260490039223,185.15396
234.9825341150555,185.22295
221.03221558104013,185.13245
205.53186165435642,185.03384
192.97657497374257,185.03384
230.33242793705037,185.03384
203.981826261688,185.03384
200.8817554763513,185.03384
197.78168469101453,185.03384
197.78168469101453,185.03384
202.43179086901964,185.03384
188.63647587427113,185.03384
185.07139447113386,185.03384
191.27153604180737,185.03384
188.63647587427113,185.03384
193.1315785130094,185.03384
196.23164929834618,185.03384
211.7320032250299,185.03384
225.68232175904524,185.03384
205.53186165435642,185.03384
203.981826261688,185.03384
202.43179086901964,185.03384
191.89155019887474,185.03384
196.23164929834618,185.03384
196.23164929834618,185.03384
194.6816139056778,185.03384
200.8817554763513,185.03384
196.23164929834618,185.03384
193.1315785130094,185.03384
179.3362635182609,185.03384
169.726044083717,185.03384
155.00070785336746,185.03384
165.69595206277918,185.03384
172.82611486905373,185.03384
173.44612902612107,185.03384
161.82086358110828,185.03384
145.70049549735722,185.03384
161.9758671203751,185.03384
164.4559237486445,185.03384
164.14591667011086,185.03384
175.9261856543905,185.03384
156.86075032456952,185.03384
164.14591667011086,185.03384
165.2309414449787,185.03384
149.8855910575618,185.03384
164.3009202093777,185.03384
164.14591667011086,185.03384
160.11582464917308,185.03384
164.14591667011086,185.03384
155.77572554970163,185.03384
157.48076448163687,185.03384
150.04059459682867,185.03384
153.45067246069905,185.03384
152.8306583036317,185.03384
152.8306583036317,185.03384
154.53569723556694,185.03384
131.75017696334186,185.03384
171.1210759371185,185.03384
172.05109717271955,185.03384
197.78168469101453,185.03384
191.42653958107422,185.03384
178.71624936119355,185.03384
190.1865112669395,185.03384
188.1714652564706,185.03384
172.3611042512532,185.03384
186.77643340306906,185.03384
188.63647587427113,185.03384
242.73271107839733,185.04332
241.18267568572895,185.07819
216.382109403035,185.11565
207.0818970470248,185.09793
197.78168469101453,185.03384
197.78168469101453,185.03738
187.70645463867012,185.04298
196.23164929834618,185.04977
188.791479413538,185.04585
188.32646879573747,185.04869
194.6816139056778,185.03384
188.9464829528048,185.03384
180.26628475386192,185.03384
185.22639801040074,185.03384
177.1662139685252,185.03384
175.9261856543905,185.03384
174.84116087952262,185.03384
157.63576802090367,185.03384
210.18196783236152,185.03384
199.3317200836829,185.03384
222.5822509737085,185.03384
211.7320032250299,185.03384
200.8817554763513,185.03384
188.9464829528048,185.03384
208.63193243969314,185.03384
189.721500649139,185.03384
203.981826261688,185.03384
202.43179086901964,185.03384
203.981826261688,185.03384
205.53186165435642,185.03384
174.22114672245527,185.03384
203.981826261688,185.03384
207.0818970470248,185.03384
174.22114672245527,185.03384
238.08260490039223,185.03384
230.33242793705037,185.03384
221.03221558104013,185.03813
207.0818970470248,185.0449
200.8817554763513,185.04749
192.82157143447571,185.03384
207.0818970470248,185.03384
208.63193243969314,185.03384
200.8817554763513,185.03384
207.0818970470248,185.03384
193.1315785130094,185.03384
202.43179086901964,185.03384
168.17600869104862,185.03384
170.34605824078434,185.03384
177.1662139685252,185.03384
179.3362635182609,185.03384
181.8163201465303,185.03384
166.9359803769139,185.03384
172.6711113297869,185.03384
208.63193243969314,185.03384
192.20155727740843,185.03384
227.23235715171361,185.05682
194.6816139056778,185.11937
188.01646171720378,185.17532
173.44612902612107,185.119
178.56124582192672,185.03384
181.9713236857971,185.03384
187.2414440208696,185.03384
191.11653250254054,185.03384
191.11653250254054,185.03384
189.56649710987216,185.03384
181.66131660726347,185.03384
171.8960936334527,185.03384
168.95102638738283,185.03384
183.98636969626602,185.03384
174.84116087952262,185.03384
177.9412316648594,185.03384
174.84116087952262,185.03384
173.44612902612107,185.03384
174.22114672245527,185.03384
169.8810476229838,185.03384
172.6711113297869,185.03384
176.5461998114578,185.03384
171.1210759371185,185.03384
168.17600869104862,185.03384
171.1210759371185,185.03384
210.18196783236152,185.03384
247.38281725640246,185.04109
225.68232175904524,185.07823
187.08644048160278,185.12526
183.21135199993182,185.12112
194.6816139056778,185.0398
180.26628475386192,185.03384
186.77643340306906,185.03384
183.3663555391987,185.03384
190.03150772767268,185.03384
171.8960936334527,185.03384
181.04130245019613,185.03384
197.78168469101453,185.03384
262.8831711830862,185.05894
200.8817554763513,185.11823
200.8817554763513,185.16495
196.23164929834618,185.09763
203.981826261688,185.03738
188.63647587427113,185.04298
180.11128121459507,185.04514
186.62142986380226,185.03384
194.6816139056778,185.03384
200.8817554763513,185.03384
208.63193243969314,185.03384
208.63193243969314,185.03384
248.93285264907084,185.03384
244.28274647106574,185.03384
242.73271107839733,185.03384
239.6326402930606,185.03384
239.6326402930606,185.03384
238.08260490039223,185.03384
238.08260490039223,185.03384
242.73271107839733,185.03384
213.28203861769825,185.03384
219.48218018837176,185.03384
194.6816139056778,185.03384
187.08644048160278,185.03384
210.18196783236152,185.03384
234.9825341150555,185.03384
245.8327818637341,185.03804
252.03292343440756,185.04466
231.88246332971875,185.04942
230.33242793705037,185.03961
210.18196783236152,185.04099
231.88246332971875,185.03384
214.83207401036663,185.03384
214.83207401036663,185.03384
199.3317200836829,185.03384
203.981826261688,185.03384
196.23164929834618,185.03384
199.3317200836829,185.03384
202.43179086901964,185.03775
219.48218018837176,185.04393
217.93214479570338,185.04633
224.13228636637686,185.03384
222.5822509737085,185.03384
225.68232175904524,185.03384
221.03221558104013,185.03384
219.48218018837176,185.03384
192.04655373814157,185.03384
211.7320032250299,185.03384
208.63193243969314,185.03384
194.6816139056778,185.03384
194.6816139056778,185.03384
194.6816139056778,185.03384
199.3317200836829,185.03384
202.43179086901964,185.03384
214.83207401036663,185.03384
199.3317200836829,185.03384
211.7320032250299,185.03384
234.9825341150555,185.03384
216.382109403035,185.03384
208.63193243969314,185.03384
193.1315785130094,185.03384
205.53186165435642,185.03384
231.88246332971875,185.03384
228.782392544382,185.03384
227.23235715171361,185.03384
227.23235715171361,185.04425
196.23164929834618,185.07428
199.3317200836829,185.10226
202.43179086901964,185.07764
214.83207401036663,185.03384
208.63193243969314,185.03384
205.53186165435642,185.03384
205.53186165435642,185.03384
205.53186165435642,185.03384
196.23164929834618,185.03384
205.53186165435642,185.0345
219.48218018837176,185.04138
191.27153604180737,185.05106
184.7613873926002,185.05255
171.7410900941859,185.03384
170.50106178005117,185.03384
167.2459874554476,185.03384
166.78097683764707,185.03384
203.981826261688,185.03384
177.01121042925834,185.03384
178.71624936119355,185.03384
177.47622104705886,185.03384
159.49581049210573,185.03384
151.74563352876388,185.03384
159.3408069528389,185.03384
182.43633430359765,185.03384
185.22639801040074,185.03384
176.23619273292417,185.03654
164.14591667011086,185.04082
155.31071493190112,185.04247
217.93214479570338,185.03384
200.8817554763513,185.03384
211.7320032250299,185.03384
224.13228636637686,185.03384
199.3317200836829,185.03384
197.78168469101453,185.03384
196.23164929834618,185.03384
194.6816139056778,185.03384
203.981826261688,185.03384
202.43179086901964,185.03384
202.43179086901964,185.03384
176.8562068899915,185.03384
211.7320032250299,185.03384
173.44612902612107,185.03384
181.35130952872981,185.03384
192.35656081667523,185.03384
188.4814723350043,185.03384
193.1315785130094,185.03384
190.34151480620633,185.03384
186.00141570673492,185.03384
192.97657497374257,185.03384
200.8817554763513,185.03384
196.23164929834618,185.03384
188.4814723350043,185.03384
169.10602992664963,185.03384
185.69140862820123,185.03384
194.6816139056778,185.03384
188.791479413538,185.03384
230.33242793705037,185.03384
231.88246332971875,185.03384
227.23235715171361,185.03384
211.7320032250299,185.03384
219.48218018837176,185.03384
207.0818970470248,185.03384
213.28203861769825,185.03384
208.63193243969314,185.03384
205.53186165435642,185.03384
190.49651834547316,185.03384
196.23164929834618,185.03384
200.8817554763513,185.03384
205.53186165435642,185.03384
210.18196783236152,185.03384
214.83207401036663,185.03384
196.23164929834618,185.03384
202.43179086901964,185.03711
177.6312245863257,185.04225
171.1210759371185,185.04425
182.28133076433082,185.03384
183.8313661569992,185.03384
199.3317200836829,185.03384
202.43179086901964,185.03384
203.981826261688,185.03384
182.126327225064,185.03384
197.78168469101453,185.03384
185.38140154966757,185.03552
186.15641924600172,185.03818
242.73271107839733,185.0392
241.18267568572895,185.03384
241.18267568572895,185.03384
245.8327818637341,185.03384
256.6830296124127,185.03384
247.38281725640246,185.03384
259.7831003977495,185.03384
279.9335605024383,185.03384
331.0847284604946,185.04054
382.2358964185509,185.07352
289.2337728584485,185.1395
270.6333481464281,185.17458
270.6333481464281,185.11989
255.13299421974435,185.03384
296.9839498217904,185.03384
265.98324196842293,185.03384
275.2834543244332,185.03748
253.58295882707594,185.04683
258.2330650050811,185.07544
241.18267568572895,185.09903
259.7831003977495,185.10347
256.6830296124127,185.04225
253.58295882707594,185.04425
242.73271107839733,185.03384
247.38281725640246,185.03384
241.18267568572895,185.03384
248.93285264907084,185.03384
265.98324196842293,185.03384
151.12561937169653,185.03868
151.12561937169653,185.00882
153.14066538216542,184.95885
165.07593790571187,184.87442
165.07593790571187,184.87808
167.2459874554476,184.88344
161.0458458847741,184.89075
161.0458458847741,184.88568
159.18580341357205,184.88913
159.18580341357205,184.87442
159.18580341357205,184.87442
159.18580341357205,184.87442
159.18580341357205,184.87442
163.06089189524297,184.87442
167.2459874554476,184.87442
167.2459874554476,184.87442
169.4160370051833,184.87442
165.07593790571187,184.87442
165.07593790571187,184.87442
165.07593790571187,184.87442
161.0458458847741,184.87442
161.0458458847741,184.87442
161.0458458847741,184.87442
161.0458458847741,184.87442
161.0458458847741,184.87442
157.17075740310315,184.87442
157.17075740310315,184.87442
157.17075740310315,184.87442
161.0458458847741,184.87442
170.03605116225066,184.87442
168.33101223031548,184.87442
164.7659308271782,184.87442
163.06089189524297,184.87442
161.51085650257457,184.87442
161.51085650257457,184.87442
161.51085650257457,184.87442
159.80581757063942,184.87442
156.55074324603584,184.87581
155.00070785336746,184.87779
153.45067246069905,184.87883
153.45067246069905,184.87442
151.74563352876388,184.87442
153.45067246069905,184.87442
153.45067246069905,184.87442
150.1955981360955,184.87442
150.1955981360955,184.87442
146.94052381149191,184.87442
146.94052381149191,184.87442
146.94052381149191,184.87442
150.1955981360955,184.87442
146.94052381149191,184.87442
145.39048841882354,184.87442
143.995456565422,184.87442
145.39048841882354,184.87442
145.39048841882354,184.87442
142.44542117275364,184.87442
140.89538578008523,184.87442
233.43249872238712,184.87442
233.43249872238712,184.87442
230.33242793705037,184.88449
221.03221558104013,184.90001
221.03221558104013,184.90897
222.5822509737085,184.87738
217.93214479570338,184.87442
213.28203861769825,184.87442
211.7320032250299,184.87442
211.7320032250299,184.87442
208.63193243969314,184.87442
208.63193243969314,184.87442
208.63193243969314,184.87442
207.0818970470248,184.87442
203.981826261688,184.87442
200.8817554763513,184.87442
200.8817554763513,184.87442
208.63193243969314,184.87442
200.8817554763513,184.87442
197.78168469101453,184.87442
196.23164929834618,184.87442
196.23164929834618,184.87442
193.1315785130094,184.87442
191.73654665960788,184.87442
189.87650418840585,184.87442
188.01646171720378,184.87442
188.01646171720378,184.87442
188.01646171720378,184.87442
173.44612902612107,184.87442
171.7410900941859,184.87442
170.03605116225066,184.87442
166.4709697591134,184.87442
164.7659308271782,184.87442
163.06089189524297,184.87442
163.06089189524297,184.87442
163.06089189524297,184.87442
159.80581757063942,184.87442
159.80581757063942,184.87442
156.55074324603584,184.87442
155.00070785336746,184.87442
155.00070785336746,184.87442
155.00070785336746,184.87442
155.00070785336746,184.87442
153.45067246069905,184.87442
150.1955981360955,184.87442
146.94052381149191,184.87442
146.94052381149191,184.87442
146.94052381149191,184.87442
143.995456565422,184.87442
143.995456565422,184.87442
145.39048841882354,184.87442
146.94052381149191,184.87442
146.94052381149191,184.87442
150.1955981360955,184.87442
146.94052381149191,184.87627
146.94052381149191,184.87892
153.9156830784996,184.88031
155.77572554970163,184.87442
153.9156830784996,184.87442
152.05564060729753,184.87442
150.04059459682867,184.87442
146.32050965442454,184.87442
144.4604671832225,184.87442
144.4604671832225,184.87442
144.4604671832225,184.87442
146.32050965442454,184.87442
146.32050965442454,184.87442
144.4604671832225,184.87442
144.4604671832225,184.87442
140.58537870155158,184.87442
138.72533623034954,184.87442
138.72533623034954,184.87442
136.86529375914748,184.87442
136.86529375914748,184.87442
135.16025482721227,184.87442
136.86529375914748,184.87442
144.4604671832225,184.87442
144.4604671832225,184.87627
136.86529375914748,184.88396
135.16025482721227,184.89265
133.45521589527706,184.8906
131.75017696334186,184.87442
130.04513803140665,184.87442
130.04513803140665,184.87442
130.04513803140665,184.87442
181.04130245019613,184.87442
181.04130245019613,184.87442
182.126327225064,184.87442
178.71624936119355,184.87442
181.04130245019613,184.87442
181.04130245019613,184.87442
181.04130245019613,184.87442
178.71624936119355,184.87442
178.71624936119355,184.87442
174.37615026172213,184.87442
175.3061714973231,184.87442
173.29112548685424,184.87442
172.20610071198638,184.87442
172.20610071198638,184.87442
170.19105470151752,184.87442
168.17600869104862,184.87442
172.20610071198638,184.87442
172.20610071198638,184.87442
171.27607947638538,184.87442
170.19105470151752,184.87442
171.27607947638538,184.87442
172.20610071198638,184.87442
170.19105470151752,184.87442
168.17600869104862,184.87442
178.71624936119355,184.87442
177.6312245863257,184.87442
172.20610071198638,184.87442
172.20610071198638,184.87442
736.0,184.87442
736.0,184.87442
736.0,184.87442
736.0,184.87442
736.0,184.87442
736.0,184.87442
736.0,184.87442
736.0,184.87442
736.0,184.87442
736.0,184.87442
736.0,184.87442
233.43249872238712,184.8854
219.48218018837176,184.91711
211.7320032250299,184.94849
213.28203861769825,184.92546
221.03221558104013,184.87442
213.28203861769825,184.88083
207.0818970470248,184.89926
203.981826261688,184.9173
203.981826261688,184.9038
200.8817554763513,184.87442
200.8817554763513,184.87442
199.3317200836829,184.87442
194.6816139056778,184.87442
189.87650418840585,184.87442
184.7613873926002,184.87442
183.3663555391987,184.87442
182.43633430359765,184.87442
224.13228636637686,184.87442
228.782392544382,184.87442
233.43249872238712,184.87442
230.33242793705037,184.87442
230.33242793705037,184.87442
230.33242793705037,184.87442
228.782392544382,184.87442
227.23235715171361,184.87442
227.23235715171361,184.87442
227.23235715171361,184.87442
228.782392544382,184.87442
224.13228636637686,184.87442
224.13228636637686,184.87442
224.13228636637686,184.87442
224.13228636637686,184.87442
224.13228636637686,184.87442
224.13228636637686,184.87442
227.23235715171361,184.87627
227.23235715171361,184.87892
222.5822509737085,184.89691
219.48218018837176,184.91586
214.83207401036663,184.9278
213.28203861769825,184.87442
213.28203861769825,184.87442
210.18196783236152,184.87442
208.63193243969314,184.87442
208.63193243969314,184.87442
208.63193243969314,184.87442
187.86145817793695,184.87442
187.86145817793695,184.87442
190.1865112669395,184.87442
187.86145817793695,184.87442
185.53640508893437,184.87442
190.1865112669395,184.87442
192.51156435594206,184.87442
194.6816139056778,184.87442
192.51156435594206,184.87442
190.1865112669395,184.87442
190.1865112669395,184.87442
187.86145817793695,184.87442
187.86145817793695,184.87442
183.21135199993182,184.87442
185.53640508893437,184.87442
183.21135199993182,184.87936
183.21135199993182,184.89021
181.04130245019613,184.89928
181.04130245019613,184.88618
176.391196272191,184.87442
176.391196272191,184.87442
178.71624936119355,184.87442
183.21135199993182,184.87442
183.21135199993182,184.87442
187.86145817793695,184.87442
185.53640508893437,184.8854
178.71624936119355,184.90134
176.391196272191,184.90964
178.71624936119355,184.87442
149.73058751829498,184.87442
149.73058751829498,184.87442
146.63051673295826,184.87442
145.08048134028985,184.87442
143.37544240835464,184.87442
143.37544240835464,184.87442
141.8254070156863,184.87442
135.47026190574593,184.87442
133.92022651307758,184.87442
132.52519465967603,184.87442
132.52519465967603,184.87442
131.1301628062745,184.87442
128.18509556020462,184.87442
126.79006370680308,184.87442
126.79006370680308,184.87442
125.39503185340153,184.87442
124.0,184.87442
124.0,184.87442
125.39503185340153,184.87442
135.47026190574593,184.87442
135.47026190574593,184.87946
131.1301628062745,184.89317
129.73513095287296,184.90627
128.18509556020462,184.89499
126.79006370680308,184.87442
128.18509556020462,184.87442
126.79006370680308,184.87442
128.18509556020462,184.87442
180.26628475386192,184.87442
177.78622812559252,184.87442
175.3061714973231,184.87442
170.19105470151752,184.87442
180.26628475386192,184.87442
175.3061714973231,184.87442
172.6711113297869,184.87442
170.19105470151752,184.87442
167.71099807324808,184.87442
167.71099807324808,184.87442
165.2309414449787,184.87442
165.2309414449787,184.87442
160.27082818843988,184.87442
158.1007786387042,184.87442
155.77572554970163,184.87442
153.6056759999659,184.93259
151.28062291096336,185.0244
151.28062291096336,185.05443
153.6056759999659,184.88177
153.6056759999659,184.87442
151.28062291096336,184.87442
151.28062291096336,184.87442
151.28062291096336,184.87442
153.6056759999659,184.87442
153.6056759999659,184.87442
151.28062291096336,184.87442
158.1007786387042,184.87672
160.27082818843988,184.88007
180.26628475386192,184.88177
177.78622812559252,184.87442
175.3061714973231,184.87442
170.19105470151752,184.87442
180.26628475386192,184.87442
175.3061714973231,184.87442
172.6711113297869,184.87442
170.19105470151752,184.87442
167.71099807324808,184.87442
167.71099807324808,184.87442
165.2309414449787,184.87442
165.2309414449787,184.87442
160.27082818843988,184.87442
158.1007786387042,184.87442
155.77572554970163,184.87442
153.6056759999659,184.87442
151.28062291096336,184.87442
151.28062291096336,184.87442
153.6056759999659,184.87442
153.6056759999659,184.87442
151.28062291096336,184.87442
151.28062291096336,184.87442
151.28062291096336,184.87442
153.6056759999659,184.87442
153.6056759999659,184.87442
151.28062291096336,184.87442
158.1007786387042,184.87442
177.78622812559252,184.87991
221.03221558104013,184.91017
224.13228636637686,184.94838
217.93214479570338,184.94604
214.83207401036663,184.87442
208.63193243969314,184.87442
214.83207401036663,184.87442
211.7320032250299,184.87442
233.43249872238712,184.88812
236.53256950772385,184.91353
224.13228636637686,184.93175
202.43179086901964,184.89206
208.63193243969314,184.87442
202.43179086901964,184.87442
196.23164929834618,184.87442
202.43179086901964,184.87442
199.3317200836829,184.87442
196.23164929834618,184.87442
196.23164929834618,184.87442
190.03150772767268,184.87442
186.93143694233592,184.87442
183.8313661569992,184.87442
183.8313661569992,184.87442
183.8313661569992,184.87442
180.7312953716624,184.87442
180.7312953716624,184.87442
177.6312245863257,184.87442
177.6312245863257,184.87442
177.6312245863257,184.87442
183.8313661569992,184.87442
168.33101223031548,184.87442
165.2309414449787,184.87442
162.13087065964197,184.87442
159.80581757063942,184.87442
159.80581757063942,184.87442
159.80581757063942,184.87442
157.48076448163687,184.87442
155.1557113926343,184.87442
152.8306583036317,184.87442
171.4310830156522,184.87442
183.8313661569992,184.87442
165.2309414449787,184.87442
159.80581757063942,184.87442
165.2309414449787,184.87442
174.53115380098896,184.87442
174.53115380098896,184.87442
168.33101223031548,184.87442
168.33101223031548,184.87442
157.48076448163687,184.87442
155.1557113926343,184.87442
152.8306583036317,184.88037
150.50560521462916,184.88905
145.85549903662405,184.89352
143.5304459476215,184.87442
141.20539285861895,184.87442
143.5304459476215,184.87442
148.1805521256266,184.87534
148.1805521256266,184.87668
180.26628475386192,184.87738
175.3061714973231,184.87442
172.6711113297869,184.87442
170.19105470151752,184.87442
167.71099807324808,184.87442
167.71099807324808,184.87442
162.75088481670934,184.87442
160.27082818843988,184.87442
172.6711113297869,184.87442
213.28203861769825,184.87442
210.18196783236152,184.89305
196.23164929834618,184.92119
185.22639801040074,184.9342
170.19105470151752,184.87442
165.2309414449787,184.87442
165.2309414449787,184.87442
162.75088481670934,184.87442
160.27082818843988,184.87442
158.1007786387042,184.87442
155.77572554970163,184.87442
153.6056759999659,184.87442
153.6056759999659,184.87442
170.19105470151752,184.87442
160.27082818843988,184.88129
160.27082818843988,184.8913
155.77572554970163,184.89645
151.28062291096336,184.87442
149.1105733612276,184.87442
165.2309414449787,184.87442
165.2309414449787,184.87442
165.2309414449787,184.87442
162.13087065964197,184.87442
159.80581757063942,184.87442
162.13087065964197,184.87442
162.13087065964197,184.87442
159.80581757063942,184.87442
157.48076448163687,184.87442
162.13087065964197,184.87442
162.13087065964197,184.87442
162.13087065964197,184.87442
162.13087065964197,184.87442
159.80581757063942,184.87442
159.80581757063942,184.87442
168.33101223031548,184.87442
180.7312953716624,184.88173
168.33101223031548,184.9015
165.2309414449787,184.92023
159.80581757063942,184.9038
157.48076448163687,184.87442
152.8306583036317,184.87442
159.80581757063942,184.87442
186.93143694233592,184.87442
186.93143694233592,184.89131
165.2309414449787,184.9166
155.1557113926343,184.92867
157.48076448163687,184.87442
182.90134492139816,184.87442
179.3362635182609,184.87442
179.3362635182609,184.87442
175.9261856543905,184.87442
172.5161077905201,184.87442
170.19105470151752,184.87442
166.9359803769139,184.87442
164.61092728791135,184.87442
164.61092728791135,184.87442
207.0818970470248,184.87442
269.0833127537597,184.87442
338.83490542383646,184.90941
267.5332773610913,185.0003
234.9825341150555,185.07741
217.93214479570338,184.9921
213.28203861769825,184.87442
205.53186165435642,184.87442
197.78168469101453,184.88686
191.27153604180737,184.90494
192.51156435594206,184.91432
190.1865112669395,184.87442
185.38140154966757,184.87442
180.5762918323956,184.87442
179.3362635182609,184.87442
175.9261856543905,184.87442
205.53186165435642,184.87442
205.53186165435642,184.87442
269.0833127537597,184.88495
225.68232175904524,184.91066
177.01121042925834,184.93378
174.84116087952262,184.90819
173.60113256538793,184.87442
172.5161077905201,184.87442
175.9261856543905,184.87442
172.5161077905201,184.87442
170.19105470151752,184.87854
168.02100515178176,184.88455
166.9359803769139,184.88765
164.61092728791135,184.87442
163.52590251304352,184.87442
161.20084942404094,184.87442
159.03079987430522,184.87442
156.86075032456952,184.87442
156.86075032456952,184.87442
156.86075032456952,184.87442
152.52065122509805,184.87442
150.50560521462916,184.87442
146.4755131936914,184.87442
144.4604671832225,184.87442
144.4604671832225,184.87442
145.39048841882354,184.87442
145.39048841882354,184.87442
150.50560521462916,184.87442
148.4905592041603,184.87442
149.4205804397613,184.87442
151.4356264502302,184.87442
150.50560521462916,184.87442
207.0818970470248,184.87442
205.53186165435642,184.87442
210.18196783236152,184.87442
211.7320032250299,184.87442
208.63193243969314,184.87442
203.981826261688,184.87442
202.43179086901964,184.87442
202.43179086901964,184.87442
200.8817554763513,184.87442
197.78168469101453,184.87442
196.23164929834618,184.87442
196.23164929834618,184.87442
196.23164929834618,184.87442
196.23164929834618,184.87442
194.6816139056778,184.87442
191.27153604180737,184.87442
189.10148649207164,184.87442
186.93143694233592,184.87442
188.01646171720378,184.87442
196.23164929834618,184.87442
190.1865112669395,184.87442
186.93143694233592,184.87442
184.7613873926002,184.87442
181.66131660726347,184.87442
194.6816139056778,184.87442
202.43179086901964,184.87442
189.10148649207164,184.88766
194.6816139056778,184.91917
197.78168469101453,184.94696
196.23164929834618,184.91403
196.23164929834618,184.87442
194.6816139056778,184.87442
207.0818970470248,184.8759
191.27153604180737,184.87804
188.9464829528048,184.87914
187.70645463867012,184.87442
186.62142986380226,184.87442
186.62142986380226,184.87442
184.14137323553285,184.87442
184.14137323553285,184.87442
181.8163201465303,184.87442
180.5762918323956,184.87442
179.3362635182609,184.87442
177.01121042925834,184.87442
178.25123874339303,184.87442
177.01121042925834,184.87442
174.84116087952262,184.87442
172.5161077905201,184.87442
173.60113256538793,184.87442
172.5161077905201,184.87442
170.19105470151752,184.87442
174.84116087952262,184.87442
173.60113256538793,184.87442
172.5161077905201,184.87442
171.4310830156522,184.87442
170.19105470151752,184.87442
181.8163201465303,184.87442
186.15641924600172,184.87442
185.07139447113386,184.87442
181.8163201465303,184.87442
179.64627059679458,184.87442
185.07139447113386,184.87442
188.4814723350043,184.88312
191.73654665960788,184.89574
187.2414440208696,184.90233
182.90134492139816,184.87442
179.64627059679458,184.87442
181.8163201465303,184.87442
191.73654665960788,184.87442
187.2414440208696,184.87827
180.7312953716624,184.88387
177.47622104705886,184.88676
175.46117503658996,184.87442
173.44612902612107,184.87442
170.34605824078434,184.87442
169.26103346591646,184.87442
167.2459874554476,184.87442
165.2309414449787,184.87442
165.2309414449787,184.87442
161.0458458847741,184.87442
159.03079987430522,184.87442
159.03079987430522,184.87442
157.01575386383632,184.87442
157.01575386383632,184.87442
159.03079987430522,184.87442
192.04655373814157,184.87442
189.10148649207164,184.87442
186.15641924600172,184.87442
179.64627059679458,184.87442
177.47622104705886,184.87442
176.8562068899915,184.87442
174.06614318318842,184.87442
174.06614318318842,184.87442
173.44612902612107,184.87442
174.68615734025576,184.87442
176.8562068899915,184.87442
181.8163201465303,184.87442
178.25123874339303,184.87442
175.46117503658996,184.87442
173.44612902612107,184.87442
173.44612902612107,184.87442
172.05109717271955,184.87442
170.03605116225066,184.87442
167.2459874554476,184.87442
167.2459874554476,184.87442
165.2309414449787,184.87442
172.6711113297869,184.87442
171.27607947638538,184.87581
169.26103346591646,184.8915
170.656065319318,184.91245
175.46117503658996,184.91843
175.46117503658996,184.87442
173.44612902612107,184.88586
177.6312245863257,184.90248
172.6711113297869,184.91112
186.15641924600172,184.87442
163.74290746801708,184.87442
172.05109717271955,184.87442
171.7410900941859,184.87442
208.63193243969314,184.87442
210.18196783236152,184.87442
197.78168469101453,184.87442
194.6816139056778,184.87442
192.04655373814157,184.87442
199.3317200836829,184.87442
736.0,184.87442
736.0,184.89177
736.0,184.9178
736.0,184.93013
736.0,184.87442
736.0,184.87442
736.0,184.87442
736.0,184.87442
736.0,184.87442
736.0,184.87442
736.0,184.87442
736.0,184.87442
736.0,184.87442
736.0,184.87442
736.0,184.8872
736.0,184.90945
736.0,184.92441
736.0,184.88618
736.0,184.88629
736.0,184.90358
736.0,184.91258
736.0,184.87442
736.0,184.87442
736.0,184.87442
736.0,184.87442
736.0,184.87442
736.0,184.87442
736.0,184.87442
189.25649003133847,184.87442
190.34151480620633,184.87442
190.96152896327368,184.87442
181.35130952872981,184.87442
179.49126705752772,184.87442
171.8960936334527,184.87442
194.6816139056778,184.87442
224.13228636637686,184.87442
241.18267568572895,184.89949
213.28203861769825,184.95586
199.3317200836829,184.9976
197.78168469101453,184.93158
181.19630598946296,184.87442
166.62597329838025,184.87442
196.23164929834618,184.87581
205.53186165435642,184.87779
227.23235715171361,184.87883
224.13228636637686,184.87442
227.23235715171361,184.87442
236.53256950772385,184.87442
224.13228636637686,184.87442
222.5822509737085,184.87442
214.83207401036663,184.87442
216.382109403035,184.87442
207.0818970470248,184.87442
213.28203861769825,184.87442
213.28203861769825,184.87442
202.43179086901964,184.87442
207.0818970470248,184.87442
202.43179086901964,184.87442
194.6816139056778,184.87442
216.382109403035,184.87442
211.7320032250299,184.87442
188.791479413538,184.87442
200.8817554763513,184.87442
199.3317200836829,184.87442
205.53186165435642,184.87442
170.03605116225066,184.87442
203.981826261688,184.87442
213.28203861769825,184.87442
210.18196783236152,184.87442
194.6816139056778,184.87442
213.28203861769825,184.87442
225.68232175904524,184.87442
202.43179086901964,184.87442
227.23235715171361,184.87442
225.68232175904524,184.87442
210.18196783236152,184.8801
205.53186165435642,184.88838
200.8817554763513,184.89264
192.35656081667523,184.87442
233.43249872238712,184.87442
228.782392544382,184.87442
217.93214479570338,184.87442
222.5822509737085,184.87442
196.23164929834618,184.87442
207.0818970470248,184.87442
184.29637677479968,184.87442
180.7312953716624,184.87442
191.27153604180737,184.87442
203.981826261688,184.87442
216.382109403035,184.87442
230.33242793705037,184.87827
194.6816139056778,184.88387
214.83207401036663,184.88676
210.18196783236152,184.87442
199.3317200836829,184.87442
192.97657497374257,184.87442
199.3317200836829,184.87442
205.53186165435642,184.87991
200.8817554763513,184.88792
199.3317200836829,184.89206
197.78168469101453,184.87442
205.53186165435642,184.87442
200.8817554763513,184.87442
208.63193243969314,184.87442
205.53186165435642,184.87442
191.11653250254054,184.87442
193.1315785130094,184.87442
193.1315785130094,184.87442
193.1315785130094,184.87442
186.00141570673492,184.87442
214.83207401036663,184.87442
225.68232175904524,184.87442
207.0818970470248,184.87442
203.981826261688,184.87442
187.2414440208696,184.87442
189.41149357060533,184.87442
217.93214479570338,184.87442
207.0818970470248,184.87442
210.18196783236152,184.87442
205.53186165435642,184.87442
210.18196783236152,184.87442
203.981826261688,184.87442
203.981826261688,184.87442
205.53186165435642,184.87442
196.23164929834618,184.87442
210.18196783236152,184.87442
207.0818970470248,184.87442
205.53186165435642,184.87442
180.88629891092927,184.87442
177.1662139685252,184.87442
200.8817554763513,184.87442
188.01646171720378,184.87442
192.6665678952089,184.87442
197.78168469101453,184.87442
224.13228636637686,184.87442
177.78622812559252,184.87442
188.1714652564706,184.87442
202.43179086901964,184.87442
186.62142986380226,184.87991
177.78622812559252,184.88792
169.57104054445017,184.89206
176.8562068899915,184.87442
417.88671044992344,184.87764
355.8852947431886,184.88231
286.1337020731118,184.92719
236.53256950772385,184.98486
187.3964475601364,185.01057
200.8817554763513,184.88177
214.83207401036663,184.87442
199.3317200836829,184.87442
199.3317200836829,184.87442
207.0818970470248,184.87442
189.87650418840585,184.87442
183.056348460665,184.87442
197.78168469101453,184.87442
190.34151480620633,184.87442
190.80652542400688,184.87552
238.08260490039223,184.87712
234.9825341150555,184.87796
221.03221558104013,184.87442
205.53186165435642,184.87442
192.97657497374257,184.87442
230.33242793705037,184.87442
203.981826261688,184.87442
200.8817554763513,184.87442
197.78168469101453,184.87442
197.78168469101453,184.87442
202.43179086901964,184.87442
188.63647587427113,184.87442
185.07139447113386,184.87442
191.27153604180737,184.87442
188.63647587427113,184.87442
193.1315785130094,184.87442
196.23164929834618,184.87442
211.7320032250299,184.87442
225.68232175904524,184.87442
205.53186165435642,184.87442
203.981826261688,184.87442
202.43179086901964,184.87442
191.89155019887474,184.87442
196.23164929834618,184.87442
196.23164929834618,184.87442
194.6816139056778,184.87442
200.8817554763513,184.87442
196.23164929834618,184.87442
193.1315785130094,184.87442
179.3362635182609,184.87442
169.726044083717,184.87442
155.00070785336746,184.87442
165.69595206277918,184.87442
172.82611486905373,184.87442
173.44612902612107,184.87442
161.82086358110828,184.87442
145.70049549735722,184.87442
161.9758671203751,184.87442
164.4559237486445,184.87442
164.14591667011086,184.87442
175.9261856543905,184.87442
156.86075032456952,184.87442
164.14591667011086,184.87442
165.2309414449787,184.87442
149.8855910575618,184.87442
164.3009202093777,184.87442
164.14591667011086,184.87442
160.11582464917308,184.87442
164.14591667011086,184.87442
155.77572554970163,184.87442
157.48076448163687,184.87442
150.04059459682867,184.87442
153.45067246069905,184.87442
152.8306583036317,184.87442
152.8306583036317,184.87442
154.53569723556694,184.87442
131.75017696334186,184.87442
171.1210759371185,184.87442
172.05109717271955,184.87442
197.78168469101453,184.87442
191.42653958107422,184.87442
178.71624936119355,184.87442
190.1865112669395,184.87442
188.1714652564706,184.87442
172.3611042512532,184.87442
186.77643340306906,184.87442
188.63647587427113,184.87442
242.73271107839733,184.88248
241.18267568572895,184.92142
216.382109403035,184.96991
207.0818970470248,184.9618
197.78168469101453,184.87845
197.78168469101453,184.88432
187.70645463867012,184.88736
196.23164929834618,184.87442
188.791479413538,184.87442
188.32646879573747,184.87442
194.6816139056778,184.87442
188.9464829528048,184.87442
180.26628475386192,184.87442
185.22639801040074,184.87442
177.1662139685252,184.87442
175.9261856543905,184.87727
174.84116087952262,184.88141
157.63576802090367,184.88354
210.18196783236152,184.87442
199.3317200836829,184.87442
222.5822509737085,184.87442
211.7320032250299,184.87442
200.8817554763513,184.87442
188.9464829528048,184.87442
208.63193243969314,184.87442
189.721500649139,184.87442
203.981826261688,184.87442
202.43179086901964,184.87442
203.981826261688,184.87442
205.53186165435642,184.87442
174.22114672245527,184.87442
203.981826261688,184.87442
207.0818970470248,184.87442
174.22114672245527,184.87442
238.08260490039223,184.87544
230.33242793705037,184.88467
221.03221558104013,184.9081
207.0818970470248,184.92726
200.8817554763513,184.91112
192.82157143447571,184.87442
207.0818970470248,184.87442
208.63193243969314,184.87442
200.8817554763513,184.87442
207.0818970470248,184.87442
193.1315785130094,184.87442
202.43179086901964,184.87442
168.17600869104862,184.87442
170.34605824078434,184.87442
177.1662139685252,184.87442
179.3362635182609,184.87442
181.8163201465303,184.87442
166.9359803769139,184.87442
172.6711113297869,184.87442
208.63193243969314,184.87442
192.20155727740843,184.87442
227.23235715171361,184.91373
194.6816139056778,185.00404
188.01646171720378,185.07155
173.44612902612107,184.971
178.56124582192672,184.87442
181.9713236857971,184.87442
187.2414440208696,184.87672
191.11653250254054,184.88007
191.11653250254054,184.88177
189.56649710987216,184.87442
181.66131660726347,184.87442
171.8960936334527,184.87442
168.95102638738283,184.87442
183.98636969626602,184.87442
174.84116087952262,184.87442
177.9412316648594,184.87442
174.84116087952262,184.87442
173.44612902612107,184.87442
174.22114672245527,184.87442
169.8810476229838,184.87442
172.6711113297869,184.87442
176.5461998114578,184.87442
171.1210759371185,184.87442
168.17600869104862,184.87442
171.1210759371185,184.87442
210.18196783236152,184.87442
247.38281725640246,184.88966
225.68232175904524,184.93817
187.08644048160278,184.99606
183.21135199993182,184.97462
194.6816139056778,184.89645
180.26628475386192,184.87442
186.77643340306906,184.87442
183.3663555391987,184.87442
190.03150772767268,184.87442
171.8960936334527,184.87442
181.04130245019613,184.87442
197.78168469101453,184.87442
262.8831711830862,184.90218
200.8817554763513,184.96716
200.8817554763513,185.0169
196.23164929834618,184.94493
203.981826261688,184.90202
188.63647587427113,184.94513
180.11128121459507,184.96237
186.62142986380226,184.87442
194.6816139056778,184.87442
200.8817554763513,184.87442
208.63193243969314,184.87442
208.63193243969314,184.87442
248.93285264907084,184.87442
244.28274647106574,184.87442
242.73271107839733,184.87442
239.6326402930606,184.87442
239.6326402930606,184.87442
238.08260490039223,184.87442
238.08260490039223,184.87442
242.73271107839733,184.87442
213.28203861769825,184.87442
219.48218018837176,184.87442
194.6816139056778,184.87442
187.08644048160278,184.87442
210.18196783236152,184.87442
234.9825341150555,184.87442
245.8327818637341,184.88586
252.03292343440756,184.91109
231.88246332971875,184.9435
230.33242793705037,184.93018
210.18196783236152,184.91112
231.88246332971875,184.87442
214.83207401036663,184.87442
214.83207401036663,184.87442
199.3317200836829,184.87442
203.981826261688,184.87442
196.23164929834618,184.87442
199.3317200836829,184.87442
202.43179086901964,184.87636
219.48218018837176,184.87915
217.93214479570338,184.8806
224.13228636637686,184.87442
222.5822509737085,184.87442
225.68232175904524,184.88495
221.03221558104013,184.90024
219.48218018837176,184.90819
192.04655373814157,184.87442
211.7320032250299,184.87442
208.63193243969314,184.87442
194.6816139056778,184.87442
194.6816139056778,184.87442
194.6816139056778,184.87442
199.3317200836829,184.87442
202.43179086901964,184.87442
214.83207401036663,184.87442
199.3317200836829,184.87442
211.7320032250299,184.87442
234.9825341150555,184.87442
216.382109403035,184.87936
208.63193243969314,184.88657
193.1315785130094,184.89029
205.53186165435642,184.87442
231.88246332971875,184.87442
228.782392544382,184.87442
227.23235715171361,184.87442
227.23235715171361,184.87636
196.23164929834618,184.88564
199.3317200836829,184.89655
202.43179086901964,184.8953
214.83207401036663,184.87442
208.63193243969314,184.87442
205.53186165435642,184.87442
205.53186165435642,184.87442
205.53186165435642,184.87442
196.23164929834618,184.87442
205.53186165435642,184.87608
219.48218018837176,184.87848
191.27153604180737,184.87973
184.7613873926002,184.87442
171.7410900941859,184.87442
170.50106178005117,184.87442
167.2459874554476,184.87442
166.78097683764707,184.87442
203.981826261688,184.87442
177.01121042925834,184.87442
178.71624936119355,184.87442
177.47622104705886,184.87442
159.49581049210573,184.87442
151.74563352876388,184.87442
159.3408069528389,184.87442
182.43633430359765,184.87442
185.22639801040074,184.87442
176.23619273292417,184.87442
164.14591667011086,184.87442
155.31071493190112,184.87442
217.93214479570338,184.87442
200.8817554763513,184.87442
211.7320032250299,184.87442
224.13228636637686,184.87442
199.3317200836829,184.87442
197.78168469101453,184.87442
196.23164929834618,184.87442
194.6816139056778,184.87442
203.981826261688,184.87442
202.43179086901964,184.87442
202.43179086901964,184.87442
176.8562068899915,184.87442
211.7320032250299,184.87442
173.44612902612107,184.87442
181.35130952872981,184.87442
192.35656081667523,184.87442
188.4814723350043,184.87442
193.1315785130094,184.87442
190.34151480620633,184.87442
186.00141570673492,184.87442
192.97657497374257,184.87442
200.8817554763513,184.87442
196.23164929834618,184.87442
188.4814723350043,184.87442
169.10602992664963,184.87442
185.69140862820123,184.87442
194.6816139056778,184.87442
188.791479413538,184.87442
230.33242793705037,184.87442
231.88246332971875,184.87442
227.23235715171361,184.87442
211.7320032250299,184.87442
219.48218018837176,184.87442
207.0818970470248,184.87442
213.28203861769825,184.87442
208.63193243969314,184.87442
205.53186165435642,184.87442
190.49651834547316,184.87442
196.23164929834618,184.87442
200.8817554763513,184.87442
205.53186165435642,184.87442
210.18196783236152,184.87442
214.83207401036663,184.87672
196.23164929834618,184.88007
202.43179086901964,184.88177
177.6312245863257,184.87442
171.1210759371185,184.87442
182.28133076433082,184.87442
183.8313661569992,184.87442
199.3317200836829,184.87442
202.43179086901964,184.87442
203.981826261688,184.87442
182.126327225064,184.87442
197.78168469101453,184.87442
185.38140154966757,184.87442
186.15641924600172,184.87442
242.73271107839733,184.87442
241.18267568572895,184.87442
241.18267568572895,184.87442
245.8327818637341,184.87442
256.6830296124127,184.87442
247.38281725640246,184.87442
259.7831003977495,184.87442
279.9335605024383,184.87442
331.0847284604946,184.87909
382.2358964185509,184.93031
289.2337728584485,185.02745
270.6333481464281,185.07455
270.6333481464281,184.95789
255.13299421974435,184.87442
296.9839498217904,184.87442
265.98324196842293,184.87506
275.2834543244332,184.876
253.58295882707594,184.87648
258.2330650050811,184.88182
241.18267568572895,184.89262
259.7831003977495,184.90114
256.6830296124127,184.88162
253.58295882707594,184.88383
242.73271107839733,184.87442
247.38281725640246,184.87442
241.18267568572895,184.87442
248.93285264907084,184.87442
265.98324196842293,184.87442
151.12561937169653,184.8757
151.12561937169653,184.85089
153.14066538216542,184.83067
165.07593790571187,184.83809
165.07593790571187,184.85117
167.2459874554476,184.86841
161.0458458847741,184.87367
161.0458458847741,184.84354
159.18580341357205,184.83942
159.18580341357205,184.83809
159.18580341357205,184.83809
159.18580341357205,184.841
159.18580341357205,184.84557
163.06089189524297,184.84763
167.2459874554476,184.84128
167.2459874554476,184.83809
169.4160370051833,184.83809
165.07593790571187,184.83961
165.07593790571187,184.84451
165.07593790571187,184.85114
161.0458458847741,184.85481
161.0458458847741,184.85173
161.0458458847741,184.85
161.0458458847741,184.84636
161.0458458847741,184.8471
157.17075740310315,184.83809
157.17075740310315,184.83809
157.17075740310315,184.83809
161.0458458847741,184.83809
170.03605116225066,184.83809
168.33101223031548,184.84007
164.7659308271782,184.84222
163.06089189524297,184.84259
161.51085650257457,184.83809
161.51085650257457,184.83809
161.51085650257457,184.83809
159.80581757063942,184.83809
156.55074324603584,184.84114
155.00070785336746,184.8444
153.45067246069905,184.84499
153.45067246069905,184.84148
151.74563352876388,184.84512
153.45067246069905,184.84706
153.45067246069905,184.84714
150.1955981360955,184.85445
150.1955981360955,184.8527
146.94052381149191,184.83809
146.94052381149191,184.83809
146.94052381149191,184.83809
150.1955981360955,184.83809
146.94052381149191,184.83809
145.39048841882354,184.83809
143.995456565422,184.83809
145.39048841882354,184.83809
145.39048841882354,184.83809
142.44542117275364,184.83809
140.89538578008523,184.83809
233.43249872238712,184.83809
233.43249872238712,184.83809
230.33242793705037,184.85231
221.03221558104013,184.87094
221.03221558104013,184.8759
222.5822509737085,184.84303
217.93214479570338,184.84862
213.28203861769825,184.85938
211.7320032250299,184.85982
211.7320032250299,184.83932
208.63193243969314,184.84445
208.63193243969314,184.84987
208.63193243969314,184.84914
207.0818970470248,184.83809
203.981826261688,184.83809
200.8817554763513,184.83809
200.8817554763513,184.83809
208.63193243969314,184.83856
200.8817554763513,184.84521
197.78168469101453,184.85213
196.23164929834618,184.85452
196.23164929834618,184.84296
193.1315785130094,184.8434
191.73654665960788,184.83809
189.87650418840585,184.83809
188.01646171720378,184.83809
188.01646171720378,184.83809
188.01646171720378,184.83809
173.44612902612107,184.83809
171.7410900941859,184.8558
170.03605116225066,184.8769
166.4709697591134,184.88066
164.7659308271782,184.83809
163.06089189524297,184.83809
163.06089189524297,184.83846
163.06089189524297,184.83882
159.80581757063942,184.8389
159.80581757063942,184.83809
156.55074324603584,184.83809
155.00070785336746,184.83809
155.00070785336746,184.83809
155.00070785336746,184.83809
155.00070785336746,184.83809
153.45067246069905,184.83809
150.1955981360955,184.83809
146.94052381149191,184.83809
146.94052381149191,184.83809
146.94052381149191,184.83809
143.995456565422,184.83809
143.995456565422,184.83809
145.39048841882354,184.83984
146.94052381149191,184.84349
146.94052381149191,184.84839
150.1955981360955,184.84764
146.94052381149191,184.84651
146.94052381149191,184.84319
153.9156830784996,184.84492
155.77572554970163,184.8408
153.9156830784996,184.84048
152.05564060729753,184.83809
150.04059459682867,184.83809
146.32050965442454,184.83809
144.4604671832225,184.83809
144.4604671832225,184.83809
144.4604671832225,184.83809
146.32050965442454,184.83809
146.32050965442454,184.83809
144.4604671832225,184.83809
144.4604671832225,184.84021
140.58537870155158,184.8448
138.72533623034954,184.84772
138.72533623034954,184.8434
136.86529375914748,184.83809
136.86529375914748,184.83809
135.16025482721227,184.83809
136.86529375914748,184.83809
144.4604671832225,184.83809
144.4604671832225,184.84488
136.86529375914748,184.85246
135.16025482721227,184.85371
133.45521589527706,184.83809
131.75017696334186,184.83809
130.04513803140665,184.83809
130.04513803140665,184.83809
130.04513803140665,184.83809
181.04130245019613,184.83809
181.04130245019613,184.83809
182.126327225064,184.83809
178.71624936119355,184.8416
181.04130245019613,184.84538
181.04130245019613,184.84697
181.04130245019613,184.84062
178.71624936119355,184.84341
178.71624936119355,184.84471
174.37615026172213,184.84642
175.3061714973231,184.8468
173.29112548685424,184.84842
172.20610071198638,184.84647
172.20610071198638,184.83942
170.19105470151752,184.83809
168.17600869104862,184.83809
172.20610071198638,184.83809
172.20610071198638,184.85252
171.27607947638538,184.87163
170.19105470151752,184.87689
171.27607947638538,184.84286
172.20610071198638,184.83809
170.19105470151752,184.83809
168.17600869104862,184.83809
178.71624936119355,184.83809
177.6312245863257,184.83809
172.20610071198638,184.83809
172.20610071198638,184.83809
736.0,184.83809
736.0,184.83809
736.0,184.83809
736.0,184.83809
736.0,184.83809
736.0,184.83809
736.0,184.83809
736.0,184.83809
736.0,184.83809
736.0,184.83809
736.0,184.83809
233.43249872238712,184.83809
219.48218018837176,184.85674
211.7320032250299,184.87897
213.28203861769825,184.88293
221.03221558104013,184.83867
213.28203861769825,184.85423
207.0818970470248,184.87514
203.981826261688,184.88033
203.981826261688,184.84525
200.8817554763513,184.83809
200.8817554763513,184.83809
199.3317200836829,184.83809
194.6816139056778,184.83809
189.87650418840585,184.83809
184.7613873926002,184.83809
183.3663555391987,184.83809
182.43633430359765,184.83809
224.13228636637686,184.83809
228.782392544382,184.83809
233.43249872238712,184.83809
230.33242793705037,184.85664
230.33242793705037,184.87874
230.33242793705037,184.88373
228.782392544382,184.84029
227.23235715171361,184.84048
227.23235715171361,184.83809
227.23235715171361,184.83809
228.782392544382,184.83809
224.13228636637686,184.83809
224.13228636637686,184.83809
224.13228636637686,184.83809
224.13228636637686,184.83809
224.13228636637686,184.83809
224.13228636637686,184.83809
227.23235715171361,184.84042
227.23235715171361,184.84657
222.5822509737085,184.8509
219.48218018837176,184.8463
214.83207401036663,184.83809
213.28203861769825,184.83809
213.28203861769825,184.83809
210.18196783236152,184.83809
208.63193243969314,184.83809
208.63193243969314,184.83926
208.63193243969314,184.84998
187.86145817793695,184.86111
187.86145817793695,184.86034
190.1865112669395,184.83809
187.86145817793695,184.83809
185.53640508893437,184.83809
190.1865112669395,184.83809
192.51156435594206,184.83809
194.6816139056778,184.83809
192.51156435594206,184.83809
190.1865112669395,184.83809
190.1865112669395,184.83809
187.86145817793695,184.83809
187.86145817793695,184.83809
183.21135199993182,184.83809
185.53640508893437,184.84021
183.21135199993182,184.84305
183.21135199993182,184.85342
181.04130245019613,184.85956
181.04130245019613,184.86009
176.391196272191,184.83809
176.391196272191,184.83809
178.71624936119355,184.83984
183.21135199993182,184.84465
183.21135199993182,184.85406
187.86145817793695,184.85722
185.53640508893437,184.867
178.71624936119355,184.87689
176.391196272191,184.89062
178.71624936119355,184.86009
149.73058751829498,184.84889
149.73058751829498,184.83809
146.63051673295826,184.83809
145.08048134028985,184.83809
143.37544240835464,184.83809
143.37544240835464,184.83809
141.8254070156863,184.83809
135.47026190574593,184.83809
133.92022651307758,184.83809
132.52519465967603,184.83809
132.52519465967603,184.83809
131.1301628062745,184.83809
128.18509556020462,184.83809
126.79006370680308,184.83809
126.79006370680308,184.83809
125.39503185340153,184.83809
124.0,184.83809
124.0,184.83809
125.39503185340153,184.83809
135.47026190574593,184.83809
135.47026190574593,184.85057
131.1301628062745,184.88283
129.73513095287296,184.90656
128.18509556020462,184.88148
126.79006370680308,184.83966
128.18509556020462,184.84015
126.79006370680308,184.8389
128.18509556020462,184.83809
180.26628475386192,184.83809
177.78622812559252,184.83809
175.3061714973231,184.83809
170.19105470151752,184.83809
180.26628475386192,184.83809
175.3061714973231,184.83809
172.6711113297869,184.83809
170.19105470151752,184.83809
167.71099807324808,184.83926
167.71099807324808,184.84343
165.2309414449787,184.8468
165.2309414449787,184.85396
160.27082818843988,184.9179
158.1007786387042,184.9957
155.77572554970163,184.9914
153.6056759999659,184.87718
151.28062291096336,184.92299
151.28062291096336,184.92947
153.6056759999659,184.8434
153.6056759999659,184.83809
151.28062291096336,184.84436
151.28062291096336,184.85132
151.28062291096336,184.85257
153.6056759999659,184.83835
153.6056759999659,184.86366
151.28062291096336,184.92027
158.1007786387042,184.95818
160.27082818843988,184.90355
180.26628475386192,184.84662
177.78622812559252,184.85551
175.3061714973231,184.85678
170.19105470151752,184.83809
180.26628475386192,184.83809
175.3061714973231,184.84828
172.6711113297869,184.86009
170.19105470151752,184.86214
167.71099807324808,184.83809
167.71099807324808,184.83809
165.2309414449787,184.83809
165.2309414449787,184.83809
160.27082818843988,184.83809
158.1007786387042,184.83821
155.77572554970163,184.83835
153.6056759999659,184.83836
151.28062291096336,184.83809
151.28062291096336,184.83809
153.6056759999659,184.83809
153.6056759999659,184.83809
151.28062291096336,184.83809
151.28062291096336,184.83809
151.28062291096336,184.83809
153.6056759999659,184.83809
153.6056759999659,184.83809
151.28062291096336,184.83809
158.1007786387042,184.83809
177.78622812559252,184.83833
221.03221558104013,184.86285
224.13228636637686,184.89726
217.93214479570338,184.91055
214.83207401036663,184.85889
208.63193243969314,184.85599
214.83207401036663,184.85562
211.7320032250299,184.84991
233.43249872238712,184.83809
236.53256950772385,184.8588
224.13228636637686,184.88727
202.43179086901964,184.8957
208.63193243969314,184.84657
202.43179086901964,184.83846
196.23164929834618,184.84338
202.43179086901964,184.84882
199.3317200836829,184.84937
196.23164929834618,184.83914
196.23164929834618,184.83809
190.03150772767268,184.83809
186.93143694233592,184.83926
183.8313661569992,184.84053
183.8313661569992,184.84076
183.8313661569992,184.84021
180.7312953716624,184.84247
180.7312953716624,184.84286
177.6312245863257,184.83809
177.6312245863257,184.83809
177.6312245863257,184.83809
183.8313661569992,184.83809
168.33101223031548,184.83821
165.2309414449787,184.83835
162.13087065964197,184.8393
159.80581757063942,184.84004
159.80581757063942,184.84023
159.80581757063942,184.83809
157.48076448163687,184.83809
155.1557113926343,184.83809
152.8306583036317,184.83809
171.4310830156522,184.83809
183.8313661569992,184.83809
165.2309414449787,184.83809
159.80581757063942,184.83809
165.2309414449787,184.83809
174.53115380098896,184.83809
174.53115380098896,184.83809
168.33101223031548,184.83809
168.33101223031548,184.84032
157.48076448163687,184.84271
155.1557113926343,184.84312
152.8306583036317,184.84828
150.50560521462916,184.86125
145.85549903662405,184.86453
143.5304459476215,184.84076
141.20539285861895,184.83833
143.5304459476215,184.83858
148.1805521256266,184.83862
148.1805521256266,184.83809
180.26628475386192,184.83809
175.3061714973231,184.84592
172.6711113297869,184.85478
170.19105470151752,184.85628
167.71099807324808,184.83809
167.71099807324808,184.83809
162.75088481670934,184.83809
160.27082818843988,184.83809
172.6711113297869,184.83809
213.28203861769825,184.83809
210.18196783236152,184.8629
196.23164929834618,184.89748
185.22639801040074,184.908
170.19105470151752,184.84901
165.2309414449787,184.83835
165.2309414449787,184.83836
162.75088481670934,184.83926
160.27082818843988,184.84064
158.1007786387042,184.86168
155.77572554970163,184.88383
153.6056759999659,184.88802
153.6056759999659,184.83809
170.19105470151752,184.83809
160.27082818843988,184.84778
160.27082818843988,184.87111
155.77572554970163,184.88736
151.28062291096336,184.8672
149.1105733612276,184.83809
165.2309414449787,184.83809
165.2309414449787,184.83809
165.2309414449787,184.83926
162.13087065964197,184.84053
159.80581757063942,184.84076
162.13087065964197,184.83809
162.13087065964197,184.83821
159.80581757063942,184.86447
157.48076448163687,184.896
162.13087065964197,184.90143
162.13087065964197,184.84488
162.13087065964197,184.85304
162.13087065964197,184.85495
159.80581757063942,184.83942
159.80581757063942,184.83809
168.33101223031548,184.83809
180.7312953716624,184.84265
168.33101223031548,184.85472
165.2309414449787,184.86365
159.80581757063942,184.87178
157.48076448163687,184.87668
152.8306583036317,184.88156
159.80581757063942,184.84076
186.93143694233592,184.83821
186.93143694233592,184.86107
165.2309414449787,184.88864
155.1557113926343,184.89355
157.48076448163687,184.83862
182.90134492139816,184.8516
179.3362635182609,184.86748
179.3362635182609,184.87024
175.9261856543905,184.83809
172.5161077905201,184.841
170.19105470151752,184.84416
166.9359803769139,184.84471
164.61092728791135,184.83809
164.61092728791135,184.83809
207.0818970470248,184.83809
269.0833127537597,184.85468
338.83490542383646,184.88773
267.5332773610913,184.92767
234.9825341150555,184.92726
217.93214479570338,184.91309
213.28203861769825,184.86491
205.53186165435642,184.83809
197.78168469101453,184.83821
191.27153604180737,184.83835
192.51156435594206,184.83836
190.1865112669395,184.83809
185.38140154966757,184.83846
180.5762918323956,184.8394
179.3362635182609,184.84325
175.9261856543905,184.84596
205.53186165435642,184.84525
205.53186165435642,184.841
269.0833127537597,184.85423
225.68232175904524,184.89105
177.01121042925834,184.9163
174.84116087952262,184.89813
173.60113256538793,184.83867
172.5161077905201,184.84164
175.9261856543905,184.84602
172.5161077905201,184.85133
170.19105470151752,184.8528
168.02100515178176,184.85384
166.9359803769139,184.84866
164.61092728791135,184.85379
163.52590251304352,184.85645
161.20084942404094,184.85371
159.03079987430522,184.83809
156.86075032456952,184.83809
156.86075032456952,184.83809
156.86075032456952,184.83809
152.52065122509805,184.83809
150.50560521462916,184.83809
146.4755131936914,184.83809
144.4604671832225,184.83809
144.4604671832225,184.83809
145.39048841882354,184.8522
145.39048841882354,184.86884
150.50560521462916,184.87189
148.4905592041603,184.84926
149.4205804397613,184.86197
151.4356264502302,184.86414
150.50560521462916,184.83975
207.0818970470248,184.84142
205.53186165435642,184.84148
210.18196783236152,184.8389
211.7320032250299,184.83809
208.63193243969314,184.84265
203.981826261688,184.84755
202.43179086901964,184.85515
202.43179086901964,184.85246
200.8817554763513,184.85722
197.78168469101453,184.84795
196.23164929834618,184.85136
196.23164929834618,184.84393
196.23164929834618,184.83809
196.23164929834618,184.83809
194.6816139056778,184.83809
191.27153604180737,184.83809
189.10148649207164,184.83809
186.93143694233592,184.83809
188.01646171720378,184.83809
196.23164929834618,184.83809
190.1865112669395,184.84694
186.93143694233592,184.85732
184.7613873926002,184.8593
181.66131660726347,184.83945
194.6816139056778,184.8398
202.43179086901964,184.84006
189.10148649207164,184.851
194.6816139056778,184.86589
197.78168469101453,184.86823
196.23164929834618,184.83809
196.23164929834618,184.83809
194.6816139056778,184.83809
207.0818970470248,184.83809
191.27153604180737,184.83809
188.9464829528048,184.83809
187.70645463867012,184.83809
186.62142986380226,184.83809
186.62142986380226,184.83809
184.14137323553285,184.83809
184.14137323553285,184.83809
181.8163201465303,184.83809
180.5762918323956,184.83809
179.3362635182609,184.83809
177.01121042925834,184.83809
178.25123874339303,184.83809
177.01121042925834,184.83809
174.84116087952262,184.83809
172.5161077905201,184.83809
173.60113256538793,184.83809
172.5161077905201,184.83809
170.19105470151752,184.83809
174.84116087952262,184.85817
173.60113256538793,184.88219
172.5161077905201,184.88649
171.4310830156522,184.83809
170.19105470151752,184.83926
181.8163201465303,184.84146
186.15641924600172,184.84268
185.07139447113386,184.84023
181.8163201465303,184.84042
179.64627059679458,184.84296
185.07139447113386,184.8434
188.4814723350043,184.83809
191.73654665960788,184.84953
187.2414440208696,184.86401
182.90134492139816,184.86827
179.64627059679458,184.85022
181.8163201465303,184.85683
191.73654665960788,184.85678
187.2414440208696,184.85107
180.7312953716624,184.8663
177.47622104705886,184.86899
175.46117503658996,184.83809
173.44612902612107,184.83809
170.34605824078434,184.83809
169.26103346591646,184.83809
167.2459874554476,184.83809
165.2309414449787,184.83809
165.2309414449787,184.83809
161.0458458847741,184.83809
159.03079987430522,184.83809
159.03079987430522,184.83809
157.01575386383632,184.83809
157.01575386383632,184.83809
159.03079987430522,184.84572
192.04655373814157,184.85432
189.10148649207164,184.85576
186.15641924600172,184.83809
179.64627059679458,184.83809
177.47622104705886,184.83809
176.8562068899915,184.83809
174.06614318318842,184.83809
174.06614318318842,184.83809
173.44612902612107,184.83809
174.68615734025576,184.83809
176.8562068899915,184.83809
181.8163201465303,184.83809
178.25123874339303,184.83809
175.46117503658996,184.83809
173.44612902612107,184.83809
173.44612902612107,184.83809
172.05109717271955,184.83846
170.03605116225066,184.83882
167.2459874554476,184.8389
167.2459874554476,184.83809
165.2309414449787,184.84848
172.6711113297869,184.86206
171.27607947638538,184.86578
169.26103346591646,184.84987
170.656065319318,184.85593
175.46117503658996,184.85928
175.46117503658996,184.84407
173.44612902612107,184.84926
177.6312245863257,184.85173
172.6711113297869,184.85068
186.15641924600172,184.84604
163.74290746801708,184.83809
172.05109717271955,184.83809
171.7410900941859,184.83809
208.63193243969314,184.83809
210.18196783236152,184.83809
197.78168469101453,184.83833
194.6816139056778,184.83858
192.04655373814157,184.83862
199.3317200836829,184.83809
736.0,184.83809
736.0,184.85767
736.0,184.88104
736.0,184.88522
736.0,184.83809
736.0,184.83809
736.0,184.83809
736.0,184.83809
736.0,184.8586
736.0,184.8831
736.0,184.88808
736.0,184.8496
736.0,184.86163
736.0,184.86237
736.0,184.85684
736.0,184.88927
736.0,184.90501
736.0,184.86386
736.0,184.87085
736.0,184.90825
736.0,184.91261
736.0,184.84207
736.0,184.83809
736.0,184.83809
736.0,184.83809
736.0,184.83809
736.0,184.83809
736.0,184.83809
189.25649003133847,184.83809
190.34151480620633,184.83809
190.96152896327368,184.83809
181.35130952872981,184.83809
179.49126705752772,184.83809
171.8960936334527,184.83809
194.6816139056778,184.84021
224.13228636637686,184.84247
241.18267568572895,184.87805
213.28203861769825,184.92622
199.3317200836829,184.9452
197.78168469101453,184.86086
181.19630598946296,184.83809
166.62597329838025,184.83809
196.23164929834618,184.84137
205.53186165435642,184.8449
227.23235715171361,184.85672
224.13228636637686,184.8624
227.23235715171361,184.86467
236.53256950772385,184.83809
224.13228636637686,184.83809
222.5822509737085,184.83809
214.83207401036663,184.83809
216.382109403035,184.85622
207.0818970470248,184.87898
213.28203861769825,184.8841
213.28203861769825,184.84134
202.43179086901964,184.83931
207.0818970470248,184.83942
202.43179086901964,184.8416
194.6816139056778,184.84538
216.382109403035,184.84604
211.7320032250299,184.84694
188.791479413538,184.8571
200.8817554763513,184.85881
199.3317200836829,184.83809
205.53186165435642,184.8593
170.03605116225066,184.8847
203.981826261688,184.88927
213.28203861769825,184.83809
210.18196783236152,184.83809
194.6816139056778,184.83809
213.28203861769825,184.83904
225.68232175904524,184.84004
202.43179086901964,184.84023
227.23235715171361,184.83809
225.68232175904524,184.83809
210.18196783236152,184.84384
205.53186165435642,184.85588
200.8817554763513,184.86322
192.35656081667523,184.85118
233.43249872238712,184.83809
228.782392544382,184.83809
217.93214479570338,184.83809
222.5822509737085,184.83809
196.23164929834618,184.83846
207.0818970470248,184.83882
184.29637677479968,184.8389
180.7312953716624,184.83809
191.27153604180737,184.83809
203.981826261688,184.83809
216.382109403035,184.83809
230.33242793705037,184.83833
194.6816139056778,184.83858
214.83207401036663,184.83862
210.18196783236152,184.83809
199.3317200836829,184.83809
192.97657497374257,184.83809
199.3317200836829,184.83809
205.53186165435642,184.83867
200.8817554763513,184.83931
199.3317200836829,184.83942
197.78168469101453,184.83809
205.53186165435642,184.83809
200.8817554763513,184.83809
208.63193243969314,184.83809
205.53186165435642,184.83809
191.11653250254054,184.83809
193.1315785130094,184.83809
193.1315785130094,184.83809
193.1315785130094,184.83809
186.00141570673492,184.83809
214.83207401036663,184.83809
225.68232175904524,184.83809
207.0818970470248,184.85263
203.981826261688,184.86977
187.2414440208696,184.87279
189.41149357060533,184.83809
217.93214479570338,184.83809
207.0818970470248,184.83809
210.18196783236152,184.83809
205.53186165435642,184.83856
210.18196783236152,184.83908
203.981826261688,184.83914
203.981826261688,184.83867
205.53186165435642,184.84164
196.23164929834618,184.84427
210.18196783236152,184.8434
207.0818970470248,184.83809
205.53186165435642,184.83809
180.88629891092927,184.83809
177.1662139685252,184.83809
200.8817554763513,184.83809
188.01646171720378,184.83809
192.6665678952089,184.83809
197.78168469101453,184.83809
224.13228636637686,184.84042
177.78622812559252,184.86055
188.1714652564706,184.88252
202.43179086901964,184.89037
186.62142986380226,184.85841
177.78622812559252,184.86208
169.57104054445017,184.8449
176.8562068899915,184.84785
417.88671044992344,184.85405
355.8852947431886,184.8803
286.1337020731118,184.9972
236.53256950772385,185.10976
187.3964475601364,185.10771
200.8817554763513,184.84778
214.83207401036663,184.86032
199.3317200836829,184.86375
199.3317200836829,184.84128
207.0818970470248,184.83809
189.87650418840585,184.83809
183.056348460665,184.83809
197.78168469101453,184.83809
190.34151480620633,184.83809
190.80652542400688,184.8516
238.08260490039223,184.87827
234.9825341150555,184.89694
221.03221558104013,184.87299
205.53186165435642,184.85037
192.97657497374257,184.8434
230.33242793705037,184.83809
203.981826261688,184.83809
200.8817554763513,184.83809
197.78168469101453,184.83809
197.78168469101453,184.83809
202.43179086901964,184.83809
188.63647587427113,184.83809
185.07139447113386,184.83809
191.27153604180737,184.83809
188.63647587427113,184.83809
193.1315785130094,184.83809
196.23164929834618,184.83809
211.7320032250299,184.83809
225.68232175904524,184.83809
205.53186165435642,184.83809
203.981826261688,184.84276
202.43179086901964,184.85301
191.89155019887474,184.85953
196.23164929834618,184.84991
196.23164929834618,184.83809
194.6816139056778,184.83809
200.8817554763513,184.83809
196.23164929834618,184.83809
193.1315785130094,184.83867
179.3362635182609,184.83931
169.726044083717,184.83942
155.00070785336746,184.83809
165.69595206277918,184.83809
172.82611486905373,184.83833
173.44612902612107,184.83858
161.82086358110828,184.83862
145.70049549735722,184.83809
161.9758671203751,184.83809
164.4559237486445,184.83809
164.14591667011086,184.83809
175.9261856543905,184.83809
156.86075032456952,184.84332
164.14591667011086,184.849
165.2309414449787,184.84991
149.8855910575618,184.83809
164.3009202093777,184.83809
164.14591667011086,184.83809
160.11582464917308,184.83809
164.14591667011086,184.83809
155.77572554970163,184.83809
157.48076448163687,184.83809
150.04059459682867,184.83809
153.45067246069905,184.83809
152.8306583036317,184.83809
152.8306583036317,184.83809
154.53569723556694,184.83809
131.75017696334186,184.83809
171.1210759371185,184.83809
172.05109717271955,184.83809
197.78168469101453,184.83809
191.42653958107422,184.83809
178.71624936119355,184.83809
190.1865112669395,184.83809
188.1714652564706,184.83809
172.3611042512532,184.83809
186.77643340306906,184.83809
188.63647587427113,184.83809
242.73271107839733,184.87546
241.18267568572895,184.93504
216.382109403035,184.95938
207.0818970470248,184.8705
197.78168469101453,184.84572
197.78168469101453,184.85432
187.70645463867012,184.85576
196.23164929834618,184.83809
188.791479413538,184.83809
188.32646879573747,184.83809
194.6816139056778,184.83809
188.9464829528048,184.83809
180.26628475386192,184.83809
185.22639801040074,184.83833
177.1662139685252,184.83858
175.9261856543905,184.84459
174.84116087952262,184.85062
157.63576802090367,184.8517
210.18196783236152,184.83833
199.3317200836829,184.83858
222.5822509737085,184.83862
211.7320032250299,184.83809
200.8817554763513,184.83809
188.9464829528048,184.83809
208.63193243969314,184.83809
189.721500649139,184.83809
203.981826261688,184.83809
202.43179086901964,184.83809
203.981826261688,184.83809
205.53186165435642,184.83809
174.22114672245527,184.83809
203.981826261688,184.83809
207.0818970470248,184.83809
174.22114672245527,184.83891
238.08260490039223,184.8404
230.33242793705037,184.86563
221.03221558104013,184.90512
207.0818970470248,184.92303
200.8817554763513,184.86644
192.82157143447571,184.83809
207.0818970470248,184.84042
208.63193243969314,184.84296
200.8817554763513,184.8434
207.0818970470248,184.84042
193.1315785130094,184.84818
202.43179086901964,184.8543
168.17600869104862,184.84991
170.34605824078434,184.83809
177.1662139685252,184.83809
179.3362635182609,184.83809
181.8163201465303,184.83809
166.9359803769139,184.83809
172.6711113297869,184.83809
208.63193243969314,184.83809
192.20155727740843,184.83809
227.23235715171361,184.88063
194.6816139056778,184.94978
188.01646171720378,184.97922
173.44612902612107,184.87787
178.56124582192672,184.83809
181.9713236857971,184.83809
187.2414440208696,184.83809
191.11653250254054,184.83809
191.11653250254054,184.83809
189.56649710987216,184.83809
181.66131660726347,184.83809
171.8960936334527,184.83809
168.95102638738283,184.83809
183.98636969626602,184.83809
174.84116087952262,184.83809
177.9412316648594,184.83809
174.84116087952262,184.83809
173.44612902612107,184.83809
174.22114672245527,184.83809
169.8810476229838,184.83809
172.6711113297869,184.83809
176.5461998114578,184.83809
171.1210759371185,184.83809
168.17600869104862,184.8424
171.1210759371185,184.84789
210.18196783236152,184.84956
247.38281725640246,184.84941
225.68232175904524,184.88017
187.08644048160278,184.90932
183.21135199993182,184.8932
194.6816139056778,184.84076
180.26628475386192,184.83809
186.77643340306906,184.83809
183.3663555391987,184.83809
190.03150772767268,184.83809
171.8960936334527,184.83809
181.04130245019613,184.83809
197.78168469101453,184.83926
262.8831711830862,184.87033
200.8817554763513,184.91801
200.8817554763513,184.93582
196.23164929834618,184.86638
203.981826261688,184.83942
188.63647587427113,184.83809
180.11128121459507,184.83809
186.62142986380226,184.85034
194.6816139056778,184.875
200.8817554763513,184.88954
208.63193243969314,184.86263
208.63193243969314,184.83809
248.93285264907084,184.83809
244.28274647106574,184.83809
242.73271107839733,184.83809
239.6326402930606,184.83809
239.6326402930606,184.83809
238.08260490039223,184.83809
238.08260490039223,184.83809
242.73271107839733,184.83809
213.28203861769825,184.83809
219.48218018837176,184.83809
194.6816139056778,184.83809
187.08644048160278,184.83809
210.18196783236152,184.83809
234.9825341150555,184.83984
245.8327818637341,184.85016
252.03292343440756,184.86685
231.88246332971875,184.87883
230.33242793705037,184.86806
210.18196783236152,184.85371
231.88246332971875,184.83809
214.83207401036663,184.83809
214.83207401036663,184.83809
199.3317200836829,184.83809
203.981826261688,184.83809
196.23164929834618,184.83809
199.3317200836829,184.83809
202.43179086901964,184.843
219.48218018837176,184.8537
217.93214479570338,184.86049
224.13228636637686,184.85042
222.5822509737085,184.83809
225.68232175904524,184.84322
221.03221558104013,184.84879
219.48218018837176,184.84966
192.04655373814157,184.83809
211.7320032250299,184.83809
208.63193243969314,184.83809
194.6816139056778,184.83809
194.6816139056778,184.83809
194.6816139056778,184.83809
199.3317200836829,184.83809
202.43179086901964,184.83809
214.83207401036663,184.83867
199.3317200836829,184.83931
211.7320032250299,184.83942
234.9825341150555,184.84276
216.382109403035,184.86566
208.63193243969314,184.88783
193.1315785130094,184.88116
205.53186165435642,184.83809
231.88246332971875,184.83809
228.782392544382,184.83809
227.23235715171361,184.84674
227.23235715171361,184.85663
196.23164929834618,184.86237
199.3317200836829,184.84659
202.43179086901964,184.84735
214.83207401036663,184.83809
208.63193243969314,184.83809
205.53186165435642,184.83809
205.53186165435642,184.83809
205.53186165435642,184.83809
196.23164929834618,184.83809
205.53186165435642,184.8395
219.48218018837176,184.8451
191.27153604180737,184.84976
184.7613873926002,184.84735
171.7410900941859,184.83809
170.50106178005117,184.83809
167.2459874554476,184.83809
166.78097683764707,184.83809
203.981826261688,184.83809
177.01121042925834,184.83809
178.71624936119355,184.83809
177.47622104705886,184.83809
159.49581049210573,184.83809
151.74563352876388,184.83809
159.3408069528389,184.83809
182.43633430359765,184.83809
185.22639801040074,184.83809
176.23619273292417,184.83891
164.14591667011086,184.8398
155.31071493190112,184.84229
217.93214479570338,184.84726
200.8817554763513,184.85237
211.7320032250299,184.84787
224.13228636637686,184.83821
199.3317200836829,184.83835
197.78168469101453,184.83836
196.23164929834618,184.83809
194.6816139056778,184.83809
203.981826261688,184.83809
202.43179086901964,184.83809
202.43179086901964,184.83809
176.8562068899915,184.83809
211.7320032250299,184.83809
173.44612902612107,184.83809
181.35130952872981,184.83809
192.35656081667523,184.83809
188.4814723350043,184.83809
193.1315785130094,184.83809
190.34151480620633,184.83809
186.00141570673492,184.83809
192.97657497374257,184.83809
200.8817554763513,184.83809
196.23164929834618,184.83809
188.4814723350043,184.83809
169.10602992664963,184.83809
185.69140862820123,184.83809
194.6816139056778,184.83809
188.791479413538,184.83809
230.33242793705037,184.83809
231.88246332971875,184.83809
227.23235715171361,184.83809
211.7320032250299,184.83809
219.48218018837176,184.83809
207.0818970470248,184.83809
213.28203861769825,184.83809
208.63193243969314,184.83809
205.53186165435642,184.83809
190.49651834547316,184.83809
196.23164929834618,184.83809
200.8817554763513,184.83809
205.53186165435642,184.83809
210.18196783236152,184.84538
214.83207401036663,184.85362
196.23164929834618,184.855
202.43179086901964,184.83809
177.6312245863257,184.83809
171.1210759371185,184.83809
182.28133076433082,184.83809
183.8313661569992,184.83809
199.3317200836829,184.83809
202.43179086901964,184.83809
203.981826261688,184.8593
182.126327225064,184.8847
197.78168469101453,184.89044
185.38140154966757,184.84053
186.15641924600172,184.84518
242.73271107839733,184.84848
241.18267568572895,184.85054
241.18267568572895,184.84076
245.8327818637341,184.83809
256.6830296124127,184.83809
247.38281725640246,184.83809
259.7831003977495,184.83809
279.9335605024383,184.83809
331.0847284604946,184.85107
382.2358964185509,184.88887
289.2337728584485,184.96558
270.6333481464281,184.9999
270.6333481464281,184.95743
255.13299421974435,184.83809
296.9839498217904,184.83809
265.98324196842293,184.83809
275.2834543244332,184.84406
253.58295882707594,184.8743
258.2330650050811,184.90451
241.18267568572895,184.89682
259.7831003977495,184.84338
256.6830296124127,184.84636
253.58295882707594,184.8471
242.73271107839733,184.83809
247.38281725640246,184.83809
241.18267568572895,184.83809
248.93285264907084,184.841
265.98324196842293,184.84416
151.12561937169653,184.85818
151.12561937169653,184.9017
153.14066538216542,184.90186
165.07593790571187,184.82507
165.07593790571187,184.82628
167.2459874554476,184.82715
161.0458458847741,184.82788
161.0458458847741,184.82819
159.18580341357205,184.82939
159.18580341357205,184.83002
159.18580341357205,184.82846
159.18580341357205,184.82735
159.18580341357205,184.83005
163.06089189524297,184.83134
167.2459874554476,184.83125
167.2459874554476,184.83415
169.4160370051833,184.8359
165.07593790571187,184.83502
165.07593790571187,184.83266
165.07593790571187,184.83186
161.0458458847741,184.83124
161.0458458847741,184.83253
161.0458458847741,184.83498
161.0458458847741,184.83702
161.0458458847741,184.83788
157.17075740310315,184.8382
157.17075740310315,184.8384
157.17075740310315,184.83861
161.0458458847741,184.83846
170.03605116225066,184.83894
168.33101223031548,184.83807
164.7659308271782,184.82967
163.06089189524297,184.81995
161.51085650257457,184.82472
161.51085650257457,184.83913
161.51085650257457,184.84105
159.80581757063942,184.8384
156.55074324603584,184.83278
155.00070785336746,184.8242
153.45067246069905,184.82205
153.45067246069905,184.81834
151.74563352876388,184.82317
153.45067246069905,184.84198
153.45067246069905,184.85199
150.1955981360955,184.84882
150.1955981360955,184.84624
146.94052381149191,184.84904
146.94052381149191,184.85103
146.94052381149191,184.85614
150.1955981360955,184.8601
146.94052381149191,184.86337
145.39048841882354,184.86357
143.995456565422,184.86293
145.39048841882354,184.86455
145.39048841882354,184.86462
142.44542117275364,184.85822
140.89538578008523,184.8517
233.43249872238712,184.8469
233.43249872238712,184.83418
230.33242793705037,184.81122
221.03221558104013,184.79375
221.03221558104013,184.79692
222.5822509737085,184.78831
217.93214479570338,184.78787
213.28203861769825,184.78526
211.7320032250299,184.78784
211.7320032250299,184.79436
208.63193243969314,184.80597
208.63193243969314,184.81168
208.63193243969314,184.81685
207.0818970470248,184.81819
203.981826261688,184.81613
200.8817554763513,184.81897
200.8817554763513,184.82492
208.63193243969314,184.82242
200.8817554763513,184.81415
197.78168469101453,184.80821
196.23164929834618,184.81972
196.23164929834618,184.82706
193.1315785130094,184.82736
191.73654665960788,184.8256
189.87650418840585,184.82469
188.01646171720378,184.8295
188.01646171720378,184.83453
188.01646171720378,184.83858
173.44612902612107,184.84183
171.7410900941859,184.83835
170.03605116225066,184.82416
166.4709697591134,184.80673
164.7659308271782,184.80627
163.06089189524297,184.80641
163.06089189524297,184.80211
163.06089189524297,184.79771
159.80581757063942,184.79968
159.80581757063942,184.80605
156.55074324603584,184.81253
155.00070785336746,184.81654
155.00070785336746,184.8209
155.00070785336746,184.82361
155.00070785336746,184.82544
153.45067246069905,184.82603
150.1955981360955,184.82779
146.94052381149191,184.82872
146.94052381149191,184.83067
146.94052381149191,184.83266
143.995456565422,184.83629
143.995456565422,184.83836
145.39048841882354,184.84146
146.94052381149191,184.83865
146.94052381149191,184.83209
150.1955981360955,184.82492
146.94052381149191,184.82726
146.94052381149191,184.83157
153.9156830784996,184.8366
155.77572554970163,184.83853
153.9156830784996,184.82822
152.05564060729753,184.80916
150.04059459682867,184.81262
146.32050965442454,184.8209
144.4604671832225,184.82407
144.4604671832225,184.82681
144.4604671832225,184.82892
146.32050965442454,184.83176
146.32050965442454,184.83475
144.4604671832225,184.83513
144.4604671832225,184.83191
140.58537870155158,184.82797
138.72533623034954,184.82816
138.72533623034954,184.83179
136.86529375914748,184.83577
136.86529375914748,184.84389
135.16025482721227,184.85268
136.86529375914748,184.85057
144.4604671832225,184.84828
144.4604671832225,184.85115
136.86529375914748,184.84615
135.16025482721227,184.83865
133.45521589527706,184.83191
131.75017696334186,184.82538
130.04513803140665,184.8298
130.04513803140665,184.83699
130.04513803140665,184.84103
181.04130245019613,184.84894
181.04130245019613,184.84734
182.126327225064,184.82799
178.71624936119355,184.80415
181.04130245019613,184.81056
181.04130245019613,184.81972
181.04130245019613,184.82587
178.71624936119355,184.82509
178.71624936119355,184.82469
174.37615026172213,184.8295
175.3061714973231,184.83397
173.29112548685424,184.83244
172.20610071198638,184.8252
172.20610071198638,184.822
170.19105470151752,184.83228
168.17600869104862,184.83495
172.20610071198638,184.828
172.20610071198638,184.82442
171.27607947638538,184.82152
170.19105470151752,184.82231
171.27607947638538,184.82977
172.20610071198638,184.83865
170.19105470151752,184.8438
168.17600869104862,184.84123
178.71624936119355,184.84164
177.6312245863257,184.8447
172.20610071198638,184.85226
172.20610071198638,184.86075
736.0,184.86377
736.0,184.85814
736.0,184.83525
736.0,184.80885
736.0,184.80794
736.0,184.80664
736.0,184.80304
736.0,184.80109
736.0,184.80583
736.0,184.81075
736.0,184.81253
233.43249872238712,184.81654
219.48218018837176,184.8209
211.7320032250299,184.82635
213.28203861769825,184.83464
221.03221558104013,184.83919
213.28203861769825,184.83209
207.0818970470248,184.82492
203.981826261688,184.82726
203.981826261688,184.82976
200.8817554763513,184.82503
200.8817554763513,184.82019
199.3317200836829,184.82495
194.6816139056778,184.83939
189.87650418840585,184.83792
184.7613873926002,184.83092
183.3663555391987,184.82483
182.43633430359765,184.82526
224.13228636637686,184.82822
228.782392544382,184.83156
233.43249872238712,184.82994
230.33242793705037,184.8166
230.33242793705037,184.81915
230.33242793705037,184.82109
228.782392544382,184.82405
227.23235715171361,184.82587
227.23235715171361,184.82219
227.23235715171361,184.8151
228.782392544382,184.80502
224.13228636637686,184.80345
224.13228636637686,184.79997
224.13228636637686,184.80504
224.13228636637686,184.81552
224.13228636637686,184.82872
224.13228636637686,184.83022
227.23235715171361,184.83176
227.23235715171361,184.83456
222.5822509737085,184.83652
219.48218018837176,184.83862
214.83207401036663,184.84146
213.28203861769825,184.84048
213.28203861769825,184.83649
210.18196783236152,184.82968
208.63193243969314,184.82675
208.63193243969314,184.83157
208.63193243969314,184.8366
187.86145817793695,184.84561
187.86145817793695,184.85081
190.1865112669395,184.84438
187.86145817793695,184.83604
185.53640508893437,184.83586
190.1865112669395,184.83614
192.51156435594206,184.83731
194.6816139056778,184.83855
192.51156435594206,184.83717
190.1865112669395,184.83742
190.1865112669395,184.84006
187.86145817793695,184.84079
187.86145817793695,184.8348
183.21135199993182,184.82803
185.53640508893437,184.82726
183.21135199993182,184.82976
183.21135199993182,184.82959
181.04130245019613,184.83151
181.04130245019613,184.8363
176.391196272191,184.83107
176.391196272191,184.82294
178.71624936119355,184.81897
183.21135199993182,184.82256
183.21135199993182,184.81958
187.86145817793695,184.81976
185.53640508893437,184.82968
178.71624936119355,184.83745
176.391196272191,184.83662
178.71624936119355,184.8381
149.73058751829498,184.83017
149.73058751829498,184.82445
146.63051673295826,184.82416
145.08048134028985,184.81932
143.37544240835464,184.81068
143.37544240835464,184.81032
141.8254070156863,184.81392
135.47026190574593,184.81631
133.92022651307758,184.81895
132.52519465967603,184.82007
132.52519465967603,184.82425
131.1301628062745,184.83092
128.18509556020462,184.83572
126.79006370680308,184.83957
126.79006370680308,184.84207
125.39503185340153,184.84016
124.0,184.83006
124.0,184.81573
125.39503185340153,184.80931
135.47026190574593,184.8116
135.47026190574593,184.81491
131.1301628062745,184.82224
129.73513095287296,184.82648
128.18509556020462,184.82494
126.79006370680308,184.82478
128.18509556020462,184.8308
126.79006370680308,184.83769
128.18509556020462,184.84283
180.26628475386192,184.8524
177.78622812559252,184.86183
175.3061714973231,184.856
170.19105470151752,184.84628
180.26628475386192,184.84048
175.3061714973231,184.84212
172.6711113297869,184.83745
170.19105470151752,184.8275
167.71099807324808,184.82137
167.71099807324808,184.82399
165.2309414449787,184.82576
165.2309414449787,184.82735
160.27082818843988,184.83582
158.1007786387042,184.84045
155.77572554970163,184.83826
153.6056759999659,184.82677
151.28062291096336,184.8176
151.28062291096336,184.82527
153.6056759999659,184.8277
153.6056759999659,184.82567
151.28062291096336,184.81691
151.28062291096336,184.8063
151.28062291096336,184.81596
153.6056759999659,184.81819
153.6056759999659,184.81912
151.28062291096336,184.81764
158.1007786387042,184.81519
160.27082818843988,184.81773
180.26628475386192,184.81856
177.78622812559252,184.82034
175.3061714973231,184.82512
170.19105470151752,184.82806
180.26628475386192,184.81804
175.3061714973231,184.80692
172.6711113297869,184.80817
170.19105470151752,184.81734
167.71099807324808,184.83176
167.71099807324808,184.83487
165.2309414449787,184.8378
165.2309414449787,184.84918
160.27082818843988,184.85216
158.1007786387042,184.8425
155.77572554970163,184.83965
153.6056759999659,184.83769
151.28062291096336,184.84003
151.28062291096336,184.84418
153.6056759999659,184.84795
153.6056759999659,184.843
151.28062291096336,184.83455
151.28062291096336,184.84262
151.28062291096336,184.86034
153.6056759999659,184.87036
153.6056759999659,184.87473
151.28062291096336,184.87103
158.1007786387042,184.85797
177.78622812559252,184.84735
221.03221558104013,184.82565
224.13228636637686,184.80107
217.93214479570338,184.81024
214.83207401036663,184.81876
208.63193243969314,184.82301
214.83207401036663,184.80777
211.7320032250299,184.811
233.43249872238712,184.82362
236.53256950772385,184.82053
224.13228636637686,184.81265
202.43179086901964,184.8109
208.63193243969314,184.8157
202.43179086901964,184.82353
196.23164929834618,184.8256
202.43179086901964,184.82538
199.3317200836829,184.83199
196.23164929834618,184.83049
196.23164929834618,184.82642
190.03150772767268,184.82484
186.93143694233592,184.82054
183.8313661569992,184.8254
183.8313661569992,184.82806
183.8313661569992,184.82172
180.7312953716624,184.8161
180.7312953716624,184.81535
177.6312245863257,184.81596
177.6312245863257,184.80765
177.6312245863257,184.8154
183.8313661569992,184.83849
168.33101223031548,184.84506
165.2309414449787,184.83731
162.13087065964197,184.83382
159.80581757063942,184.83179
159.80581757063942,184.83565
159.80581757063942,184.83128
157.48076448163687,184.83487
155.1557113926343,184.85014
152.8306583036317,184.8647
171.4310830156522,184.8531
183.8313661569992,184.83351
165.2309414449787,184.84172
159.80581757063942,184.85098
165.2309414449787,184.8459
174.53115380098896,184.85037
174.53115380098896,184.85883
168.33101223031548,184.86441
168.33101223031548,184.86227
157.48076448163687,184.84645
155.1557113926343,184.83913
152.8306583036317,184.82794
150.50560521462916,184.82166
145.85549903662405,184.81242
143.5304459476215,184.80807
141.20539285861895,184.81116
143.5304459476215,184.81697
148.1805521256266,184.82005
148.1805521256266,184.82242
180.26628475386192,184.82326
175.3061714973231,184.82178
172.6711113297869,184.81313
170.19105470151752,184.80902
167.71099807324808,184.80743
167.71099807324808,184.8175
162.75088481670934,184.81369
160.27082818843988,184.81711
172.6711113297869,184.82722
213.28203861769825,184.83348
210.18196783236152,184.82568
196.23164929834618,184.81235
185.22639801040074,184.82327
170.19105470151752,184.82645
165.2309414449787,184.81691
165.2309414449787,184.81677
162.75088481670934,184.82663
160.27082818843988,184.82367
158.1007786387042,184.8267
155.77572554970163,184.82779
153.6056759999659,184.829
153.6056759999659,184.83786
170.19105470151752,184.85109
160.27082818843988,184.84366
160.27082818843988,184.82884
155.77572554970163,184.82643
151.28062291096336,184.83734
149.1105733612276,184.83688
165.2309414449787,184.83818
165.2309414449787,184.83275
165.2309414449787,184.83025
162.13087065964197,184.82953
159.80581757063942,184.82559
162.13087065964197,184.82777
162.13087065964197,184.82097
159.80581757063942,184.81793
157.48076448163687,184.82426
162.13087065964197,184.83846
162.13087065964197,184.8422
162.13087065964197,184.82831
162.13087065964197,184.81956
159.80581757063942,184.82191
159.80581757063942,184.82716
168.33101223031548,184.83574
180.7312953716624,184.83334
168.33101223031548,184.82155
165.2309414449787,184.81606
159.80581757063942,184.81975
157.48076448163687,184.81386
152.8306583036317,184.80382
159.80581757063942,184.80476
186.93143694233592,184.80885
186.93143694233592,184.80905
165.2309414449787,184.80374
155.1557113926343,184.80365
157.48076448163687,184.81839
182.90134492139816,184.82478
179.3362635182609,184.81895
179.3362635182609,184.8209
175.9261856543905,184.82994
172.5161077905201,184.83282
170.19105470151752,184.83504
166.9359803769139,184.84312
164.61092728791135,184.84073
164.61092728791135,184.83493
207.0818970470248,184.82741
269.0833127537597,184.80879
338.83490542383646,184.79576
267.5332773610913,184.79915
234.9825341150555,184.8021
217.93214479570338,184.81152
213.28203861769825,184.82587
205.53186165435642,184.8299
197.78168469101453,184.82556
191.27153604180737,184.8235
192.51156435594206,184.8361
190.1865112669395,184.83545
185.38140154966757,184.822
180.5762918323956,184.80911
179.3362635182609,184.814
175.9261856543905,184.82219
205.53186165435642,184.83041
205.53186165435642,184.8326
269.0833127537597,184.82588
225.68232175904524,184.82164
177.01121042925834,184.81606
174.84116087952262,184.82385
173.60113256538793,184.8248
172.5161077905201,184.82507
175.9261856543905,184.82628
172.5161077905201,184.82715
170.19105470151752,184.82788
168.02100515178176,184.82819
166.9359803769139,184.82939
164.61092728791135,184.83002
163.52590251304352,184.82846
161.20084942404094,184.82735
159.03079987430522,184.83005
156.86075032456952,184.83064
156.86075032456952,184.8297
156.86075032456952,184.83264
152.52065122509805,184.83646
150.50560521462916,184.83502
146.4755131936914,184.83266
144.4604671832225,184.83186
144.4604671832225,184.83124
145.39048841882354,184.83253
145.39048841882354,184.83498
150.50560521462916,184.83702
148.4905592041603,184.83777
149.4205804397613,184.83606
151.4356264502302,184.829
150.50560521462916,184.82016
207.0818970470248,184.81691
205.53186165435642,184.8228
210.18196783236152,184.82729
211.7320032250299,184.83307
208.63193243969314,184.82704
203.981826261688,184.81743
202.43179086901964,184.8152
202.43179086901964,184.81206
200.8817554763513,184.81421
197.78168469101453,184.8175
196.23164929834618,184.82014
196.23164929834618,184.82109
196.23164929834618,184.8197
196.23164929834618,184.81653
194.6816139056778,184.81465
191.27153604180737,184.8153
189.10148649207164,184.8178
186.93143694233592,184.81996
188.01646171720378,184.82101
196.23164929834618,184.82211
190.1865112669395,184.8228
186.93143694233592,184.82452
184.7613873926002,184.82652
181.66131660726347,184.82846
194.6816139056778,184.83058
202.43179086901964,184.834
189.10148649207164,184.84048
194.6816139056778,184.84471
197.78168469101453,184.84557
196.23164929834618,184.84291
196.23164929834618,184.83452
194.6816139056778,184.82672
207.0818970470248,184.83345
191.27153604180737,184.83931
188.9464829528048,184.83716
187.70645463867012,184.83905
186.62142986380226,184.84914
186.62142986380226,184.85936
184.14137323553285,184.85039
184.14137323553285,184.8345
181.8163201465303,184.8354
180.5762918323956,184.85301
179.3362635182609,184.86111
177.01121042925834,184.86685
178.25123874339303,184.87057
177.01121042925834,184.87376
174.84116087952262,184.87253
172.5161077905201,184.87079
173.60113256538793,184.86763
172.5161077905201,184.86482
170.19105470151752,184.8605
174.84116087952262,184.8594
173.60113256538793,184.86235
172.5161077905201,184.86417
171.4310830156522,184.84238
170.19105470151752,184.8321
181.8163201465303,184.83173
186.15641924600172,184.82726
185.07139447113386,184.81807
181.8163201465303,184.80305
179.64627059679458,184.80309
185.07139447113386,184.81094
188.4814723350043,184.81671
191.73654665960788,184.80847
187.2414440208696,184.79955
182.90134492139816,184.80978
179.64627059679458,184.81358
181.8163201465303,184.81818
191.73654665960788,184.82285
187.2414440208696,184.82303
180.7312953716624,184.81621
177.47622104705886,184.81784
175.46117503658996,184.82529
173.44612902612107,184.83282
170.34605824078434,184.83176
169.26103346591646,184.81593
167.2459874554476,184.80365
165.2309414449787,184.802
165.2309414449787,184.80476
161.0458458847741,184.80995
159.03079987430522,184.81729
159.03079987430522,184.82585
157.01575386383632,184.83173
157.01575386383632,184.82904
159.03079987430522,184.81987
192.04655373814157,184.81387
189.10148649207164,184.8255
186.15641924600172,184.84445
179.64627059679458,184.86784
177.47622104705886,184.856
176.8562068899915,184.84612
174.06614318318842,184.83585
174.06614318318842,184.82564
173.44612902612107,184.83157
174.68615734025576,184.84305
176.8562068899915,184.85129
181.8163201465303,184.8452
178.25123874339303,184.84001
175.46117503658996,184.84015
173.44612902612107,184.84029
173.44612902612107,184.84418
172.05109717271955,184.85016
170.03605116225066,184.85106
167.2459874554476,184.85207
167.2459874554476,184.84666
165.2309414449787,184.84087
172.6711113297869,184.83994
171.27607947638538,184.8333
169.26103346591646,184.82469
170.656065319318,184.82576
175.46117503658996,184.8407
175.46117503658996,184.82863
173.44612902612107,184.82509
177.6312245863257,184.82414
172.6711113297869,184.83037
186.15641924600172,184.83186
163.74290746801708,184.82979
172.05109717271955,184.83797
171.7410900941859,184.84593
208.63193243969314,184.8449
210.18196783236152,184.84328
197.78168469101453,184.83742
194.6816139056778,184.83334
192.04655373814157,184.83345
199.3317200836829,184.8357
736.0,184.83931
736.0,184.83322
736.0,184.82008
736.0,184.82501
736.0,184.83728
736.0,184.84442
736.0,184.84207
736.0,184.83743
736.0,184.83678
736.0,184.84026
736.0,184.8411
736.0,184.839
736.0,184.84113
736.0,184.84082
736.0,184.82808
736.0,184.81996
736.0,184.81912
736.0,184.82062
736.0,184.81165
736.0,184.80206
736.0,184.81328
736.0,184.82507
736.0,184.83388
736.0,184.83899
736.0,184.84343
736.0,184.83572
736.0,184.8228
736.0,184.8278
189.25649003133847,184.82576
190.34151480620633,184.81996
190.96152896327368,184.81584
181.35130952872981,184.81418
179.49126705752772,184.82379
171.8960936334527,184.83034
194.6816139056778,184.83096
224.13228636637686,184.832
241.18267568572895,184.83284
213.28203861769825,184.8275
199.3317200836829,184.82169
197.78168469101453,184.8211
181.19630598946296,184.83316
166.62597329838025,184.835
196.23164929834618,184.83275
205.53186165435642,184.8349
227.23235715171361,184.83792
224.13228636637686,184.84023
227.23235715171361,184.83658
236.53256950772385,184.8214
224.13228636637686,184.82074
222.5822509737085,184.82481
214.83207401036663,184.82436
216.382109403035,184.81128
207.0818970470248,184.80403
213.28203861769825,184.81706
213.28203861769825,184.83403
202.43179086901964,184.832
207.0818970470248,184.84218
202.43179086901964,184.84264
194.6816139056778,184.84282
216.382109403035,184.83867
211.7320032250299,184.82727
188.791479413538,184.82875
200.8817554763513,184.83769
199.3317200836829,184.84714
205.53186165435642,184.83745
170.03605116225066,184.8292
203.981826261688,184.82726
213.28203861769825,184.83861
210.18196783236152,184.84805
194.6816139056778,184.85818
213.28203861769825,184.87611
225.68232175904524,184.87785
202.43179086901964,184.87245
227.23235715171361,184.86339
225.68232175904524,184.85258
210.18196783236152,184.82712
205.53186165435642,184.8067
200.8817554763513,184.81131
192.35656081667523,184.81607
233.43249872238712,184.81558
228.782392544382,184.80951
217.93214479570338,184.8093
222.5822509737085,184.80458
196.23164929834618,184.80801
207.0818970470248,184.81757
184.29637677479968,184.8407
180.7312953716624,184.84729
191.27153604180737,184.83809
203.981826261688,184.84398
216.382109403035,184.83865
230.33242793705037,184.82993
194.6816139056778,184.81937
214.83207401036663,184.82593
210.18196783236152,184.82845
199.3317200836829,184.83455
192.97657497374257,184.84354
199.3317200836829,184.84032
205.53186165435642,184.8364
200.8817554763513,184.8363
199.3317200836829,184.84908
197.78168469101453,184.85207
205.53186165435642,184.85237
200.8817554763513,184.85684
208.63193243969314,184.86359
205.53186165435642,184.86464
191.11653250254054,184.85567
193.1315785130094,184.84941
193.1315785130094,184.85881
193.1315785130094,184.86592
186.00141570673492,184.86871
214.83207401036663,184.85641
225.68232175904524,184.84209
207.0818970470248,184.83792
203.981826261688,184.84633
187.2414440208696,184.85497
189.41149357060533,184.84816
217.93214479570338,184.84428
207.0818970470248,184.84348
210.18196783236152,184.83865
205.53186165435642,184.83717
210.18196783236152,184.8547
203.981826261688,184.86441
203.981826261688,184.86096
205.53186165435642,184.8613
196.23164929834618,184.87134
210.18196783236152,184.87326
207.0818970470248,184.8685
205.53186165435642,184.8761
180.88629891092927,184.88487
177.1662139685252,184.8842
200.8817554763513,184.87466
188.01646171720378,184.85995
192.6665678952089,184.8525
197.78168469101453,184.85312
224.13228636637686,184.83711
177.78622812559252,184.82152
188.1714652564706,184.81651
202.43179086901964,184.8126
186.62142986380226,184.8109
177.78622812559252,184.8153
169.57104054445017,184.82787
176.8562068899915,184.83043
417.88671044992344,184.81694
355.8852947431886,184.80176
286.1337020731118,184.81415
236.53256950772385,184.81242
187.3964475601364,184.80807
200.8817554763513,184.79878
214.83207401036663,184.791
199.3317200836829,184.79942
199.3317200836829,184.81354
207.0818970470248,184.83324
189.87650418840585,184.84637
183.056348460665,184.84622
197.78168469101453,184.83923
190.34151480620633,184.83246
190.80652542400688,184.81828
238.08260490039223,184.81013
234.9825341150555,184.81122
221.03221558104013,184.80319
205.53186165435642,184.79428
192.97657497374257,184.81073
230.33242793705037,184.81218
203.981826261688,184.81961
200.8817554763513,184.8233
197.78168469101453,184.8299
197.78168469101453,184.83548
202.43179086901964,184.83568
188.63647587427113,184.83173
185.07139447113386,184.82727
191.27153604180737,184.83037
188.63647587427113,184.83191
193.1315785130094,184.82828
196.23164929834618,184.82591
211.7320032250299,184.83171
225.68232175904524,184.83417
205.53186165435642,184.83679
203.981826261688,184.80919
202.43179086901964,184.80579
191.89155019887474,184.81856
196.23164929834618,184.844
196.23164929834618,184.84586
194.6816139056778,184.83638
200.8817554763513,184.83415
196.23164929834618,184.83153
193.1315785130094,184.83351
179.3362635182609,184.8476
169.726044083717,184.86562
155.00070785336746,184.86472
165.69595206277918,184.85095
172.82611486905373,184.85199
173.44612902612107,184.84633
161.82086358110828,184.84378
145.70049549735722,184.85274
161.9758671203751,184.85132
164.4559237486445,184.85497
164.14591667011086,184.85902
175.9261856543905,184.86537
156.86075032456952,184.86705
164.14591667011086,184.86221
165.2309414449787,184.86266
149.8855910575618,184.86925
164.3009202093777,184.8764
164.14591667011086,184.87344
160.11582464917308,184.86772
164.14591667011086,184.85846
155.77572554970163,184.85913
157.48076448163687,184.85591
150.04059459682867,184.85239
153.45067246069905,184.84724
152.8306583036317,184.84726
152.8306583036317,184.84341
154.53569723556694,184.84178
131.75017696334186,184.83994
171.1210759371185,184.8393
172.05109717271955,184.8354
197.78168469101453,184.82884
191.42653958107422,184.82594
178.71624936119355,184.8227
190.1865112669395,184.82333
188.1714652564706,184.82591
172.3611042512532,184.83516
186.77643340306906,184.84544
188.63647587427113,184.84473
242.73271107839733,184.83221
241.18267568572895,184.8149
216.382109403035,184.81229
207.0818970470248,184.8207
197.78168469101453,184.82143
197.78168469101453,184.81885
187.70645463867012,184.83865
196.23164929834618,184.83614
188.791479413538,184.83492
188.32646879573747,184.83455
194.6816139056778,184.83797
188.9464829528048,184.84659
180.26628475386192,184.8503
185.22639801040074,184.85934
177.1662139685252,184.8589
175.9261856543905,184.83937
174.84116087952262,184.82472
157.63576802090367,184.84213
210.18196783236152,184.84758
199.3317200836829,184.84528
222.5822509737085,184.84094
211.7320032250299,184.84099
200.8817554763513,184.85489
188.9464829528048,184.86024
208.63193243969314,184.86293
189.721500649139,184.86163
203.981826261688,184.86473
202.43179086901964,184.86594
203.981826261688,184.8623
205.53186165435642,184.85936
174.22114672245527,184.85922
203.981826261688,184.8605
207.0818970470248,184.85803
174.22114672245527,184.85039
238.08260490039223,184.83821
230.33242793705037,184.82228
221.03221558104013,184.80487
207.0818970470248,184.80417
200.8817554763513,184.81252
192.82157143447571,184.81773
207.0818970470248,184.8276
208.63193243969314,184.83015
200.8817554763513,184.83214
207.0818970470248,184.83736
193.1315785130094,184.83502
202.43179086901964,184.82346
168.17600869104862,184.81407
170.34605824078434,184.81772
177.1662139685252,184.82161
179.3362635182609,184.82332
181.8163201465303,184.82242
166.9359803769139,184.82753
172.6711113297869,184.82928
208.63193243969314,184.83911
192.20155727740843,184.84804
227.23235715171361,184.8503
194.6816139056778,184.83792
188.01646171720378,184.82092
173.44612902612107,184.81714
178.56124582192672,184.81636
181.9713236857971,184.81392
187.2414440208696,184.81902
191.11653250254054,184.82353
191.11653250254054,184.82768
189.56649710987216,184.82611
181.66131660726347,184.8256
171.8960936334527,184.83095
168.95102638738283,184.83958
183.98636969626602,184.84462
174.84116087952262,184.83992
177.9412316648594,184.83751
174.84116087952262,184.85042
173.44612902612107,184.85706
174.22114672245527,184.85497
169.8810476229838,184.85878
172.6711113297869,184.86366
176.5461998114578,184.84735
171.1210759371185,184.83063
168.17600869104862,184.82349
171.1210759371185,184.81932
210.18196783236152,184.82245
247.38281725640246,184.82268
225.68232175904524,184.82024
187.08644048160278,184.81705
183.21135199993182,184.819
194.6816139056778,184.82013
180.26628475386192,184.81586
186.77643340306906,184.82434
183.3663555391987,184.83838
190.03150772767268,184.83885
171.8960936334527,184.83244
181.04130245019613,184.83516
197.78168469101453,184.82976
262.8831711830862,184.80641
200.8817554763513,184.79808
200.8817554763513,184.80016
196.23164929834618,184.80995
203.981826261688,184.81418
188.63647587427113,184.82712
180.11128121459507,184.83539
186.62142986380226,184.83379
194.6816139056778,184.82825
200.8817554763513,184.83469
208.63193243969314,184.85469
208.63193243969314,184.85826
248.93285264907084,184.84917
244.28274647106574,184.8419
242.73271107839733,184.84937
239.6326402930606,184.85378
239.6326402930606,184.85095
238.08260490039223,184.84138
238.08260490039223,184.83604
242.73271107839733,184.83774
213.28203861769825,184.83371
219.48218018837176,184.83438
194.6816139056778,184.83566
187.08644048160278,184.83005
210.18196783236152,184.82385
234.9825341150555,184.83179
245.8327818637341,184.83821
252.03292343440756,184.83275
231.88246332971875,184.81816
230.33242793705037,184.80643
210.18196783236152,184.8182
231.88246332971875,184.83105
214.83207401036663,184.84044
214.83207401036663,184.84303
199.3317200836829,184.82959
203.981826261688,184.82574
196.23164929834618,184.85127
199.3317200836829,184.85406
202.43179086901964,184.84105
219.48218018837176,184.82605
217.93214479570338,184.82385
224.13228636637686,184.83067
222.5822509737085,184.83073
225.68232175904524,184.82573
221.03221558104013,184.8264
219.48218018837176,184.84338
192.04655373814157,184.84468
211.7320032250299,184.8389
208.63193243969314,184.82704
194.6816139056778,184.82428
194.6816139056778,184.83398
194.6816139056778,184.83069
199.3317200836829,184.8316
202.43179086901964,184.83891
214.83207401036663,184.84348
199.3317200836829,184.84499
211.7320032250299,184.84827
234.9825341150555,184.84209
216.382109403035,184.8305
208.63193243969314,184.82791
193.1315785130094,184.84393
205.53186165435642,184.85928
231.88246332971875,184.87236
228.782392544382,184.87901
227.23235715171361,184.87671
227.23235715171361,184.86697
196.23164929834618,184.85057
199.3317200836829,184.83846
202.43179086901964,184.83228
214.83207401036663,184.82712
208.63193243969314,184.83063
205.53186165435642,184.84071
205.53186165435642,184.85547
205.53186165435642,184.86658
196.23164929834618,184.86804
205.53186165435642,184.85222
219.48218018837176,184.83778
191.27153604180737,184.83011
184.7613873926002,184.83273
171.7410900941859,184.83461
170.50106178005117,184.83527
167.2459874554476,184.83926
166.78097683764707,184.84431
203.981826261688,184.84825
177.01121042925834,184.85545
178.71624936119355,184.86191
177.47622104705886,184.86954
159.49581049210573,184.87073
151.74563352876388,184.863
159.3408069528389,184.85934
182.43633430359765,184.86528
185.22639801040074,184.85762
176.23619273292417,184.85085
164.14591667011086,184.85246
155.31071493190112,184.84833
217.93214479570338,184.83945
200.8817554763513,184.83781
211.7320032250299,184.83487
224.13228636637686,184.83148
199.3317200836829,184.83679
197.78168469101453,184.84671
196.23164929834618,184.86113
194.6816139056778,184.85654
203.981826261688,184.8472
202.43179086901964,184.8453
202.43179086901964,184.85088
176.8562068899915,184.8474
211.7320032250299,184.84581
173.44612902612107,184.84619
181.35130952872981,184.84552
192.35656081667523,184.84856
188.4814723350043,184.85663
193.1315785130094,184.85977
190.34151480620633,184.85051
186.00141570673492,184.84995
192.97657497374257,184.84894
200.8817554763513,184.8502
196.23164929834618,184.84264
188.4814723350043,184.84207
169.10602992664963,184.841
185.69140862820123,184.84474
194.6816139056778,184.84857
188.791479413538,184.84761
230.33242793705037,184.83893
231.88246332971875,184.83153
227.23235715171361,184.82953
211.7320032250299,184.82474
219.48218018837176,184.82611
207.0818970470248,184.82745
213.28203861769825,184.82878
208.63193243969314,184.8295
205.53186165435642,184.83037
190.49651834547316,184.83049
196.23164929834618,184.82852
200.8817554763513,184.82712
205.53186165435642,184.8298
210.18196783236152,184.83183
214.83207401036663,184.83258
196.23164929834618,184.83534
202.43179086901964,184.8367
177.6312245863257,184.83513
171.1210759371185,184.83267
182.28133076433082,184.83185
183.8313661569992,184.83151
199.3317200836829,184.83275
202.43179086901964,184.83455
203.981826261688,184.83638
182.126327225064,184.83707
197.78168469101453,184.83789
185.38140154966757,184.83798
186.15641924600172,184.83769
242.73271107839733,184.83707
241.18267568572895,184.83226
241.18267568572895,184.73116
245.8327818637341,184.58046
256.6830296124127,184.5269
247.38281725640246,184.83562
259.7831003977495,184.8433
279.9335605024383,184.84581
331.0847284604946,184.83575
382.2358964185509,184.82214
289.2337728584485,184.80981
270.6333481464281,184.79762
270.6333481464281,184.79279
255.13299421974435,184.81482
296.9839498217904,184.8366
265.98324196842293,184.84372
275.2834543244332,184.83788
253.58295882707594,184.81822
258.2330650050811,184.81148
241.18267568572895,184.81204
259.7831003977495,184.82185
256.6830296124127,184.82089
253.58295882707594,184.82285
242.73271107839733,184.83275
247.38281725640246,184.83621
241.18267568572895,184.83714
248.93285264907084,184.83087
265.98324196842293,184.8161
151.12561937169653,184.79596
151.12561937169653,184.98854
153.14066538216542,185.29535
165.07593790571187,185.59312
165.07593790571187,185.59161
167.2459874554476,185.58937
161.0458458847741,185.59053
161.0458458847741,185.59322
159.18580341357205,185.59625
159.18580341357205,185.5982
159.18580341357205,185.59773
159.18580341357205,185.5956
159.18580341357205,185.59335
163.06089189524297,185.59277
167.2459874554476,185.5939
167.2459874554476,185.59506
169.4160370051833,185.59709
165.07593790571187,185.5986
165.07593790571187,185.59912
165.07593790571187,185.59834
161.0458458847741,185.59813
161.0458458847741,185.59702
161.0458458847741,185.59776
161.0458458847741,185.60007
161.0458458847741,185.6005
157.17075740310315,185.60138
157.17075740310315,185.60303
157.17075740310315,185.60516
161.0458458847741,185.60661
170.03605116225066,185.60654
168.33101223031548,185.60461
164.7659308271782,185.60083
163.06089189524297,185.59596
161.51085650257457,185.59583
161.51085650257457,185.59178
161.51085650257457,185.59396
159.80581757063942,185.59541
156.55074324603584,185.59807
155.00070785336746,185.59055
153.45067246069905,185.57718
153.45067246069905,185.576
151.74563352876388,185.57797
153.45067246069905,185.58864
153.45067246069905,185.59764
150.1955981360955,185.60059
150.1955981360955,185.59885
146.94052381149191,185.59497
146.94052381149191,185.59804
146.94052381149191,185.60136
150.1955981360955,185.60814
146.94052381149191,185.61086
145.39048841882354,185.60782
143.995456565422,185.60663
145.39048841882354,185.61179
145.39048841882354,185.61394
142.44542117275364,185.61145
140.89538578008523,185.61058
233.43249872238712,185.61061
233.43249872238712,185.60934
230.33242793705037,185.598
221.03221558104013,185.58246
221.03221558104013,185.57819
222.5822509737085,185.57416
217.93214479570338,185.56892
213.28203861769825,185.56691
211.7320032250299,185.56294
211.7320032250299,185.5665
208.63193243969314,185.5685
208.63193243969314,185.57153
208.63193243969314,185.57118
207.0818970470248,185.5759
203.981826261688,185.57741
200.8817554763513,185.57887
200.8817554763513,185.58206
208.63193243969314,185.58946
200.8817554763513,185.59555
197.78168469101453,185.59981
196.23164929834618,185.59789
196.23164929834618,185.58669
193.1315785130094,185.58751
191.73654665960788,185.58713
189.87650418840585,185.58687
188.01646171720378,185.58748
188.01646171720378,185.58887
188.01646171720378,185.59123
173.44612902612107,185.59279
171.7410900941859,185.58873
170.03605116225066,185.57089
166.4709697591134,185.55333
164.7659308271782,185.5502
163.06089189524297,185.54651
163.06089189524297,185.54277
163.06089189524297,185.53821
159.80581757063942,185.53708
159.80581757063942,185.54175
156.55074324603584,185.552
155.00070785336746,185.5593
155.00070785336746,185.56723
155.00070785336746,185.57172
155.00070785336746,185.57312
153.45067246069905,185.57208
150.1955981360955,185.57198
146.94052381149191,185.57332
146.94052381149191,185.57526
146.94052381149191,185.57652
143.995456565422,185.57709
143.995456565422,185.57753
145.39048841882354,185.57823
146.94052381149191,185.57916
146.94052381149191,185.57881
150.1955981360955,185.57982
146.94052381149191,185.58504
146.94052381149191,185.59045
153.9156830784996,185.5954
155.77572554970163,185.59486
153.9156830784996,185.58655
152.05564060729753,185.56847
150.04059459682867,185.56168
146.32050965442454,185.56137
144.4604671832225,185.57172
144.4604671832225,185.57355
144.4604671832225,185.57375
146.32050965442454,185.57523
146.32050965442454,185.57677
144.4604671832225,185.57826
144.4604671832225,185.57712
140.58537870155158,185.57309
138.72533623034954,185.56778
138.72533623034954,185.56778
136.86529375914748,185.5723
136.86529375914748,185.58064
135.16025482721227,185.58736
136.86529375914748,185.58504
144.4604671832225,185.59023
144.4604671832225,185.59189
136.86529375914748,185.58826
135.16025482721227,185.58257
133.45521589527706,185.57933
131.75017696334186,185.58037
130.04513803140665,185.58504
130.04513803140665,185.59045
130.04513803140665,185.5954
181.04130245019613,185.59819
181.04130245019613,185.59367
182.126327225064,185.57578
178.71624936119355,185.56656
181.04130245019613,185.57692
181.04130245019613,185.59125
181.04130245019613,185.58669
178.71624936119355,185.5874
178.71624936119355,185.58687
174.37615026172213,185.58748
175.3061714973231,185.58887
173.29112548685424,185.59198
172.20610071198638,185.59189
172.20610071198638,185.59181
170.19105470151752,185.58868
168.17600869104862,185.5933
172.20610071198638,185.58598
172.20610071198638,185.58376
171.27607947638538,185.5889
170.19105470151752,185.59294
171.27607947638538,185.59189
172.20610071198638,185.58826
170.19105470151752,185.58514
168.17600869104862,185.58757
178.71624936119355,185.59317
177.6312245863257,185.59561
172.20610071198638,185.60287
172.20610071198638,185.61313
736.0,185.61934
736.0,185.60931
736.0,185.5831
736.0,185.55441
736.0,185.55417
736.0,185.55359
736.0,185.55188
736.0,185.552
736.0,185.55464
736.0,185.55627
736.0,185.55904
233.43249872238712,185.5633
219.48218018837176,185.56723
211.7320032250299,185.57193
213.28203861769825,185.5745
221.03221558104013,185.57573
213.28203861769825,185.57771
207.0818970470248,185.58037
203.981826261688,185.58504
203.981826261688,185.59377
200.8817554763513,185.60295
200.8817554763513,185.60503
199.3317200836829,185.59561
194.6816139056778,185.59128
189.87650418840585,185.59343
184.7613873926002,185.59038
183.3663555391987,185.58624
182.43633430359765,185.57799
224.13228636637686,185.57744
228.782392544382,185.57494
233.43249872238712,185.56842
230.33242793705037,185.5632
230.33242793705037,185.5593
230.33242793705037,185.56723
228.782392544382,185.57172
227.23235715171361,185.57312
227.23235715171361,185.56927
227.23235715171361,185.56319
228.782392544382,185.55772
224.13228636637686,185.55568
224.13228636637686,185.5479
224.13228636637686,185.54362
224.13228636637686,185.55052
224.13228636637686,185.56375
224.13228636637686,185.57526
227.23235715171361,185.57631
227.23235715171361,185.57678
222.5822509737085,185.5773
219.48218018837176,185.57826
214.83207401036663,185.57927
213.28203861769825,185.57968
213.28203861769825,185.57881
210.18196783236152,185.57982
208.63193243969314,185.58504
208.63193243969314,185.59045
208.63193243969314,185.5954
187.86145817793695,185.59819
187.86145817793695,185.5971
190.1865112669395,185.5893
187.86145817793695,185.58586
185.53640508893437,185.58582
190.1865112669395,185.58673
192.51156435594206,185.58687
194.6816139056778,185.5858
192.51156435594206,185.58514
190.1865112669395,185.58543
190.1865112669395,185.5854
187.86145817793695,185.58173
187.86145817793695,185.58678
183.21135199993182,185.59189
185.53640508893437,185.59041
183.21135199993182,185.5911
183.21135199993182,185.59413
181.04130245019613,185.59367
181.04130245019613,185.59149
176.391196272191,185.58984
176.391196272191,185.58179
178.71624936119355,185.57724
183.21135199993182,185.57718
183.21135199993182,185.57117
187.86145817793695,185.56595
185.53640508893437,185.56767
178.71624936119355,185.57619
176.391196272191,185.58513
178.71624936119355,185.59308
149.73058751829498,185.59851
149.73058751829498,185.61017
146.63051673295826,185.61617
145.08048134028985,185.61603
143.37544240835464,185.60237
143.37544240835464,185.59514
141.8254070156863,185.60342
135.47026190574593,185.61916
133.92022651307758,185.61496
132.52519465967603,185.60234
132.52519465967603,185.59506
131.1301628062745,185.60886
128.18509556020462,185.61543
126.79006370680308,185.6027
126.79006370680308,185.59319
125.39503185340153,185.59302
124.0,185.59978
124.0,185.59904
125.39503185340153,185.58733
135.47026190574593,185.58116
135.47026190574593,185.58089
131.1301628062745,185.58868
129.73513095287296,185.5978
128.18509556020462,185.59607
126.79006370680308,185.58476
128.18509556020462,185.59656
126.79006370680308,185.61299
128.18509556020462,185.61002
180.26628475386192,185.60822
177.78622812559252,185.6159
175.3061714973231,185.60852
170.19105470151752,185.60274
180.26628475386192,185.5978
175.3061714973231,185.5881
172.6711113297869,185.59525
170.19105470151752,185.60056
167.71099807324808,185.59845
167.71099807324808,185.59544
165.2309414449787,185.601
165.2309414449787,185.6098
160.27082818843988,185.60847
158.1007786387042,185.60735
155.77572554970163,185.61328
153.6056759999659,185.62094
151.28062291096336,185.623
151.28062291096336,185.6033
153.6056759999659,185.58516
153.6056759999659,185.58485
151.28062291096336,185.58868
151.28062291096336,185.57893
151.28062291096336,185.56955
153.6056759999659,185.57887
153.6056759999659,185.58424
151.28062291096336,185.59189
158.1007786387042,185.58945
160.27082818843988,185.58319
180.26628475386192,185.59273
177.78622812559252,185.6014
175.3061714973231,185.59422
170.19105470151752,185.58293
180.26628475386192,185.57669
175.3061714973231,185.56644
172.6711113297869,185.55931
170.19105470151752,185.56023
167.71099807324808,185.5734
167.71099807324808,185.57898
165.2309414449787,185.59167
165.2309414449787,185.60068
160.27082818843988,185.6096
158.1007786387042,185.61021
155.77572554970163,185.61092
153.6056759999659,185.60277
151.28062291096336,185.59088
151.28062291096336,185.58546
153.6056759999659,185.58601
153.6056759999659,185.60193
151.28062291096336,185.61967
151.28062291096336,185.6227
151.28062291096336,185.61078
153.6056759999659,185.6042
153.6056759999659,185.60712
151.28062291096336,185.61194
158.1007786387042,185.6069
177.78622812559252,185.6047
221.03221558104013,185.604
224.13228636637686,185.60841
217.93214479570338,185.60857
214.83207401036663,185.60738
208.63193243969314,185.59747
214.83207401036663,185.58534
211.7320032250299,185.57944
233.43249872238712,185.59035
236.53256950772385,185.59532
224.13228636637686,185.60205
202.43179086901964,185.59814
208.63193243969314,185.57954
202.43179086901964,185.5747
196.23164929834618,185.57939
202.43179086901964,185.58813
199.3317200836829,185.59676
196.23164929834618,185.59386
196.23164929834618,185.59445
190.03150772767268,185.59755
186.93143694233592,185.59204
183.8313661569992,185.58405
183.8313661569992,185.58171
183.8313661569992,185.59737
180.7312953716624,185.60056
180.7312953716624,185.58603
177.6312245863257,185.56845
177.6312245863257,185.56174
177.6312245863257,185.56992
183.8313661569992,185.59378
168.33101223031548,185.59358
165.2309414449787,185.59279
162.13087065964197,185.59381
159.80581757063942,185.58083
159.80581757063942,185.57352
159.80581757063942,185.57599
157.48076448163687,185.58153
155.1557113926343,185.59131
152.8306583036317,185.60637
171.4310830156522,185.6293
183.8313661569992,185.63089
165.2309414449787,185.62448
159.80581757063942,185.60666
165.2309414449787,185.60242
174.53115380098896,185.60423
174.53115380098896,185.61006
168.33101223031548,185.6136
168.33101223031548,185.61578
157.48076448163687,185.60944
155.1557113926343,185.60675
152.8306583036317,185.60011
150.50560521462916,185.58253
145.85549903662405,185.57845
143.5304459476215,185.57515
141.20539285861895,185.57388
143.5304459476215,185.56184
148.1805521256266,185.5747
148.1805521256266,185.59232
180.26628475386192,185.60217
175.3061714973231,185.6007
172.6711113297869,185.59778
170.19105470151752,185.59106
167.71099807324808,185.5888
167.71099807324808,185.57814
162.75088481670934,185.58372
160.27082818843988,185.59326
172.6711113297869,185.59442
213.28203861769825,185.58965
210.18196783236152,185.60635
196.23164929834618,185.60745
185.22639801040074,185.59532
170.19105470151752,185.5846
165.2309414449787,185.58066
165.2309414449787,185.58162
162.75088481670934,185.57556
160.27082818843988,185.57
158.1007786387042,185.57202
155.77572554970163,185.57565
153.6056759999659,185.57903
153.6056759999659,185.58289
170.19105470151752,185.59105
160.27082818843988,185.6019
160.27082818843988,185.60542
155.77572554970163,185.58322
151.28062291096336,185.57784
149.1105733612276,185.58586
165.2309414449787,185.59328
165.2309414449787,185.60141
165.2309414449787,185.6047
162.13087065964197,185.60316
159.80581757063942,185.60312
162.13087065964197,185.60765
162.13087065964197,185.60959
159.80581757063942,185.60478
157.48076448163687,185.60475
162.13087065964197,185.60893
162.13087065964197,185.61336
162.13087065964197,185.60922
162.13087065964197,185.61687
159.80581757063942,185.61743
159.80581757063942,185.61664
168.33101223031548,185.61165
180.7312953716624,185.60477
168.33101223031548,185.60046
165.2309414449787,185.59612
159.80581757063942,185.59569
157.48076448163687,185.59526
152.8306583036317,185.5884
159.80581757063942,185.58871
186.93143694233592,185.60349
186.93143694233592,185.6109
165.2309414449787,185.61491
155.1557113926343,185.60722
157.48076448163687,185.60179
182.90134492139816,185.60059
179.3362635182609,185.60503
179.3362635182609,185.60333
175.9261856543905,185.60725
172.5161077905201,185.60684
170.19105470151752,185.61084
166.9359803769139,185.60754
164.61092728791135,185.6084
164.61092728791135,185.60786
207.0818970470248,185.61006
269.0833127537597,185.6063
338.83490542383646,185.59926
267.5332773610913,185.58163
234.9825341150555,185.57579
217.93214479570338,185.57834
213.28203861769825,185.58972
205.53186165435642,185.601
197.78168469101453,185.60954
191.27153604180737,185.60988
192.51156435594206,185.5992
190.1865112669395,185.60457
185.38140154966757,185.60664
180.5762918323956,185.60449
179.3362635182609,185.5981
175.9261856543905,185.59366
205.53186165435642,185.60072
205.53186165435642,185.61879
269.0833127537597,185.6326
225.68232175904524,185.6231
177.01121042925834,185.6075
174.84116087952262,185.6026
173.60113256538793,185.60078
172.5161077905201,185.59312
175.9261856543905,185.59161
172.5161077905201,185.58937
170.19105470151752,185.59053
168.02100515178176,185.59322
166.9359803769139,185.59625
164.61092728791135,185.5982
163.52590251304352,185.59773
161.20084942404094,185.5956
159.03079987430522,185.59335
156.86075032456952,185.59277
156.86075032456952,185.5939
156.86075032456952,185.59506
152.52065122509805,185.59709
150.50560521462916,185.5986
146.4755131936914,185.59912
144.4604671832225,185.59834
144.4604671832225,185.59813
145.39048841882354,185.59702
145.39048841882354,185.59776
150.50560521462916,185.60007
148.4905592041603,185.6005
149.4205804397613,185.60138
151.4356264502302,185.60303
150.50560521462916,185.60516
207.0818970470248,185.60661
205.53186165435642,185.60446
210.18196783236152,185.60083
211.7320032250299,185.5999
208.63193243969314,185.60396
203.981826261688,185.60124
202.43179086901964,185.58928
202.43179086901964,185.58577
200.8817554763513,185.58624
197.78168469101453,185.59225
196.23164929834618,185.59294
196.23164929834618,185.59795
196.23164929834618,185.59691
196.23164929834618,185.59515
194.6816139056778,185.59682
191.27153604180737,185.59912
189.10148649207164,185.60345
186.93143694233592,185.60043
188.01646171720378,185.60689
196.23164929834618,185.61494
190.1865112669395,185.61609
186.93143694233592,185.61624
184.7613873926002,185.62224
181.66131660726347,185.62845
194.6816139056778,185.63202
202.43179086901964,185.63327
189.10148649207164,185.63486
194.6816139056778,185.63802
197.78168469101453,185.64182
196.23164929834618,185.63246
196.23164929834618,185.61809
194.6816139056778,185.60414
207.0818970470248,185.62132
191.27153604180737,185.62306
188.9464829528048,185.61821
187.70645463867012,185.60202
186.62142986380226,185.60246
186.62142986380226,185.60678
184.14137323553285,185.61221
184.14137323553285,185.61731
181.8163201465303,185.62611
180.5762918323956,185.61617
179.3362635182609,185.61389
177.01121042925834,185.62251
178.25123874339303,185.62668
177.01121042925834,185.6259
174.84116087952262,185.62578
172.5161077905201,185.6245
173.60113256538793,185.62364
172.5161077905201,185.61813
170.19105470151752,185.61435
174.84116087952262,185.61418
173.60113256538793,185.61946
172.5161077905201,185.62195
171.4310830156522,185.62773
170.19105470151752,185.63452
181.8163201465303,185.6306
186.15641924600172,185.61707
185.07139447113386,185.60008
181.8163201465303,185.58841
179.64627059679458,185.58955
185.07139447113386,185.58347
188.4814723350043,185.59383
191.73654665960788,185.6
187.2414440208696,185.59915
182.90134492139816,185.58955
179.64627059679458,185.58105
181.8163201465303,185.58125
191.73654665960788,185.58536
187.2414440208696,185.6011
180.7312953716624,185.6112
177.47622104705886,185.59785
175.46117503658996,185.58533
173.44612902612107,185.5982
170.34605824078434,185.61604
169.26103346591646,185.61057
167.2459874554476,185.59627
165.2309414449787,185.57422
165.2309414449787,185.56413
161.0458458847741,185.57207
159.03079987430522,185.57768
159.03079987430522,185.57562
157.01575386383632,185.57683
157.01575386383632,185.57674
159.03079987430522,185.5802
192.04655373814157,185.5889
189.10148649207164,185.60474
186.15641924600172,185.61539
179.64627059679458,185.6235
177.47622104705886,185.60896
176.8562068899915,185.60103
174.06614318318842,185.60043
174.06614318318842,185.60822
173.44612902612107,185.61403
174.68615734025576,185.60402
176.8562068899915,185.59888
181.8163201465303,185.59822
178.25123874339303,185.60065
175.46117503658996,185.59962
173.44612902612107,185.6002
173.44612902612107,185.60431
172.05109717271955,185.6095
170.03605116225066,185.6089
167.2459874554476,185.61058
167.2459874554476,185.6085
165.2309414449787,185.60278
172.6711113297869,185.60223
171.27607947638538,185.60812
169.26103346591646,185.61177
170.656065319318,185.61075
175.46117503658996,185.61084
175.46117503658996,185.62029
173.44612902612107,185.62585
177.6312245863257,185.6166
172.6711113297869,185.59782
186.15641924600172,185.59598
163.74290746801708,185.59479
172.05109717271955,185.59229
171.7410900941859,185.59181
208.63193243969314,185.59583
210.18196783236152,185.6027
197.78168469101453,185.6165
194.6816139056778,185.63306
192.04655373814157,185.62865
199.3317200836829,185.61986
736.0,185.60904
736.0,185.59363
736.0,185.59387
736.0,185.59549
736.0,185.59747
736.0,185.60663
736.0,185.61563
736.0,185.61488
736.0,185.61237
736.0,185.61212
736.0,185.61255
736.0,185.61217
736.0,185.60783
736.0,185.6111
736.0,185.60493
736.0,185.59741
736.0,185.58934
736.0,185.5922
736.0,185.60464
736.0,185.61324
736.0,185.59998
736.0,185.58752
736.0,185.58733
736.0,185.59515
736.0,185.60054
736.0,185.60435
736.0,185.59369
736.0,185.58633
189.25649003133847,185.58289
190.34151480620633,185.57954
190.96152896327368,185.57826
181.35130952872981,185.58044
179.49126705752772,185.5872
171.8960936334527,185.59357
194.6816139056778,185.5947
224.13228636637686,185.5996
241.18267568572895,185.60011
213.28203861769825,185.59363
199.3317200836829,185.59517
197.78168469101453,185.60167
181.19630598946296,185.6054
166.62597329838025,185.60909
196.23164929834618,185.61113
205.53186165435642,185.61263
227.23235715171361,185.61699
224.13228636637686,185.61986
227.23235715171361,185.6138
236.53256950772385,185.60559
224.13228636637686,185.59576
222.5822509737085,185.59077
214.83207401036663,185.59515
216.382109403035,185.59523
207.0818970470248,185.59401
213.28203861769825,185.60028
213.28203861769825,185.59709
202.43179086901964,185.5973
207.0818970470248,185.59732
202.43179086901964,185.60037
194.6816139056778,185.60062
216.382109403035,185.59784
211.7320032250299,185.59628
188.791479413538,185.60262
200.8817554763513,185.61183
199.3317200836829,185.61276
205.53186165435642,185.61491
170.03605116225066,185.61806
203.981826261688,185.61314
213.28203861769825,185.61166
210.18196783236152,185.61388
194.6816139056778,185.62247
213.28203861769825,185.63104
225.68232175904524,185.62941
202.43179086901964,185.63194
227.23235715171361,185.62633
225.68232175904524,185.62286
210.18196783236152,185.61482
205.53186165435642,185.60854
200.8817554763513,185.59962
192.35656081667523,185.59105
233.43249872238712,185.59154
228.782392544382,185.59297
217.93214479570338,185.596
222.5822509737085,185.61037
196.23164929834618,185.61412
207.0818970470248,185.60437
184.29637677479968,185.59702
180.7312953716624,185.60344
191.27153604180737,185.60353
203.981826261688,185.60144
216.382109403035,185.61176
230.33242793705037,185.62425
194.6816139056778,185.62457
214.83207401036663,185.60963
210.18196783236152,185.59836
199.3317200836829,185.60222
192.97657497374257,185.60442
199.3317200836829,185.60773
205.53186165435642,185.60216
200.8817554763513,185.60867
199.3317200836829,185.6104
197.78168469101453,185.6151
205.53186165435642,185.61806
200.8817554763513,185.61615
208.63193243969314,185.61893
205.53186165435642,185.61981
191.11653250254054,185.61841
193.1315785130094,185.614
193.1315785130094,185.61101
193.1315785130094,185.61949
186.00141570673492,185.62692
214.83207401036663,185.62126
225.68232175904524,185.617
207.0818970470248,185.61325
203.981826261688,185.61176
187.2414440208696,185.60837
189.41149357060533,185.61145
217.93214479570338,185.61299
207.0818970470248,185.61412
210.18196783236152,185.61548
205.53186165435642,185.61504
210.18196783236152,185.6121
203.981826261688,185.61737
203.981826261688,185.61914
205.53186165435642,185.62338
196.23164929834618,185.62776
210.18196783236152,185.63087
207.0818970470248,185.63878
205.53186165435642,185.63844
180.88629891092927,185.6348
177.1662139685252,185.62558
200.8817554763513,185.62192
188.01646171720378,185.61375
192.6665678952089,185.61026
197.78168469101453,185.6181
224.13228636637686,185.62198
177.78622812559252,185.62419
188.1714652564706,185.6203
202.43179086901964,185.61292
186.62142986380226,185.60516
177.78622812559252,185.60028
169.57104054445017,185.59402
176.8562068899915,185.59546
417.88671044992344,185.60101
355.8852947431886,185.59573
286.1337020731118,185.58434
236.53256950772385,185.57436
187.3964475601364,185.56946
200.8817554763513,185.56778
214.83207401036663,185.56482
199.3317200836829,185.56009
199.3317200836829,185.57463
207.0818970470248,185.594
189.87650418840585,185.60829
183.056348460665,185.60551
197.78168469101453,185.60205
190.34151480620633,185.59943
190.80652542400688,185.59814
238.08260490039223,185.5969
234.9825341150555,185.58955
221.03221558104013,185.58232
205.53186165435642,185.57271
192.97657497374257,185.57112
230.33242793705037,185.5746
203.981826261688,185.57986
200.8817554763513,185.57664
197.78168469101453,185.5916
197.78168469101453,185.62416
202.43179086901964,185.64247
188.63647587427113,185.63016
185.07139447113386,185.60274
191.27153604180737,185.5904
188.63647587427113,185.5864
193.1315785130094,185.58214
196.23164929834618,185.584
211.7320032250299,185.59064
225.68232175904524,185.58864
205.53186165435642,185.59764
203.981826261688,185.59758
202.43179086901964,185.58871
191.89155019887474,185.58199
196.23164929834618,185.59406
196.23164929834618,185.60553
194.6816139056778,185.6065
200.8817554763513,185.6057
196.23164929834618,185.59592
193.1315785130094,185.59233
179.3362635182609,185.596
169.726044083717,185.60501
155.00070785336746,185.60722
165.69595206277918,185.60123
172.82611486905373,185.60635
173.44612902612107,185.60303
161.82086358110828,185.59888
145.70049549735722,185.5955
161.9758671203751,185.59648
164.4559237486445,185.59828
164.14591667011086,185.59766
175.9261856543905,185.60439
156.86075032456952,185.6073
164.14591667011086,185.60211
165.2309414449787,185.60068
149.8855910575618,185.60083
164.3009202093777,185.60652
164.14591667011086,185.60211
160.11582464917308,185.59988
164.14591667011086,185.60707
155.77572554970163,185.61525
157.48076448163687,185.61336
150.04059459682867,185.60442
153.45067246069905,185.60704
152.8306583036317,185.60477
152.8306583036317,185.60327
154.53569723556694,185.60762
131.75017696334186,185.61272
171.1210759371185,185.61353
172.05109717271955,185.5989
197.78168469101453,185.59492
191.42653958107422,185.59235
178.71624936119355,185.58919
190.1865112669395,185.57463
188.1714652564706,185.57347
172.3611042512532,185.57953
186.77643340306906,185.59196
188.63647587427113,185.60074
242.73271107839733,185.6019
241.18267568572895,185.59885
216.382109403035,185.59003
207.0818970470248,185.58682
197.78168469101453,185.5962
197.78168469101453,185.5956
187.70645463867012,185.58939
196.23164929834618,185.59003
188.791479413538,185.5966
188.32646879573747,185.60057
194.6816139056778,185.60123
188.9464829528048,185.59862
180.26628475386192,185.59792
185.22639801040074,185.60336
177.1662139685252,185.60857
175.9261856543905,185.60623
174.84116087952262,185.59966
157.63576802090367,185.59572
210.18196783236152,185.60252
199.3317200836829,185.60025
222.5822509737085,185.59131
211.7320032250299,185.58414
200.8817554763513,185.5957
188.9464829528048,185.59709
208.63193243969314,185.59564
189.721500649139,185.59586
203.981826261688,185.59499
202.43179086901964,185.59702
203.981826261688,185.59854
205.53186165435642,185.59909
174.22114672245527,185.59898
203.981826261688,185.60016
207.0818970470248,185.60225
174.22114672245527,185.6077
238.08260490039223,185.61874
230.33242793705037,185.62337
221.03221558104013,185.61183
207.0818970470248,185.58592
200.8817554763513,185.57748
192.82157143447571,185.5807
207.0818970470248,185.5843
208.63193243969314,185.58897
200.8817554763513,185.59645
207.0818970470248,185.60233
193.1315785130094,185.60634
202.43179086901964,185.61055
168.17600869104862,185.60367
170.34605824078434,185.58676
177.1662139685252,185.57742
179.3362635182609,185.57588
181.8163201465303,185.5827
166.9359803769139,185.58945
172.6711113297869,185.60289
208.63193243969314,185.61308
192.20155727740843,185.61647
227.23235715171361,185.59848
194.6816139056778,185.60129
188.01646171720378,185.59016
173.44612902612107,185.57916
178.56124582192672,185.57335
181.9713236857971,185.57806
187.2414440208696,185.58624
191.11653250254054,185.59322
191.11653250254054,185.5966
189.56649710987216,185.58807
181.66131660726347,185.58372
171.8960936334527,185.59195
168.95102638738283,185.59819
183.98636969626602,185.60489
174.84116087952262,185.61278
177.9412316648594,185.60652
174.84116087952262,185.59886
173.44612902612107,185.59898
174.22114672245527,185.60468
169.8810476229838,185.61356
172.6711113297869,185.61897
176.5461998114578,185.61179
171.1210759371185,185.60265
168.17600869104862,185.60417
171.1210759371185,185.6013
210.18196783236152,185.59737
247.38281725640246,185.59943
225.68232175904524,185.60431
187.08644048160278,185.6146
183.21135199993182,185.6202
194.6816139056778,185.61594
180.26628475386192,185.59813
186.77643340306906,185.59756
183.3663555391987,185.6026
190.03150772767268,185.61205
171.8960936334527,185.61342
181.04130245019613,185.60709
197.78168469101453,185.60374
262.8831711830862,185.60469
200.8817554763513,185.59537
200.8817554763513,185.58232
196.23164929834618,185.57883
203.981826261688,185.5934
188.63647587427113,185.6002
180.11128121459507,185.60716
186.62142986380226,185.61177
194.6816139056778,185.61226
200.8817554763513,185.60973
208.63193243969314,185.60544
208.63193243969314,185.60457
248.93285264907084,185.60345
244.28274647106574,185.60352
242.73271107839733,185.60716
239.6326402930606,185.60843
239.6326402930606,185.60641
238.08260490039223,185.60355
238.08260490039223,185.60292
242.73271107839733,185.6002
213.28203861769825,185.59729
219.48218018837176,185.5973
194.6816139056778,185.60448
187.08644048160278,185.60773
210.18196783236152,185.5988
234.9825341150555,185.59303
245.8327818637341,185.61205
252.03292343440756,185.62137
231.88246332971875,185.6017
230.33242793705037,185.59424
210.18196783236152,185.59369
231.88246332971875,185.5981
214.83207401036663,185.59888
214.83207401036663,185.60236
199.3317200836829,185.60352
203.981826261688,185.60185
196.23164929834618,185.59682
199.3317200836829,185.60513
202.43179086901964,185.61081
219.48218018837176,185.60695
217.93214479570338,185.60356
224.13228636637686,185.60054
222.5822509737085,185.60046
225.68232175904524,185.59357
221.03221558104013,185.59056
219.48218018837176,185.59703
192.04655373814157,185.60829
211.7320032250299,185.60329
208.63193243969314,185.59393
194.6816139056778,185.59064
194.6816139056778,185.59413
194.6816139056778,185.59894
199.3317200836829,185.59695
202.43179086901964,185.59619
214.83207401036663,185.60168
199.3317200836829,185.60464
211.7320032250299,185.61404
234.9825341150555,185.61595
216.382109403035,185.61261
208.63193243969314,185.6051
193.1315785130094,185.60144
205.53186165435642,185.603
231.88246332971875,185.6127
228.782392544382,185.62585
227.23235715171361,185.63155
227.23235715171361,185.6264
196.23164929834618,185.62323
199.3317200836829,185.62054
202.43179086901964,185.6129
214.83207401036663,185.59084
208.63193243969314,185.58488
205.53186165435642,185.58583
205.53186165435642,185.59514
205.53186165435642,185.60515
196.23164929834618,185.61351
205.53186165435642,185.62038
219.48218018837176,185.61806
191.27153604180737,185.60535
184.7613873926002,185.59747
171.7410900941859,185.60324
170.50106178005117,185.60782
167.2459874554476,185.60307
166.78097683764707,185.6097
203.981826261688,185.60841
177.01121042925834,185.62204
178.71624936119355,185.62047
177.47622104705886,185.6202
159.49581049210573,185.62569
151.74563352876388,185.63814
159.3408069528389,185.63197
182.43633430359765,185.61305
185.22639801040074,185.61404
176.23619273292417,185.61661
164.14591667011086,185.61963
155.31071493190112,185.61378
217.93214479570338,185.60846
200.8817554763513,185.61066
211.7320032250299,185.60603
224.13228636637686,185.60048
199.3317200836829,185.60487
197.78168469101453,185.60988
196.23164929834618,185.61887
194.6816139056778,185.62355
203.981826261688,185.6236
202.43179086901964,185.62173
202.43179086901964,185.60634
176.8562068899915,185.60194
211.7320032250299,185.59319
173.44612902612107,185.59056
181.35130952872981,185.5926
192.35656081667523,185.59848
188.4814723350043,185.60655
193.1315785130094,185.61296
190.34151480620633,185.61159
186.00141570673492,185.61404
192.97657497374257,185.61813
200.8817554763513,185.62589
196.23164929834618,185.62384
188.4814723350043,185.6206
169.10602992664963,185.61696
185.69140862820123,185.61385
194.6816139056778,185.60046
188.791479413538,185.60503
230.33242793705037,185.6097
231.88246332971875,185.6062
227.23235715171361,185.5972
211.7320032250299,185.59312
219.48218018837176,185.5916
207.0818970470248,185.58936
213.28203861769825,185.59053
208.63193243969314,185.5932
205.53186165435642,185.59627
190.49651834547316,185.5982
196.23164929834618,185.59775
200.8817554763513,185.59561
205.53186165435642,185.59337
210.18196783236152,185.59279
214.83207401036663,185.59387
196.23164929834618,185.59505
202.43179086901964,185.59709
177.6312245863257,185.5986
171.1210759371185,185.59914
182.28133076433082,185.59834
183.8313661569992,185.59811
199.3317200836829,185.597
202.43179086901964,185.59775
203.981826261688,185.60004
182.126327225064,185.60048
197.78168469101453,185.60138
185.38140154966757,185.60306
186.15641924600172,185.6052
242.73271107839733,185.60663
241.18267568572895,185.60252
241.18267568572895,185.59508
245.8327818637341,185.58998
256.6830296124127,185.59387
247.38281725640246,185.5919
259.7831003977495,185.58945
279.9335605024383,185.59369
331.0847284604946,185.59413
382.2358964185509,185.59465
289.2337728584485,185.59431
270.6333481464281,185.58423
270.6333481464281,185.57411
255.13299421974435,185.57434
296.9839498217904,185.58218
265.98324196842293,185.59412
275.2834543244332,185.6026
253.58295882707594,185.60144
258.2330650050811,185.59253
241.18267568572895,185.58554
259.7831003977495,185.5825
256.6830296124127,185.59097
253.58295882707594,185.59935
242.73271107839733,185.60326
247.38281725640246,185.60832
241.18267568572895,185.60922
248.93285264907084,185.60207
265.98324196842293,185.59793
