actual_runoff,predicted_runoff
1241.3472686449602,744.6809
1210.706209526493,744.6994
1241.3472686449602,744.51416
1333.2704460003622,744.51434
1210.706209526493,744.4919
1195.3856799672594,744.4919
1118.7830321710912,744.4919
1134.1035617303248,744.4919
1042.180384374923,744.4919
1103.4625026118576,744.4919
1103.4625026118576,744.4919
996.218795697222,744.4919
1042.180384374923,744.4919
996.218795697222,744.4919
919.616147901054,744.4919
1134.1035617303248,744.5169
1088.141973052624,744.6054
861.3981355759662,744.6492
980.8982661379885,744.62195
965.5777365787549,744.516
1026.8598548156895,744.51416
676.019727909239,744.5208
1011.5393252564556,744.51886
1103.4625026118576,744.4919
1072.8214434933902,744.4919
919.616147901054,744.4919
1103.4625026118576,744.4919
1226.0267390857266,744.4919
996.218795697222,744.4919
1241.3472686449602,744.4919
1226.0267390857266,744.4919
1072.8214434933902,744.5119
1026.8598548156895,744.577
980.8982661379885,744.5968
896.6353535622035,744.57056
1302.629386881895,744.4919
1256.6677982041938,744.4919
1149.4240912895584,744.4919
1195.3856799672594,744.4919
934.9366774602877,744.5503
1042.180384374923,744.56976
816.9685998541884,744.57056
781.7313818679512,744.4919
885.9109828707398,744.4919
1011.5393252564556,744.4919
1134.1035617303248,744.4919
1271.9883277634278,744.4919
919.616147901054,744.4919
1118.7830321710912,744.4919
1072.8214434933902,744.4919
965.5777365787549,744.4919
902.7635653858969,744.4919
965.5777365787549,744.4919
1026.8598548156895,744.60034
980.8982661379885,744.6365
965.5777365787549,744.6379
950.2572070195213,744.4919
1026.8598548156895,744.4919
980.8982661379885,744.4919
1057.5009139341566,744.4919
1026.8598548156895,744.4919
884.3789299148166,744.4919
904.29561834182,744.4919
904.29561834182,744.4919
904.29561834182,744.4919
833.8211823693456,744.4919
1118.7830321710912,744.4919
1226.0267390857266,744.4919
1042.180384374923,744.7134
1011.5393252564556,744.78735
846.0776060167324,744.79016
867.5263473996595,744.4919
1149.4240912895584,744.4919
1042.180384374923,744.4919
1072.8214434933902,744.4919
1026.8598548156895,744.4919
1072.8214434933902,744.4919
1011.5393252564556,744.4919
1011.5393252564556,744.4919
1026.8598548156895,744.4919
934.9366774602877,744.4919
1072.8214434933902,744.4919
1042.180384374923,744.4919
1026.8598548156895,744.4919
783.2634348238745,744.4919
746.4941638817139,744.4919
980.8982661379885,744.6336
853.7378707963492,744.6809
899.6994594740502,744.68274
950.2572070195213,744.4919
1210.706209526493,744.4919
752.6223757054072,744.61194
855.2699237522726,744.65204
996.218795697222,744.72363
839.949394193039,744.6054
752.6223757054072,744.618
671.4235690414689,744.5255
743.430057969867,744.5337
3125.7724044306983,744.59705
2512.9512220613524,744.6788
1823.5273918958387,746.9633
1333.2704460003622,747.86694
847.6096589726558,747.68164
980.8982661379885,744.76105
1118.7830321710912,744.4919
965.5777365787549,744.4919
965.5777365787549,744.4919
1042.180384374923,744.4919
872.1225062674297,744.4919
804.7121762068016,744.5169
950.2572070195213,744.52527
876.7186651351998,744.52563
881.3148240029699,744.6635
1348.5909755595958,744.879
1317.9499164411286,744.93414
1180.0651504080258,744.70514
1026.8598548156895,744.4919
902.7635653858969,744.4919
1271.9883277634278,744.4919
1011.5393252564556,744.4919
980.8982661379885,744.4919
950.2572070195213,744.4919
950.2572070195213,744.4919
996.218795697222,744.4919
859.8660826200427,744.4919
824.6288646338052,744.4919
885.9109828707398,744.4919
859.8660826200427,744.4919
904.29561834182,744.4919
934.9366774602877,744.4919
1088.141973052624,744.4919
1226.0267390857266,744.4919
1026.8598548156895,744.4919
1011.5393252564556,744.4919
996.218795697222,744.4919
892.0391946944336,744.4919
934.9366774602877,744.4919
934.9366774602877,744.4919
919.616147901054,744.4919
980.8982661379885,744.4919
934.9366774602877,744.4919
904.29561834182,744.4919
767.9429052646408,744.4919
672.9556219973924,744.4919
527.4105911846727,744.4919
633.1222451433847,744.4919
703.5966811158596,744.4919
709.7248929395531,744.4919
594.8209212453007,744.4919
435.487413829271,744.4919
596.3529742012241,744.4919
620.8658214959979,744.4919
617.8017155841511,744.4919
734.237740234327,744.4919
545.795226655753,744.4919
617.8017155841511,744.6103
628.5260862756147,744.64984
476.8528436392017,744.6513
619.3337685400746,744.4919
617.8017155841511,744.4919
577.9683387301438,744.4919
617.8017155841511,744.4919
535.0708559642895,744.4919
551.9234384794465,744.4919
478.38489659512504,744.4919
512.0900616254391,744.4919
505.96184980174553,744.4919
505.96184980174553,744.4919
522.8144323169025,744.4919
297.6026477961681,744.4919
686.7440986007025,744.4919
695.9364163362428,744.4919
950.2572070195213,744.4919
887.4430358266633,744.4919
761.8146934409475,744.4919
875.1866121792763,744.4919
855.2699237522726,744.4919
699.0005222480894,744.4919
841.4814471489624,744.4919
859.8660826200427,744.4919
1394.5525642372966,744.7415
1379.232034678063,745.2909
1134.1035617303248,745.4079
1042.180384374923,745.07776
950.2572070195213,744.4919
950.2572070195213,744.4919
850.6737648845025,744.4919
934.9366774602877,744.4919
861.3981355759662,744.4919
856.8019767081961,744.4919
919.616147901054,744.4919
862.9301885318894,744.4919
777.1352230001811,744.4919
826.1609175897288,744.4919
746.4941638817139,744.567
734.237740234327,744.59204
723.5133695428633,744.593
553.4554914353698,744.4919
1072.8214434933902,744.7565
965.5777365787549,744.9032
1195.3856799672594,744.9261
1088.141973052624,744.57056
980.8982661379885,744.4919
862.9301885318894,744.4919
1057.5009139341566,744.4919
870.5904533115062,744.4919
1011.5393252564556,744.4919
996.218795697222,744.4919
1011.5393252564556,744.4919
1026.8598548156895,744.4919
717.3851577191699,744.4919
1011.5393252564556,744.4919
1042.180384374923,744.4919
717.3851577191699,744.4919
1348.5909755595958,744.50354
1271.9883277634278,744.8597
1180.0651504080258,745.0393
1042.180384374923,745.04877
980.8982661379885,744.575
901.2315124299733,744.4919
1042.180384374923,744.4919
1057.5009139341566,744.4919
980.8982661379885,744.4919
1042.180384374923,744.4919
904.29561834182,744.4919
996.218795697222,744.4919
657.6350924381587,744.4919
679.0838338210857,744.4919
746.4941638817139,744.4919
767.9429052646408,744.4919
792.4557525594147,744.4919
645.3786687907716,744.4919
702.0646281599361,744.4919
1057.5009139341566,744.4919
895.1033006062803,744.4919
1241.3472686449602,744.8524
919.616147901054,745.3558
853.7378707963492,745.4889
709.7248929395531,745.0088
760.282640485024,744.4919
793.987805515338,744.4919
846.0776060167324,744.4919
884.3789299148166,744.4919
884.3789299148166,744.4919
869.058400355583,744.4919
790.9236996034913,744.4919
694.4043633803193,744.4919
665.2953572177756,744.4919
813.9044939423417,744.4919
723.5133695428633,744.4919
754.1544286613307,744.4919
723.5133695428633,744.4919
709.7248929395531,744.4919
717.3851577191699,744.4919
674.4876749533156,744.4919
702.0646281599361,744.4919
740.3659520580203,744.4919
686.7440986007025,744.4919
657.6350924381587,744.4952
686.7440986007025,744.55475
1072.8214434933902,744.5743
1440.5141529149978,744.68896
1226.0267390857266,745.2892
844.5455530608091,745.42096
806.2442291627249,745.2356
919.616147901054,744.5166
777.1352230001811,744.4919
841.4814471489624,744.4919
807.7762821186484,744.4919
873.6545592233529,744.4919
694.4043633803193,744.4919
784.7954877797979,744.4919
950.2572070195213,744.4935
1593.7194485073342,744.6508
980.8982661379885,744.81146
980.8982661379885,744.8474
934.9366774602877,744.6379
1011.5393252564556,744.4919
859.8660826200427,744.4919
775.6031700442576,744.4919
839.949394193039,744.4919
919.616147901054,744.7084
980.8982661379885,744.7807
1057.5009139341566,744.78345
1057.5009139341566,744.4919
1455.8346824742314,744.4919
1409.8730937965306,744.4919
1394.5525642372966,744.4919
1363.9115051188294,744.4919
1363.9115051188294,744.4919
1348.5909755595958,744.4919
1348.5909755595958,744.4919
1394.5525642372966,744.4919
1103.4625026118576,744.4919
1164.7446208487922,744.4919
919.616147901054,744.4919
844.5455530608091,744.4919
1072.8214434933902,744.4919
1317.9499164411286,744.52527
1425.1936233557642,744.6215
1486.4757415926986,744.78534
1287.3088573226614,744.8466
1271.9883277634278,744.75385
1072.8214434933902,744.57275
1287.3088573226614,744.4919
1118.7830321710912,744.4919
1118.7830321710912,744.4919
965.5777365787549,744.4919
1011.5393252564556,744.4919
934.9366774602877,744.4919
965.5777365787549,744.4919
996.218795697222,744.5019
1164.7446208487922,744.50525
1149.4240912895584,744.5053
1210.706209526493,744.4919
1195.3856799672594,744.4919
1226.0267390857266,744.5119
1180.0651504080258,744.51855
1164.7446208487922,744.51886
893.5712476503568,744.4919
1088.141973052624,744.4919
1057.5009139341566,744.4919
919.616147901054,744.4919
919.616147901054,744.4919
919.616147901054,744.4919
965.5777365787549,744.4919
996.218795697222,744.4919
1118.7830321710912,744.6768
965.5777365787549,744.7386
1088.141973052624,744.74097
1317.9499164411286,744.5703
1134.1035617303248,744.7415
1057.5009139341566,744.7909
904.29561834182,744.6872
1026.8598548156895,744.4919
1287.3088573226614,744.4919
1256.6677982041938,744.4919
1241.3472686449602,744.4919
1241.3472686449602,744.61194
934.9366774602877,744.66705
965.5777365787549,744.67365
996.218795697222,744.5121
1118.7830321710912,744.4919
1057.5009139341566,744.4919
1026.8598548156895,744.4919
1026.8598548156895,744.4919
1026.8598548156895,744.4919
934.9366774602877,744.4919
1026.8598548156895,744.4919
1164.7446208487922,744.4919
885.9109828707398,744.4919
821.5647587219585,744.4919
692.8723104243961,744.4919
680.6158867770092,744.4919
648.4427747026185,744.4919
643.8466158348484,744.4919
1011.5393252564556,744.4919
744.9621109257904,744.4919
761.8146934409475,744.4919
749.5582697935606,744.4919
571.8401269064502,744.4919
495.23747911028204,744.4919
570.308073950527,744.4919
798.5839643831081,744.4919
826.1609175897288,744.4919
737.3018461461735,744.4919
617.8017155841511,744.4919
530.4746970965193,744.4919
1149.4240912895584,744.4919
980.8982661379885,744.4919
1088.141973052624,744.4919
1210.706209526493,744.4919
965.5777365787549,744.4919
950.2572070195213,744.4919
934.9366774602877,744.4919
919.616147901054,744.4919
1011.5393252564556,744.5169
996.218795697222,744.52527
996.218795697222,744.52563
743.430057969867,744.4919
1088.141973052624,744.4919
709.7248929395531,744.4919
787.8595936916447,744.4919
896.6353535622035,744.4919
858.3340296641193,744.4919
904.29561834182,744.4919
876.7186651351998,744.4919
833.8211823693456,744.4919
902.7635653858969,744.4919
980.8982661379885,744.4919
934.9366774602877,744.4919
858.3340296641193,744.4919
666.8274101736988,744.4919
830.7570764574988,744.4919
919.616147901054,744.4919
861.3981355759662,744.4919
1271.9883277634278,744.4919
1287.3088573226614,744.4919
1241.3472686449602,744.4919
1088.141973052624,744.4919
1164.7446208487922,744.4919
1042.180384374923,744.4919
1103.4625026118576,744.4919
1057.5009139341566,744.4919
1026.8598548156895,744.4919
878.250718091123,744.4919
934.9366774602877,744.4919
980.8982661379885,744.4919
1026.8598548156895,744.4919
1072.8214434933902,744.4919
1118.7830321710912,744.53357
934.9366774602877,744.54755
996.218795697222,744.54803
751.0903227494838,744.4919
686.7440986007025,744.4919
797.0519114271848,744.4919
812.3724409864185,744.4919
965.5777365787549,744.4919
996.218795697222,744.5169
1011.5393252564556,744.52527
795.5198584712615,744.52563
950.2572070195213,744.4919
827.6929705456521,744.4919
835.3532353252689,744.61694
1394.5525642372966,744.6587
1379.232034678063,744.6603
1379.232034678063,744.4919
1425.1936233557642,744.4919
1532.4373302703998,744.4919
1440.5141529149978,744.4919
1563.078389388867,744.4919
1762.2452736589044,744.4919
2267.8227491136145,744.747
2773.4002245683246,748.1882
1854.1684510143061,750.0969
1670.3220963035026,749.8241
1670.3220963035026,745.2547
1517.1168007111662,744.4919
1930.7710988104743,744.4919
1624.3605076258013,744.4919
1716.2836849812034,744.62366
1501.7962711519322,744.95184
1547.7578598296334,745.0683
1379.232034678063,744.90125
1563.078389388867,745.058
1532.4373302703998,745.13135
1501.7962711519322,745.14514
1394.5525642372966,744.51495
1440.5141529149978,744.505
1379.232034678063,744.5051
1455.8346824742314,744.5214
1624.3605076258013,744.76685
489.10926728658876,745.0714
489.10926728658876,778.18823
509.02595571359245,805.5975
626.9940333196914,823.4152
626.9940333196914,823.4838
648.4427747026185,823.5655
587.1606564656839,823.8608
587.1606564656839,823.98517
568.7760209946034,824.11194
568.7760209946034,823.4152
568.7760209946034,823.4152
568.7760209946034,823.4152
568.7760209946034,823.4152
607.0773448926876,823.4152
648.4427747026185,823.4152
648.4427747026185,823.4152
669.8915160855455,823.4152
626.9940333196914,823.4152
626.9940333196914,823.4152
626.9940333196914,823.4247
587.1606564656839,823.436
587.1606564656839,823.4409
587.1606564656839,823.4152
587.1606564656839,823.4152
587.1606564656839,823.4152
548.8593325675998,823.4152
548.8593325675998,823.4152
548.8593325675998,823.4152
587.1606564656839,823.4152
676.019727909239,823.4152
659.167145394082,823.4152
623.9299274078447,823.5051
607.0773448926876,823.61914
591.7568153334539,823.67395
591.7568153334539,823.4345
591.7568153334539,823.4152
574.904232818297,823.4152
542.7311207439066,823.4271
527.4105911846727,823.4412
512.0900616254391,823.4473
512.0900616254391,823.4152
495.23747911028204,823.4212
512.0900616254391,823.4282
512.0900616254391,823.4313
479.91694955104845,823.4152
479.91694955104845,823.4152
447.74383747665786,823.4152
447.74383747665786,823.4152
447.74383747665786,823.4152
479.91694955104845,823.4152
447.74383747665786,823.4152
432.42330791742427,823.4152
418.63483131411385,823.4152
432.42330791742427,823.4152
432.42330791742427,823.4152
403.31430175488026,823.4152
387.9937721956465,823.4152
1302.629386881895,823.4152
1302.629386881895,823.4152
1271.9883277634278,823.50745
1180.0651504080258,823.62195
1180.0651504080258,823.6751
1195.3856799672594,823.4494
1149.4240912895584,823.57056
1103.4625026118576,823.7109
1088.141973052624,823.7095
1088.141973052624,823.4152
1057.5009139341566,823.4152
1057.5009139341566,823.4152
1057.5009139341566,823.4152
1042.180384374923,823.433
1011.5393252564556,823.45416
980.8982661379885,823.4633
980.8982661379885,823.4152
1057.5009139341566,823.4152
980.8982661379885,823.4271
950.2572070195213,823.4412
934.9366774602877,823.4473
934.9366774602877,823.4152
904.29561834182,823.4152
890.50714173851,823.4152
872.1225062674297,823.4152
853.7378707963492,823.4152
853.7378707963492,823.4152
853.7378707963492,823.4152
709.7248929395531,823.4152
692.8723104243961,823.4152
676.019727909239,823.4152
640.7825099230015,823.4152
623.9299274078447,823.4152
607.0773448926876,823.4152
607.0773448926876,823.4152
607.0773448926876,823.4152
574.904232818297,823.4152
574.904232818297,823.4152
542.7311207439066,823.4152
527.4105911846727,823.4152
527.4105911846727,823.4152
527.4105911846727,823.4152
527.4105911846727,823.4152
512.0900616254391,823.4152
479.91694955104845,823.4152
447.74383747665786,823.4152
447.74383747665786,823.4152
447.74383747665786,823.4152
418.63483131411385,823.4152
418.63483131411385,823.4152
432.42330791742427,823.4152
447.74383747665786,823.4152
447.74383747665786,823.4152
479.91694955104845,823.4152
447.74383747665786,823.47437
447.74383747665786,823.54486
516.6862204932092,823.5753
535.0708559642895,823.4152
516.6862204932092,823.4152
498.30158502212873,823.4152
478.38489659512504,823.4152
441.61562565296424,823.4235
423.23099018188395,823.4335
423.23099018188395,823.43884
423.23099018188395,823.41785
441.61562565296424,823.4185
441.61562565296424,823.4152
423.23099018188395,823.4152
423.23099018188395,823.42004
384.9296662837998,823.43866
366.5450308127197,823.4566
366.5450308127197,823.4505
348.1603953416392,823.4152
348.1603953416392,823.4152
331.30781282648223,823.4152
348.1603953416392,823.4152
423.23099018188395,823.4484
423.23099018188395,823.5598
348.1603953416392,823.6651
331.30781282648223,823.6157
314.4552303113251,823.42163
297.6026477961681,823.4152
280.7500652810112,823.4152
280.7500652810112,823.4152
280.7500652810112,823.4152
784.7954877797979,823.4152
784.7954877797979,823.4152
795.5198584712615,823.4176
761.8146934409475,823.4205
784.7954877797979,823.4228
784.7954877797979,823.41785
784.7954877797979,823.4197
761.8146934409475,823.4416
761.8146934409475,823.4738
718.9172106750932,823.48706
728.1095284106334,823.42487
708.1928399836297,823.4152
697.4684692921662,823.4152
697.4684692921662,823.4152
677.5517808651625,823.4152
657.6350924381587,823.4152
697.4684692921662,823.4152
697.4684692921662,823.4152
688.276151556626,823.4152
677.5517808651625,823.4152
688.276151556626,823.4152
697.4684692921662,823.4152
677.5517808651625,823.4152
657.6350924381587,823.4152
761.8146934409475,823.4152
751.0903227494838,823.4152
697.4684692921662,823.4152
697.4684692921662,823.4152
6270.000000000001,823.4152
6270.000000000001,823.4152
6270.000000000001,823.4152
6270.000000000001,823.4152
6270.000000000001,823.41644
6270.000000000001,823.41785
6270.000000000001,823.4185
6270.000000000001,823.4152
6270.000000000001,823.4152
6270.000000000001,823.4152
6270.000000000001,823.4152
1302.629386881895,823.63837
1164.7446208487922,824.104
1088.141973052624,824.4564
1103.4625026118576,823.963
1180.0651504080258,823.4152
1103.4625026118576,823.6654
1042.180384374923,823.9621
1011.5393252564556,824.0884
1011.5393252564556,823.4231
980.8982661379885,823.42487
980.8982661379885,823.4152
965.5777365787549,823.4152
919.616147901054,823.4152
872.1225062674297,823.4152
821.5647587219585,823.4152
807.7762821186484,823.4152
798.5839643831081,823.4152
1210.706209526493,823.4152
1256.6677982041938,823.4152
1302.629386881895,823.4152
1271.9883277634278,823.4152
1271.9883277634278,823.5015
1271.9883277634278,823.60425
1256.6677982041938,823.6488
1241.3472686449602,823.4152
1241.3472686449602,823.4152
1241.3472686449602,823.4152
1256.6677982041938,823.4152
1210.706209526493,823.4152
1210.706209526493,823.4152
1210.706209526493,823.4152
1210.706209526493,823.4152
1210.706209526493,823.50037
1210.706209526493,823.60876
1241.3472686449602,823.673
1241.3472686449602,823.46277
1195.3856799672594,823.45245
1164.7446208487922,823.42163
1118.7830321710912,823.4152
1103.4625026118576,823.4152
1103.4625026118576,823.4152
1072.8214434933902,823.4152
1057.5009139341566,823.4152
1057.5009139341566,823.4235
1057.5009139341566,823.4594
852.2058178404259,823.49475
852.2058178404259,823.4857
875.1866121792763,823.4152
852.2058178404259,823.433
829.2250235015753,823.46
875.1866121792763,823.48224
898.1674065181267,823.4443
919.616147901054,823.4313
898.1674065181267,823.4188
875.1866121792763,823.4254
875.1866121792763,823.4313
852.2058178404259,823.42426
852.2058178404259,823.4185
806.2442291627249,823.4152
829.2250235015753,823.4152
806.2442291627249,823.47437
806.2442291627249,823.54486
784.7954877797979,823.5753
784.7954877797979,823.4152
738.8338991020971,823.4152
738.8338991020971,823.4152
761.8146934409475,823.4152
806.2442291627249,823.4152
806.2442291627249,823.433
852.2058178404259,823.4636
829.2250235015753,823.52185
761.8146934409475,823.52386
738.8338991020971,823.51776
761.8146934409475,823.4152
475.32079068327835,823.4152
475.32079068327835,823.4152
444.67973156481116,823.4152
429.3592020055774,823.4152
412.5066194904204,823.4152
412.5066194904204,823.4152
397.1860899311868,823.4152
334.3719187383288,823.4271
319.05138917909517,823.4412
305.2629125757849,823.4473
305.2629125757849,823.4152
291.47443597247474,823.4152
262.3654298099309,823.4152
248.57695320662063,823.4152
248.57695320662063,823.4152
234.78847660331024,823.4152
221.0,823.4152
221.0,823.4152
234.78847660331024,823.4152
334.3719187383288,823.4152
334.3719187383288,823.6759
291.47443597247474,824.0692
277.6859593691645,824.2967
262.3654298099309,823.6456
248.57695320662063,823.4152
262.3654298099309,823.4152
248.57695320662063,823.4152
262.3654298099309,823.4152
777.1352230001811,823.4152
752.6223757054072,823.4152
728.1095284106334,823.4152
677.5517808651625,823.4152
777.1352230001811,823.4152
728.1095284106334,823.4152
702.0646281599361,823.4152
677.5517808651625,823.4152
653.0389335703884,823.4152
653.0389335703884,823.4152
628.5260862756147,823.4152
628.5260862756147,823.4152
579.500391686067,823.52277
558.0516503031401,823.65076
535.0708559642895,823.71576
513.6221145813626,823.9159
490.64132024251194,824.53955
490.64132024251194,824.7453
513.6221145813626,823.4313
513.6221145813626,823.4152
490.64132024251194,823.511
490.64132024251194,823.69794
490.64132024251194,823.838
513.6221145813626,823.62146
513.6221145813626,823.42487
490.64132024251194,823.4755
558.0516503031401,823.5887
579.500391686067,823.66907
777.1352230001811,823.5274
752.6223757054072,823.4152
728.1095284106334,823.4152
677.5517808651625,823.4152
777.1352230001811,823.4152
728.1095284106334,823.4152
702.0646281599361,823.4152
677.5517808651625,823.4152
653.0389335703884,823.4152
653.0389335703884,823.4152
628.5260862756147,823.4152
628.5260862756147,823.4152
579.500391686067,823.4152
558.0516503031401,823.4152
535.0708559642895,823.4152
513.6221145813626,823.4152
490.64132024251194,823.4152
490.64132024251194,823.4152
513.6221145813626,823.4152
513.6221145813626,823.4152
490.64132024251194,823.4152
490.64132024251194,823.4152
490.64132024251194,823.4152
513.6221145813626,823.4152
513.6221145813626,823.4152
490.64132024251194,823.4152
558.0516503031401,823.4152
752.6223757054072,823.4342
1180.0651504080258,823.6831
1210.706209526493,824.0027
1149.4240912895584,824.1147
1118.7830321710912,823.5274
1057.5009139341566,823.4152
1118.7830321710912,823.4152
1088.141973052624,823.4152
1302.629386881895,823.4152
1333.2704460003622,823.6547
1210.706209526493,823.97186
996.218795697222,824.12976
1057.5009139341566,823.50494
996.218795697222,823.4152
934.9366774602877,823.4152
996.218795697222,823.4366
965.5777365787549,823.4619
934.9366774602877,823.47296
934.9366774602877,823.4152
873.6545592233529,823.4152
843.0135001048857,823.4152
812.3724409864185,823.4152
812.3724409864185,823.4152
812.3724409864185,823.4152
781.7313818679512,823.4152
781.7313818679512,823.4152
751.0903227494838,823.4152
751.0903227494838,823.4152
751.0903227494838,823.4448
812.3724409864185,823.48004
659.167145394082,823.49536
628.5260862756147,823.4945
597.8850271571474,823.683
574.904232818297,823.8363
574.904232818297,823.67114
574.904232818297,823.4152
551.9234384794465,823.4152
528.9426441405961,823.4152
505.96184980174553,823.4152
689.8082045125494,823.4152
812.3724409864185,823.4152
628.5260862756147,823.4152
574.904232818297,823.4152
628.5260862756147,823.4152
720.4492636310166,823.4152
720.4492636310166,823.4152
659.167145394082,823.4152
659.167145394082,823.4152
551.9234384794465,823.43536
528.9426441405961,823.45935
505.96184980174553,823.47327
482.98105546289514,823.4231
437.0194667851942,823.42487
414.0386724463438,823.4152
391.05787810749337,823.4152
414.0386724463438,823.4152
460.00026112404475,823.43896
460.00026112404475,823.48016
777.1352230001811,823.5078
728.1095284106334,823.4505
702.0646281599361,823.4152
677.5517808651625,823.4152
653.0389335703884,823.4152
653.0389335703884,823.4152
604.013238980841,823.4152
579.500391686067,823.4152
702.0646281599361,823.4152
1103.4625026118576,823.45905
1072.8214434933902,823.83093
934.9366774602877,824.23303
826.1609175897288,824.2651
677.5517808651625,823.4152
628.5260862756147,823.4152
628.5260862756147,823.4152
604.013238980841,823.4152
579.500391686067,823.4152
558.0516503031401,823.4152
535.0708559642895,823.4152
513.6221145813626,823.4152
513.6221145813626,823.4152
677.5517808651625,823.4152
579.500391686067,823.6853
579.500391686067,824.00574
535.0708559642895,824.136
490.64132024251194,823.4152
469.1925788595847,823.4152
628.5260862756147,823.4152
628.5260862756147,823.4152
628.5260862756147,823.4152
597.8850271571474,823.4152
574.904232818297,823.4152
597.8850271571474,823.4152
597.8850271571474,823.4152
574.904232818297,823.4152
551.9234384794465,823.4152
597.8850271571474,823.4152
597.8850271571474,823.4152
597.8850271571474,823.4152
597.8850271571474,823.4152
574.904232818297,823.4152
574.904232818297,823.4152
659.167145394082,823.4152
781.7313818679512,823.4152
659.167145394082,823.50745
628.5260862756147,823.61725
574.904232818297,823.66486
551.9234384794465,823.4152
505.96184980174553,823.4152
574.904232818297,823.4152
843.0135001048857,823.4152
843.0135001048857,823.7778
628.5260862756147,824.2073
528.9426441405961,824.3707
551.9234384794465,823.4152
803.1801232508783,823.4152
767.9429052646408,823.4152
767.9429052646408,823.4152
734.237740234327,823.4152
700.5325752040129,823.4152
677.5517808651625,823.4152
645.3786687907716,823.4152
622.3978744519212,823.4152
622.3978744519212,823.4152
1042.180384374923,823.4152
1655.001566744269,823.4152
2344.4253969097826,824.0025
1639.681037185035,825.61926
1317.9499164411286,827.0127
1149.4240912895584,825.76215
1103.4625026118576,823.4313
1026.8598548156895,823.4152
950.2572070195213,823.4152
885.9109828707398,823.4152
898.1674065181267,823.4152
875.1866121792763,823.4152
827.6929705456521,823.4152
780.1993289120278,823.4152
767.9429052646408,823.4152
734.237740234327,823.4152
1026.8598548156895,823.4152
1026.8598548156895,823.43896
1655.001566744269,823.5804
1226.0267390857266,824.17285
744.9621109257904,824.72076
723.5133695428633,824.6056
711.2569458954764,823.4152
700.5325752040129,823.4152
734.237740234327,823.4152
700.5325752040129,823.4152
677.5517808651625,823.4152
656.1030394822353,823.4152
645.3786687907716,823.4152
622.3978744519212,823.4152
611.6735037604578,823.4152
588.6927094216073,823.4152
567.2439680386802,823.4152
545.795226655753,823.4152
545.795226655753,823.4152
545.795226655753,823.4152
502.89774388989883,823.4152
482.98105546289514,823.4152
443.1476786088878,823.4152
423.23099018188395,823.4152
423.23099018188395,823.4152
432.42330791742427,823.446
432.42330791742427,823.48267
482.98105546289514,823.49854
463.06436703589145,823.4152
472.25668477143165,823.4152
492.1733731984353,823.4152
482.98105546289514,823.43066
1042.180384374923,823.449
1026.8598548156895,823.4569
1072.8214434933902,823.4152
1088.141973052624,823.4152
1057.5009139341566,823.43066
1011.5393252564556,823.449
996.218795697222,823.4569
996.218795697222,823.4152
980.8982661379885,823.4152
950.2572070195213,823.4152
934.9366774602877,823.4152
934.9366774602877,823.4152
934.9366774602877,823.4152
934.9366774602877,823.4152
919.616147901054,823.4152
885.9109828707398,823.4152
864.4622414878129,823.4152
843.0135001048857,823.4152
853.7378707963492,823.4152
934.9366774602877,823.4152
875.1866121792763,823.4152
843.0135001048857,823.4152
821.5647587219585,823.4152
790.9236996034913,823.4152
919.616147901054,823.4152
996.218795697222,823.42004
864.4622414878129,823.6451
919.616147901054,823.92334
950.2572070195213,824.0401
934.9366774602877,823.4569
934.9366774602877,823.4152
919.616147901054,823.4152
1042.180384374923,823.4519
885.9109828707398,823.49567
862.9301885318894,823.5146
850.6737648845025,823.4152
839.949394193039,823.4152
839.949394193039,823.4152
815.4365468982652,823.4152
815.4365468982652,823.4152
792.4557525594147,823.4152
780.1993289120278,823.4152
767.9429052646408,823.4152
744.9621109257904,823.4152
757.2185345731774,823.4152
744.9621109257904,823.4152
723.5133695428633,823.4152
700.5325752040129,823.4152
711.2569458954764,823.4152
700.5325752040129,823.4152
677.5517808651625,823.4152
723.5133695428633,823.4152
711.2569458954764,823.4152
700.5325752040129,823.4152
689.8082045125494,823.4152
677.5517808651625,823.4152
792.4557525594147,823.4152
835.3532353252689,823.4152
824.6288646338052,823.4152
792.4557525594147,823.5912
771.0070111764876,823.8003
824.6288646338052,823.8912
858.3340296641193,823.4152
890.50714173851,823.7017
846.0776060167324,824.04144
803.1801232508783,824.1781
771.0070111764876,823.4152
792.4557525594147,823.4152
890.50714173851,823.4152
846.0776060167324,823.4152
781.7313818679512,823.4152
749.5582697935606,823.4152
729.6415813665567,823.4152
709.7248929395531,823.4152
679.0838338210857,823.4152
668.3594631296222,823.46967
648.4427747026185,823.5345
628.5260862756147,823.56256
628.5260862756147,823.4152
587.1606564656839,823.4152
567.2439680386802,823.4152
567.2439680386802,823.4152
547.3272796116764,823.4152
547.3272796116764,823.4152
567.2439680386802,823.4152
893.5712476503568,823.4152
864.4622414878129,823.4152
835.3532353252689,823.4152
771.0070111764876,823.4152
749.5582697935606,823.4152
743.430057969867,823.4152
715.8531047632465,823.4152
715.8531047632465,823.4152
709.7248929395531,823.4152
721.9813165869399,823.4152
743.430057969867,823.4152
792.4557525594147,823.4152
757.2185345731774,823.4152
729.6415813665567,823.4152
709.7248929395531,823.4152
709.7248929395531,823.4152
695.9364163362428,823.4152
676.019727909239,823.4815
648.4427747026185,823.56036
648.4427747026185,823.59454
628.5260862756147,823.4152
702.0646281599361,823.4152
688.276151556626,823.4152
668.3594631296222,823.4152
682.1479397329324,823.4152
729.6415813665567,823.4152
729.6415813665567,823.4176
709.7248929395531,823.5999
751.0903227494838,823.8144
702.0646281599361,823.90063
835.3532353252689,823.4152
613.8183778987506,823.4152
695.9364163362428,823.4152
692.8723104243961,823.4152
1057.5009139341566,823.4152
1072.8214434933902,823.4152
950.2572070195213,823.4188
919.616147901054,823.4951
893.5712476503568,823.58527
965.5777365787549,823.6157
6270.000000000001,823.42163
6270.000000000001,823.8405
6270.000000000001,824.3668
6270.000000000001,824.5481
6270.000000000001,823.4152
6270.000000000001,823.4152
6270.000000000001,823.4152
6270.000000000001,823.4152
6270.000000000001,823.4152
6270.000000000001,823.4152
6270.000000000001,823.4152
6270.000000000001,823.4152
6270.000000000001,823.4152
6270.000000000001,823.4152
6270.000000000001,823.6042
6270.000000000001,823.84033
6270.000000000001,823.95135
6270.000000000001,823.4485
6270.000000000001,823.81195
6270.000000000001,824.2914
6270.000000000001,824.47363
6270.000000000001,823.4473
6270.000000000001,823.4152
6270.000000000001,823.4152
6270.000000000001,823.4152
6270.000000000001,823.4152
6270.000000000001,823.4152
6270.000000000001,823.4152
865.9942944437361,823.4152
876.7186651351998,823.4152
882.8468769588931,823.4152
787.8595936916447,823.4152
769.4749582205643,823.4152
694.4043633803193,823.4152
919.616147901054,823.4152
1210.706209526493,823.4152
1379.232034678063,823.9273
1103.4625026118576,824.70233
965.5777365787549,825.07513
950.2572070195213,823.7095
786.3275407357212,823.4152
642.314562878925,823.4152
934.9366774602877,823.4152
1026.8598548156895,823.4152
1241.3472686449602,823.4152
1210.706209526493,823.4152
1241.3472686449602,823.4152
1333.2704460003622,823.4152
1210.706209526493,823.4152
1195.3856799672594,823.4152
1118.7830321710912,823.4152
1134.1035617303248,823.4152
1042.180384374923,823.4152
1103.4625026118576,823.4152
1103.4625026118576,823.4152
996.218795697222,823.4152
1042.180384374923,823.4152
996.218795697222,823.4152
919.616147901054,823.4152
1134.1035617303248,823.4152
1088.141973052624,823.4152
861.3981355759662,823.4152
980.8982661379885,823.4152
965.5777365787549,823.4152
1026.8598548156895,823.4152
676.019727909239,823.4152
1011.5393252564556,823.4152
1103.4625026118576,823.4152
1072.8214434933902,823.4152
919.616147901054,823.4152
1103.4625026118576,823.4152
1226.0267390857266,823.4152
996.218795697222,823.4152
1241.3472686449602,823.4152
1226.0267390857266,823.4152
1072.8214434933902,823.4885
1026.8598548156895,823.57587
980.8982661379885,823.6137
896.6353535622035,823.4152
1302.629386881895,823.4152
1256.6677982041938,823.4152
1149.4240912895584,823.4152
1195.3856799672594,823.4259
934.9366774602877,823.46466
1042.180384374923,823.50116
816.9685998541884,823.4857
781.7313818679512,823.4152
885.9109828707398,823.4152
1011.5393252564556,823.4152
1134.1035617303248,823.4152
1271.9883277634278,823.511
919.616147901054,823.625
1118.7830321710912,823.6744
1072.8214434933902,823.4152
965.5777365787549,823.4152
902.7635653858969,823.4152
965.5777365787549,823.4152
1026.8598548156895,823.518
980.8982661379885,823.6405
965.5777365787549,823.6935
950.2572070195213,823.4152
1026.8598548156895,823.4152
980.8982661379885,823.4152
1057.5009139341566,823.4152
1026.8598548156895,823.4152
884.3789299148166,823.4152
904.29561834182,823.4152
904.29561834182,823.4152
904.29561834182,823.4152
833.8211823693456,823.4152
1118.7830321710912,823.4152
1226.0267390857266,823.4152
1042.180384374923,823.4176
1011.5393252564556,823.4205
846.0776060167324,823.42163
867.5263473996595,823.4152
1149.4240912895584,823.4152
1042.180384374923,823.4152
1072.8214434933902,823.4152
1026.8598548156895,823.4152
1072.8214434933902,823.4152
1011.5393252564556,823.4152
1011.5393252564556,823.4152
1026.8598548156895,823.4152
934.9366774602877,823.4152
1072.8214434933902,823.4152
1042.180384374923,823.4152
1026.8598548156895,823.4152
783.2634348238745,823.4152
746.4941638817139,823.4152
980.8982661379885,823.4152
853.7378707963492,823.4152
899.6994594740502,823.4152
950.2572070195213,823.4152
1210.706209526493,823.4152
752.6223757054072,823.4152
855.2699237522726,823.4152
996.218795697222,823.4152
839.949394193039,823.433
752.6223757054072,823.45654
671.4235690414689,823.4685
743.430057969867,823.52203
3125.7724044306983,823.66473
2512.9512220613524,823.7517
1823.5273918958387,824.4715
1333.2704460003622,825.7455
847.6096589726558,826.2661
980.8982661379885,823.4152
1118.7830321710912,823.4152
965.5777365787549,823.4152
965.5777365787549,823.4152
1042.180384374923,823.4152
872.1225062674297,823.4152
804.7121762068016,823.4152
950.2572070195213,823.4152
876.7186651351998,823.4152
881.3148240029699,823.5346
1348.5909755595958,823.67664
1317.9499164411286,823.7382
1180.0651504080258,823.4152
1026.8598548156895,823.4152
902.7635653858969,823.4152
1271.9883277634278,823.4152
1011.5393252564556,823.4152
980.8982661379885,823.4152
950.2572070195213,823.4152
950.2572070195213,823.4152
996.218795697222,823.4152
859.8660826200427,823.4152
824.6288646338052,823.4152
885.9109828707398,823.4152
859.8660826200427,823.4152
904.29561834182,823.4152
934.9366774602877,823.4152
1088.141973052624,823.4152
1226.0267390857266,823.4152
1026.8598548156895,823.4152
1011.5393252564556,823.5034
996.218795697222,823.60834
892.0391946944336,823.6539
934.9366774602877,823.4152
934.9366774602877,823.4152
919.616147901054,823.4152
980.8982661379885,823.4152
934.9366774602877,823.4152
904.29561834182,823.4152
767.9429052646408,823.4152
672.9556219973924,823.4152
527.4105911846727,823.4152
633.1222451433847,823.4152
703.5966811158596,823.4152
709.7248929395531,823.4152
594.8209212453007,823.5747
435.487413829271,823.7643
596.3529742012241,823.84656
620.8658214959979,823.4152
617.8017155841511,823.4152
734.237740234327,823.4152
545.795226655753,823.47675
617.8017155841511,823.55
628.5260862756147,823.5817
476.8528436392017,823.4152
619.3337685400746,823.4152
617.8017155841511,823.4152
577.9683387301438,823.4152
617.8017155841511,823.4152
535.0708559642895,823.4152
551.9234384794465,823.4152
478.38489659512504,823.4152
512.0900616254391,823.4152
505.96184980174553,823.4152
505.96184980174553,823.4152
522.8144323169025,823.4152
297.6026477961681,823.4152
686.7440986007025,823.4152
695.9364163362428,823.4152
950.2572070195213,823.4152
887.4430358266633,823.4152
761.8146934409475,823.4152
875.1866121792763,823.4152
855.2699237522726,823.4152
699.0005222480894,823.4152
841.4814471489624,823.4152
859.8660826200427,823.4152
1394.5525642372966,823.56287
1379.232034678063,824.1479
1134.1035617303248,824.7201
1042.180384374923,824.49664
950.2572070195213,823.4152
950.2572070195213,823.4862
850.6737648845025,823.57074
934.9366774602877,823.6073
861.3981355759662,823.4152
856.8019767081961,823.4152
919.616147901054,823.4152
862.9301885318894,823.4152
777.1352230001811,823.4152
826.1609175897288,823.4152
746.4941638817139,823.4152
734.237740234327,823.4188
723.5133695428633,823.4231
553.4554914353698,823.42487
1072.8214434933902,823.4152
965.5777365787549,823.4152
1195.3856799672594,823.4152
1088.141973052624,823.4152
980.8982661379885,823.4152
862.9301885318894,823.4152
1057.5009139341566,823.4152
870.5904533115062,823.4152
1011.5393252564556,823.4152
996.218795697222,823.4152
1011.5393252564556,823.4152
1026.8598548156895,823.4152
717.3851577191699,823.4152
1011.5393252564556,823.4152
1042.180384374923,823.4152
717.3851577191699,823.4152
1348.5909755595958,823.4152
1271.9883277634278,823.56287
1180.0651504080258,823.9447
1042.180384374923,824.26685
980.8982661379885,823.9755
901.2315124299733,823.4152
1042.180384374923,823.4152
1057.5009139341566,823.4152
980.8982661379885,823.4152
1042.180384374923,823.4152
904.29561834182,823.4152
996.218795697222,823.4152
657.6350924381587,823.4152
679.0838338210857,823.4152
746.4941638817139,823.4152
767.9429052646408,823.4152
792.4557525594147,823.4152
645.3786687907716,823.4152
702.0646281599361,823.4152
1057.5009139341566,823.4152
895.1033006062803,823.4152
1241.3472686449602,823.8388
919.616147901054,824.8061
853.7378707963492,825.5162
709.7248929395531,824.55945
760.282640485024,823.4152
793.987805515338,823.4152
846.0776060167324,823.4152
884.3789299148166,823.4152
884.3789299148166,823.4152
869.058400355583,823.4176
790.9236996034913,823.4205
694.4043633803193,823.42163
665.2953572177756,823.4152
813.9044939423417,823.4152
723.5133695428633,823.4152
754.1544286613307,823.4152
723.5133695428633,823.4152
709.7248929395531,823.4152
717.3851577191699,823.4152
674.4876749533156,823.4152
702.0646281599361,823.4152
740.3659520580203,823.4152
686.7440986007025,823.4152
657.6350924381587,823.4152
686.7440986007025,823.4152
1072.8214434933902,823.4152
1440.5141529149978,823.4152
1226.0267390857266,823.4152
844.5455530608091,823.4152
806.2442291627249,823.4152
919.616147901054,823.4152
777.1352230001811,823.4152
841.4814471489624,823.4152
807.7762821186484,823.4152
873.6545592233529,823.4152
694.4043633803193,823.4152
784.7954877797979,823.4152
950.2572070195213,823.4152
1593.7194485073342,823.4152
980.8982661379885,823.4152
980.8982661379885,823.4152
934.9366774602877,823.4152
1011.5393252564556,823.4152
859.8660826200427,823.4152
775.6031700442576,823.4152
839.949394193039,823.4152
919.616147901054,823.4152
980.8982661379885,823.4152
1057.5009139341566,823.4152
1057.5009139341566,823.4152
1455.8346824742314,823.4152
1409.8730937965306,823.4152
1394.5525642372966,823.4152
1363.9115051188294,823.4152
1363.9115051188294,823.4152
1348.5909755595958,823.4152
1348.5909755595958,823.4152
1394.5525642372966,823.4152
1103.4625026118576,823.4152
1164.7446208487922,823.4152
919.616147901054,823.4212
844.5455530608091,823.4282
1072.8214434933902,823.4313
1317.9499164411286,823.43536
1425.1936233557642,823.6069
1486.4757415926986,824.0327
1287.3088573226614,824.5475
1271.9883277634278,824.4941
1072.8214434933902,823.95056
1287.3088573226614,823.4152
1118.7830321710912,823.4152
1118.7830321710912,823.4152
965.5777365787549,823.4152
1011.5393252564556,823.4152
934.9366774602877,823.4152
965.5777365787549,823.4152
996.218795697222,823.636
1164.7446208487922,823.898
1149.4240912895584,824.0096
1210.706209526493,823.4152
1195.3856799672594,823.4152
1226.0267390857266,823.56525
1180.0651504080258,823.7436
1164.7446208487922,823.82104
893.5712476503568,823.4152
1088.141973052624,823.4152
1057.5009139341566,823.4152
919.616147901054,823.4152
919.616147901054,823.4152
919.616147901054,823.4152
965.5777365787549,823.4152
996.218795697222,823.4152
1118.7830321710912,823.4152
965.5777365787549,823.4152
1088.141973052624,823.4152
1317.9499164411286,823.4152
1134.1035617303248,823.44366
1057.5009139341566,823.47754
904.29561834182,823.4921
1026.8598548156895,823.4152
1287.3088573226614,823.4152
1256.6677982041938,823.4152
1241.3472686449602,823.4152
1241.3472686449602,823.51215
934.9366774602877,823.64636
965.5777365787549,823.71893
996.218795697222,823.46655
1118.7830321710912,823.4152
1057.5009139341566,823.4152
1026.8598548156895,823.4152
1026.8598548156895,823.4152
1026.8598548156895,823.4152
934.9366774602877,823.4152
1026.8598548156895,823.46375
1164.7446208487922,823.52155
885.9109828707398,823.5466
821.5647587219585,823.4152
692.8723104243961,823.4152
680.6158867770092,823.4152
648.4427747026185,823.4152
643.8466158348484,823.4152
1011.5393252564556,823.4152
744.9621109257904,823.4152
761.8146934409475,823.4152
749.5582697935606,823.4152
571.8401269064502,823.4152
495.23747911028204,823.4566
570.308073950527,823.50604
798.5839643831081,823.5274
826.1609175897288,823.4152
737.3018461461735,823.4152
617.8017155841511,823.4152
530.4746970965193,823.4152
1149.4240912895584,823.4152
980.8982661379885,823.4152
1088.141973052624,823.4152
1210.706209526493,823.4152
965.5777365787549,823.4152
950.2572070195213,823.4152
934.9366774602877,823.4152
919.616147901054,823.4152
1011.5393252564556,823.4152
996.218795697222,823.4152
996.218795697222,823.4152
743.430057969867,823.4152
1088.141973052624,823.4152
709.7248929395531,823.4152
787.8595936916447,823.4152
896.6353535622035,823.4152
858.3340296641193,823.4152
904.29561834182,823.4152
876.7186651351998,823.4152
833.8211823693456,823.4152
902.7635653858969,823.4152
980.8982661379885,823.4152
934.9366774602877,823.4152
858.3340296641193,823.4152
666.8274101736988,823.4152
830.7570764574988,823.4152
919.616147901054,823.4152
861.3981355759662,823.4152
1271.9883277634278,823.4152
1287.3088573226614,823.4152
1241.3472686449602,823.4152
1088.141973052624,823.4152
1164.7446208487922,823.4152
1042.180384374923,823.4152
1103.4625026118576,823.4152
1057.5009139341566,823.4152
1026.8598548156895,823.4152
878.250718091123,823.4152
934.9366774602877,823.4152
980.8982661379885,823.4152
1026.8598548156895,823.4152
1072.8214434933902,823.4152
1118.7830321710912,823.5346
934.9366774602877,823.67664
996.218795697222,823.7382
751.0903227494838,823.4152
686.7440986007025,823.4152
797.0519114271848,823.4152
812.3724409864185,823.4152
965.5777365787549,823.4152
996.218795697222,823.4152
1011.5393252564556,823.4152
795.5198584712615,823.4152
950.2572070195213,823.4152
827.6929705456521,823.4152
835.3532353252689,823.4152
1394.5525642372966,823.4152
1379.232034678063,823.4152
1379.232034678063,823.4152
1425.1936233557642,823.4152
1532.4373302703998,823.4152
1440.5141529149978,823.4152
1563.078389388867,823.4152
1762.2452736589044,823.4152
2267.8227491136145,823.5157
2773.4002245683246,824.02747
1854.1684510143061,825.0319
1670.3220963035026,825.5096
1670.3220963035026,824.6763
1517.1168007111662,823.4152
1930.7710988104743,823.4152
1624.3605076258013,823.4152
1716.2836849812034,823.5582
1501.7962711519322,823.788
1547.7578598296334,823.9804
1379.232034678063,823.68195
1563.078389388867,823.56696
1532.4373302703998,823.46716
1501.7962711519322,823.4793
1394.5525642372966,823.4152
1440.5141529149978,823.4152
1379.232034678063,823.4152
1455.8346824742314,823.4152
1624.3605076258013,823.4152
489.10926728658876,823.4862
489.10926728658876,823.9439
509.02595571359245,824.1216
626.9940333196914,824.2579
626.9940333196914,824.2579
648.4427747026185,824.3321
587.1606564656839,824.4608
587.1606564656839,824.5646
568.7760209946034,824.39984
568.7760209946034,824.38983
568.7760209946034,824.2579
568.7760209946034,824.2579
568.7760209946034,824.2579
607.0773448926876,824.2579
648.4427747026185,824.2579
648.4427747026185,824.2579
669.8915160855455,824.43695
626.9940333196914,824.7795
626.9940333196914,824.98285
626.9940333196914,824.4904
587.1606564656839,824.5165
587.1606564656839,824.77966
587.1606564656839,824.7599
587.1606564656839,824.33185
587.1606564656839,824.36914
548.8593325675998,824.3048
548.8593325675998,824.267
548.8593325675998,824.28156
587.1606564656839,824.28723
676.019727909239,824.27625
659.167145394082,824.30536
623.9299274078447,824.3165
607.0773448926876,824.2579
591.7568153334539,824.2579
591.7568153334539,824.2579
591.7568153334539,824.2579
574.904232818297,824.2579
542.7311207439066,824.2579
527.4105911846727,824.2579
512.0900616254391,824.2579
512.0900616254391,824.27716
495.23747911028204,824.3077
512.0900616254391,824.3194
512.0900616254391,824.2579
479.91694955104845,824.2579
479.91694955104845,824.2579
447.74383747665786,824.2579
447.74383747665786,824.2579
447.74383747665786,824.2579
479.91694955104845,824.2579
447.74383747665786,824.2579
432.42330791742427,824.2579
418.63483131411385,824.2579
432.42330791742427,824.2579
432.42330791742427,824.2579
403.31430175488026,824.2579
387.9937721956465,824.2579
1302.629386881895,824.2579
1302.629386881895,824.2579
1271.9883277634278,824.31384
1180.0651504080258,824.4025
1180.0651504080258,824.4367
1195.3856799672594,824.2579
1149.4240912895584,824.33124
1103.4625026118576,824.4475
1088.141973052624,824.4922
1088.141973052624,824.267
1057.5009139341566,824.28986
1057.5009139341566,824.3086
1057.5009139341566,824.28424
1042.180384374923,824.2579
1011.5393252564556,824.2579
980.8982661379885,824.2579
980.8982661379885,824.2579
1057.5009139341566,824.2579
980.8982661379885,824.2579
950.2572070195213,824.2579
934.9366774602877,824.2579
934.9366774602877,824.2579
904.29561834182,824.2579
890.50714173851,824.2579
872.1225062674297,824.2579
853.7378707963492,824.2579
853.7378707963492,824.2579
853.7378707963492,824.2579
709.7248929395531,824.2579
692.8723104243961,824.32025
676.019727909239,824.52936
640.7825099230015,824.7427
623.9299274078447,824.612
607.0773448926876,824.2579
607.0773448926876,824.2579
607.0773448926876,824.2579
574.904232818297,824.2579
574.904232818297,824.2579
542.7311207439066,824.2579
527.4105911846727,824.2579
527.4105911846727,824.2579
527.4105911846727,824.2579
527.4105911846727,824.2579
512.0900616254391,824.2579
479.91694955104845,824.2579
447.74383747665786,824.2579
447.74383747665786,824.2579
447.74383747665786,824.2579
418.63483131411385,824.2579
418.63483131411385,824.2579
432.42330791742427,824.28174
447.74383747665786,824.3196
447.74383747665786,824.3341
479.91694955104845,824.2579
447.74383747665786,824.2579
447.74383747665786,824.2579
516.6862204932092,824.2579
535.0708559642895,824.2579
516.6862204932092,824.2579
498.30158502212873,824.2579
478.38489659512504,824.2579
441.61562565296424,824.2579
423.23099018188395,824.2579
423.23099018188395,824.2579
423.23099018188395,824.2579
441.61562565296424,824.26337
441.61562565296424,824.2721
423.23099018188395,824.27545
423.23099018188395,824.2579
384.9296662837998,824.2579
366.5450308127197,824.2579
366.5450308127197,824.2579
348.1603953416392,824.2579
348.1603953416392,824.2579
331.30781282648223,824.2579
348.1603953416392,824.2579
423.23099018188395,824.2579
423.23099018188395,824.30835
348.1603953416392,824.3883
331.30781282648223,824.4191
314.4552303113251,824.2579
297.6026477961681,824.2579
280.7500652810112,824.2579
280.7500652810112,824.2579
280.7500652810112,824.2579
784.7954877797979,824.2579
784.7954877797979,824.2579
795.5198584712615,824.2579
761.8146934409475,824.34955
784.7954877797979,824.49475
784.7954877797979,824.5507
784.7954877797979,824.2579
761.8146934409475,824.3056
761.8146934409475,824.3812
718.9172106750932,824.4305
728.1095284106334,824.31006
708.1928399836297,824.3224
697.4684692921662,824.2579
697.4684692921662,824.2579
677.5517808651625,824.2579
657.6350924381587,824.2579
697.4684692921662,824.2579
697.4684692921662,824.2642
688.276151556626,824.2744
677.5517808651625,824.2784
688.276151556626,824.2579
697.4684692921662,824.2579
677.5517808651625,824.2579
657.6350924381587,824.2579
761.8146934409475,824.2579
751.0903227494838,824.2579
697.4684692921662,824.2579
697.4684692921662,824.2579
6270.000000000001,824.2579
6270.000000000001,824.2579
6270.000000000001,824.2579
6270.000000000001,824.2579
6270.000000000001,824.2579
6270.000000000001,824.2579
6270.000000000001,824.2579
6270.000000000001,824.2579
6270.000000000001,824.2579
6270.000000000001,824.2579
6270.000000000001,824.2579
1302.629386881895,824.2587
1164.7446208487922,824.49005
1088.141973052624,824.8549
1103.4625026118576,824.9925
1180.0651504080258,824.2606
1103.4625026118576,824.4432
1042.180384374923,824.7525
1011.5393252564556,824.89307
1011.5393252564556,824.33997
980.8982661379885,824.2579
980.8982661379885,824.2579
965.5777365787549,824.2579
919.616147901054,824.2579
872.1225062674297,824.2579
821.5647587219585,824.2579
807.7762821186484,824.2579
798.5839643831081,824.2579
1210.706209526493,824.2579
1256.6677982041938,824.2579
1302.629386881895,824.2579
1271.9883277634278,824.2579
1271.9883277634278,824.2579
1271.9883277634278,824.2927
1256.6677982041938,824.34796
1241.3472686449602,824.36926
1241.3472686449602,824.2579
1241.3472686449602,824.2579
1256.6677982041938,824.2579
1210.706209526493,824.25964
1210.706209526493,824.2625
1210.706209526493,824.26373
1210.706209526493,824.2579
1210.706209526493,824.2579
1210.706209526493,824.2579
1241.3472686449602,824.2579
1241.3472686449602,824.2579
1195.3856799672594,824.2946
1164.7446208487922,824.3528
1118.7830321710912,824.3751
1103.4625026118576,824.2579
1103.4625026118576,824.2579
1072.8214434933902,824.2579
1057.5009139341566,824.2579
1057.5009139341566,824.2579
1057.5009139341566,824.2579
852.2058178404259,824.2579
852.2058178404259,824.2579
875.1866121792763,824.2579
852.2058178404259,824.2579
829.2250235015753,824.2579
875.1866121792763,824.2579
898.1674065181267,824.2579
919.616147901054,824.2579
898.1674065181267,824.2579
875.1866121792763,824.2579
875.1866121792763,824.2579
852.2058178404259,824.2579
852.2058178404259,824.2579
806.2442291627249,824.2579
829.2250235015753,824.2579
806.2442291627249,824.25964
806.2442291627249,824.3268
784.7954877797979,824.4296
784.7954877797979,824.463
738.8338991020971,824.27625
738.8338991020971,824.30536
761.8146934409475,824.3165
806.2442291627249,824.2579
806.2442291627249,824.3147
852.2058178404259,824.40485
829.2250235015753,824.46423
761.8146934409475,824.32196
738.8338991020971,824.33887
761.8146934409475,824.2625
475.32079068327835,824.26373
475.32079068327835,824.2579
444.67973156481116,824.2579
429.3592020055774,824.2579
412.5066194904204,824.2579
412.5066194904204,824.2579
397.1860899311868,824.2579
334.3719187383288,824.2579
319.05138917909517,824.2579
305.2629125757849,824.2579
305.2629125757849,824.2579
291.47443597247474,824.2579
262.3654298099309,824.2579
248.57695320662063,824.2579
248.57695320662063,824.2579
234.78847660331024,824.2579
221.0,824.2579
221.0,824.2579
234.78847660331024,824.2579
334.3719187383288,824.2579
334.3719187383288,824.28546
291.47443597247474,824.32904
277.6859593691645,824.3458
262.3654298099309,824.2579
248.57695320662063,824.2579
262.3654298099309,824.2579
248.57695320662063,824.2579
262.3654298099309,824.2579
777.1352230001811,824.2579
752.6223757054072,824.2579
728.1095284106334,824.2579
677.5517808651625,824.2579
777.1352230001811,824.4877
728.1095284106334,824.85205
702.0646281599361,824.9925
677.5517808651625,824.2579
653.0389335703884,824.2579
653.0389335703884,824.2579
628.5260862756147,824.2579
628.5260862756147,824.2579
579.500391686067,824.3632
558.0516503031401,824.71124
535.0708559642895,825.0975
513.6221145813626,824.9287
490.64132024251194,824.3664
490.64132024251194,824.34955
513.6221145813626,824.49475
513.6221145813626,824.6054
490.64132024251194,824.5322
490.64132024251194,824.77576
490.64132024251194,824.68195
513.6221145813626,824.2579
513.6221145813626,824.2579
490.64132024251194,824.2579
558.0516503031401,824.2579
579.500391686067,824.2579
777.1352230001811,824.2579
752.6223757054072,824.2579
728.1095284106334,824.2579
677.5517808651625,824.2579
777.1352230001811,824.2579
728.1095284106334,824.29004
702.0646281599361,824.34094
677.5517808651625,824.36053
653.0389335703884,824.2579
653.0389335703884,824.2579
628.5260862756147,824.2579
628.5260862756147,824.2579
579.500391686067,824.2579
558.0516503031401,824.2579
535.0708559642895,824.2579
513.6221145813626,824.2579
490.64132024251194,824.2579
490.64132024251194,824.2579
513.6221145813626,824.2579
513.6221145813626,824.2579
490.64132024251194,824.2579
490.64132024251194,824.2579
490.64132024251194,824.2579
513.6221145813626,824.2579
513.6221145813626,824.2579
490.64132024251194,824.2579
558.0516503031401,824.2579
752.6223757054072,824.2579
1180.0651504080258,824.4642
1210.706209526493,824.87213
1149.4240912895584,825.1281
1118.7830321710912,824.5215
1057.5009139341566,824.2579
1118.7830321710912,824.2579
1088.141973052624,824.2579
1302.629386881895,824.2579
1333.2704460003622,824.4133
1210.706209526493,824.65967
996.218795697222,824.7547
1057.5009139341566,824.2579
996.218795697222,824.2579
934.9366774602877,824.2579
996.218795697222,824.2579
965.5777365787549,824.2579
934.9366774602877,824.2579
934.9366774602877,824.2579
873.6545592233529,824.2579
843.0135001048857,824.2579
812.3724409864185,824.2579
812.3724409864185,824.2579
812.3724409864185,824.2579
781.7313818679512,824.2579
781.7313818679512,824.2579
751.0903227494838,824.2579
751.0903227494838,824.2579
751.0903227494838,824.2579
812.3724409864185,824.2579
659.167145394082,824.2579
628.5260862756147,824.2579
597.8850271571474,824.30835
574.904232818297,824.3883
574.904232818297,824.4191
574.904232818297,824.2579
551.9234384794465,824.2579
528.9426441405961,824.2579
505.96184980174553,824.2579
689.8082045125494,824.2579
812.3724409864185,824.2579
628.5260862756147,824.2579
574.904232818297,824.2579
628.5260862756147,824.2579
720.4492636310166,824.2579
720.4492636310166,824.2579
659.167145394082,824.2579
659.167145394082,824.2579
551.9234384794465,824.2579
528.9426441405961,824.2918
505.96184980174553,824.34564
482.98105546289514,824.41125
437.0194667851942,824.37415
414.0386724463438,824.40155
391.05787810749337,824.2579
414.0386724463438,824.2579
460.00026112404475,824.2579
460.00026112404475,824.2579
777.1352230001811,824.2579
728.1095284106334,824.33124
702.0646281599361,824.4475
677.5517808651625,824.4922
653.0389335703884,824.2579
653.0389335703884,824.2579
604.013238980841,824.2579
579.500391686067,824.2579
702.0646281599361,824.2579
1103.4625026118576,824.2579
1072.8214434933902,824.42694
934.9366774602877,824.713
826.1609175897288,824.8453
677.5517808651625,824.3165
628.5260862756147,824.2579
628.5260862756147,824.2579
604.013238980841,824.2579
579.500391686067,824.267
558.0516503031401,824.28156
535.0708559642895,824.28723
513.6221145813626,824.2579
513.6221145813626,824.2579
677.5517808651625,824.2579
579.500391686067,824.3129
579.500391686067,824.40015
535.0708559642895,824.4337
490.64132024251194,824.2579
469.1925788595847,824.2579
628.5260862756147,824.2579
628.5260862756147,824.2579
628.5260862756147,824.2579
597.8850271571474,824.2579
574.904232818297,824.2579
597.8850271571474,824.2579
597.8850271571474,824.2579
574.904232818297,824.2579
551.9234384794465,824.2579
597.8850271571474,824.2579
597.8850271571474,824.2579
597.8850271571474,824.2579
597.8850271571474,824.2579
574.904232818297,824.2579
574.904232818297,824.2579
659.167145394082,824.2579
781.7313818679512,824.26886
659.167145394082,824.2863
628.5260862756147,824.293
574.904232818297,824.2579
551.9234384794465,824.2579
505.96184980174553,824.2579
574.904232818297,824.2579
843.0135001048857,824.2579
843.0135001048857,824.5491
628.5260862756147,825.1553
528.9426441405961,825.56616
551.9234384794465,824.73145
803.1801232508783,824.2579
767.9429052646408,824.2579
767.9429052646408,824.2579
734.237740234327,824.2579
700.5325752040129,824.2579
677.5517808651625,824.2579
645.3786687907716,824.2579
622.3978744519212,824.2579
622.3978744519212,824.2579
1042.180384374923,824.2579
1655.001566744269,824.27625
2344.4253969097826,824.4968
1639.681037185035,825.0943
1317.9499164411286,825.65717
1149.4240912895584,825.31055
1103.4625026118576,824.425
1026.8598548156895,824.2579
950.2572070195213,824.3275
885.9109828707398,824.43805
898.1674065181267,824.48047
875.1866121792763,824.2579
827.6929705456521,824.2579
780.1993289120278,824.2579
767.9429052646408,824.301
734.237740234327,824.3693
1026.8598548156895,824.3957
1026.8598548156895,824.33124
1655.001566744269,824.4904
1226.0267390857266,824.70685
744.9621109257904,824.665
723.5133695428633,824.59155
711.2569458954764,824.2579
700.5325752040129,824.2579
734.237740234327,824.2579
700.5325752040129,824.27167
677.5517808651625,824.29346
656.1030394822353,824.3018
645.3786687907716,824.2579
622.3978744519212,824.2579
611.6735037604578,824.2579
588.6927094216073,824.2579
567.2439680386802,824.2579
545.795226655753,824.2579
545.795226655753,824.2579
545.795226655753,824.2579
502.89774388989883,824.2579
482.98105546289514,824.2579
443.1476786088878,824.2579
423.23099018188395,824.2579
423.23099018188395,824.2579
432.42330791742427,824.2579
432.42330791742427,824.2579
482.98105546289514,824.2579
463.06436703589145,824.2973
472.25668477143165,824.35986
492.1733731984353,824.384
482.98105546289514,824.2579
1042.180384374923,824.2579
1026.8598548156895,824.2579
1072.8214434933902,824.2579
1088.141973052624,824.2579
1057.5009139341566,824.2579
1011.5393252564556,824.2579
996.218795697222,824.2579
996.218795697222,824.2579
980.8982661379885,824.2579
950.2572070195213,824.2579
934.9366774602877,824.2579
934.9366774602877,824.2579
934.9366774602877,824.2579
934.9366774602877,824.2579
919.616147901054,824.2579
885.9109828707398,824.2579
864.4622414878129,824.2579
843.0135001048857,824.2579
853.7378707963492,824.2579
934.9366774602877,824.2579
875.1866121792763,824.2579
843.0135001048857,824.2579
821.5647587219585,824.2579
790.9236996034913,824.2579
919.616147901054,824.2579
996.218795697222,824.27625
864.4622414878129,824.40234
919.616147901054,824.5674
950.2572070195213,824.5682
934.9366774602877,824.2579
934.9366774602877,824.2579
919.616147901054,824.2579
1042.180384374923,824.2579
885.9109828707398,824.2579
862.9301885318894,824.2579
850.6737648845025,824.2579
839.949394193039,824.2579
839.949394193039,824.2579
815.4365468982652,824.2579
815.4365468982652,824.2579
792.4557525594147,824.2579
780.1993289120278,824.2579
767.9429052646408,824.2579
744.9621109257904,824.2579
757.2185345731774,824.2579
744.9621109257904,824.2579
723.5133695428633,824.2579
700.5325752040129,824.2579
711.2569458954764,824.2579
700.5325752040129,824.2579
677.5517808651625,824.267
723.5133695428633,824.28156
711.2569458954764,824.28723
700.5325752040129,824.2579
689.8082045125494,824.2579
677.5517808651625,824.2579
792.4557525594147,824.2579
835.3532353252689,824.2579
824.6288646338052,824.2579
792.4557525594147,824.2579
771.0070111764876,824.2579
824.6288646338052,824.2579
858.3340296641193,824.2579
890.50714173851,824.2579
846.0776060167324,824.3294
803.1801232508783,824.44275
771.0070111764876,824.4863
792.4557525594147,824.2579
890.50714173851,824.2579
846.0776060167324,824.2579
781.7313818679512,824.3266
749.5582697935606,824.43567
729.6415813665567,824.4776
709.7248929395531,824.2579
679.0838338210857,824.2579
668.3594631296222,824.2579
648.4427747026185,824.2579
628.5260862756147,824.2579
628.5260862756147,824.2579
587.1606564656839,824.2579
567.2439680386802,824.2579
567.2439680386802,824.2579
547.3272796116764,824.2579
547.3272796116764,824.2579
567.2439680386802,824.2579
893.5712476503568,824.2579
864.4622414878129,824.2579
835.3532353252689,824.2579
771.0070111764876,824.2579
749.5582697935606,824.2579
743.430057969867,824.2579
715.8531047632465,824.2579
715.8531047632465,824.2579
709.7248929395531,824.2579
721.9813165869399,824.2579
743.430057969867,824.2579
792.4557525594147,824.2579
757.2185345731774,824.2579
729.6415813665567,824.2579
709.7248929395531,824.2579
709.7248929395531,824.2579
695.9364163362428,824.2579
676.019727909239,824.2579
648.4427747026185,824.2579
648.4427747026185,824.2579
628.5260862756147,824.2579
702.0646281599361,824.2579
688.276151556626,824.2946
668.3594631296222,824.3528
682.1479397329324,824.3751
729.6415813665567,824.2579
729.6415813665567,824.28174
709.7248929395531,824.5037
751.0903227494838,824.81055
702.0646281599361,824.84753
835.3532353252689,824.2579
613.8183778987506,824.2579
695.9364163362428,824.2579
692.8723104243961,824.2579
1057.5009139341566,824.2579
1072.8214434933902,824.2579
950.2572070195213,824.2579
919.616147901054,824.2579
893.5712476503568,824.2808
965.5777365787549,824.31714
6270.000000000001,824.33124
6270.000000000001,824.2579
6270.000000000001,824.39966
6270.000000000001,824.62445
6270.000000000001,824.71106
6270.000000000001,824.2579
6270.000000000001,824.2579
6270.000000000001,824.2579
6270.000000000001,824.2579
6270.000000000001,824.2579
6270.000000000001,824.2579
6270.000000000001,824.2579
6270.000000000001,824.2579
6270.000000000001,824.2579
6270.000000000001,824.2579
6270.000000000001,824.3659
6270.000000000001,824.5846
6270.000000000001,824.72595
6270.000000000001,824.61597
6270.000000000001,824.7911
6270.000000000001,824.9171
6270.000000000001,824.2579
6270.000000000001,824.2579
6270.000000000001,824.2579
6270.000000000001,824.2579
6270.000000000001,824.2579
6270.000000000001,824.2579
6270.000000000001,824.2579
865.9942944437361,824.2579
876.7186651351998,824.2579
882.8468769588931,824.2579
787.8595936916447,824.2579
769.4749582205643,824.2579
694.4043633803193,824.2579
919.616147901054,824.2579
1210.706209526493,824.2579
1379.232034678063,824.52386
1103.4625026118576,825.0645
965.5777365787549,825.41846
950.2572070195213,824.64703
786.3275407357212,824.2579
642.314562878925,824.2579
934.9366774602877,824.44696
1026.8598548156895,824.7466
1241.3472686449602,824.86206
1210.706209526493,824.2579
1241.3472686449602,824.2579
1333.2704460003622,824.2579
1210.706209526493,824.2579
1195.3856799672594,824.2579
1118.7830321710912,824.2579
1134.1035617303248,824.2579
1042.180384374923,824.267
1103.4625026118576,824.28156
1103.4625026118576,824.28723
996.218795697222,824.2579
1042.180384374923,824.2579
996.218795697222,824.2579
919.616147901054,824.2579
1134.1035617303248,824.2579
1088.141973052624,824.2579
861.3981355759662,824.2579
980.8982661379885,824.2579
965.5777365787549,824.2579
1026.8598548156895,824.2579
676.019727909239,824.30835
1011.5393252564556,824.3883
1103.4625026118576,824.4191
1072.8214434933902,824.2579
919.616147901054,824.2579
1103.4625026118576,824.2579
1226.0267390857266,824.2579
996.218795697222,824.2579
1241.3472686449602,824.2579
1226.0267390857266,824.2579
1072.8214434933902,824.2927
1026.8598548156895,824.3902
980.8982661379885,824.4782
896.6353535622035,824.3927
1302.629386881895,824.2579
1256.6677982041938,824.2579
1149.4240912895584,824.2579
1195.3856799672594,824.2579
934.9366774602877,824.2579
1042.180384374923,824.2579
816.9685998541884,824.2579
781.7313818679512,824.2579
885.9109828707398,824.2579
1011.5393252564556,824.2579
1134.1035617303248,824.2579
1271.9883277634278,824.27625
919.616147901054,824.30536
1118.7830321710912,824.3165
1072.8214434933902,824.2579
965.5777365787549,824.2579
902.7635653858969,824.2579
965.5777365787549,824.2579
1026.8598548156895,824.2579
980.8982661379885,824.2579
965.5777365787549,824.2579
950.2572070195213,824.2579
1026.8598548156895,824.2579
980.8982661379885,824.2579
1057.5009139341566,824.2579
1026.8598548156895,824.2579
884.3789299148166,824.2579
904.29561834182,824.2579
904.29561834182,824.2579
904.29561834182,824.2579
833.8211823693456,824.2579
1118.7830321710912,824.2579
1226.0267390857266,824.2579
1042.180384374923,824.2579
1011.5393252564556,824.2579
846.0776060167324,824.2579
867.5263473996595,824.2579
1149.4240912895584,824.2579
1042.180384374923,824.2579
1072.8214434933902,824.2579
1026.8598548156895,824.2579
1072.8214434933902,824.2579
1011.5393252564556,824.2579
1011.5393252564556,824.2579
1026.8598548156895,824.2579
934.9366774602877,824.2579
1072.8214434933902,824.2579
1042.180384374923,824.2579
1026.8598548156895,824.2579
783.2634348238745,824.2579
746.4941638817139,824.2579
980.8982661379885,824.2579
853.7378707963492,824.2579
899.6994594740502,824.2579
950.2572070195213,824.2579
1210.706209526493,824.26886
752.6223757054072,824.3441
855.2699237522726,824.4424
996.218795697222,824.4526
839.949394193039,824.284
752.6223757054072,824.3131
671.4235690414689,824.31714
743.430057969867,824.33124
3125.7724044306983,824.30286
2512.9512220613524,824.3906
1823.5273918958387,825.02246
1333.2704460003622,825.9707
847.6096589726558,826.3811
980.8982661379885,824.4868
1118.7830321710912,824.28156
965.5777365787549,824.28723
965.5777365787549,824.2579
1042.180384374923,824.2579
872.1225062674297,824.2579
804.7121762068016,824.2579
950.2572070195213,824.2579
876.7186651351998,824.2579
881.3148240029699,824.60034
1348.5909755595958,825.4449
1317.9499164411286,826.12695
1180.0651504080258,825.2323
1026.8598548156895,824.2579
902.7635653858969,824.2579
1271.9883277634278,824.2579
1011.5393252564556,824.2579
980.8982661379885,824.2579
950.2572070195213,824.2579
950.2572070195213,824.2579
996.218795697222,824.2579
859.8660826200427,824.2579
824.6288646338052,824.2579
885.9109828707398,824.2579
859.8660826200427,824.2579
904.29561834182,824.2579
934.9366774602877,824.2579
1088.141973052624,824.2579
1226.0267390857266,824.2579
1026.8598548156895,824.2579
1011.5393252564556,824.2579
996.218795697222,824.2579
892.0391946944336,824.2579
934.9366774602877,824.2579
934.9366774602877,824.2579
919.616147901054,824.2579
980.8982661379885,824.2579
934.9366774602877,824.2579
904.29561834182,824.2579
767.9429052646408,824.2579
672.9556219973924,824.2579
527.4105911846727,824.2579
633.1222451433847,824.2579
703.5966811158596,824.2579
709.7248929395531,824.2579
594.8209212453007,824.2579
435.487413829271,824.2579
596.3529742012241,824.2579
620.8658214959979,824.2579
617.8017155841511,824.2579
734.237740234327,824.2579
545.795226655753,824.2579
617.8017155841511,824.2579
628.5260862756147,824.2579
476.8528436392017,824.2579
619.3337685400746,824.2579
617.8017155841511,824.2579
577.9683387301438,824.2579
617.8017155841511,824.2579
535.0708559642895,824.2579
551.9234384794465,824.2579
478.38489659512504,824.2579
512.0900616254391,824.2579
505.96184980174553,824.2579
505.96184980174553,824.2579
522.8144323169025,824.2579
297.6026477961681,824.2579
686.7440986007025,824.2579
695.9364163362428,824.2579
950.2572070195213,824.2579
887.4430358266633,824.2579
761.8146934409475,824.2579
875.1866121792763,824.2579
855.2699237522726,824.2579
699.0005222480894,824.2579
841.4814471489624,824.2579
859.8660826200427,824.2579
1394.5525642372966,824.3513
1379.232034678063,824.696
1134.1035617303248,825.0663
1042.180384374923,824.89105
950.2572070195213,824.2579
950.2572070195213,824.2927
850.6737648845025,824.34796
934.9366774602877,824.41504
861.3981355759662,824.37646
856.8019767081961,824.4044
919.616147901054,824.2579
862.9301885318894,824.2579
777.1352230001811,824.2579
826.1609175897288,824.2579
746.4941638817139,824.2579
734.237740234327,824.2579
723.5133695428633,824.2579
553.4554914353698,824.2579
1072.8214434933902,824.2579
965.5777365787549,824.2579
1195.3856799672594,824.2579
1088.141973052624,824.2579
980.8982661379885,824.2579
862.9301885318894,824.2579
1057.5009139341566,824.2579
870.5904533115062,824.2579
1011.5393252564556,824.2579
996.218795697222,824.2579
1011.5393252564556,824.2579
1026.8598548156895,824.2579
717.3851577191699,824.2579
1011.5393252564556,824.2579
1042.180384374923,824.2579
717.3851577191699,824.2579
1348.5909755595958,824.2579
1271.9883277634278,824.2579
1180.0651504080258,824.30005
1042.180384374923,824.367
980.8982661379885,824.3927
901.2315124299733,824.2579
1042.180384374923,824.2579
1057.5009139341566,824.2579
980.8982661379885,824.2579
1042.180384374923,824.2579
904.29561834182,824.2579
996.218795697222,824.2579
657.6350924381587,824.2579
679.0838338210857,824.2579
746.4941638817139,824.2579
767.9429052646408,824.2579
792.4557525594147,824.2579
645.3786687907716,824.2579
702.0646281599361,824.2579
1057.5009139341566,824.2579
895.1033006062803,824.2579
1241.3472686449602,824.485
919.616147901054,825.1031
853.7378707963492,825.65625
709.7248929395531,825.0995
760.282640485024,824.2579
793.987805515338,824.2579
846.0776060167324,824.2579
884.3789299148166,824.2579
884.3789299148166,824.2579
869.058400355583,824.2579
790.9236996034913,824.2579
694.4043633803193,824.2579
665.2953572177756,824.2579
813.9044939423417,824.2579
723.5133695428633,824.2579
754.1544286613307,824.2579
723.5133695428633,824.2579
709.7248929395531,824.2579
717.3851577191699,824.2579
674.4876749533156,824.2579
702.0646281599361,824.2579
740.3659520580203,824.2579
686.7440986007025,824.2579
657.6350924381587,824.2579
686.7440986007025,824.2579
1072.8214434933902,824.2579
1440.5141529149978,824.3294
1226.0267390857266,824.69635
844.5455530608091,825.1614
806.2442291627249,825.1203
919.616147901054,824.3165
777.1352230001811,824.2579
841.4814471489624,824.2579
807.7762821186484,824.2579
873.6545592233529,824.2579
694.4043633803193,824.2579
784.7954877797979,824.2579
950.2572070195213,824.2579
1593.7194485073342,824.5058
980.8982661379885,825.0918
980.8982661379885,825.5536
934.9366774602877,824.8882
1011.5393252564556,824.2927
859.8660826200427,824.34796
775.6031700442576,824.36926
839.949394193039,824.2579
919.616147901054,824.2579
980.8982661379885,824.2579
1057.5009139341566,824.2579
1057.5009139341566,824.2579
1455.8346824742314,824.2579
1409.8730937965306,824.2579
1394.5525642372966,824.2579
1363.9115051188294,824.2579
1363.9115051188294,824.2579
1348.5909755595958,824.2579
1348.5909755595958,824.2579
1394.5525642372966,824.2579
1103.4625026118576,824.2579
1164.7446208487922,824.2579
919.616147901054,824.2579
844.5455530608091,824.2579
1072.8214434933902,824.2579
1317.9499164411286,824.2579
1425.1936233557642,824.29913
1486.4757415926986,824.3647
1287.3088573226614,824.4118
1271.9883277634278,824.3148
1072.8214434933902,824.32825
1287.3088573226614,824.2579
1118.7830321710912,824.2579
1118.7830321710912,824.2579
965.5777365787549,824.2579
1011.5393252564556,824.2579
934.9366774602877,824.2579
965.5777365787549,824.2579
996.218795697222,824.29645
1164.7446208487922,824.35754
1149.4240912895584,824.381
1210.706209526493,824.2579
1195.3856799672594,824.2579
1226.0267390857266,824.2579
1180.0651504080258,824.2579
1164.7446208487922,824.2579
893.5712476503568,824.2579
1088.141973052624,824.2579
1057.5009139341566,824.2579
919.616147901054,824.2579
919.616147901054,824.2579
919.616147901054,824.2579
965.5777365787549,824.2579
996.218795697222,824.2579
1118.7830321710912,824.2579
965.5777365787549,824.2579
1088.141973052624,824.2579
1317.9499164411286,824.2579
1134.1035617303248,824.2579
1057.5009139341566,824.2579
904.29561834182,824.2579
1026.8598548156895,824.2579
1287.3088573226614,824.2579
1256.6677982041938,824.2579
1241.3472686449602,824.2579
1241.3472686449602,824.3604
934.9366774602877,824.65735
965.5777365787549,824.93396
996.218795697222,824.6907
1118.7830321710912,824.2579
1057.5009139341566,824.2579
1026.8598548156895,824.2579
1026.8598548156895,824.2579
1026.8598548156895,824.2579
934.9366774602877,824.2579
1026.8598548156895,824.2642
1164.7446208487922,824.3322
885.9109828707398,824.42773
821.5647587219585,824.44244
692.8723104243961,824.2579
680.6158867770092,824.2579
648.4427747026185,824.2579
643.8466158348484,824.2579
1011.5393252564556,824.2579
744.9621109257904,824.2579
761.8146934409475,824.2579
749.5582697935606,824.2579
571.8401269064502,824.2579
495.23747911028204,824.2579
570.308073950527,824.2579
798.5839643831081,824.2579
826.1609175897288,824.2579
737.3018461461735,824.2844
617.8017155841511,824.3267
530.4746970965193,824.34296
1149.4240912895584,824.2579
980.8982661379885,824.2579
1088.141973052624,824.2579
1210.706209526493,824.2579
965.5777365787549,824.2579
950.2572070195213,824.2579
934.9366774602877,824.2579
919.616147901054,824.2579
1011.5393252564556,824.2579
996.218795697222,824.2579
996.218795697222,824.2579
743.430057969867,824.2579
1088.141973052624,824.2579
709.7248929395531,824.2579
787.8595936916447,824.2579
896.6353535622035,824.2579
858.3340296641193,824.2579
904.29561834182,824.2579
876.7186651351998,824.2579
833.8211823693456,824.2579
902.7635653858969,824.2579
980.8982661379885,824.2579
934.9366774602877,824.2579
858.3340296641193,824.2579
666.8274101736988,824.2579
830.7570764574988,824.2579
919.616147901054,824.2579
861.3981355759662,824.2579
1271.9883277634278,824.2579
1287.3088573226614,824.2579
1241.3472686449602,824.2579
1088.141973052624,824.2579
1164.7446208487922,824.2579
1042.180384374923,824.2579
1103.4625026118576,824.2579
1057.5009139341566,824.2579
1026.8598548156895,824.2579
878.250718091123,824.2579
934.9366774602877,824.2579
980.8982661379885,824.2579
1026.8598548156895,824.2579
1072.8214434933902,824.2579
1118.7830321710912,824.2579
934.9366774602877,824.2579
996.218795697222,824.29004
751.0903227494838,824.34094
686.7440986007025,824.36053
797.0519114271848,824.2579
812.3724409864185,824.2579
965.5777365787549,824.2579
996.218795697222,824.2579
1011.5393252564556,824.2579
795.5198584712615,824.2579
950.2572070195213,824.2579
827.6929705456521,824.2744
835.3532353252689,824.3006
1394.5525642372966,824.31067
1379.232034678063,824.2579
1379.232034678063,824.2579
1425.1936233557642,824.2579
1532.4373302703998,824.2579
1440.5141529149978,824.2579
1563.078389388867,824.2579
1762.2452736589044,824.2579
2267.8227491136145,824.3239
2773.4002245683246,824.64996
1854.1684510143061,825.3019
1670.3220963035026,825.64886
1670.3220963035026,825.1081
1517.1168007111662,824.2579
1930.7710988104743,824.2579
1624.3605076258013,824.2579
1716.2836849812034,824.29364
1501.7962711519322,824.3861
1547.7578598296334,824.6689
1379.232034678063,824.90216
1563.078389388867,824.946
1532.4373302703998,824.34094
1501.7962711519322,824.36053
1394.5525642372966,824.2579
1440.5141529149978,824.2579
1379.232034678063,824.2579
1455.8346824742314,824.2579
1624.3605076258013,824.2579
489.10926728658876,824.3056
489.10926728658876,824.01044
509.02595571359245,823.51654
626.9940333196914,822.68207
626.9940333196914,822.7182
648.4427747026185,822.77106
587.1606564656839,822.84344
587.1606564656839,822.7932
568.7760209946034,822.8273
568.7760209946034,822.68207
568.7760209946034,822.68207
568.7760209946034,822.68207
568.7760209946034,822.68207
607.0773448926876,822.68207
648.4427747026185,822.68207
648.4427747026185,822.68207
669.8915160855455,822.68207
626.9940333196914,822.68207
626.9940333196914,822.68207
626.9940333196914,822.68207
587.1606564656839,822.68207
587.1606564656839,822.68207
587.1606564656839,822.68207
587.1606564656839,822.68207
587.1606564656839,822.68207
548.8593325675998,822.68207
548.8593325675998,822.68207
548.8593325675998,822.68207
587.1606564656839,822.68207
676.019727909239,822.68207
659.167145394082,822.68207
623.9299274078447,822.68207
607.0773448926876,822.68207
591.7568153334539,822.68207
591.7568153334539,822.68207
591.7568153334539,822.68207
574.904232818297,822.68207
542.7311207439066,822.6956
527.4105911846727,822.7154
512.0900616254391,822.7256
512.0900616254391,822.68207
495.23747911028204,822.68207
512.0900616254391,822.68207
512.0900616254391,822.68207
479.91694955104845,822.68207
479.91694955104845,822.68207
447.74383747665786,822.68207
447.74383747665786,822.68207
447.74383747665786,822.68207
479.91694955104845,822.68207
447.74383747665786,822.68207
432.42330791742427,822.68207
418.63483131411385,822.68207
432.42330791742427,822.68207
432.42330791742427,822.68207
403.31430175488026,822.68207
387.9937721956465,822.68207
1302.629386881895,822.68207
1302.629386881895,822.68207
1271.9883277634278,822.78143
1180.0651504080258,822.93494
1180.0651504080258,823.02344
1195.3856799672594,822.7111
1149.4240912895584,822.68207
1103.4625026118576,822.68207
1088.141973052624,822.68207
1088.141973052624,822.68207
1057.5009139341566,822.68207
1057.5009139341566,822.68207
1057.5009139341566,822.68207
1042.180384374923,822.68207
1011.5393252564556,822.68207
980.8982661379885,822.68207
980.8982661379885,822.68207
1057.5009139341566,822.68207
980.8982661379885,822.68207
950.2572070195213,822.68207
934.9366774602877,822.68207
934.9366774602877,822.68207
904.29561834182,822.68207
890.50714173851,822.68207
872.1225062674297,822.68207
853.7378707963492,822.68207
853.7378707963492,822.68207
853.7378707963492,822.68207
709.7248929395531,822.68207
692.8723104243961,822.68207
676.019727909239,822.68207
640.7825099230015,822.68207
623.9299274078447,822.68207
607.0773448926876,822.68207
607.0773448926876,822.68207
607.0773448926876,822.68207
574.904232818297,822.68207
574.904232818297,822.68207
542.7311207439066,822.68207
527.4105911846727,822.68207
527.4105911846727,822.68207
527.4105911846727,822.68207
527.4105911846727,822.68207
512.0900616254391,822.68207
479.91694955104845,822.68207
447.74383747665786,822.68207
447.74383747665786,822.68207
447.74383747665786,822.68207
418.63483131411385,822.68207
418.63483131411385,822.68207
432.42330791742427,822.68207
447.74383747665786,822.68207
447.74383747665786,822.68207
479.91694955104845,822.68207
447.74383747665786,822.7001
447.74383747665786,822.7265
516.6862204932092,822.74023
535.0708559642895,822.68207
516.6862204932092,822.68207
498.30158502212873,822.68207
478.38489659512504,822.68207
441.61562565296424,822.68207
423.23099018188395,822.68207
423.23099018188395,822.68207
423.23099018188395,822.68207
441.61562565296424,822.68207
441.61562565296424,822.68207
423.23099018188395,822.68207
423.23099018188395,822.68207
384.9296662837998,822.68207
366.5450308127197,822.68207
366.5450308127197,822.68207
348.1603953416392,822.68207
348.1603953416392,822.68207
331.30781282648223,822.68207
348.1603953416392,822.68207
423.23099018188395,822.68207
423.23099018188395,822.7001
348.1603953416392,822.77625
331.30781282648223,822.86237
314.4552303113251,822.8418
297.6026477961681,822.68207
280.7500652810112,822.68207
280.7500652810112,822.68207
280.7500652810112,822.68207
784.7954877797979,822.68207
784.7954877797979,822.68207
795.5198584712615,822.68207
761.8146934409475,822.68207
784.7954877797979,822.68207
784.7954877797979,822.68207
784.7954877797979,822.68207
761.8146934409475,822.68207
761.8146934409475,822.68207
718.9172106750932,822.68207
728.1095284106334,822.68207
708.1928399836297,822.68207
697.4684692921662,822.68207
697.4684692921662,822.68207
677.5517808651625,822.68207
657.6350924381587,822.68207
697.4684692921662,822.68207
697.4684692921662,822.68207
688.276151556626,822.68207
677.5517808651625,822.68207
688.276151556626,822.68207
697.4684692921662,822.68207
677.5517808651625,822.68207
657.6350924381587,822.68207
761.8146934409475,822.68207
751.0903227494838,822.68207
697.4684692921662,822.68207
697.4684692921662,822.68207
6270.000000000001,822.68207
6270.000000000001,822.68207
6270.000000000001,822.68207
6270.000000000001,822.68207
6270.000000000001,822.68207
6270.000000000001,822.68207
6270.000000000001,822.68207
6270.000000000001,822.68207
6270.000000000001,822.68207
6270.000000000001,822.68207
6270.000000000001,822.68207
1302.629386881895,822.7904
1164.7446208487922,823.104
1088.141973052624,823.41406
1103.4625026118576,823.1863
1180.0651504080258,822.68207
1103.4625026118576,822.74536
1042.180384374923,822.9276
1011.5393252564556,823.10583
1011.5393252564556,822.9723
980.8982661379885,822.68207
980.8982661379885,822.68207
965.5777365787549,822.68207
919.616147901054,822.68207
872.1225062674297,822.68207
821.5647587219585,822.68207
807.7762821186484,822.68207
798.5839643831081,822.68207
1210.706209526493,822.68207
1256.6677982041938,822.68207
1302.629386881895,822.68207
1271.9883277634278,822.68207
1271.9883277634278,822.68207
1271.9883277634278,822.68207
1256.6677982041938,822.68207
1241.3472686449602,822.68207
1241.3472686449602,822.68207
1241.3472686449602,822.68207
1256.6677982041938,822.68207
1210.706209526493,822.68207
1210.706209526493,822.68207
1210.706209526493,822.68207
1210.706209526493,822.68207
1210.706209526493,822.68207
1210.706209526493,822.68207
1241.3472686449602,822.7001
1241.3472686449602,822.7265
1195.3856799672594,822.9042
1164.7446208487922,823.0915
1118.7830321710912,823.2095
1103.4625026118576,822.68207
1103.4625026118576,822.68207
1072.8214434933902,822.68207
1057.5009139341566,822.68207
1057.5009139341566,822.68207
1057.5009139341566,822.68207
852.2058178404259,822.68207
852.2058178404259,822.68207
875.1866121792763,822.68207
852.2058178404259,822.68207
829.2250235015753,822.68207
875.1866121792763,822.68207
898.1674065181267,822.68207
919.616147901054,822.68207
898.1674065181267,822.68207
875.1866121792763,822.68207
875.1866121792763,822.68207
852.2058178404259,822.68207
852.2058178404259,822.68207
806.2442291627249,822.68207
829.2250235015753,822.68207
806.2442291627249,822.7309
806.2442291627249,822.8382
784.7954877797979,822.9277
784.7954877797979,822.7983
738.8338991020971,822.68207
738.8338991020971,822.68207
761.8146934409475,822.68207
806.2442291627249,822.68207
806.2442291627249,822.68207
852.2058178404259,822.68207
829.2250235015753,822.7904
761.8146934409475,822.9482
738.8338991020971,823.03015
761.8146934409475,822.68207
475.32079068327835,822.68207
475.32079068327835,822.68207
444.67973156481116,822.68207
429.3592020055774,822.68207
412.5066194904204,822.68207
412.5066194904204,822.68207
397.1860899311868,822.68207
334.3719187383288,822.68207
319.05138917909517,822.68207
305.2629125757849,822.68207
305.2629125757849,822.68207
291.47443597247474,822.68207
262.3654298099309,822.68207
248.57695320662063,822.68207
248.57695320662063,822.68207
234.78847660331024,822.68207
221.0,822.68207
221.0,822.68207
234.78847660331024,822.68207
334.3719187383288,822.68207
334.3719187383288,822.7318
291.47443597247474,822.8674
277.6859593691645,822.99664
262.3654298099309,822.8853
248.57695320662063,822.68207
262.3654298099309,822.68207
248.57695320662063,822.68207
262.3654298099309,822.68207
777.1352230001811,822.68207
752.6223757054072,822.68207
728.1095284106334,822.68207
677.5517808651625,822.68207
777.1352230001811,822.68207
728.1095284106334,822.68207
702.0646281599361,822.68207
677.5517808651625,822.68207
653.0389335703884,822.68207
653.0389335703884,822.68207
628.5260862756147,822.68207
628.5260862756147,822.68207
579.500391686067,822.68207
558.0516503031401,822.68207
535.0708559642895,822.68207
513.6221145813626,823.2569
490.64132024251194,824.1645
490.64132024251194,824.4612
513.6221145813626,822.7547
513.6221145813626,822.68207
490.64132024251194,822.68207
490.64132024251194,822.68207
490.64132024251194,822.68207
513.6221145813626,822.68207
513.6221145813626,822.68207
490.64132024251194,822.68207
558.0516503031401,822.7047
579.500391686067,822.7377
777.1352230001811,822.7547
752.6223757054072,822.68207
728.1095284106334,822.68207
677.5517808651625,822.68207
777.1352230001811,822.68207
728.1095284106334,822.68207
702.0646281599361,822.68207
677.5517808651625,822.68207
653.0389335703884,822.68207
653.0389335703884,822.68207
628.5260862756147,822.68207
628.5260862756147,822.68207
579.500391686067,822.68207
558.0516503031401,822.68207
535.0708559642895,822.68207
513.6221145813626,822.68207
490.64132024251194,822.68207
490.64132024251194,822.68207
513.6221145813626,822.68207
513.6221145813626,822.68207
490.64132024251194,822.68207
490.64132024251194,822.68207
490.64132024251194,822.68207
513.6221145813626,822.68207
513.6221145813626,822.68207
490.64132024251194,822.68207
558.0516503031401,822.68207
752.6223757054072,822.7363
1180.0651504080258,823.03534
1210.706209526493,823.4131
1149.4240912895584,823.39
1118.7830321710912,822.68207
1057.5009139341566,822.68207
1118.7830321710912,822.68207
1088.141973052624,822.68207
1302.629386881895,822.81744
1333.2704460003622,823.0684
1210.706209526493,823.2486
996.218795697222,822.8563
1057.5009139341566,822.68207
996.218795697222,822.68207
934.9366774602877,822.68207
996.218795697222,822.68207
965.5777365787549,822.68207
934.9366774602877,822.68207
934.9366774602877,822.68207
873.6545592233529,822.68207
843.0135001048857,822.68207
812.3724409864185,822.68207
812.3724409864185,822.68207
812.3724409864185,822.68207
781.7313818679512,822.68207
781.7313818679512,822.68207
751.0903227494838,822.68207
751.0903227494838,822.68207
751.0903227494838,822.68207
812.3724409864185,822.68207
659.167145394082,822.68207
628.5260862756147,822.68207
597.8850271571474,822.68207
574.904232818297,822.68207
574.904232818297,822.68207
574.904232818297,822.68207
551.9234384794465,822.68207
528.9426441405961,822.68207
505.96184980174553,822.68207
689.8082045125494,822.68207
812.3724409864185,822.68207
628.5260862756147,822.68207
574.904232818297,822.68207
628.5260862756147,822.68207
720.4492636310166,822.68207
720.4492636310166,822.68207
659.167145394082,822.68207
659.167145394082,822.68207
551.9234384794465,822.68207
528.9426441405961,822.68207
505.96184980174553,822.74084
482.98105546289514,822.8265
437.0194667851942,822.87085
414.0386724463438,822.68207
391.05787810749337,822.68207
414.0386724463438,822.68207
460.00026112404475,822.6911
460.00026112404475,822.70435
777.1352230001811,822.7111
728.1095284106334,822.68207
702.0646281599361,822.68207
677.5517808651625,822.68207
653.0389335703884,822.68207
653.0389335703884,822.68207
604.013238980841,822.68207
579.500391686067,822.68207
702.0646281599361,822.68207
1103.4625026118576,822.68207
1072.8214434933902,822.86597
934.9366774602877,823.1443
826.1609175897288,823.27295
677.5517808651625,822.68207
628.5260862756147,822.68207
628.5260862756147,822.68207
604.013238980841,822.68207
579.500391686067,822.68207
558.0516503031401,822.68207
535.0708559642895,822.68207
513.6221145813626,822.68207
513.6221145813626,822.68207
677.5517808651625,822.68207
579.500391686067,822.7499
579.500391686067,822.84875
535.0708559642895,822.89984
490.64132024251194,822.68207
469.1925788595847,822.68207
628.5260862756147,822.68207
628.5260862756147,822.68207
628.5260862756147,822.68207
597.8850271571474,822.68207
574.904232818297,822.68207
597.8850271571474,822.68207
597.8850271571474,822.68207
574.904232818297,822.68207
551.9234384794465,822.68207
597.8850271571474,822.68207
597.8850271571474,822.68207
597.8850271571474,822.68207
597.8850271571474,822.68207
574.904232818297,822.68207
574.904232818297,822.68207
659.167145394082,822.68207
781.7313818679512,822.75433
659.167145394082,822.9496
628.5260862756147,823.13464
574.904232818297,822.9723
551.9234384794465,822.68207
505.96184980174553,822.68207
574.904232818297,822.68207
843.0135001048857,822.68207
843.0135001048857,822.84894
628.5260862756147,823.0987
528.9426441405961,823.21814
551.9234384794465,822.68207
803.1801232508783,822.68207
767.9429052646408,822.68207
767.9429052646408,822.68207
734.237740234327,822.68207
700.5325752040129,822.68207
677.5517808651625,822.68207
645.3786687907716,822.68207
622.3978744519212,822.68207
622.3978744519212,822.68207
1042.180384374923,822.68207
1655.001566744269,822.68207
2344.4253969097826,823.02783
1639.681037185035,823.9262
1317.9499164411286,824.68823
1149.4240912895584,823.8452
1103.4625026118576,822.68207
1026.8598548156895,822.68207
950.2572070195213,822.8048
885.9109828707398,822.98364
898.1674065181267,823.07654
875.1866121792763,822.68207
827.6929705456521,822.68207
780.1993289120278,822.68207
767.9429052646408,822.68207
734.237740234327,822.68207
1026.8598548156895,822.68207
1026.8598548156895,822.68207
1655.001566744269,822.7859
1226.0267390857266,823.04016
744.9621109257904,823.2686
723.5133695428633,823.01575
711.2569458954764,822.68207
700.5325752040129,822.68207
734.237740234327,822.68207
700.5325752040129,822.68207
677.5517808651625,822.7227
656.1030394822353,822.7821
645.3786687907716,822.81274
622.3978744519212,822.68207
611.6735037604578,822.68207
588.6927094216073,822.68207
567.2439680386802,822.68207
545.795226655753,822.68207
545.795226655753,822.68207
545.795226655753,822.68207
502.89774388989883,822.68207
482.98105546289514,822.68207
443.1476786088878,822.68207
423.23099018188395,822.68207
423.23099018188395,822.68207
432.42330791742427,822.68207
432.42330791742427,822.68207
482.98105546289514,822.68207
463.06436703589145,822.68207
472.25668477143165,822.68207
492.1733731984353,822.68207
482.98105546289514,822.68207
1042.180384374923,822.68207
1026.8598548156895,822.68207
1072.8214434933902,822.68207
1088.141973052624,822.68207
1057.5009139341566,822.68207
1011.5393252564556,822.68207
996.218795697222,822.68207
996.218795697222,822.68207
980.8982661379885,822.68207
950.2572070195213,822.68207
934.9366774602877,822.68207
934.9366774602877,822.68207
934.9366774602877,822.68207
934.9366774602877,822.68207
919.616147901054,822.68207
885.9109828707398,822.68207
864.4622414878129,822.68207
843.0135001048857,822.68207
853.7378707963492,822.68207
934.9366774602877,822.68207
875.1866121792763,822.68207
843.0135001048857,822.68207
821.5647587219585,822.68207
790.9236996034913,822.68207
919.616147901054,822.68207
996.218795697222,822.68207
864.4622414878129,822.8129
919.616147901054,823.1244
950.2572070195213,823.3989
934.9366774602877,823.0736
934.9366774602877,822.68207
919.616147901054,822.68207
1042.180384374923,822.6965
885.9109828707398,822.71765
862.9301885318894,822.7286
850.6737648845025,822.68207
839.949394193039,822.68207
839.949394193039,822.68207
815.4365468982652,822.68207
815.4365468982652,822.68207
792.4557525594147,822.68207
780.1993289120278,822.68207
767.9429052646408,822.68207
744.9621109257904,822.68207
757.2185345731774,822.68207
744.9621109257904,822.68207
723.5133695428633,822.68207
700.5325752040129,822.68207
711.2569458954764,822.68207
700.5325752040129,822.68207
677.5517808651625,822.68207
723.5133695428633,822.68207
711.2569458954764,822.68207
700.5325752040129,822.68207
689.8082045125494,822.68207
677.5517808651625,822.68207
792.4557525594147,822.68207
835.3532353252689,822.68207
824.6288646338052,822.68207
792.4557525594147,822.68207
771.0070111764876,822.68207
824.6288646338052,822.68207
858.3340296641193,822.7679
890.50714173851,822.89264
846.0776060167324,822.9578
803.1801232508783,822.68207
771.0070111764876,822.68207
792.4557525594147,822.68207
890.50714173851,822.68207
846.0776060167324,822.72003
781.7313818679512,822.77545
749.5582697935606,822.804
729.6415813665567,822.68207
709.7248929395531,822.68207
679.0838338210857,822.68207
668.3594631296222,822.68207
648.4427747026185,822.68207
628.5260862756147,822.68207
628.5260862756147,822.68207
587.1606564656839,822.68207
567.2439680386802,822.68207
567.2439680386802,822.68207
547.3272796116764,822.68207
547.3272796116764,822.68207
567.2439680386802,822.68207
893.5712476503568,822.68207
864.4622414878129,822.68207
835.3532353252689,822.68207
771.0070111764876,822.68207
749.5582697935606,822.68207
743.430057969867,822.68207
715.8531047632465,822.68207
715.8531047632465,822.68207
709.7248929395531,822.68207
721.9813165869399,822.68207
743.430057969867,822.68207
792.4557525594147,822.68207
757.2185345731774,822.68207
729.6415813665567,822.68207
709.7248929395531,822.68207
709.7248929395531,822.68207
695.9364163362428,822.68207
676.019727909239,822.68207
648.4427747026185,822.68207
648.4427747026185,822.68207
628.5260862756147,822.68207
702.0646281599361,822.68207
688.276151556626,822.6956
668.3594631296222,822.8507
682.1479397329324,823.0579
729.6415813665567,823.117
729.6415813665567,822.68207
709.7248929395531,822.7949
751.0903227494838,822.9592
702.0646281599361,823.0447
835.3532353252689,822.68207
613.8183778987506,822.68207
695.9364163362428,822.68207
692.8723104243961,822.68207
1057.5009139341566,822.68207
1072.8214434933902,822.68207
950.2572070195213,822.68207
919.616147901054,822.68207
893.5712476503568,822.68207
965.5777365787549,822.68207
6270.000000000001,822.68207
6270.000000000001,822.8534
6270.000000000001,823.11066
6270.000000000001,823.23254
6270.000000000001,822.68207
6270.000000000001,822.68207
6270.000000000001,822.68207
6270.000000000001,822.68207
6270.000000000001,822.68207
6270.000000000001,822.68207
6270.000000000001,822.68207
6270.000000000001,822.68207
6270.000000000001,822.68207
6270.000000000001,822.68207
6270.000000000001,822.8085
6270.000000000001,823.0284
6270.000000000001,823.1761
6270.000000000001,822.7983
6270.000000000001,822.79944
6270.000000000001,822.97034
6270.000000000001,823.05914
6270.000000000001,822.68207
6270.000000000001,822.68207
6270.000000000001,822.68207
6270.000000000001,822.68207
6270.000000000001,822.68207
6270.000000000001,822.68207
6270.000000000001,822.68207
865.9942944437361,822.68207
876.7186651351998,822.68207
882.8468769588931,822.68207
787.8595936916447,822.68207
769.4749582205643,822.68207
694.4043633803193,822.68207
919.616147901054,822.68207
1210.706209526493,822.68207
1379.232034678063,822.92957
1103.4625026118576,823.4869
965.5777365787549,823.89966
950.2572070195213,823.24695
786.3275407357212,822.68207
642.314562878925,822.68207
934.9366774602877,822.6956
1026.8598548156895,822.7154
1241.3472686449602,822.7256
1210.706209526493,822.68207
1241.3472686449602,822.68207
1333.2704460003622,822.68207
1210.706209526493,822.68207
1195.3856799672594,822.68207
1118.7830321710912,822.68207
1134.1035617303248,822.68207
1042.180384374923,822.68207
1103.4625026118576,822.68207
1103.4625026118576,822.68207
996.218795697222,822.68207
1042.180384374923,822.68207
996.218795697222,822.68207
919.616147901054,822.68207
1134.1035617303248,822.68207
1088.141973052624,822.68207
861.3981355759662,822.68207
980.8982661379885,822.68207
965.5777365787549,822.68207
1026.8598548156895,822.68207
676.019727909239,822.68207
1011.5393252564556,822.68207
1103.4625026118576,822.68207
1072.8214434933902,822.68207
919.616147901054,822.68207
1103.4625026118576,822.68207
1226.0267390857266,822.68207
996.218795697222,822.68207
1241.3472686449602,822.68207
1226.0267390857266,822.68207
1072.8214434933902,822.73816
1026.8598548156895,822.8199
980.8982661379885,822.86206
896.6353535622035,822.68207
1302.629386881895,822.68207
1256.6677982041938,822.68207
1149.4240912895584,822.68207
1195.3856799672594,822.68207
934.9366774602877,822.68207
1042.180384374923,822.68207
816.9685998541884,822.68207
781.7313818679512,822.68207
885.9109828707398,822.68207
1011.5393252564556,822.68207
1134.1035617303248,822.68207
1271.9883277634278,822.72003
919.616147901054,822.77545
1118.7830321710912,822.804
1072.8214434933902,822.68207
965.5777365787549,822.68207
902.7635653858969,822.68207
965.5777365787549,822.68207
1026.8598548156895,822.7363
980.8982661379885,822.81537
965.5777365787549,822.8563
950.2572070195213,822.68207
1026.8598548156895,822.68207
980.8982661379885,822.68207
1057.5009139341566,822.68207
1026.8598548156895,822.68207
884.3789299148166,822.68207
904.29561834182,822.68207
904.29561834182,822.68207
904.29561834182,822.68207
833.8211823693456,822.68207
1118.7830321710912,822.68207
1226.0267390857266,822.68207
1042.180384374923,822.68207
1011.5393252564556,822.68207
846.0776060167324,822.68207
867.5263473996595,822.68207
1149.4240912895584,822.68207
1042.180384374923,822.68207
1072.8214434933902,822.68207
1026.8598548156895,822.68207
1072.8214434933902,822.68207
1011.5393252564556,822.68207
1011.5393252564556,822.68207
1026.8598548156895,822.68207
934.9366774602877,822.68207
1072.8214434933902,822.68207
1042.180384374923,822.68207
1026.8598548156895,822.68207
783.2634348238745,822.68207
746.4941638817139,822.68207
980.8982661379885,822.68207
853.7378707963492,822.68207
899.6994594740502,822.68207
950.2572070195213,822.68207
1210.706209526493,822.68207
752.6223757054072,822.68207
855.2699237522726,822.68207
996.218795697222,822.68207
839.949394193039,822.7363
752.6223757054072,822.81537
671.4235690414689,822.8563
743.430057969867,822.68207
3125.7724044306983,822.7137
2512.9512220613524,822.7599
1823.5273918958387,823.2035
1333.2704460003622,823.77356
847.6096589726558,824.02765
980.8982661379885,822.7547
1118.7830321710912,822.68207
965.5777365787549,822.68207
965.5777365787549,822.68207
1042.180384374923,822.68207
872.1225062674297,822.68207
804.7121762068016,822.68207
950.2572070195213,822.68207
876.7186651351998,822.68207
881.3148240029699,822.6929
1348.5909755595958,822.70874
1317.9499164411286,822.717
1180.0651504080258,822.68207
1026.8598548156895,822.68207
902.7635653858969,822.68207
1271.9883277634278,822.68207
1011.5393252564556,822.68207
980.8982661379885,822.68207
950.2572070195213,822.68207
950.2572070195213,822.68207
996.218795697222,822.68207
859.8660826200427,822.68207
824.6288646338052,822.68207
885.9109828707398,822.68207
859.8660826200427,822.68207
904.29561834182,822.68207
934.9366774602877,822.68207
1088.141973052624,822.68207
1226.0267390857266,822.68207
1026.8598548156895,822.68207
1011.5393252564556,822.68207
996.218795697222,822.68207
892.0391946944336,822.68207
934.9366774602877,822.68207
934.9366774602877,822.68207
919.616147901054,822.68207
980.8982661379885,822.68207
934.9366774602877,822.68207
904.29561834182,822.68207
767.9429052646408,822.68207
672.9556219973924,822.68207
527.4105911846727,822.68207
633.1222451433847,822.68207
703.5966811158596,822.68207
709.7248929395531,822.68207
594.8209212453007,822.68207
435.487413829271,822.68207
596.3529742012241,822.68207
620.8658214959979,822.68207
617.8017155841511,822.68207
734.237740234327,822.68207
545.795226655753,822.68207
617.8017155841511,822.68207
628.5260862756147,822.68207
476.8528436392017,822.68207
619.3337685400746,822.68207
617.8017155841511,822.68207
577.9683387301438,822.68207
617.8017155841511,822.68207
535.0708559642895,822.68207
551.9234384794465,822.68207
478.38489659512504,822.68207
512.0900616254391,822.68207
505.96184980174553,822.68207
505.96184980174553,822.68207
522.8144323169025,822.68207
297.6026477961681,822.68207
686.7440986007025,822.68207
695.9364163362428,822.68207
950.2572070195213,822.68207
887.4430358266633,822.68207
761.8146934409475,822.68207
875.1866121792763,822.68207
855.2699237522726,822.68207
699.0005222480894,822.68207
841.4814471489624,822.68207
859.8660826200427,822.68207
1394.5525642372966,822.7616
1379.232034678063,823.14667
1134.1035617303248,823.6258
1042.180384374923,823.5458
950.2572070195213,822.7218
950.2572070195213,822.77985
850.6737648845025,822.8099
934.9366774602877,822.68207
861.3981355759662,822.68207
856.8019767081961,822.68207
919.616147901054,822.68207
862.9301885318894,822.68207
777.1352230001811,822.68207
826.1609175897288,822.68207
746.4941638817139,822.68207
734.237740234327,822.7101
723.5133695428633,822.75104
553.4554914353698,822.7721
1072.8214434933902,822.68207
965.5777365787549,822.68207
1195.3856799672594,822.68207
1088.141973052624,822.68207
980.8982661379885,822.68207
862.9301885318894,822.68207
1057.5009139341566,822.68207
870.5904533115062,822.68207
1011.5393252564556,822.68207
996.218795697222,822.68207
1011.5393252564556,822.68207
1026.8598548156895,822.68207
717.3851577191699,822.68207
1011.5393252564556,822.68207
1042.180384374923,822.68207
717.3851577191699,822.68207
1348.5909755595958,822.692
1271.9883277634278,822.7833
1180.0651504080258,823.0148
1042.180384374923,823.20435
980.8982661379885,823.0447
901.2315124299733,822.68207
1042.180384374923,822.68207
1057.5009139341566,822.68207
980.8982661379885,822.68207
1042.180384374923,822.68207
904.29561834182,822.68207
996.218795697222,822.68207
657.6350924381587,822.68207
679.0838338210857,822.68207
746.4941638817139,822.68207
767.9429052646408,822.68207
792.4557525594147,822.68207
645.3786687907716,822.68207
702.0646281599361,822.68207
1057.5009139341566,822.68207
895.1033006062803,822.68207
1241.3472686449602,823.07056
919.616147901054,823.9631
853.7378707963492,824.6305
709.7248929395531,823.63654
760.282640485024,822.68207
793.987805515338,822.68207
846.0776060167324,822.7047
884.3789299148166,822.7377
884.3789299148166,822.7547
869.058400355583,822.68207
790.9236996034913,822.68207
694.4043633803193,822.68207
665.2953572177756,822.68207
813.9044939423417,822.68207
723.5133695428633,822.68207
754.1544286613307,822.68207
723.5133695428633,822.68207
709.7248929395531,822.68207
717.3851577191699,822.68207
674.4876749533156,822.68207
702.0646281599361,822.68207
740.3659520580203,822.68207
686.7440986007025,822.68207
657.6350924381587,822.68207
686.7440986007025,822.68207
1072.8214434933902,822.68207
1440.5141529149978,822.83276
1226.0267390857266,823.312
844.5455530608091,823.88434
806.2442291627249,823.6724
919.616147901054,822.89984
777.1352230001811,822.68207
841.4814471489624,822.68207
807.7762821186484,822.68207
873.6545592233529,822.68207
694.4043633803193,822.68207
784.7954877797979,822.68207
950.2572070195213,822.68207
1593.7194485073342,822.9564
980.8982661379885,823.5986
980.8982661379885,824.0903
934.9366774602877,823.37885
1011.5393252564556,822.95465
859.8660826200427,823.381
775.6031700442576,823.5513
839.949394193039,822.68207
919.616147901054,822.68207
980.8982661379885,822.68207
1057.5009139341566,822.68207
1057.5009139341566,822.68207
1455.8346824742314,822.68207
1409.8730937965306,822.68207
1394.5525642372966,822.68207
1363.9115051188294,822.68207
1363.9115051188294,822.68207
1348.5909755595958,822.68207
1348.5909755595958,822.68207
1394.5525642372966,822.68207
1103.4625026118576,822.68207
1164.7446208487922,822.68207
919.616147901054,822.68207
844.5455530608091,822.68207
1072.8214434933902,822.68207
1317.9499164411286,822.68207
1425.1936233557642,822.7949
1486.4757415926986,823.04443
1287.3088573226614,823.3647
1271.9883277634278,823.23315
1072.8214434933902,823.0447
1287.3088573226614,822.68207
1118.7830321710912,822.68207
1118.7830321710912,822.68207
965.5777365787549,822.68207
1011.5393252564556,822.68207
934.9366774602877,822.68207
965.5777365787549,822.68207
996.218795697222,822.7011
1164.7446208487922,822.72876
1149.4240912895584,822.7431
1210.706209526493,822.68207
1195.3856799672594,822.68207
1226.0267390857266,822.7859
1180.0651504080258,822.9371
1164.7446208487922,823.01575
893.5712476503568,822.68207
1088.141973052624,822.68207
1057.5009139341566,822.68207
919.616147901054,822.68207
919.616147901054,822.68207
919.616147901054,822.68207
965.5777365787549,822.68207
996.218795697222,822.68207
1118.7830321710912,822.68207
965.5777365787549,822.68207
1088.141973052624,822.68207
1317.9499164411286,822.68207
1134.1035617303248,822.7309
1057.5009139341566,822.8021
904.29561834182,822.8389
1026.8598548156895,822.68207
1287.3088573226614,822.68207
1256.6677982041938,822.68207
1241.3472686449602,822.68207
1241.3472686449602,822.7011
934.9366774602877,822.79297
965.5777365787549,822.90063
996.218795697222,822.88824
1118.7830321710912,822.68207
1057.5009139341566,822.68207
1026.8598548156895,822.68207
1026.8598548156895,822.68207
1026.8598548156895,822.68207
934.9366774602877,822.68207
1026.8598548156895,822.6983
1164.7446208487922,822.7221
885.9109828707398,822.7344
821.5647587219585,822.68207
692.8723104243961,822.68207
680.6158867770092,822.68207
648.4427747026185,822.68207
643.8466158348484,822.68207
1011.5393252564556,822.68207
744.9621109257904,822.68207
761.8146934409475,822.68207
749.5582697935606,822.68207
571.8401269064502,822.68207
495.23747911028204,822.68207
570.308073950527,822.68207
798.5839643831081,822.68207
826.1609175897288,822.68207
737.3018461461735,822.68207
617.8017155841511,822.68207
530.4746970965193,822.68207
1149.4240912895584,822.68207
980.8982661379885,822.68207
1088.141973052624,822.68207
1210.706209526493,822.68207
965.5777365787549,822.68207
950.2572070195213,822.68207
934.9366774602877,822.68207
919.616147901054,822.68207
1011.5393252564556,822.68207
996.218795697222,822.68207
996.218795697222,822.68207
743.430057969867,822.68207
1088.141973052624,822.68207
709.7248929395531,822.68207
787.8595936916447,822.68207
896.6353535622035,822.68207
858.3340296641193,822.68207
904.29561834182,822.68207
876.7186651351998,822.68207
833.8211823693456,822.68207
902.7635653858969,822.68207
980.8982661379885,822.68207
934.9366774602877,822.68207
858.3340296641193,822.68207
666.8274101736988,822.68207
830.7570764574988,822.68207
919.616147901054,822.68207
861.3981355759662,822.68207
1271.9883277634278,822.68207
1287.3088573226614,822.68207
1241.3472686449602,822.68207
1088.141973052624,822.68207
1164.7446208487922,822.68207
1042.180384374923,822.68207
1103.4625026118576,822.68207
1057.5009139341566,822.68207
1026.8598548156895,822.68207
878.250718091123,822.68207
934.9366774602877,822.68207
980.8982661379885,822.68207
1026.8598548156895,822.68207
1072.8214434933902,822.68207
1118.7830321710912,822.7047
934.9366774602877,822.7377
996.218795697222,822.7547
751.0903227494838,822.68207
686.7440986007025,822.68207
797.0519114271848,822.68207
812.3724409864185,822.68207
965.5777365787549,822.68207
996.218795697222,822.68207
1011.5393252564556,822.68207
795.5198584712615,822.68207
950.2572070195213,822.68207
827.6929705456521,822.68207
835.3532353252689,822.68207
1394.5525642372966,822.68207
1379.232034678063,822.68207
1379.232034678063,822.68207
1425.1936233557642,822.68207
1532.4373302703998,822.68207
1440.5141529149978,822.68207
1563.078389388867,822.68207
1762.2452736589044,822.68207
2267.8227491136145,822.72815
2773.4002245683246,823.23425
1854.1684510143061,824.1946
1670.3220963035026,824.66003
1670.3220963035026,823.50684
1517.1168007111662,822.68207
1930.7710988104743,822.68207
1624.3605076258013,822.68835
1716.2836849812034,822.6976
1501.7962711519322,822.70233
1547.7578598296334,822.75525
1379.232034678063,822.8619
1563.078389388867,822.9461
1532.4373302703998,822.7532
1501.7962711519322,822.775
1394.5525642372966,822.68207
1440.5141529149978,822.68207
1379.232034678063,822.68207
1455.8346824742314,822.68207
1624.3605076258013,822.68207
489.10926728658876,822.6947
489.10926728658876,822.4495
509.02595571359245,822.2495
626.9940333196914,822.32294
626.9940333196914,822.4522
648.4427747026185,822.6224
587.1606564656839,822.6747
587.1606564656839,822.3769
568.7760209946034,822.33606
568.7760209946034,822.32294
568.7760209946034,822.32294
568.7760209946034,822.3518
568.7760209946034,822.3968
607.0773448926876,822.4172
648.4427747026185,822.3543
648.4427747026185,822.32294
669.8915160855455,822.32294
626.9940333196914,822.33795
626.9940333196914,822.3864
626.9940333196914,822.4518
587.1606564656839,822.4883
587.1606564656839,822.4577
587.1606564656839,822.4406
587.1606564656839,822.40454
587.1606564656839,822.4119
548.8593325675998,822.32294
548.8593325675998,822.32294
548.8593325675998,822.32294
587.1606564656839,822.32294
676.019727909239,822.32294
659.167145394082,822.3426
623.9299274078447,822.3637
607.0773448926876,822.3675
591.7568153334539,822.32294
591.7568153334539,822.32294
591.7568153334539,822.32294
574.904232818297,822.32294
542.7311207439066,822.35297
527.4105911846727,822.3853
512.0900616254391,822.391
512.0900616254391,822.3564
495.23747911028204,822.3926
512.0900616254391,822.41156
512.0900616254391,822.41223
479.91694955104845,822.48456
479.91694955104845,822.46735
447.74383747665786,822.32294
447.74383747665786,822.32294
447.74383747665786,822.32294
479.91694955104845,822.32294
447.74383747665786,822.32294
432.42330791742427,822.32294
418.63483131411385,822.32294
432.42330791742427,822.32294
432.42330791742427,822.32294
403.31430175488026,822.32294
387.9937721956465,822.32294
1302.629386881895,822.32294
1302.629386881895,822.32294
1271.9883277634278,822.4634
1180.0651504080258,822.64746
1180.0651504080258,822.6965
1195.3856799672594,822.3717
1149.4240912895584,822.4268
1103.4625026118576,822.53314
1088.141973052624,822.5376
1088.141973052624,822.33514
1057.5009139341566,822.3858
1057.5009139341566,822.43945
1057.5009139341566,822.4322
1042.180384374923,822.32294
1011.5393252564556,822.32294
980.8982661379885,822.32294
980.8982661379885,822.32294
1057.5009139341566,822.3276
980.8982661379885,822.39343
950.2572070195213,822.4618
934.9366774602877,822.4854
934.9366774602877,822.3709
904.29561834182,822.3753
890.50714173851,822.32294
872.1225062674297,822.32294
853.7378707963492,822.32294
853.7378707963492,822.32294
853.7378707963492,822.32294
709.7248929395531,822.32294
692.8723104243961,822.498
676.019727909239,822.7065
640.7825099230015,822.74365
623.9299274078447,822.32294
607.0773448926876,822.32294
607.0773448926876,822.3264
607.0773448926876,822.3302
574.904232818297,822.3308
574.904232818297,822.32294
542.7311207439066,822.32294
527.4105911846727,822.32294
527.4105911846727,822.32294
527.4105911846727,822.32294
527.4105911846727,822.32294
512.0900616254391,822.32294
479.91694955104845,822.32294
447.74383747665786,822.32294
447.74383747665786,822.32294
447.74383747665786,822.32294
418.63483131411385,822.32294
418.63483131411385,822.32294
432.42330791742427,822.3403
447.74383747665786,822.3762
447.74383747665786,822.42474
479.91694955104845,822.41736
447.74383747665786,822.4062
447.74383747665786,822.3733
516.6862204932092,822.3905
535.0708559642895,822.34985
516.6862204932092,822.3465
498.30158502212873,822.32294
478.38489659512504,822.32294
441.61562565296424,822.32294
423.23099018188395,822.32294
423.23099018188395,822.32294
423.23099018188395,822.32294
441.61562565296424,822.32294
441.61562565296424,822.32294
423.23099018188395,822.32294
423.23099018188395,822.3437
384.9296662837998,822.3892
366.5450308127197,822.4181
366.5450308127197,822.3753
348.1603953416392,822.32294
348.1603953416392,822.32294
331.30781282648223,822.32294
348.1603953416392,822.32294
423.23099018188395,822.32294
423.23099018188395,822.38995
348.1603953416392,822.465
331.30781282648223,822.4775
314.4552303113251,822.32294
297.6026477961681,822.32294
280.7500652810112,822.32294
280.7500652810112,822.32294
280.7500652810112,822.32294
784.7954877797979,822.32294
784.7954877797979,822.32294
795.5198584712615,822.32294
761.8146934409475,822.3576
784.7954877797979,822.3949
784.7954877797979,822.41064
784.7954877797979,822.34796
761.8146934409475,822.3755
761.8146934409475,822.3884
718.9172106750932,822.4053
728.1095284106334,822.40906
708.1928399836297,822.4249
697.4684692921662,822.40564
697.4684692921662,822.33606
677.5517808651625,822.32294
657.6350924381587,822.32294
697.4684692921662,822.32294
697.4684692921662,822.46545
688.276151556626,822.6543
677.5517808651625,822.7063
688.276151556626,822.3701
697.4684692921662,822.32294
677.5517808651625,822.32294
657.6350924381587,822.32294
761.8146934409475,822.32294
751.0903227494838,822.32294
697.4684692921662,822.32294
697.4684692921662,822.32294
6270.000000000001,822.32294
6270.000000000001,822.32294
6270.000000000001,822.32294
6270.000000000001,822.32294
6270.000000000001,822.32294
6270.000000000001,822.32294
6270.000000000001,822.32294
6270.000000000001,822.32294
6270.000000000001,822.32294
6270.000000000001,822.32294
6270.000000000001,822.32294
1302.629386881895,822.32294
1164.7446208487922,822.5072
1088.141973052624,822.727
1103.4625026118576,822.7662
1180.0651504080258,822.32874
1103.4625026118576,822.4825
1042.180384374923,822.689
1011.5393252564556,822.7403
1011.5393252564556,822.3936
980.8982661379885,822.32294
980.8982661379885,822.32294
965.5777365787549,822.32294
919.616147901054,822.32294
872.1225062674297,822.32294
821.5647587219585,822.32294
807.7762821186484,822.32294
798.5839643831081,822.32294
1210.706209526493,822.32294
1256.6677982041938,822.32294
1302.629386881895,822.32294
1271.9883277634278,822.5061
1271.9883277634278,822.72473
1271.9883277634278,822.7739
1256.6677982041938,822.3446
1241.3472686449602,822.3465
1241.3472686449602,822.32294
1241.3472686449602,822.32294
1256.6677982041938,822.32294
1210.706209526493,822.32294
1210.706209526493,822.32294
1210.706209526493,822.32294
1210.706209526493,822.32294
1210.706209526493,822.32294
1210.706209526493,822.32294
1241.3472686449602,822.34607
1241.3472686449602,822.4067
1195.3856799672594,822.4496
1164.7446208487922,822.4041
1118.7830321710912,822.32294
1103.4625026118576,822.32294
1103.4625026118576,822.32294
1072.8214434933902,822.32294
1057.5009139341566,822.32294
1057.5009139341566,822.33453
1057.5009139341566,822.4405
852.2058178404259,822.5505
852.2058178404259,822.5428
875.1866121792763,822.32294
852.2058178404259,822.32294
829.2250235015753,822.32294
875.1866121792763,822.32294
898.1674065181267,822.32294
919.616147901054,822.32294
898.1674065181267,822.32294
875.1866121792763,822.32294
875.1866121792763,822.32294
852.2058178404259,822.32294
852.2058178404259,822.32294
806.2442291627249,822.32294
829.2250235015753,822.3437
806.2442291627249,822.3719
806.2442291627249,822.4745
784.7954877797979,822.53516
784.7954877797979,822.5403
738.8338991020971,822.32294
738.8338991020971,822.32294
761.8146934409475,822.3403
806.2442291627249,822.38776
806.2442291627249,822.4808
852.2058178404259,822.5121
829.2250235015753,822.6085
761.8146934409475,822.7063
738.8338991020971,822.84216
761.8146934409475,822.5404
475.32079068327835,822.4297
475.32079068327835,822.32294
444.67973156481116,822.32294
429.3592020055774,822.32294
412.5066194904204,822.32294
412.5066194904204,822.32294
397.1860899311868,822.32294
334.3719187383288,822.32294
319.05138917909517,822.32294
305.2629125757849,822.32294
305.2629125757849,822.32294
291.47443597247474,822.32294
262.3654298099309,822.32294
248.57695320662063,822.32294
248.57695320662063,822.32294
234.78847660331024,822.32294
221.0,822.32294
221.0,822.32294
234.78847660331024,822.32294
334.3719187383288,822.32294
334.3719187383288,822.4461
291.47443597247474,822.7651
277.6859593691645,822.99963
262.3654298099309,822.75183
248.57695320662063,822.3384
262.3654298099309,822.34326
248.57695320662063,822.3308
262.3654298099309,822.32294
777.1352230001811,822.32294
752.6223757054072,822.32294
728.1095284106334,822.32294
677.5517808651625,822.32294
777.1352230001811,822.32294
728.1095284106334,822.32294
702.0646281599361,822.32294
677.5517808651625,822.32294
653.0389335703884,822.33453
653.0389335703884,822.3758
628.5260862756147,822.4091
628.5260862756147,822.4798
579.500391686067,823.1117
558.0516503031401,823.88074
535.0708559642895,823.8382
513.6221145813626,822.7092
490.64132024251194,823.16205
490.64132024251194,823.2261
513.6221145813626,822.3753
513.6221145813626,822.32294
490.64132024251194,822.3849
490.64132024251194,822.45355
490.64132024251194,822.466
513.6221145813626,822.3254
513.6221145813626,822.5756
490.64132024251194,823.13525
558.0516503031401,823.5098
579.500391686067,822.97
777.1352230001811,822.4072
752.6223757054072,822.49506
728.1095284106334,822.5076
677.5517808651625,822.32294
777.1352230001811,822.32294
728.1095284106334,822.42365
702.0646281599361,822.5404
677.5517808651625,822.56036
653.0389335703884,822.32294
653.0389335703884,822.32294
628.5260862756147,822.32294
628.5260862756147,822.32294
579.500391686067,822.32294
558.0516503031401,822.32416
535.0708559642895,822.3254
513.6221145813626,822.32556
490.64132024251194,822.32294
490.64132024251194,822.32294
513.6221145813626,822.32294
513.6221145813626,822.32294
490.64132024251194,822.32294
490.64132024251194,822.32294
490.64132024251194,822.32294
513.6221145813626,822.32294
513.6221145813626,822.32294
490.64132024251194,822.32294
558.0516503031401,822.32294
752.6223757054072,822.3253
1180.0651504080258,822.5677
1210.706209526493,822.9078
1149.4240912895584,823.039
1118.7830321710912,822.5283
1057.5009139341566,822.4998
1118.7830321710912,822.4961
1088.141973052624,822.4397
1302.629386881895,822.32294
1333.2704460003622,822.52747
1210.706209526493,822.8089
996.218795697222,822.89246
1057.5009139341566,822.4067
996.218795697222,822.3264
934.9366774602877,822.3752
996.218795697222,822.42896
965.5777365787549,822.4342
934.9366774602877,822.33344
934.9366774602877,822.32294
873.6545592233529,822.32294
843.0135001048857,822.33453
812.3724409864185,822.3469
812.3724409864185,822.3491
812.3724409864185,822.3437
781.7313818679512,822.36615
781.7313818679512,822.3701
751.0903227494838,822.32294
751.0903227494838,822.32294
751.0903227494838,822.32294
812.3724409864185,822.32294
659.167145394082,822.32416
628.5260862756147,822.3254
597.8850271571474,822.3348
574.904232818297,822.34216
574.904232818297,822.3439
574.904232818297,822.32294
551.9234384794465,822.32294
528.9426441405961,822.32294
505.96184980174553,822.32294
689.8082045125494,822.32294
812.3724409864185,822.32294
628.5260862756147,822.32294
574.904232818297,822.32294
628.5260862756147,822.32294
720.4492636310166,822.32294
720.4492636310166,822.32294
659.167145394082,822.32294
659.167145394082,822.34485
551.9234384794465,822.3686
528.9426441405961,822.37274
505.96184980174553,822.42365
482.98105546289514,822.5518
437.0194667851942,822.5843
414.0386724463438,822.3491
391.05787810749337,822.3253
414.0386724463438,822.32776
460.00026112404475,822.3282
460.00026112404475,822.32294
777.1352230001811,822.32294
728.1095284106334,822.4002
702.0646281599361,822.48785
677.5517808651625,822.5026
653.0389335703884,822.32294
653.0389335703884,822.32294
604.013238980841,822.32294
579.500391686067,822.32294
702.0646281599361,822.32294
1103.4625026118576,822.32294
1072.8214434933902,822.56793
934.9366774602877,822.9097
826.1609175897288,823.01385
677.5517808651625,822.4308
628.5260862756147,822.3254
628.5260862756147,822.32556
604.013238980841,822.33453
579.500391686067,822.34814
558.0516503031401,822.5559
535.0708559642895,822.775
513.6221145813626,822.8163
513.6221145813626,822.32294
677.5517808651625,822.32294
579.500391686067,822.4186
579.500391686067,822.6493
535.0708559642895,822.8098
490.64132024251194,822.6106
469.1925788595847,822.32294
628.5260862756147,822.32294
628.5260862756147,822.32294
628.5260862756147,822.33453
597.8850271571474,822.3469
574.904232818297,822.3491
597.8850271571474,822.32294
597.8850271571474,822.32416
574.904232818297,822.58356
551.9234384794465,822.89526
597.8850271571474,822.949
597.8850271571474,822.38995
597.8850271571474,822.47076
597.8850271571474,822.48944
574.904232818297,822.33606
574.904232818297,822.32294
659.167145394082,822.32294
781.7313818679512,822.3679
659.167145394082,822.48737
628.5260862756147,822.5755
574.904232818297,822.6558
551.9234384794465,822.70435
505.96184980174553,822.7524
574.904232818297,822.3491
843.0135001048857,822.32416
843.0135001048857,822.5501
628.5260862756147,822.8227
528.9426441405961,822.8711
551.9234384794465,822.3282
803.1801232508783,822.4563
767.9429052646408,822.6132
767.9429052646408,822.6408
734.237740234327,822.32294
700.5325752040129,822.3518
677.5517808651625,822.38293
645.3786687907716,822.3884
622.3978744519212,822.32294
622.3978744519212,822.32294
1042.180384374923,822.32294
1655.001566744269,822.4868
2344.4253969097826,822.8134
1639.681037185035,823.2084
1317.9499164411286,823.20416
1149.4240912895584,823.06415
1103.4625026118576,822.5881
1026.8598548156895,822.32294
950.2572070195213,822.32416
885.9109828707398,822.3254
898.1674065181267,822.32556
875.1866121792763,822.32294
827.6929705456521,822.3264
780.1993289120278,822.33594
767.9429052646408,822.37396
734.237740234327,822.4008
1026.8598548156895,822.3936
1026.8598548156895,822.3518
1655.001566744269,822.4824
1226.0267390857266,822.8463
744.9621109257904,823.096
723.5133695428633,822.91644
711.2569458954764,822.32874
700.5325752040129,822.35803
734.237740234327,822.4013
700.5325752040129,822.45386
677.5517808651625,822.4682
656.1030394822353,822.4785
645.3786687907716,822.4274
622.3978744519212,822.4781
611.6735037604578,822.5042
588.6927094216073,822.4775
567.2439680386802,822.32294
545.795226655753,822.32294
545.795226655753,822.32294
545.795226655753,822.32294
502.89774388989883,822.32294
482.98105546289514,822.32294
443.1476786088878,822.32294
423.23099018188395,822.32294
423.23099018188395,822.32294
432.42330791742427,822.4624
432.42330791742427,822.6269
482.98105546289514,822.65704
463.06436703589145,822.4332
472.25668477143165,822.55884
492.1733731984353,822.5803
482.98105546289514,822.3393
1042.180384374923,822.3557
1026.8598548156895,822.3563
1072.8214434933902,822.3308
1088.141973052624,822.32294
1057.5009139341566,822.3679
1011.5393252564556,822.4165
996.218795697222,822.49146
996.218795697222,822.465
980.8982661379885,822.51196
950.2572070195213,822.4203
934.9366774602877,822.4542
934.9366774602877,822.38055
934.9366774602877,822.32294
934.9366774602877,822.32294
919.616147901054,822.32294
885.9109828707398,822.32294
864.4622414878129,822.32294
843.0135001048857,822.32294
853.7378707963492,822.32294
934.9366774602877,822.32294
875.1866121792763,822.4104
843.0135001048857,822.513
821.5647587219585,822.53253
790.9236996034913,822.3363
919.616147901054,822.3397
996.218795697222,822.3424
864.4622414878129,822.4505
919.616147901054,822.5976
950.2572070195213,822.62067
934.9366774602877,822.32294
934.9366774602877,822.32294
919.616147901054,822.32294
1042.180384374923,822.32294
885.9109828707398,822.32294
862.9301885318894,822.32294
850.6737648845025,822.32294
839.949394193039,822.32294
839.949394193039,822.32294
815.4365468982652,822.32294
815.4365468982652,822.32294
792.4557525594147,822.32294
780.1993289120278,822.32294
767.9429052646408,822.32294
744.9621109257904,822.32294
757.2185345731774,822.32294
744.9621109257904,822.32294
723.5133695428633,822.32294
700.5325752040129,822.32294
711.2569458954764,822.32294
700.5325752040129,822.32294
677.5517808651625,822.32294
723.5133695428633,822.52136
711.2569458954764,822.7588
700.5325752040129,822.8012
689.8082045125494,822.32294
677.5517808651625,822.33453
792.4557525594147,822.3562
835.3532353252689,822.3683
824.6288646338052,822.3439
792.4557525594147,822.34607
771.0070111764876,822.3709
824.6288646338052,822.3753
858.3340296641193,822.32294
890.50714173851,822.4359
846.0776060167324,822.57916
803.1801232508783,822.62134
771.0070111764876,822.44275
792.4557525594147,822.5081
890.50714173851,822.5076
846.0776060167324,822.45123
781.7313818679512,822.60187
749.5582697935606,822.6282
729.6415813665567,822.32294
709.7248929395531,822.32294
679.0838338210857,822.32294
668.3594631296222,822.32294
648.4427747026185,822.32294
628.5260862756147,822.32294
628.5260862756147,822.32294
587.1606564656839,822.32294
567.2439680386802,822.32294
567.2439680386802,822.32294
547.3272796116764,822.32294
547.3272796116764,822.32294
567.2439680386802,822.39813
893.5712476503568,822.48334
864.4622414878129,822.49756
835.3532353252689,822.32294
771.0070111764876,822.32294
749.5582697935606,822.32294
743.430057969867,822.32294
715.8531047632465,822.32294
715.8531047632465,822.32294
709.7248929395531,822.32294
721.9813165869399,822.32294
743.430057969867,822.32294
792.4557525594147,822.32294
757.2185345731774,822.32294
729.6415813665567,822.32294
709.7248929395531,822.32294
709.7248929395531,822.32294
695.9364163362428,822.3264
676.019727909239,822.3302
648.4427747026185,822.3308
648.4427747026185,822.32294
628.5260862756147,822.4257
702.0646281599361,822.55975
688.276151556626,822.59656
668.3594631296222,822.4393
682.1479397329324,822.49927
729.6415813665567,822.5325
729.6415813665567,822.382
709.7248929395531,822.4332
751.0903227494838,822.4578
702.0646281599361,822.44727
835.3532353252689,822.4015
613.8183778987506,822.32294
695.9364163362428,822.32294
692.8723104243961,822.32294
1057.5009139341566,822.32294
1072.8214434933902,822.32294
950.2572070195213,822.3253
919.616147901054,822.32776
893.5712476503568,822.3282
965.5777365787549,822.32294
6270.000000000001,822.32294
6270.000000000001,822.5163
6270.000000000001,822.74744
6270.000000000001,822.7887
6270.000000000001,822.32294
6270.000000000001,822.32294
6270.000000000001,822.32294
6270.000000000001,822.32294
6270.000000000001,822.5254
6270.000000000001,822.7679
6270.000000000001,822.817
6270.000000000001,822.43665
6270.000000000001,822.5556
6270.000000000001,822.5629
6270.000000000001,822.5082
6270.000000000001,822.8286
6270.000000000001,822.9844
6270.000000000001,822.5776
6270.000000000001,822.6467
6270.000000000001,823.0165
6270.000000000001,823.0596
6270.000000000001,822.3622
6270.000000000001,822.32294
6270.000000000001,822.32294
6270.000000000001,822.32294
6270.000000000001,822.32294
6270.000000000001,822.32294
6270.000000000001,822.32294
865.9942944437361,822.32294
876.7186651351998,822.32294
882.8468769588931,822.32294
787.8595936916447,822.32294
769.4749582205643,822.32294
694.4043633803193,822.32294
919.616147901054,822.3437
1210.706209526493,822.36615
1379.232034678063,822.7178
1103.4625026118576,823.194
965.5777365787549,823.38165
950.2572070195213,822.54785
786.3275407357212,822.32294
642.314562878925,822.32294
934.9366774602877,822.3552
1026.8598548156895,822.39014
1241.3472686449602,822.50696
1210.706209526493,822.5631
1241.3472686449602,822.5855
1333.2704460003622,822.32294
1210.706209526493,822.32294
1195.3856799672594,822.32294
1118.7830321710912,822.32294
1134.1035617303248,822.5021
1042.180384374923,822.72705
1103.4625026118576,822.77747
1103.4625026118576,822.35486
996.218795697222,822.33496
1042.180384374923,822.33606
996.218795697222,822.3576
919.616147901054,822.3949
1134.1035617303248,822.4015
1088.141973052624,822.4104
861.3981355759662,822.51074
980.8982661379885,822.5278
965.5777365787549,822.32294
1026.8598548156895,822.53253
676.019727909239,822.78375
1011.5393252564556,822.8288
1103.4625026118576,822.32294
1072.8214434933902,822.32294
919.616147901054,822.32294
1103.4625026118576,822.33215
1226.0267390857266,822.34216
996.218795697222,822.3439
1241.3472686449602,822.32294
1226.0267390857266,822.32294
1072.8214434933902,822.37976
1026.8598548156895,822.4987
980.8982661379885,822.5713
896.6353535622035,822.45233
1302.629386881895,822.32294
1256.6677982041938,822.32294
1149.4240912895584,822.32294
1195.3856799672594,822.32294
934.9366774602877,822.3264
1042.180384374923,822.3302
816.9685998541884,822.3308
781.7313818679512,822.32294
885.9109828707398,822.32294
1011.5393252564556,822.32294
1134.1035617303248,822.32294
1271.9883277634278,822.3253
919.616147901054,822.32776
1118.7830321710912,822.3282
1072.8214434933902,822.32294
965.5777365787549,822.32294
902.7635653858969,822.32294
965.5777365787549,822.32294
1026.8598548156895,822.32874
980.8982661379885,822.33496
965.5777365787549,822.33606
950.2572070195213,822.32294
1026.8598548156895,822.32294
980.8982661379885,822.32294
1057.5009139341566,822.32294
1026.8598548156895,822.32294
884.3789299148166,822.32294
904.29561834182,822.32294
904.29561834182,822.32294
904.29561834182,822.32294
833.8211823693456,822.32294
1118.7830321710912,822.32294
1226.0267390857266,822.32294
1042.180384374923,822.4665
1011.5393252564556,822.636
846.0776060167324,822.66583
867.5263473996595,822.32294
1149.4240912895584,822.32294
1042.180384374923,822.32294
1072.8214434933902,822.32294
1026.8598548156895,822.3276
1072.8214434933902,822.3326
1011.5393252564556,822.33344
1011.5393252564556,822.32874
1026.8598548156895,822.35803
934.9366774602877,822.384
1072.8214434933902,822.3753
1042.180384374923,822.32294
1026.8598548156895,822.32294
783.2634348238745,822.32294
746.4941638817139,822.32294
980.8982661379885,822.32294
853.7378707963492,822.32294
899.6994594740502,822.32294
950.2572070195213,822.32294
1210.706209526493,822.34607
752.6223757054072,822.5447
855.2699237522726,822.76196
996.218795697222,822.83966
839.949394193039,822.5237
752.6223757054072,822.55994
671.4235690414689,822.39014
743.430057969867,822.4193
3125.7724044306983,822.4807
2512.9512220613524,822.7401
1823.5273918958387,823.8953
1333.2704460003622,825.0082
847.6096589726558,824.98785
980.8982661379885,822.4186
1118.7830321710912,822.5427
965.5777365787549,822.57654
965.5777365787549,822.3543
1042.180384374923,822.32294
872.1225062674297,822.32294
804.7121762068016,822.32294
950.2572070195213,822.32294
876.7186651351998,822.32294
881.3148240029699,822.4563
1348.5909755595958,822.7201
1317.9499164411286,822.9047
1180.0651504080258,822.66785
1026.8598548156895,822.4442
902.7635653858969,822.3753
1271.9883277634278,822.32294
1011.5393252564556,822.32294
980.8982661379885,822.32294
950.2572070195213,822.32294
950.2572070195213,822.32294
996.218795697222,822.32294
859.8660826200427,822.32294
824.6288646338052,822.32294
885.9109828707398,822.32294
859.8660826200427,822.32294
904.29561834182,822.32294
934.9366774602877,822.32294
1088.141973052624,822.32294
1226.0267390857266,822.32294
1026.8598548156895,822.32294
1011.5393252564556,822.36914
996.218795697222,822.47046
892.0391946944336,822.53467
934.9366774602877,822.4397
934.9366774602877,822.32294
919.616147901054,822.32294
980.8982661379885,822.32294
934.9366774602877,822.32294
904.29561834182,822.32874
767.9429052646408,822.33496
672.9556219973924,822.33606
527.4105911846727,822.32294
633.1222451433847,822.32294
703.5966811158596,822.3253
709.7248929395531,822.32776
594.8209212453007,822.3282
435.487413829271,822.32294
596.3529742012241,822.32294
620.8658214959979,822.32294
617.8017155841511,822.32294
734.237740234327,822.32294
545.795226655753,822.37463
617.8017155841511,822.4308
628.5260862756147,822.4397
476.8528436392017,822.32294
619.3337685400746,822.32294
617.8017155841511,822.32294
577.9683387301438,822.32294
617.8017155841511,822.32294
535.0708559642895,822.32294
551.9234384794465,822.32294
478.38489659512504,822.32294
512.0900616254391,822.32294
505.96184980174553,822.32294
505.96184980174553,822.32294
522.8144323169025,822.32294
297.6026477961681,822.32294
686.7440986007025,822.32294
695.9364163362428,822.32294
950.2572070195213,822.32294
887.4430358266633,822.32294
761.8146934409475,822.32294
875.1866121792763,822.32294
855.2699237522726,822.32294
699.0005222480894,822.32294
841.4814471489624,822.32294
859.8660826200427,822.32294
1394.5525642372966,822.6923
1379.232034678063,823.2813
1134.1035617303248,823.5217
1042.180384374923,822.64325
950.2572070195213,822.39813
950.2572070195213,822.48334
850.6737648845025,822.49756
934.9366774602877,822.32294
861.3981355759662,822.32294
856.8019767081961,822.32294
919.616147901054,822.32294
862.9301885318894,822.32294
777.1352230001811,822.32294
826.1609175897288,822.3253
746.4941638817139,822.32776
734.237740234327,822.387
723.5133695428633,822.4467
553.4554914353698,822.45734
1072.8214434933902,822.3253
965.5777365787549,822.32776
1195.3856799672594,822.3282
1088.141973052624,822.32294
980.8982661379885,822.32294
862.9301885318894,822.32294
1057.5009139341566,822.32294
870.5904533115062,822.32294
1011.5393252564556,822.32294
996.218795697222,822.32294
1011.5393252564556,822.32294
1026.8598548156895,822.32294
717.3851577191699,822.32294
1011.5393252564556,822.32294
1042.180384374923,822.32294
717.3851577191699,822.33105
1348.5909755595958,822.3455
1271.9883277634278,822.5951
1180.0651504080258,822.9854
1042.180384374923,823.1625
980.8982661379885,822.6031
901.2315124299733,822.32294
1042.180384374923,822.34607
1057.5009139341566,822.3709
980.8982661379885,822.3753
1042.180384374923,822.34607
904.29561834182,822.42255
996.218795697222,822.48303
657.6350924381587,822.4397
679.0838338210857,822.32294
746.4941638817139,822.32294
767.9429052646408,822.32294
792.4557525594147,822.32294
645.3786687907716,822.32294
702.0646281599361,822.32294
1057.5009139341566,822.32294
895.1033006062803,822.32294
1241.3472686449602,822.74335
919.616147901054,823.42694
853.7378707963492,823.71796
709.7248929395531,822.71606
760.282640485024,822.32294
793.987805515338,822.32294
846.0776060167324,822.32294
884.3789299148166,822.32294
884.3789299148166,822.32294
869.058400355583,822.32294
790.9236996034913,822.32294
694.4043633803193,822.32294
665.2953572177756,822.32294
813.9044939423417,822.32294
723.5133695428633,822.32294
754.1544286613307,822.32294
723.5133695428633,822.32294
709.7248929395531,822.32294
717.3851577191699,822.32294
674.4876749533156,822.32294
702.0646281599361,822.32294
740.3659520580203,822.32294
686.7440986007025,822.32294
657.6350924381587,822.3656
686.7440986007025,822.4198
1072.8214434933902,822.43634
1440.5141529149978,822.4348
1226.0267390857266,822.7387
844.5455530608091,823.02686
806.2442291627249,822.8677
919.616147901054,822.3491
777.1352230001811,822.32294
841.4814471489624,822.32294
807.7762821186484,822.32294
873.6545592233529,822.32294
694.4043633803193,822.32294
784.7954877797979,822.32294
950.2572070195213,822.33453
1593.7194485073342,822.64166
980.8982661379885,823.1129
980.8982661379885,823.28876
934.9366774602877,822.6025
1011.5393252564556,822.33606
859.8660826200427,822.32294
775.6031700442576,822.32294
839.949394193039,822.4441
919.616147901054,822.68774
980.8982661379885,822.8314
1057.5009139341566,822.5654
1057.5009139341566,822.32294
1455.8346824742314,822.32294
1409.8730937965306,822.32294
1394.5525642372966,822.32294
1363.9115051188294,822.32294
1363.9115051188294,822.32294
1348.5909755595958,822.32294
1348.5909755595958,822.32294
1394.5525642372966,822.32294
1103.4625026118576,822.32294
1164.7446208487922,822.32294
919.616147901054,822.32294
844.5455530608091,822.32294
1072.8214434933902,822.32294
1317.9499164411286,822.3403
1425.1936233557642,822.4422
1486.4757415926986,822.60724
1287.3088573226614,822.7256
1271.9883277634278,822.61914
1072.8214434933902,822.4775
1287.3088573226614,822.32294
1118.7830321710912,822.32294
1118.7830321710912,822.32294
965.5777365787549,822.32294
1011.5393252564556,822.32294
934.9366774602877,822.32294
965.5777365787549,822.32294
996.218795697222,822.3714
1164.7446208487922,822.4772
1149.4240912895584,822.5444
1210.706209526493,822.44476
1195.3856799672594,822.32294
1226.0267390857266,822.3736
1180.0651504080258,822.4285
1164.7446208487922,822.4372
893.5712476503568,822.32294
1088.141973052624,822.32294
1057.5009139341566,822.32294
919.616147901054,822.32294
919.616147901054,822.32294
919.616147901054,822.32294
965.5777365787549,822.32294
996.218795697222,822.32294
1118.7830321710912,822.32874
965.5777365787549,822.33496
1088.141973052624,822.33606
1317.9499164411286,822.36914
1134.1035617303248,822.59546
1057.5009139341566,822.8146
904.29561834182,822.7486
1026.8598548156895,822.32294
1287.3088573226614,822.32294
1256.6677982041938,822.32294
1241.3472686449602,822.4083
1241.3472686449602,822.5061
934.9366774602877,822.5629
965.5777365787549,822.40686
996.218795697222,822.41455
1118.7830321710912,822.32294
1057.5009139341566,822.32294
1026.8598548156895,822.32294
1026.8598548156895,822.32294
1026.8598548156895,822.32294
934.9366774602877,822.32294
1026.8598548156895,822.33685
1164.7446208487922,822.3921
885.9109828707398,822.43823
821.5647587219585,822.41455
692.8723104243961,822.32294
680.6158867770092,822.32294
648.4427747026185,822.32294
643.8466158348484,822.32294
1011.5393252564556,822.32294
744.9621109257904,822.32294
761.8146934409475,822.32294
749.5582697935606,822.32294
571.8401269064502,822.32294
495.23747911028204,822.32294
570.308073950527,822.32294
798.5839643831081,822.32294
826.1609175897288,822.32294
737.3018461461735,822.33105
617.8017155841511,822.3397
530.4746970965193,822.3643
1149.4240912895584,822.4136
980.8982661379885,822.46405
1088.141973052624,822.4196
1210.706209526493,822.32416
965.5777365787549,822.3254
950.2572070195213,822.32556
934.9366774602877,822.32294
919.616147901054,822.32294
1011.5393252564556,822.32294
996.218795697222,822.32294
996.218795697222,822.32294
743.430057969867,822.32294
1088.141973052624,822.32294
709.7248929395531,822.32294
787.8595936916447,822.32294
896.6353535622035,822.32294
858.3340296641193,822.32294
904.29561834182,822.32294
876.7186651351998,822.32294
833.8211823693456,822.32294
902.7635653858969,822.32294
980.8982661379885,822.32294
934.9366774602877,822.32294
858.3340296641193,822.32294
666.8274101736988,822.32294
830.7570764574988,822.32294
919.616147901054,822.32294
861.3981355759662,822.32294
1271.9883277634278,822.32294
1287.3088573226614,822.32294
1241.3472686449602,822.32294
1088.141973052624,822.32294
1164.7446208487922,822.32294
1042.180384374923,822.32294
1103.4625026118576,822.32294
1057.5009139341566,822.32294
1026.8598548156895,822.32294
878.250718091123,822.32294
934.9366774602877,822.32294
980.8982661379885,822.32294
1026.8598548156895,822.32294
1072.8214434933902,822.3951
1118.7830321710912,822.47644
934.9366774602877,822.49
996.218795697222,822.32294
751.0903227494838,822.32294
686.7440986007025,822.32294
797.0519114271848,822.32294
812.3724409864185,822.32294
965.5777365787549,822.32294
996.218795697222,822.32294
1011.5393252564556,822.53253
795.5198584712615,822.78375
950.2572070195213,822.8403
827.6929705456521,822.3469
835.3532353252689,822.3929
1394.5525642372966,822.42566
1379.232034678063,822.4461
1379.232034678063,822.3491
1425.1936233557642,822.32294
1532.4373302703998,822.32294
1440.5141529149978,822.32294
1563.078389388867,822.32294
1762.2452736589044,822.32294
2267.8227491136145,822.45123
2773.4002245683246,822.82477
1854.1684510143061,823.583
1670.3220963035026,823.92206
1670.3220963035026,823.5024
1517.1168007111662,822.32294
1930.7710988104743,822.32294
1624.3605076258013,822.32294
1716.2836849812034,822.38184
1501.7962711519322,822.6808
1547.7578598296334,822.9794
1379.232034678063,822.90326
1563.078389388867,822.37524
1532.4373302703998,822.40454
1501.7962711519322,822.4119
1394.5525642372966,822.32294
1440.5141529149978,822.32294
1379.232034678063,822.32294
1455.8346824742314,822.3518
1624.3605076258013,822.38293
489.10926728658876,822.52155
489.10926728658876,822.95166
509.02595571359245,822.9531
626.9940333196914,822.19415
626.9940333196914,822.20605
648.4427747026185,822.2147
587.1606564656839,822.222
587.1606564656839,822.225
568.7760209946034,822.237
568.7760209946034,822.24304
568.7760209946034,822.2276
568.7760209946034,822.2168
568.7760209946034,822.24335
607.0773448926876,822.25616
648.4427747026185,822.25525
648.4427747026185,822.28394
669.8915160855455,822.3013
626.9940333196914,822.2926
626.9940333196914,822.2692
626.9940333196914,822.2615
587.1606564656839,822.25507
587.1606564656839,822.268
587.1606564656839,822.29205
587.1606564656839,822.3123
587.1606564656839,822.32074
548.8593325675998,822.32404
548.8593325675998,822.3259
548.8593325675998,822.328
587.1606564656839,822.3265
676.019727909239,822.3314
659.167145394082,822.3228
623.9299274078447,822.2397
607.0773448926876,822.1436
591.7568153334539,822.19073
591.7568153334539,822.3331
591.7568153334539,822.35205
574.904232818297,822.3259
542.7311207439066,822.2705
527.4105911846727,822.1856
512.0900616254391,822.1645
512.0900616254391,822.12775
495.23747911028204,822.1755
512.0900616254391,822.3614
512.0900616254391,822.4603
479.91694955104845,822.4289
479.91694955104845,822.40344
447.74383747665786,822.4312
447.74383747665786,822.4508
447.74383747665786,822.50134
479.91694955104845,822.54047
447.74383747665786,822.57275
432.42330791742427,822.5747
418.63483131411385,822.5684
432.42330791742427,822.5845
432.42330791742427,822.58527
403.31430175488026,822.5217
387.9937721956465,822.45734
1302.629386881895,822.41
1302.629386881895,822.2843
1271.9883277634278,822.05743
1180.0651504080258,821.8845
1180.0651504080258,821.916
1195.3856799672594,821.831
1149.4240912895584,821.8265
1103.4625026118576,821.8007
1088.141973052624,821.8263
1088.141973052624,821.89056
1057.5009139341566,822.00543
1057.5009139341566,822.06195
1057.5009139341566,822.11285
1042.180384374923,822.1262
1011.5393252564556,822.1059
980.8982661379885,822.134
980.8982661379885,822.1928
1057.5009139341566,822.1679
980.8982661379885,822.08624
950.2572070195213,822.02765
934.9366774602877,822.14124
934.9366774602877,822.21375
904.29561834182,822.2168
890.50714173851,822.19946
872.1225062674297,822.1905
853.7378707963492,822.23785
853.7378707963492,822.2877
853.7378707963492,822.32776
709.7248929395531,822.3598
692.8723104243961,822.3253
676.019727909239,822.1851
640.7825099230015,822.0129
623.9299274078447,822.00854
607.0773448926876,822.00977
607.0773448926876,821.9671
607.0773448926876,821.9238
574.904232818297,821.94324
574.904232818297,822.0062
542.7311207439066,822.0703
527.4105911846727,822.10986
527.4105911846727,822.15314
527.4105911846727,822.17975
527.4105911846727,822.19775
512.0900616254391,822.20374
479.91694955104845,822.221
447.74383747665786,822.2303
447.74383747665786,822.2495
447.74383747665786,822.26917
418.63483131411385,822.3051
418.63483131411385,822.32556
432.42330791742427,822.3562
447.74383747665786,822.32855
447.74383747665786,822.26355
479.91694955104845,822.1927
447.74383747665786,822.2159
447.74383747665786,822.25854
516.6862204932092,822.30817
535.0708559642895,822.3272
516.6862204932092,822.22534
498.30158502212873,822.03705
478.38489659512504,822.0712
441.61562565296424,822.15314
423.23099018188395,822.18414
423.23099018188395,822.21155
423.23099018188395,822.2321
441.61562565296424,822.2603
441.61562565296424,822.28986
423.23099018188395,822.29376
423.23099018188395,822.2618
384.9296662837998,822.2229
366.5450308127197,822.2246
366.5450308127197,822.2606
348.1603953416392,822.29987
348.1603953416392,822.3803
331.30781282648223,822.46716
348.1603953416392,822.44617
423.23099018188395,822.42377
423.23099018188395,822.45197
348.1603953416392,822.4025
331.30781282648223,822.32855
314.4552303113251,822.26184
297.6026477961681,822.1972
280.7500652810112,822.24097
280.7500652810112,822.3121
280.7500652810112,822.3518
784.7954877797979,822.43024
784.7954877797979,822.41425
795.5198584712615,822.2231
761.8146934409475,821.98737
784.7954877797979,822.0509
784.7954877797979,822.14124
784.7954877797979,822.2021
761.8146934409475,822.19434
761.8146934409475,822.1905
718.9172106750932,822.23785
728.1095284106334,822.2821
708.1928399836297,822.2669
697.4684692921662,822.19543
697.4684692921662,822.1639
677.5517808651625,822.26544
657.6350924381587,822.29193
697.4684692921662,822.2232
697.4684692921662,822.18756
688.276151556626,822.1591
677.5517808651625,822.16693
688.276151556626,822.24066
697.4684692921662,822.3285
677.5517808651625,822.3794
657.6350924381587,822.3539
761.8146934409475,822.3581
751.0903227494838,822.3881
697.4684692921662,822.463
697.4684692921662,822.54675
6270.000000000001,822.5767
6270.000000000001,822.521
6270.000000000001,822.29474
6270.000000000001,822.034
6270.000000000001,822.02496
6270.000000000001,822.01196
6270.000000000001,821.9763
6270.000000000001,821.95703
6270.000000000001,822.0039
6270.000000000001,822.05273
6270.000000000001,822.0703
1302.629386881895,822.10986
1164.7446208487922,822.15314
1088.141973052624,822.207
1103.4625026118576,822.2889
1180.0651504080258,822.3336
1103.4625026118576,822.26355
1042.180384374923,822.1927
1011.5393252564556,822.2159
1011.5393252564556,822.2406
980.8982661379885,822.1938
980.8982661379885,822.14606
965.5777365787549,822.19305
919.616147901054,822.3357
872.1225062674297,822.32117
821.5647587219585,822.25214
807.7762821186484,822.19183
798.5839643831081,822.196
1210.706209526493,822.22546
1256.6677982041938,822.2584
1302.629386881895,822.2424
1271.9883277634278,822.11053
1271.9883277634278,822.13574
1271.9883277634278,822.15497
1256.6677982041938,822.18414
1241.3472686449602,822.2021
1241.3472686449602,822.1658
1241.3472686449602,822.0955
1256.6677982041938,821.99615
1210.706209526493,821.9805
1210.706209526493,821.946
1210.706209526493,821.99634
1210.706209526493,822.1
1210.706209526493,822.2303
1210.706209526493,822.245
1241.3472686449602,822.2603
1241.3472686449602,822.2881
1195.3856799672594,822.3074
1164.7446208487922,822.3282
1118.7830321710912,822.3562
1103.4625026118576,822.3465
1103.4625026118576,822.30695
1072.8214434933902,822.23975
1057.5009139341566,822.21075
1057.5009139341566,822.25854
1057.5009139341566,822.30817
852.2058178404259,822.39716
852.2058178404259,822.4487
875.1866121792763,822.3851
852.2058178404259,822.3028
829.2250235015753,822.3009
875.1866121792763,822.30365
898.1674065181267,822.3152
919.616147901054,822.32745
898.1674065181267,822.31396
875.1866121792763,822.3162
875.1866121792763,822.34235
852.2058178404259,822.3495
852.2058178404259,822.2902
806.2442291627249,822.22363
829.2250235015753,822.2159
806.2442291627249,822.2406
806.2442291627249,822.2389
784.7954877797979,822.2578
784.7954877797979,822.3053
738.8338991020971,822.2535
738.8338991020971,822.173
761.8146934409475,822.134
806.2442291627249,822.1694
806.2442291627249,822.14
852.2058178404259,822.1417
829.2250235015753,822.2397
761.8146934409475,822.31647
738.8338991020971,822.30853
761.8146934409475,822.3231
475.32079068327835,822.2446
475.32079068327835,822.1879
444.67973156481116,822.18524
429.3592020055774,822.1374
412.5066194904204,822.05194
412.5066194904204,822.04834
397.1860899311868,822.0841
334.3719187383288,822.1076
319.05138917909517,822.1338
305.2629125757849,822.1448
305.2629125757849,822.186
291.47443597247474,822.25214
262.3654298099309,822.2994
248.57695320662063,822.3376
248.57695320662063,822.3622
234.78847660331024,822.34344
221.0,822.2435
221.0,822.10175
234.78847660331024,822.0384
334.3719187383288,822.0611
334.3719187383288,822.0936
291.47443597247474,822.1663
277.6859593691645,822.2081
262.3654298099309,822.193
248.57695320662063,822.19135
262.3654298099309,822.2508
248.57695320662063,822.319
262.3654298099309,822.36975
777.1352230001811,822.4644
752.6223757054072,822.5576
728.1095284106334,822.5
677.5517808651625,822.4038
777.1352230001811,822.34656
728.1095284106334,822.36273
702.0646281599361,822.31647
677.5517808651625,822.2182
653.0389335703884,822.15765
653.0389335703884,822.18353
628.5260862756147,822.2011
628.5260862756147,822.2168
579.500391686067,822.30035
558.0516503031401,822.3463
535.0708559642895,822.3244
513.6221145813626,822.21094
490.64132024251194,822.12036
490.64132024251194,822.19617
513.6221145813626,822.2201
513.6221145813626,822.2002
490.64132024251194,822.1136
490.64132024251194,822.0087
490.64132024251194,822.1043
513.6221145813626,822.1263
513.6221145813626,822.1354
490.64132024251194,822.12085
558.0516503031401,822.09656
579.500391686067,822.12177
777.1352230001811,822.1298
752.6223757054072,822.14746
728.1095284106334,822.1947
677.5517808651625,822.22375
777.1352230001811,822.12476
728.1095284106334,822.0147
702.0646281599361,822.027
677.5517808651625,822.1178
653.0389335703884,822.2603
653.0389335703884,822.2909
628.5260862756147,822.32
628.5260862756147,822.43256
579.500391686067,822.46185
558.0516503031401,822.3665
535.0708559642895,822.3383
513.6221145813626,822.319
490.64132024251194,822.342
490.64132024251194,822.3832
513.6221145813626,822.4201
513.6221145813626,822.37146
490.64132024251194,822.28796
490.64132024251194,822.3675
490.64132024251194,822.5428
513.6221145813626,822.64185
513.6221145813626,822.6851
490.64132024251194,822.64856
558.0516503031401,822.5195
752.6223757054072,822.4144
1180.0651504080258,822.1998
1210.706209526493,821.95703
1149.4240912895584,822.0476
1118.7830321710912,822.1317
1057.5009139341566,822.1739
1118.7830321710912,822.0234
1088.141973052624,822.05524
1302.629386881895,822.17993
1333.2704460003622,822.14935
1210.706209526493,822.0714
996.218795697222,822.0542
1057.5009139341566,822.1017
996.218795697222,822.179
934.9366774602877,822.1996
996.218795697222,822.1973
965.5777365787549,822.2626
934.9366774602877,822.2477
934.9366774602877,822.2075
873.6545592233529,822.192
843.0135001048857,822.14954
812.3724409864185,822.1975
812.3724409864185,822.22375
812.3724409864185,822.161
781.7313818679512,822.10547
781.7313818679512,822.0981
751.0903227494838,822.1043
751.0903227494838,822.0221
751.0903227494838,822.09863
812.3724409864185,822.3267
659.167145394082,822.39185
628.5260862756147,822.3151
597.8850271571474,822.28076
574.904232818297,822.2605
574.904232818297,822.2988
574.904232818297,822.25574
551.9234384794465,822.2911
528.9426441405961,822.442
505.96184980174553,822.586
689.8082045125494,822.47125
812.3724409864185,822.2775
628.5260862756147,822.35876
574.904232818297,822.45044
628.5260862756147,822.4
720.4492636310166,822.4442
720.4492636310166,822.52783
659.167145394082,822.5831
659.167145394082,822.5618
551.9234384794465,822.40546
528.9426441405961,822.3331
505.96184980174553,822.22266
482.98105546289514,822.16046
437.0194667851942,822.0692
414.0386724463438,822.02606
391.05787810749337,822.05664
414.0386724463438,822.11414
460.00026112404475,822.1446
460.00026112404475,822.1679
777.1352230001811,822.17633
728.1095284106334,822.1617
702.0646281599361,822.0762
677.5517808651625,822.0355
653.0389335703884,822.01984
653.0389335703884,822.1193
604.013238980841,822.0818
579.500391686067,822.11554
702.0646281599361,822.2155
1103.4625026118576,822.2773
1072.8214434933902,822.2004
934.9366774602877,822.0684
826.1609175897288,822.1764
677.5517808651625,822.20776
628.5260862756147,822.11346
628.5260862756147,822.1121
604.013238980841,822.20966
579.500391686067,822.1803
558.0516503031401,822.21045
535.0708559642895,822.2211
513.6221145813626,822.2329
513.6221145813626,822.3206
677.5517808651625,822.4515
579.500391686067,822.37787
579.500391686067,822.2315
535.0708559642895,822.2077
490.64132024251194,822.3155
469.1925788595847,822.3111
628.5260862756147,822.32385
628.5260862756147,822.27014
628.5260862756147,822.24536
597.8850271571474,822.23834
574.904232818297,822.19946
597.8850271571474,822.22095
597.8850271571474,822.1536
574.904232818297,822.1238
551.9234384794465,822.18634
597.8850271571474,822.3266
597.8850271571474,822.36346
597.8850271571474,822.2263
597.8850271571474,822.1397
574.904232818297,822.1631
574.904232818297,822.2149
659.167145394082,822.2996
781.7313818679512,822.27594
659.167145394082,822.1595
628.5260862756147,822.1052
574.904232818297,822.14154
551.9234384794465,822.0834
505.96184980174553,821.98413
574.904232818297,821.9935
843.0135001048857,822.0339
843.0135001048857,822.0359
628.5260862756147,821.9834
528.9426441405961,821.9826
551.9234384794465,822.1283
803.1801232508783,822.19135
767.9429052646408,822.13385
767.9429052646408,822.1531
734.237740234327,822.2422
700.5325752040129,822.27075
677.5517808651625,822.2928
645.3786687907716,822.37274
622.3978744519212,822.3491
622.3978744519212,822.2917
1042.180384374923,822.21735
1655.001566744269,822.0333
2344.4253969097826,821.9045
1639.681037185035,821.9381
1317.9499164411286,821.96704
1149.4240912895584,822.06024
1103.4625026118576,822.2021
1026.8598548156895,822.24194
950.2572070195213,822.1991
885.9109828707398,822.1786
898.1674065181267,822.30316
875.1866121792763,822.29675
827.6929705456521,822.16394
780.1993289120278,822.03644
767.9429052646408,822.0847
734.237740234327,822.16565
1026.8598548156895,822.247
1026.8598548156895,822.2687
1655.001566744269,822.2023
1226.0267390857266,822.1603
744.9621109257904,822.10504
723.5133695428633,822.18207
711.2569458954764,822.19135
700.5325752040129,822.19415
734.237740234327,822.20605
700.5325752040129,822.2147
677.5517808651625,822.222
656.1030394822353,822.225
645.3786687907716,822.237
622.3978744519212,822.24304
611.6735037604578,822.2276
588.6927094216073,822.2168
567.2439680386802,822.24335
545.795226655753,822.2492
545.795226655753,822.2399
545.795226655753,822.269
502.89774388989883,822.30664
482.98105546289514,822.2926
443.1476786088878,822.2692
423.23099018188395,822.2615
423.23099018188395,822.25507
432.42330791742427,822.268
432.42330791742427,822.29205
482.98105546289514,822.3123
463.06436703589145,822.3195
472.25668477143165,822.3028
492.1733731984353,822.2329
482.98105546289514,822.14575
1042.180384374923,822.1136
1026.8598548156895,822.1717
1072.8214434933902,822.21625
1088.141973052624,822.2733
1057.5009139341566,822.2136
1011.5393252564556,822.1187
996.218795697222,822.0966
996.218795697222,822.0656
980.8982661379885,822.0869
950.2572070195213,822.1193
934.9366774602877,822.1455
934.9366774602877,822.1548
934.9366774602877,822.14124
934.9366774602877,822.1097
919.616147901054,822.09125
885.9109828707398,822.0978
864.4622414878129,822.1223
843.0135001048857,822.1436
853.7378707963492,822.1541
934.9366774602877,822.165
875.1866121792763,822.1717
843.0135001048857,822.18884
821.5647587219585,822.2085
790.9236996034913,822.22766
919.616147901054,822.2486
996.218795697222,822.2826
864.4622414878129,822.3465
919.616147901054,822.38824
950.2572070195213,822.39685
934.9366774602877,822.37036
934.9366774602877,822.28766
919.616147901054,822.2106
1042.180384374923,822.277
885.9109828707398,822.33484
862.9301885318894,822.3138
850.6737648845025,822.33246
839.949394193039,822.4321
839.949394193039,822.53314
815.4365468982652,822.44446
815.4365468982652,822.28735
792.4557525594147,822.29645
780.1993289120278,822.47034
767.9429052646408,822.5503
744.9621109257904,822.6072
757.2185345731774,822.64404
744.9621109257904,822.6755
723.5133695428633,822.6632
700.5325752040129,822.6462
711.2569458954764,822.615
700.5325752040129,822.5872
677.5517808651625,822.5445
723.5133695428633,822.5336
711.2569458954764,822.56274
700.5325752040129,822.58075
689.8082045125494,822.36523
677.5517808651625,822.26385
792.4557525594147,822.2601
835.3532353252689,822.2158
824.6288646338052,822.12494
792.4557525594147,821.9767
771.0070111764876,821.977
824.6288646338052,822.0546
858.3340296641193,822.1116
890.50714173851,822.03
846.0776060167324,821.94196
803.1801232508783,822.0431
771.0070111764876,822.0807
792.4557525594147,822.12604
890.50714173851,822.1722
846.0776060167324,822.1741
781.7313818679512,822.1066
749.5582697935606,822.1227
729.6415813665567,822.1962
709.7248929395531,822.2709
679.0838338210857,822.26044
668.3594631296222,822.10394
648.4427747026185,821.98254
628.5260862756147,821.966
628.5260862756147,821.9935
587.1606564656839,822.0448
567.2439680386802,822.11743
567.2439680386802,822.2019
547.3272796116764,822.25995
547.3272796116764,822.2334
567.2439680386802,822.14276
893.5712476503568,822.0834
864.4622414878129,822.19855
835.3532353252689,822.3858
771.0070111764876,822.6168
749.5582697935606,822.5
743.430057969867,822.4022
715.8531047632465,822.3006
715.8531047632465,822.19977
709.7248929395531,822.2586
721.9813165869399,822.3718
743.430057969867,822.45337
792.4557525594147,822.39325
757.2185345731774,822.34174
729.6415813665567,822.34326
709.7248929395531,822.3446
709.7248929395531,822.383
695.9364163362428,822.4422
676.019727909239,822.451
648.4427747026185,822.46106
648.4427747026185,822.4076
628.5260862756147,822.35016
702.0646281599361,822.34106
688.276151556626,822.2756
668.3594631296222,822.1905
682.1479397329324,822.2011
729.6415813665567,822.34875
729.6415813665567,822.2293
709.7248929395531,822.19434
751.0903227494838,822.18494
702.0646281599361,822.2467
835.3532353252689,822.2614
613.8183778987506,822.24084
695.9364163362428,822.3216
692.8723104243961,822.4004
1057.5009139341566,822.39
1072.8214434933902,822.37415
950.2572070195213,822.3162
919.616147901054,822.276
893.5712476503568,822.2771
965.5777365787549,822.29926
6270.000000000001,822.33496
6270.000000000001,822.2747
6270.000000000001,822.14484
6270.000000000001,822.1937
6270.000000000001,822.31494
6270.000000000001,822.3855
6270.000000000001,822.3622
6270.000000000001,822.3164
6270.000000000001,822.3099
6270.000000000001,822.3444
6270.000000000001,822.3527
6270.000000000001,822.3319
6270.000000000001,822.3529
6270.000000000001,822.35004
6270.000000000001,822.2239
6270.000000000001,822.1437
6270.000000000001,822.1354
6270.000000000001,822.1501
6270.000000000001,822.06146
6270.000000000001,821.9669
6270.000000000001,822.0778
6270.000000000001,822.19415
6270.000000000001,822.28125
6270.000000000001,822.3317
6270.000000000001,822.3757
6270.000000000001,822.29944
6270.000000000001,822.1717
6270.000000000001,822.2212
865.9942944437361,822.2011
876.7186651351998,822.1438
882.8468769588931,822.10297
787.8595936916447,822.08655
769.4749582205643,822.18146
694.4043633803193,822.2463
919.616147901054,822.2525
1210.706209526493,822.2626
1379.232034678063,822.27094
1103.4625026118576,822.2182
965.5777365787549,822.1608
950.2572070195213,822.155
786.3275407357212,822.27423
642.314562878925,822.2924
934.9366774602877,822.2701
1026.8598548156895,822.29144
1241.3472686449602,822.32135
1210.706209526493,822.3439
1241.3472686449602,822.3079
1333.2704460003622,822.1579
1210.706209526493,822.1514
1195.3856799672594,822.1915
1118.7830321710912,822.1872
1134.1035617303248,822.058
1042.180384374923,821.9863
1103.4625026118576,822.1151
1103.4625026118576,822.28265
996.218795697222,822.26263
1042.180384374923,822.3633
996.218795697222,822.36786
919.616147901054,822.36957
1134.1035617303248,822.32874
1088.141973052624,822.21606
861.3981355759662,822.23065
980.8982661379885,822.319
965.5777365787549,822.4123
1026.8598548156895,822.31647
676.019727909239,822.235
1011.5393252564556,822.2159
1103.4625026118576,822.32794
1072.8214434933902,822.4212
919.616147901054,822.52155
1103.4625026118576,822.69867
1226.0267390857266,822.71594
996.218795697222,822.6626
1241.3472686449602,822.573
1226.0267390857266,822.4662
1072.8214434933902,822.2144
1026.8598548156895,822.01263
980.8982661379885,822.05817
896.6353535622035,822.10535
1302.629386881895,822.1004
1256.6677982041938,822.0404
1149.4240912895584,822.0382
1195.3856799672594,821.9917
934.9366774602877,822.0257
1042.180384374923,822.12
816.9685998541884,822.34863
781.7313818679512,822.41364
885.9109828707398,822.3229
1011.5393252564556,822.38116
1134.1035617303248,822.32855
1271.9883277634278,822.2421
919.616147901054,822.1378
1118.7830321710912,822.2025
1072.8214434933902,822.2276
965.5777365787549,822.28784
902.7635653858969,822.3767
965.5777365787549,822.34485
1026.8598548156895,822.306
980.8982661379885,822.30524
965.5777365787549,822.4315
950.2572070195213,822.46094
1026.8598548156895,822.4641
980.8982661379885,822.5082
1057.5009139341566,822.575
1026.8598548156895,822.5853
884.3789299148166,822.49677
904.29561834182,822.4348
904.29561834182,822.52765
904.29561834182,822.59796
833.8211823693456,822.6257
1118.7830321710912,822.50415
1226.0267390857266,822.36237
1042.180384374923,822.32135
1011.5393252564556,822.4043
846.0776060167324,822.4896
867.5263473996595,822.4225
1149.4240912895584,822.3843
1042.180384374923,822.37604
1072.8214434933902,822.32837
1026.8598548156895,822.31384
1072.8214434933902,822.4871
1011.5393252564556,822.583
1011.5393252564556,822.5488
1026.8598548156895,822.5522
934.9366774602877,822.6514
1072.8214434933902,822.6705
1042.180384374923,822.6235
1026.8598548156895,822.69867
783.2634348238745,822.78534
746.4941638817139,822.7787
980.8982661379885,822.6844
853.7378707963492,822.539
899.6994594740502,822.4653
950.2572070195213,822.4715
1210.706209526493,822.31323
752.6223757054072,822.15894
855.2699237522726,822.1096
996.218795697222,822.0709
839.949394193039,822.054
752.6223757054072,822.0977
671.4235690414689,822.2218
743.430057969867,822.2471
3125.7724044306983,822.11383
2512.9512220613524,821.96375
1823.5273918958387,822.0862
1333.2704460003622,822.0692
847.6096589726558,822.02606
980.8982661379885,821.9344
1118.7830321710912,821.8575
965.5777365787549,821.9408
965.5777365787549,822.0802
1042.180384374923,822.2749
872.1225062674297,822.4048
804.7121762068016,822.40326
950.2572070195213,822.3342
876.7186651351998,822.2671
881.3148240029699,822.1272
1348.5909755595958,822.0465
1317.9499164411286,822.05725
1180.0651504080258,821.9779
1026.8598548156895,821.88983
902.7635653858969,822.0525
1271.9883277634278,822.0666
1011.5393252564556,822.14026
980.8982661379885,822.17676
950.2572070195213,822.242
950.2572070195213,822.2971
996.218795697222,822.2991
859.8660826200427,822.2601
824.6288646338052,822.21606
885.9109828707398,822.24664
859.8660826200427,822.26184
904.29561834182,822.22595
934.9366774602877,822.2025
1088.141973052624,822.2599
1226.0267390857266,822.2842
1026.8598548156895,822.31006
1011.5393252564556,822.0372
996.218795697222,822.00354
892.0391946944336,822.1297
934.9366774602877,822.38135
934.9366774602877,822.39966
919.616147901054,822.3059
980.8982661379885,822.28394
934.9366774602877,822.2579
904.29561834182,822.2777
767.9429052646408,822.4168
672.9556219973924,822.5949
527.4105911846727,822.5862
633.1222451433847,822.44995
703.5966811158596,822.46027
709.7248929395531,822.40436
594.8209212453007,822.37915
435.487413829271,822.46765
596.3529742012241,822.45355
620.8658214959979,822.4896
617.8017155841511,822.5299
734.237740234327,822.59265
545.795226655753,822.60913
617.8017155841511,822.5614
628.5260862756147,822.56573
476.8528436392017,822.6308
619.3337685400746,822.70154
617.8017155841511,822.67224
577.9683387301438,822.6157
617.8017155841511,822.52435
535.0708559642895,822.531
551.9234384794465,822.499
478.38489659512504,822.4643
512.0900616254391,822.41345
505.96184980174553,822.4136
505.96184980174553,822.3755
522.8144323169025,822.3594
297.6026477961681,822.34106
686.7440986007025,822.33484
695.9364163362428,822.2964
950.2572070195213,822.23157
887.4430358266633,822.2029
761.8146934409475,822.1707
875.1866121792763,822.1771
855.2699237522726,822.20245
699.0005222480894,822.29395
841.4814471489624,822.3955
859.8660826200427,822.3886
1394.5525642372966,822.26483
1379.232034678063,822.09357
1134.1035617303248,822.0678
1042.180384374923,822.151
950.2572070195213,822.1582
950.2572070195213,822.13275
850.6737648845025,822.3285
934.9366774602877,822.30365
861.3981355759662,822.2916
856.8019767081961,822.2879
919.616147901054,822.3216
862.9301885318894,822.40686
777.1352230001811,822.44354
826.1609175897288,822.5329
746.4941638817139,822.5287
734.237740234327,822.3355
723.5133695428633,822.19073
553.4554914353698,822.3629
1072.8214434933902,822.4165
965.5777365787549,822.3938
1195.3856799672594,822.351
1088.141973052624,822.3516
980.8982661379885,822.489
862.9301885318894,822.542
1057.5009139341566,822.5683
870.5904533115062,822.55554
1011.5393252564556,822.58624
996.218795697222,822.59814
1011.5393252564556,822.56226
1026.8598548156895,822.5331
717.3851577191699,822.53174
1011.5393252564556,822.5445
1042.180384374923,822.52
717.3851577191699,822.4444
1348.5909755595958,822.3242
1271.9883277634278,822.16656
1180.0651504080258,821.99457
1042.180384374923,821.98755
980.8982661379885,822.07007
901.2315124299733,822.1216
1042.180384374923,822.2193
1057.5009139341566,822.24445
980.8982661379885,822.2642
1042.180384374923,822.31555
904.29561834182,822.29266
996.218795697222,822.1783
657.6350924381587,822.08545
679.0838338210857,822.1215
746.4941638817139,822.1599
767.9429052646408,822.1769
792.4557525594147,822.168
645.3786687907716,822.2185
702.0646281599361,822.2359
1057.5009139341566,822.33295
895.1033006062803,822.42114
1241.3472686449602,822.4435
919.616147901054,822.3212
853.7378707963492,822.15326
709.7248929395531,822.11584
760.282640485024,822.1081
793.987805515338,822.084
846.0776060167324,822.1344
884.3789299148166,822.179
884.3789299148166,822.21985
869.058400355583,822.2044
790.9236996034913,822.1996
694.4043633803193,822.2523
665.2953572177756,822.33777
813.9044939423417,822.3874
723.5133695428633,822.3409
754.1544286613307,822.317
723.5133695428633,822.44476
709.7248929395531,822.51044
717.3851577191699,822.4896
674.4876749533156,822.5274
702.0646281599361,822.5756
740.3659520580203,822.41455
686.7440986007025,822.2492
657.6350924381587,822.17847
686.7440986007025,822.1374
1072.8214434933902,822.1682
1440.5141529149978,822.17053
1226.0267390857266,822.1465
844.5455530608091,822.11487
806.2442291627249,822.13416
919.616147901054,822.1452
777.1352230001811,822.10315
841.4814471489624,822.187
807.7762821186484,822.32587
873.6545592233529,822.33044
694.4043633803193,822.2671
784.7954877797979,822.2938
950.2572070195213,822.2404
1593.7194485073342,822.00977
980.8982661379885,821.92737
980.8982661379885,821.9479
934.9366774602877,822.04474
1011.5393252564556,822.08655
859.8660826200427,822.2144
775.6031700442576,822.2961
839.949394193039,822.2804
919.616147901054,822.2255
980.8982661379885,822.2892
1057.5009139341566,822.4868
1057.5009139341566,822.5223
1455.8346824742314,822.4323
1409.8730937965306,822.36066
1394.5525642372966,822.43427
1363.9115051188294,822.4779
1363.9115051188294,822.4501
1348.5909755595958,822.3555
1348.5909755595958,822.3028
1394.5525642372966,822.31946
1103.4625026118576,822.2797
1164.7446208487922,822.28625
919.616147901054,822.299
844.5455530608091,822.24335
1072.8214434933902,822.1822
1317.9499164411286,822.2606
1425.1936233557642,822.32416
1486.4757415926986,822.2701
1287.3088573226614,822.12585
1271.9883277634278,822.01
1072.8214434933902,822.1264
1287.3088573226614,822.2532
1118.7830321710912,822.3461
1118.7830321710912,822.3718
965.5777365787549,822.2389
1011.5393252564556,822.2008
934.9366774602877,822.4533
965.5777365787549,822.4809
996.218795697222,822.352
1164.7446208487922,822.2039
1149.4240912895584,822.18207
1210.706209526493,822.2495
1195.3856799672594,822.2501
1226.0267390857266,822.20056
1180.0651504080258,822.2074
1164.7446208487922,822.37524
893.5712476503568,822.38794
1088.141973052624,822.3309
1057.5009139341566,822.21356
919.616147901054,822.1865
919.616147901054,822.2822
919.616147901054,822.24976
965.5777365787549,822.2588
996.218795697222,822.33105
1118.7830321710912,822.37604
965.5777365787549,822.3911
1088.141973052624,822.4236
1317.9499164411286,822.36224
1134.1035617303248,822.24786
1057.5009139341566,822.22217
904.29561834182,822.38055
1026.8598548156895,822.53235
1287.3088573226614,822.6616
1256.6677982041938,822.7273
1241.3472686449602,822.7044
1241.3472686449602,822.60846
934.9366774602877,822.44617
965.5777365787549,822.3266
996.218795697222,822.2654
1118.7830321710912,822.2144
1057.5009139341566,822.24915
1026.8598548156895,822.3488
1026.8598548156895,822.49475
1026.8598548156895,822.6045
934.9366774602877,822.61896
1026.8598548156895,822.4626
1164.7446208487922,822.3197
885.9109828707398,822.244
821.5647587219585,822.26996
692.8723104243961,822.28845
680.6158867770092,822.29504
648.4427747026185,822.3344
643.8466158348484,822.38434
1011.5393252564556,822.4233
744.9621109257904,822.49457
761.8146934409475,822.5584
749.5582697935606,822.63367
571.8401269064502,822.64545
495.23747911028204,822.5692
570.308073950527,822.5329
798.5839643831081,822.5917
826.1609175897288,822.5159
737.3018461461735,822.449
617.8017155841511,822.465
530.4746970965193,822.4241
1149.4240912895584,822.33624
980.8982661379885,822.32007
1088.141973052624,822.2911
1210.706209526493,822.2576
965.5777365787549,822.3102
950.2572070195213,822.4081
934.9366774602877,822.5505
919.616147901054,822.5051
1011.5393252564556,822.41284
996.218795697222,822.39435
996.218795697222,822.4492
743.430057969867,822.4149
1088.141973052624,822.3991
709.7248929395531,822.4029
787.8595936916447,822.39624
896.6353535622035,822.42633
858.3340296641193,822.5061
904.29561834182,822.53723
876.7186651351998,822.4456
833.8211823693456,822.43994
902.7635653858969,822.4301
980.8982661379885,822.44257
934.9366774602877,822.36774
858.3340296641193,822.3622
666.8274101736988,822.35175
830.7570764574988,822.3887
919.616147901054,822.42664
861.3981355759662,822.41705
1271.9883277634278,822.33105
1287.3088573226614,822.258
1241.3472686449602,822.23834
1088.141973052624,822.191
1164.7446208487922,822.2044
1042.180384374923,822.2178
1103.4625026118576,822.23096
1057.5009139341566,822.238
1026.8598548156895,822.2467
878.250718091123,822.2477
934.9366774602877,822.2282
980.8982661379885,822.21436
1026.8598548156895,822.24097
1072.8214434933902,822.2609
1118.7830321710912,822.26843
934.9366774602877,822.29565
996.218795697222,822.30927
751.0903227494838,822.2937
686.7440986007025,822.2694
797.0519114271848,822.2612
812.3724409864185,822.2578
965.5777365787549,822.2701
996.218795697222,822.2879
1011.5393252564556,822.30585
795.5198584712615,822.31287
950.2572070195213,822.3209
827.6929705456521,822.3217
835.3532353252689,822.3189
1394.5525642372966,822.31287
1379.232034678063,822.2651
1379.232034678063,821.2659
1425.1936233557642,819.7764
1532.4373302703998,819.247
1440.5141529149978,822.29834
1563.078389388867,822.37445
1762.2452736589044,822.39905
2267.8227491136145,822.2998
2773.4002245683246,822.1654
1854.1684510143061,822.04333
1670.3220963035026,821.9229
1670.3220963035026,821.875
1517.1168007111662,822.09296
1930.7710988104743,822.30817
1624.3605076258013,822.3786
1716.2836849812034,822.3208
1501.7962711519322,822.12646
1547.7578598296334,822.0599
1379.232034678063,822.0654
1563.078389388867,822.16235
1532.4373302703998,822.1529
1501.7962711519322,822.1722
1394.5525642372966,822.2701
1440.5141529149978,822.3042
1379.232034678063,822.3135
1455.8346824742314,822.25146
1624.3605076258013,822.10547
489.10926728658876,821.90643
489.10926728658876,823.80994
509.02595571359245,826.84235
626.9940333196914,829.78577
626.9940333196914,829.7706
648.4427747026185,829.74854
587.1606564656839,829.7599
587.1606564656839,829.7865
568.7760209946034,829.8165
568.7760209946034,829.8357
568.7760209946034,829.8311
568.7760209946034,829.8101
568.7760209946034,829.78784
607.0773448926876,829.7821
648.4427747026185,829.7933
648.4427747026185,829.8047
669.8915160855455,829.8249
626.9940333196914,829.8398
626.9940333196914,829.8449
626.9940333196914,829.8372
587.1606564656839,829.835
587.1606564656839,829.8241
587.1606564656839,829.8315
587.1606564656839,829.8542
587.1606564656839,829.85846
548.8593325675998,829.86725
548.8593325675998,829.8836
548.8593325675998,829.9048
587.1606564656839,829.919
676.019727909239,829.9182
659.167145394082,829.89935
623.9299274078447,829.8619
607.0773448926876,829.8137
591.7568153334539,829.81226
591.7568153334539,829.77246
591.7568153334539,829.794
574.904232818297,829.8083
542.7311207439066,829.83453
527.4105911846727,829.7601
512.0900616254391,829.62805
512.0900616254391,829.6165
495.23747911028204,829.636
512.0900616254391,829.74146
512.0900616254391,829.8302
479.91694955104845,829.8593
479.91694955104845,829.84204
447.74383747665786,829.8039
447.74383747665786,829.8343
447.74383747665786,829.867
479.91694955104845,829.93396
447.74383747665786,829.96094
432.42330791742427,829.9308
418.63483131411385,829.919
432.42330791742427,829.9702
432.42330791742427,829.99146
403.31430175488026,829.9666
387.9937721956465,829.9582
1302.629386881895,829.9584
1302.629386881895,829.94604
1271.9883277634278,829.83374
1180.0651504080258,829.68024
1180.0651504080258,829.63794
1195.3856799672594,829.59827
1149.4240912895584,829.5464
1103.4625026118576,829.5264
1088.141973052624,829.4873
1088.141973052624,829.52246
1057.5009139341566,829.5421
1057.5009139341566,829.57227
1057.5009139341566,829.5689
1042.180384374923,829.6154
1011.5393252564556,829.6303
980.8982661379885,829.6447
980.8982661379885,829.6763
1057.5009139341566,829.74945
980.8982661379885,829.8097
950.2572070195213,829.85156
934.9366774602877,829.8328
934.9366774602877,829.72217
904.29561834182,829.7301
890.50714173851,829.7264
872.1225062674297,829.72394
853.7378707963492,829.7298
853.7378707963492,829.7435
853.7378707963492,829.76685
709.7248929395531,829.78235
692.8723104243961,829.7421
676.019727909239,829.56604
640.7825099230015,829.39233
623.9299274078447,829.3614
607.0773448926876,829.3249
607.0773448926876,829.28796
607.0773448926876,829.243
574.904232818297,829.2317
574.904232818297,829.2778
542.7311207439066,829.3793
527.4105911846727,829.4513
527.4105911846727,829.5298
527.4105911846727,829.57404
527.4105911846727,829.58795
512.0900616254391,829.57764
479.91694955104845,829.57666
447.74383747665786,829.5899
447.74383747665786,829.609
447.74383747665786,829.6215
418.63483131411385,829.6271
418.63483131411385,829.63153
432.42330791742427,829.6385
447.74383747665786,829.6476
447.74383747665786,829.64417
479.91694955104845,829.6542
447.74383747665786,829.7056
447.74383747665786,829.7592
516.6862204932092,829.80804
535.0708559642895,829.8028
516.6862204932092,829.7207
498.30158502212873,829.54193
478.38489659512504,829.47473
441.61562565296424,829.4719
423.23099018188395,829.57404
423.23099018188395,829.59216
423.23099018188395,829.59406
441.61562565296424,829.60864
441.61562565296424,829.62396
423.23099018188395,829.6387
423.23099018188395,829.6275
384.9296662837998,829.58765
366.5450308127197,829.5351
366.5450308127197,829.5351
348.1603953416392,829.57983
348.1603953416392,829.6621
331.30781282648223,829.7285
348.1603953416392,829.7056
423.23099018188395,829.757
423.23099018188395,829.7733
348.1603953416392,829.7377
331.30781282648223,829.6812
314.4552303113251,829.64923
297.6026477961681,829.6594
280.7500652810112,829.7056
280.7500652810112,829.7592
280.7500652810112,829.80804
784.7954877797979,829.8357
784.7954877797979,829.7911
795.5198584712615,829.6141
761.8146934409475,829.523
784.7954877797979,829.6254
784.7954877797979,829.7672
784.7954877797979,829.72217
761.8146934409475,829.729
761.8146934409475,829.72394
718.9172106750932,829.7298
728.1095284106334,829.7435
708.1928399836297,829.77435
697.4684692921662,829.77344
697.4684692921662,829.7728
677.5517808651625,829.7418
657.6350924381587,829.7876
697.4684692921662,829.715
697.4684692921662,829.6931
688.276151556626,829.74396
677.5517808651625,829.784
688.276151556626,829.7733
697.4684692921662,829.7377
677.5517808651625,829.70685
657.6350924381587,829.7308
761.8146934409475,829.7861
751.0903227494838,829.8102
697.4684692921662,829.88196
697.4684692921662,829.9833
6270.000000000001,830.04486
6270.000000000001,829.9456
6270.000000000001,829.6865
6270.000000000001,829.4031
6270.000000000001,829.40063
6270.000000000001,829.39484
6270.000000000001,829.378
6270.000000000001,829.3793
6270.000000000001,829.4054
6270.000000000001,829.4213
6270.000000000001,829.44867
1302.629386881895,829.4908
1164.7446208487922,829.5298
1088.141973052624,829.57623
1103.4625026118576,829.60144
1180.0651504080258,829.61365
1103.4625026118576,829.6334
1042.180384374923,829.6594
1011.5393252564556,829.7056
1011.5393252564556,829.792
980.8982661379885,829.8827
980.8982661379885,829.9032
965.5777365787549,829.8102
919.616147901054,829.7674
872.1225062674297,829.7886
821.5647587219585,829.7585
807.7762821186484,829.7175
798.5839643831081,829.63605
1210.706209526493,829.6307
1256.6677982041938,829.60583
1302.629386881895,829.5415
1271.9883277634278,829.48975
1271.9883277634278,829.4513
1271.9883277634278,829.5298
1256.6677982041938,829.57404
1241.3472686449602,829.58795
1241.3472686449602,829.54987
1241.3472686449602,829.48975
1256.6677982041938,829.43585
1210.706209526493,829.41547
1210.706209526493,829.3386
1210.706209526493,829.29645
1210.706209526493,829.3647
1210.706209526493,829.49524
1210.706209526493,829.609
1241.3472686449602,829.6194
1241.3472686449602,829.62415
1195.3856799672594,829.6292
1164.7446208487922,829.6387
1118.7830321710912,829.64874
1103.4625026118576,829.6529
1103.4625026118576,829.64417
1072.8214434933902,829.6542
1057.5009139341566,829.7056
1057.5009139341566,829.7592
1057.5009139341566,829.80804
852.2058178404259,829.8357
852.2058178404259,829.8251
875.1866121792763,829.7478
852.2058178404259,829.71375
829.2250235015753,829.7134
875.1866121792763,829.72235
898.1674065181267,829.72375
919.616147901054,829.7133
898.1674065181267,829.70685
875.1866121792763,829.7096
875.1866121792763,829.70935
852.2058178404259,829.67303
852.2058178404259,829.72296
806.2442291627249,829.7733
829.2250235015753,829.75885
806.2442291627249,829.7655
806.2442291627249,829.7956
784.7954877797979,829.791
784.7954877797979,829.76953
738.8338991020971,829.75323
738.8338991020971,829.67365
761.8146934409475,829.6288
806.2442291627249,829.6279
806.2442291627249,829.56854
852.2058178404259,829.5171
829.2250235015753,829.534
761.8146934409475,829.6182
738.8338991020971,829.70654
761.8146934409475,829.78503
475.32079068327835,829.839
475.32079068327835,829.95404
444.67973156481116,830.0135
429.3592020055774,830.012
412.5066194904204,829.8771
412.5066194904204,829.80554
397.1860899311868,829.8874
334.3719187383288,830.04297
319.05138917909517,830.00146
305.2629125757849,829.87683
305.2629125757849,829.8047
291.47443597247474,829.9411
262.3654298099309,830.0062
248.57695320662063,829.88043
248.57695320662063,829.78613
234.78847660331024,829.7846
221.0,829.8514
221.0,829.8441
234.78847660331024,829.72845
334.3719187383288,829.66736
334.3719187383288,829.6646
291.47443597247474,829.7418
277.6859593691645,829.83185
262.3654298099309,829.8147
248.57695320662063,829.703
262.3654298099309,829.8195
248.57695320662063,829.9821
262.3654298099309,829.9525
777.1352230001811,829.9349
752.6223757054072,830.01086
728.1095284106334,829.93787
677.5517808651625,829.8808
777.1352230001811,829.83185
728.1095284106334,829.73584
702.0646281599361,829.8066
677.5517808651625,829.8591
653.0389335703884,829.83826
653.0389335703884,829.80865
628.5260862756147,829.8634
628.5260862756147,829.95056
579.500391686067,829.9372
558.0516503031401,829.926
535.0708559642895,829.985
513.6221145813626,830.0606
490.64132024251194,830.081
490.64132024251194,829.88617
513.6221145813626,829.7069
513.6221145813626,829.70386
490.64132024251194,829.7417
490.64132024251194,829.6455
490.64132024251194,829.5526
513.6221145813626,829.64465
513.6221145813626,829.698
490.64132024251194,829.7735
558.0516503031401,829.74927
579.500391686067,829.68744
777.1352230001811,829.78174
752.6223757054072,829.86725
728.1095284106334,829.7965
677.5517808651625,829.68494
777.1352230001811,829.62335
728.1095284106334,829.52185
702.0646281599361,829.45135
677.5517808651625,829.46045
653.0389335703884,829.5907
653.0389335703884,829.6458
628.5260862756147,829.77124
628.5260862756147,829.86035
579.500391686067,829.94836
558.0516503031401,829.9545
535.0708559642895,829.9614
513.6221145813626,829.8808
490.64132024251194,829.7636
490.64132024251194,829.7101
513.6221145813626,829.71545
513.6221145813626,829.8727
490.64132024251194,830.048
490.64132024251194,830.078
490.64132024251194,829.9602
513.6221145813626,829.89514
513.6221145813626,829.9241
490.64132024251194,829.97156
558.0516503031401,829.9217
752.6223757054072,829.90027
1180.0651504080258,829.8931
1210.706209526493,829.93677
1149.4240912895584,829.9381
1118.7830321710912,829.92645
1057.5009139341566,829.8286
1118.7830321710912,829.70874
1088.141973052624,829.6503
1302.629386881895,829.7582
1333.2704460003622,829.80725
1210.706209526493,829.8738
996.218795697222,829.8353
1057.5009139341566,829.6515
996.218795697222,829.60364
934.9366774602877,829.64984
996.218795697222,829.7364
965.5777365787549,829.8215
934.9366774602877,829.7929
934.9366774602877,829.7986
873.6545592233529,829.8294
843.0135001048857,829.7749
812.3724409864185,829.6959
812.3724409864185,829.6729
812.3724409864185,829.8274
781.7313818679512,829.8591
781.7313818679512,829.7156
751.0903227494838,829.5419
751.0903227494838,829.47546
751.0903227494838,829.5563
812.3724409864185,829.7921
659.167145394082,829.7902
628.5260862756147,829.7823
597.8850271571474,829.79236
574.904232818297,829.664
574.904232818297,829.5919
574.904232818297,829.6162
551.9234384794465,829.67096
528.9426441405961,829.76764
505.96184980174553,829.91656
689.8082045125494,830.14307
812.3724409864185,830.15894
628.5260862756147,830.0955
574.904232818297,829.91956
628.5260862756147,829.87756
720.4492636310166,829.89557
720.4492636310166,829.9529
659.167145394082,829.98804
659.167145394082,830.0097
551.9234384794465,829.9468
528.9426441405961,829.9205
505.96184980174553,829.8548
482.98105546289514,829.68085
437.0194667851942,829.6407
414.0386724463438,829.60785
391.05787810749337,829.5956
414.0386724463438,829.4765
460.00026112404475,829.60364
460.00026112404475,829.77765
777.1352230001811,829.8752
728.1095284106334,829.8605
702.0646281599361,829.8317
677.5517808651625,829.7652
653.0389335703884,829.74304
653.0389335703884,829.6375
604.013238980841,829.69275
579.500391686067,829.78705
702.0646281599361,829.7986
1103.4625026118576,829.75116
1072.8214434933902,829.9165
934.9366774602877,829.9272
826.1609175897288,829.80725
677.5517808651625,829.7013
628.5260862756147,829.66235
628.5260862756147,829.672
604.013238980841,829.612
579.500391686067,829.5572
558.0516503031401,829.5771
535.0708559642895,829.613
513.6221145813626,829.64636
513.6221145813626,829.68445
677.5517808651625,829.7651
579.500391686067,829.8725
579.500391686067,829.90717
535.0708559642895,829.6878
490.64132024251194,829.6345
469.1925788595847,829.7137
628.5260862756147,829.7871
628.5260862756147,829.86755
628.5260862756147,829.90015
597.8850271571474,829.8848
574.904232818297,829.88446
597.8850271571474,829.9291
597.8850271571474,829.9482
574.904232818297,829.9009
551.9234384794465,829.90063
597.8850271571474,829.94183
597.8850271571474,829.9857
597.8850271571474,829.9446
597.8850271571474,830.02014
574.904232818297,830.0257
574.904232818297,830.0181
659.167145394082,829.9687
781.7313818679512,829.90063
659.167145394082,829.85815
628.5260862756147,829.81525
574.904232818297,829.81104
551.9234384794465,829.80676
505.96184980174553,829.7389
574.904232818297,829.74207
843.0135001048857,829.88806
843.0135001048857,829.96136
628.5260862756147,830.00104
528.9426441405961,829.9251
551.9234384794465,829.87134
803.1801232508783,829.8593
767.9429052646408,829.9032
767.9429052646408,829.8865
734.237740234327,829.92523
700.5325752040129,829.92126
677.5517808651625,829.96075
645.3786687907716,829.9281
622.3978744519212,829.93665
622.3978744519212,829.93134
1042.180384374923,829.95306
1655.001566744269,829.91583
2344.4253969097826,829.84625
1639.681037185035,829.6721
1317.9499164411286,829.61426
1149.4240912895584,829.6396
1103.4625026118576,829.75195
1026.8598548156895,829.86346
950.2572070195213,829.9478
885.9109828707398,829.9513
898.1674065181267,829.8457
875.1866121792763,829.8988
827.6929705456521,829.91925
780.1993289120278,829.8981
767.9429052646408,829.83484
734.237740234327,829.791
1026.8598548156895,829.86066
1026.8598548156895,830.03925
1655.001566744269,830.1758
1226.0267390857266,830.0819
744.9621109257904,829.92773
723.5133695428633,829.8793
711.2569458954764,829.8614
700.5325752040129,829.78577
734.237740234327,829.7706
700.5325752040129,829.74854
677.5517808651625,829.7599
656.1030394822353,829.7865
645.3786687907716,829.8165
622.3978744519212,829.8357
611.6735037604578,829.8311
588.6927094216073,829.8101
567.2439680386802,829.78784
545.795226655753,829.7821
545.795226655753,829.7933
545.795226655753,829.8047
502.89774388989883,829.8249
482.98105546289514,829.8398
443.1476786088878,829.8449
423.23099018188395,829.8372
423.23099018188395,829.835
432.42330791742427,829.8241
432.42330791742427,829.8315
482.98105546289514,829.8542
463.06436703589145,829.85846
472.25668477143165,829.86725
492.1733731984353,829.8836
482.98105546289514,829.9048
1042.180384374923,829.919
1026.8598548156895,829.89764
1072.8214434933902,829.8619
1088.141973052624,829.8526
1057.5009139341566,829.8929
1011.5393252564556,829.86584
996.218795697222,829.7477
996.218795697222,829.71277
980.8982661379885,829.7175
950.2572070195213,829.77704
934.9366774602877,829.784
934.9366774602877,829.83325
934.9366774602877,829.8231
934.9366774602877,829.8057
919.616147901054,829.8221
885.9109828707398,829.8449
864.4622414878129,829.8877
843.0135001048857,829.8579
853.7378707963492,829.9217
934.9366774602877,830.0014
875.1866121792763,830.01263
843.0135001048857,830.0141
821.5647587219585,830.0734
790.9236996034913,830.1347
919.616147901054,830.1701
996.218795697222,830.18256
864.4622414878129,830.19806
919.616147901054,830.22925
950.2572070195213,830.2669
934.9366774602877,830.17426
934.9366774602877,830.0323
919.616147901054,829.8946
1042.180384374923,830.0644
885.9109828707398,830.08154
862.9301885318894,830.0336
850.6737648845025,829.8735
839.949394193039,829.878
839.949394193039,829.92053
815.4365468982652,829.97437
815.4365468982652,830.02484
792.4557525594147,830.1117
780.1993289120278,830.0135
767.9429052646408,829.99084
744.9621109257904,830.0761
757.2185345731774,830.1171
744.9621109257904,830.1096
723.5133695428633,830.10846
700.5325752040129,830.09576
711.2569458954764,830.0873
700.5325752040129,830.0328
677.5517808651625,829.9954
723.5133695428633,829.9937
711.2569458954764,830.0461
700.5325752040129,830.0705
689.8082045125494,830.12775
677.5517808651625,830.1948
792.4557525594147,830.15594
835.3532353252689,830.0223
824.6288646338052,829.8544
792.4557525594147,829.739
771.0070111764876,829.7504
824.6288646338052,829.6901
858.3340296641193,829.79254
890.50714173851,829.85364
846.0776060167324,829.84515
803.1801232508783,829.7504
771.0070111764876,829.6663
792.4557525594147,829.6682
890.50714173851,829.709
846.0776060167324,829.86456
781.7313818679512,829.9644
749.5582697935606,829.8324
729.6415813665567,829.7086
709.7248929395531,829.8358
679.0838338210857,830.0122
668.3594631296222,829.9581
648.4427747026185,829.8167
628.5260862756147,829.5988
628.5260862756147,829.499
587.1606564656839,829.5776
567.2439680386802,829.633
567.2439680386802,829.6126
547.3272796116764,829.6245
547.3272796116764,829.6236
567.2439680386802,829.6578
893.5712476503568,829.74396
864.4622414878129,829.9003
835.3532353252689,830.0056
771.0070111764876,830.0858
749.5582697935606,829.9421
743.430057969867,829.8638
715.8531047632465,829.8579
715.8531047632465,829.93475
709.7248929395531,829.9923
721.9813165869399,829.8933
743.430057969867,829.84247
792.4557525594147,829.83606
757.2185345731774,829.86
729.6415813665567,829.84985
709.7248929395531,829.8555
709.7248929395531,829.8962
695.9364163362428,829.9475
676.019727909239,829.94165
648.4427747026185,829.9582
648.4427747026185,829.93774
628.5260862756147,829.88104
702.0646281599361,829.87555
688.276151556626,829.9339
668.3594631296222,829.97003
682.1479397329324,829.95984
729.6415813665567,829.9608
729.6415813665567,830.05414
709.7248929395531,830.10913
751.0903227494838,830.0175
702.0646281599361,829.8321
835.3532353252689,829.8138
613.8183778987506,829.8021
695.9364163362428,829.7774
692.8723104243961,829.77264
1057.5009139341566,829.81244
1072.8214434933902,829.8803
950.2572070195213,830.0166
919.616147901054,830.1803
893.5712476503568,830.1368
965.5777365787549,830.0498
6270.000000000001,829.9429
6270.000000000001,829.79065
6270.000000000001,829.79315
6270.000000000001,829.809
6270.000000000001,829.8286
6270.000000000001,829.91907
6270.000000000001,830.0081
6270.000000000001,830.00085
6270.000000000001,829.97595
6270.000000000001,829.9733
6270.000000000001,829.9778
6270.000000000001,829.9739
6270.000000000001,829.93097
6270.000000000001,829.9634
6270.000000000001,829.9024
6270.000000000001,829.82806
6270.000000000001,829.7483
6270.000000000001,829.7764
6270.000000000001,829.8994
6270.000000000001,829.98425
6270.000000000001,829.8534
6270.000000000001,829.7304
6270.000000000001,829.72833
6270.000000000001,829.8058
6270.000000000001,829.85895
6270.000000000001,829.89655
6270.000000000001,829.79126
6270.000000000001,829.71857
865.9942944437361,829.68445
876.7186651351998,829.6515
882.8468769588931,829.6388
787.8595936916447,829.66016
769.4749582205643,829.7271
694.4043633803193,829.7901
919.616147901054,829.8012
1210.706209526493,829.8495
1379.232034678063,829.8546
1103.4625026118576,829.79065
965.5777365787549,829.8059
950.2572070195213,829.87006
786.3275407357212,829.90686
642.314562878925,829.9434
934.9366774602877,829.9636
1026.8598548156895,829.9784
1241.3472686449602,830.0215
1210.706209526493,830.0498
1241.3472686449602,829.9899
1333.2704460003622,829.9088
1210.706209526493,829.81165
1195.3856799672594,829.76245
1118.7830321710912,829.8057
1134.1035617303248,829.80634
1042.180384374923,829.79443
1103.4625026118576,829.85626
1103.4625026118576,829.8249
996.218795697222,829.8269
1042.180384374923,829.8273
996.218795697222,829.85724
919.616147901054,829.8597
1134.1035617303248,829.8322
1088.141973052624,829.8169
861.3981355759662,829.87946
980.8982661379885,829.97046
965.5777365787549,829.9797
1026.8598548156895,830.0009
676.019727909239,830.0321
1011.5393252564556,829.98334
1103.4625026118576,829.96893
1072.8214434933902,829.9906
919.616147901054,830.07556
1103.4625026118576,830.16046
1226.0267390857266,830.1442
996.218795697222,830.16925
1241.3472686449602,830.1139
1226.0267390857266,830.0795
1072.8214434933902,830.00006
1026.8598548156895,829.93805
980.8982661379885,829.85
896.6353535622035,829.7652
1302.629386881895,829.77
1256.6677982041938,829.784
1149.4240912895584,829.81396
1195.3856799672594,829.95593
934.9366774602877,829.99316
1042.180384374923,829.8967
816.9685998541884,829.824
781.7313818679512,829.88745
885.9109828707398,829.88837
1011.5393252564556,829.868
1134.1035617303248,829.96985
1271.9883277634278,830.0933
919.616147901054,830.0965
1118.7830321710912,829.9489
1072.8214434933902,829.8374
965.5777365787549,829.8755
902.7635653858969,829.89734
965.5777365787549,829.92993
1026.8598548156895,829.875
980.8982661379885,829.9393
965.5777365787549,829.9564
950.2572070195213,830.0028
1026.8598548156895,830.0322
980.8982661379885,830.0132
1057.5009139341566,830.0406
1026.8598548156895,830.04944
884.3789299148166,830.03564
904.29561834182,829.99194
904.29561834182,829.96234
904.29561834182,830.0462
833.8211823693456,830.1196
1118.7830321710912,830.0638
1226.0267390857266,830.0217
1042.180384374923,829.98456
1011.5393252564556,829.9697
846.0776060167324,829.9362
867.5263473996595,829.9667
1149.4240912895584,829.982
1042.180384374923,829.99316
1072.8214434933902,830.00653
1026.8598548156895,830.00214
1072.8214434933902,829.9731
1011.5393252564556,830.0252
1011.5393252564556,830.0428
1026.8598548156895,830.0848
934.9366774602877,830.1279
1072.8214434933902,830.15875
1042.180384374923,830.23694
1026.8598548156895,830.23346
783.2634348238745,830.1975
746.4941638817139,830.1064
980.8982661379885,830.0702
853.7378707963492,829.98956
899.6994594740502,829.95496
950.2572070195213,830.0325
1210.706209526493,830.071
752.6223757054072,830.0927
855.2699237522726,830.0543
996.218795697222,829.98126
839.949394193039,829.9048
752.6223757054072,829.85626
671.4235690414689,829.7945
743.430057969867,829.8088
3125.7724044306983,829.8636
2512.9512220613524,829.8116
1823.5273918958387,829.6988
1333.2704460003622,829.60016
847.6096589726558,829.5516
980.8982661379885,829.5352
1118.7830321710912,829.5058
965.5777365787549,829.45905
965.5777365787549,829.6029
1042.180384374923,829.7942
872.1225062674297,829.9355
804.7121762068016,829.9082
950.2572070195213,829.8738
876.7186651351998,829.8479
881.3148240029699,829.83527
1348.5909755595958,829.8228
1317.9499164411286,829.75024
1180.0651504080258,829.6788
1026.8598548156895,829.5838
902.7635653858969,829.5682
1271.9883277634278,829.60254
1011.5393252564556,829.65454
980.8982661379885,829.6226
950.2572070195213,829.77045
950.2572070195213,830.0922
996.218795697222,830.2733
859.8660826200427,830.15173
824.6288646338052,829.8807
885.9109828707398,829.75867
859.8660826200427,829.7192
904.29561834182,829.67706
934.9366774602877,829.6954
1088.141973052624,829.7611
1226.0267390857266,829.74146
1026.8598548156895,829.8302
1011.5393252564556,829.8298
996.218795697222,829.74207
892.0391946944336,829.67554
934.9366774602877,829.7948
934.9366774602877,829.9082
919.616147901054,829.91785
980.8982661379885,829.9099
934.9366774602877,829.8133
904.29561834182,829.77783
767.9429052646408,829.8141
672.9556219973924,829.9031
527.4105911846727,829.9251
633.1222451433847,829.8657
703.5966811158596,829.9165
709.7248929395531,829.8836
594.8209212453007,829.8426
435.487413829271,829.8092
596.3529742012241,829.81885
620.8658214959979,829.8366
617.8017155841511,829.8303
734.237740234327,829.8969
545.795226655753,829.9258
617.8017155841511,829.87445
628.5260862756147,829.8602
476.8528436392017,829.86176
619.3337685400746,829.918
617.8017155841511,829.87445
577.9683387301438,829.8524
617.8017155841511,829.9235
535.0708559642895,830.00433
551.9234384794465,829.9856
478.38489659512504,829.8973
512.0900616254391,829.92334
505.96184980174553,829.9007
505.96184980174553,829.886
522.8144323169025,829.9289
297.6026477961681,829.9793
686.7440986007025,829.9873
695.9364163362428,829.84283
950.2572070195213,829.80347
887.4430358266633,829.778
761.8146934409475,829.74677
875.1866121792763,829.6029
855.2699237522726,829.59125
699.0005222480894,829.6512
841.4814471489624,829.7742
859.8660826200427,829.86084
1394.5525642372966,829.8723
1379.232034678063,829.8422
1134.1035617303248,829.75507
1042.180384374923,829.7233
950.2572070195213,829.81616
950.2572070195213,829.8101
850.6737648845025,829.74884
934.9366774602877,829.75507
861.3981355759662,829.81995
856.8019767081961,829.8593
919.616147901054,829.8657
862.9301885318894,829.83984
777.1352230001811,829.833
826.1609175897288,829.88684
746.4941638817139,829.9382
734.237740234327,829.9151
723.5133695428633,829.85034
553.4554914353698,829.8113
1072.8214434933902,829.87854
965.5777365787549,829.8561
1195.3856799672594,829.7676
1088.141973052624,829.6969
980.8982661379885,829.8112
862.9301885318894,829.8248
1057.5009139341566,829.81055
870.5904533115062,829.81256
1011.5393252564556,829.80414
996.218795697222,829.8241
1011.5393252564556,829.8391
1026.8598548156895,829.8447
717.3851577191699,829.8436
1011.5393252564556,829.85516
1042.180384374923,829.87585
717.3851577191699,829.92975
1348.5909755595958,830.0388
1271.9883277634278,830.0845
1180.0651504080258,829.9706
1042.180384374923,829.7144
980.8982661379885,829.63104
901.2315124299733,829.663
1042.180384374923,829.6984
1057.5009139341566,829.7447
980.8982661379885,829.8186
1042.180384374923,829.87646
904.29561834182,829.9163
996.218795697222,829.9578
657.6350924381587,829.8899
679.0838338210857,829.7228
746.4941638817139,829.6304
767.9429052646408,829.6152
792.4557525594147,829.68256
645.3786687907716,829.7492
702.0646281599361,829.88214
1057.5009139341566,829.9829
895.1033006062803,830.0164
1241.3472686449602,829.8385
919.616147901054,829.8663
853.7378707963492,829.7564
709.7248929395531,829.6476
760.282640485024,829.5901
793.987805515338,829.6368
846.0776060167324,829.7175
884.3789299148166,829.7867
884.3789299148166,829.81995
869.058400355583,829.73584
790.9236996034913,829.69275
694.4043633803193,829.774
665.2953572177756,829.8357
813.9044939423417,829.90186
723.5133695428633,829.97986
754.1544286613307,829.9179
723.5133695428633,829.8423
709.7248929395531,829.8436
717.3851577191699,829.8999
674.4876749533156,829.9876
702.0646281599361,830.0412
740.3659520580203,829.97003
686.7440986007025,829.8797
657.6350924381587,829.89465
686.7440986007025,829.8665
1072.8214434933902,829.8275
1440.5141529149978,829.84796
1226.0267390857266,829.8961
844.5455530608091,829.99786
806.2442291627249,830.0532
919.616147901054,830.0111
777.1352230001811,829.83514
841.4814471489624,829.82947
807.7762821186484,829.8793
873.6545592233529,829.9727
694.4043633803193,829.9861
784.7954877797979,829.9237
950.2572070195213,829.8906
1593.7194485073342,829.89996
980.8982661379885,829.80786
980.8982661379885,829.6789
934.9366774602877,829.6445
1011.5393252564556,829.7885
859.8660826200427,829.85565
775.6031700442576,829.92444
839.949394193039,829.9699
919.616147901054,829.9748
980.8982661379885,829.94977
1057.5009139341566,829.90735
1057.5009139341566,829.89874
1455.8346824742314,829.8877
1409.8730937965306,829.88837
1394.5525642372966,829.92444
1363.9115051188294,829.9368
1363.9115051188294,829.91693
1348.5909755595958,829.88873
1348.5909755595958,829.8824
1394.5525642372966,829.8557
1103.4625026118576,829.8269
1164.7446208487922,829.82697
919.616147901054,829.8979
844.5455530608091,829.92993
1072.8214434933902,829.84174
1317.9499164411286,829.7848
1425.1936233557642,829.97266
1486.4757415926986,830.06476
1287.3088573226614,829.8704
1271.9883277634278,829.7967
1072.8214434933902,829.7914
1287.3088573226614,829.83466
1118.7830321710912,829.8426
1118.7830321710912,829.877
965.5777365787549,829.8882
1011.5393252564556,829.8719
934.9366774602877,829.8222
965.5777365787549,829.9044
996.218795697222,829.96045
1164.7446208487922,829.92236
1149.4240912895584,829.8889
1210.706209526493,829.8589
1195.3856799672594,829.8583
1226.0267390857266,829.7901
1180.0651504080258,829.76025
1164.7446208487922,829.82434
893.5712476503568,829.9356
1088.141973052624,829.88617
1057.5009139341566,829.7935
919.616147901054,829.7611
919.616147901054,829.7957
919.616147901054,829.843
965.5777365787549,829.8235
996.218795697222,829.816
1118.7830321710912,829.8703
965.5777365787549,829.8994
1088.141973052624,829.99255
1317.9499164411286,830.0112
1134.1035617303248,829.9782
1057.5009139341566,829.90405
904.29561834182,829.868
1026.8598548156895,829.8833
1287.3088573226614,829.9792
1256.6677982041938,830.1092
1241.3472686449602,830.1653
1241.3472686449602,830.1145
934.9366774602877,830.0831
965.5777365787549,830.05664
996.218795697222,829.9811
1118.7830321710912,829.76306
1057.5009139341566,829.7042
1026.8598548156895,829.7137
1026.8598548156895,829.8054
1026.8598548156895,829.9046
934.9366774602877,829.98706
1026.8598548156895,830.05493
1164.7446208487922,830.0322
885.9109828707398,829.9065
821.5647587219585,829.8286
692.8723104243961,829.88556
680.6158867770092,829.9307
648.4427747026185,829.88385
643.8466158348484,829.9494
1011.5393252564556,829.9368
744.9621109257904,830.0714
761.8146934409475,830.0559
749.5582697935606,830.0532
571.8401269064502,830.1075
495.23747911028204,830.2306
570.308073950527,830.16974
798.5839643831081,829.98254
826.1609175897288,829.9925
737.3018461461735,830.0178
617.8017155841511,830.0476
530.4746970965193,829.98975
1149.4240912895584,829.9372
980.8982661379885,829.9589
1088.141973052624,829.9132
1210.706209526493,829.85846
965.5777365787549,829.9018
950.2572070195213,829.9513
934.9366774602877,830.04016
919.616147901054,830.0865
1011.5393252564556,830.0867
996.218795697222,830.0683
996.218795697222,829.9162
743.430057969867,829.87274
1088.141973052624,829.7863
709.7248929395531,829.76025
787.8595936916447,829.78046
896.6353535622035,829.8386
858.3340296641193,829.9184
904.29561834182,829.9816
876.7186651351998,829.968
833.8211823693456,829.9925
902.7635653858969,830.03284
980.8982661379885,830.10956
934.9366774602877,830.08936
858.3340296641193,830.05725
666.8274101736988,830.02124
830.7570764574988,829.9906
919.616147901054,829.8583
861.3981355759662,829.9033
1271.9883277634278,829.9494
1287.3088573226614,829.9149
1241.3472686449602,829.826
1088.141973052624,829.78577
1164.7446208487922,829.77045
1042.180384374923,829.7485
1103.4625026118576,829.7599
1057.5009139341566,829.7865
1026.8598548156895,829.8166
878.250718091123,829.8359
934.9366774602877,829.8313
980.8982661379885,829.8102
1026.8598548156895,829.788
1072.8214434933902,829.7823
1118.7830321710912,829.79315
934.9366774602877,829.8045
996.218795697222,829.8248
751.0903227494838,829.83984
686.7440986007025,829.845
797.0519114271848,829.8372
812.3724409864185,829.835
965.5777365787549,829.824
996.218795697222,829.8313
1011.5393252564556,829.854
795.5198584712615,829.85834
950.2572070195213,829.86725
827.6929705456521,829.8837
835.3532353252689,829.90497
1394.5525642372966,829.91907
1379.232034678063,829.87854
1379.232034678063,829.80505
1425.1936233557642,829.7545
1532.4373302703998,829.79315
1440.5141529149978,829.7736
1563.078389388867,829.7492
1762.2452736589044,829.7912
2267.8227491136145,829.7957
2773.4002245683246,829.8007
1854.1684510143061,829.7973
1670.3220963035026,829.69763
1670.3220963035026,829.5978
1517.1168007111662,829.60004
1930.7710988104743,829.67755
1624.3605076258013,829.79553
1716.2836849812034,829.87933
1501.7962711519322,829.868
1547.7578598296334,829.7797
1379.232034678063,829.71063
1563.078389388867,829.68066
1532.4373302703998,829.7644
1501.7962711519322,829.8472
1394.5525642372966,829.88574
1440.5141529149978,829.93585
1379.232034678063,829.9447
1455.8346824742314,829.874
1624.3605076258013,829.8332
