actual_runoff,predicted_runoff
659.8471887663139,428.2228
645.5574833979562,428.23145
659.8471887663139,428.14505
702.7163048713873,428.14514
645.5574833979562,428.13467
638.4126307137773,428.13467
602.6883672928827,428.13467
609.8332199770616,428.13467
566.9641038719884,428.13467
595.543514608704,428.13467
595.543514608704,428.13467
545.5295458194516,428.13467
566.9641038719884,428.13467
545.5295458194516,428.13467
509.8052823985573,428.13467
609.8332199770616,428.14636
588.3986619245251,428.1876
482.65484219867756,428.208
538.3846931352728,428.1953
531.239840451094,428.14594
559.8192511878095,428.14505
396.2021247201129,428.14816
552.6743985036305,428.14725
595.543514608704,428.13467
581.2538092403462,428.13467
509.8052823985573,428.13467
595.543514608704,428.13467
652.702336082135,428.13467
545.5295458194516,428.13467
659.8471887663139,428.13467
652.702336082135,428.13467
581.2538092403462,428.144
559.8192511878095,428.17438
538.3846931352728,428.1836
499.08800337228894,428.17136
688.4265995030295,428.13467
666.9920414504927,428.13467
616.9780726612405,428.13467
638.4126307137773,428.13467
516.9501350827362,428.1619
566.9641038719884,428.171
461.9347694145587,428.17136
445.5016082409473,428.13467
494.08660649336366,428.13467
552.6743985036305,428.13467
609.8332199770616,428.13467
674.1368941346718,428.13467
509.8052823985573,428.13467
602.6883672928827,428.13467
581.2538092403462,428.13467
531.239840451094,428.13467
501.9459444459605,428.13467
531.239840451094,428.13467
559.8192511878095,428.18524
538.3846931352728,428.2021
531.239840451094,428.20276
524.0949877669151,428.13467
559.8192511878095,428.13467
538.3846931352728,428.13467
574.1089565561673,428.13467
559.8192511878095,428.13467
493.37212122494583,428.13467
502.6604297143783,428.13467
502.6604297143783,428.13467
502.6604297143783,428.13467
469.7941073671555,428.13467
602.6883672928827,428.13467
652.702336082135,428.13467
566.9641038719884,428.23795
552.6743985036305,428.27246
475.5099895144986,428.27377
485.512783272349,428.13467
616.9780726612405,428.13467
566.9641038719884,428.13467
581.2538092403462,428.13467
559.8192511878095,428.13467
581.2538092403462,428.13467
552.6743985036305,428.13467
552.6743985036305,428.13467
559.8192511878095,428.13467
516.9501350827362,428.13467
581.2538092403462,428.13467
566.9641038719884,428.13467
559.8192511878095,428.13467
446.2160935093652,428.13467
429.0684470673359,428.13467
538.3846931352728,428.20074
479.08241585658806,428.2228
500.5169739091247,428.22366
524.0949877669151,428.13467
645.5574833979562,428.13467
431.92638814100735,428.19067
479.79690112500595,428.20935
545.5295458194516,428.24274
472.65204844082706,428.1876
431.92638814100735,428.19348
394.05866891485925,428.15036
427.6394765305,428.15417
1538.6640689203173,428.18372
1252.8699615531614,428.2218
931.3515907651116,429.28726
702.7163048713873,429.70868
476.2244747829165,429.62225
538.3846931352728,428.2602
602.6883672928827,428.13467
531.239840451094,428.13467
531.239840451094,428.13467
566.9641038719884,428.13467
487.6562390776028,428.13467
456.21888726721556,428.14636
524.0949877669151,428.1502
489.79969488285644,428.1504
491.9431506881101,428.2147
709.8611575555663,428.31522
695.5714521872084,428.34088
631.2677780295984,428.23413
559.8192511878095,428.13467
501.9459444459605,428.13467
674.1368941346718,428.13467
552.6743985036305,428.13467
538.3846931352728,428.13467
524.0949877669151,428.13467
524.0949877669151,428.13467
545.5295458194516,428.13467
481.9403569302596,428.13467
465.5071957566481,428.13467
494.08660649336366,428.13467
481.9403569302596,428.13467
502.6604297143783,428.13467
516.9501350827362,428.13467
588.3986619245251,428.13467
652.702336082135,428.13467
559.8192511878095,428.13467
552.6743985036305,428.13467
545.5295458194516,428.13467
496.9445475670354,428.13467
516.9501350827362,428.13467
516.9501350827362,428.13467
509.8052823985573,428.13467
538.3846931352728,428.13467
516.9501350827362,428.13467
502.6604297143783,428.13467
439.07124082518624,428.13467
394.77315418327726,428.13467
326.8970536835777,428.13467
376.19653720441204,428.13467
409.062859551635,428.13467
411.9208006253065,428.13467
358.3344054939648,428.13467
284.02793757850446,428.13467
359.0488907623827,428.13467
370.48065505706893,428.13467
369.05168452023315,428.13467
423.3525649199928,428.13467
335.4708769045924,428.13467
369.05168452023315,428.1899
374.0530813991584,428.2083
303.3190398257874,428.209
369.7661697886511,428.13467
369.05168452023315,428.13467
350.4750675413681,428.13467
369.05168452023315,428.13467
330.46948002566717,428.13467
338.32881797826394,428.13467
304.0335250942053,428.13467
319.7522009993989,428.13467
316.8942599257272,428.13467
316.8942599257272,428.13467
324.753597878324,428.13467
219.7242634208944,428.13467
401.20352159903814,428.13467
405.49043320954553,428.13467
524.0949877669151,428.13467
494.8010917617816,428.13467
436.21329975151474,428.13467
489.08520961443844,428.13467
479.79690112500595,428.13467
406.91940374638125,428.13467
473.36653370924495,428.13467
481.9403569302596,428.13467
731.2957156081027,428.2511
724.1508629239239,428.50732
609.8332199770616,428.56183
566.9641038719884,428.4079
524.0949877669151,428.13467
524.0949877669151,428.13467
477.6534453197523,428.13467
516.9501350827362,428.13467
482.65484219867756,428.13467
480.5113863934239,428.13467
509.8052823985573,428.13467
483.3693274670954,428.13467
443.3581524356936,428.13467
466.22168102506606,428.13467
429.0684470673359,428.16968
423.3525649199928,428.18137
418.3511680410675,428.18182
339.04330324668183,428.13467
581.2538092403462,428.25806
531.239840451094,428.32648
638.4126307137773,428.33716
588.3986619245251,428.17136
538.3846931352728,428.13467
483.3693274670954,428.13467
574.1089565561673,428.13467
486.9417538091848,428.13467
552.6743985036305,428.13467
545.5295458194516,428.13467
552.6743985036305,428.13467
559.8192511878095,428.13467
415.49322696739597,428.13467
552.6743985036305,428.13467
566.9641038719884,428.13467
415.49322696739597,428.13467
709.8611575555663,428.14008
674.1368941346718,428.3062
631.2677780295984,428.38995
566.9641038719884,428.39438
538.3846931352728,428.17343
501.23145917754255,428.13467
566.9641038719884,428.13467
574.1089565561673,428.13467
538.3846931352728,428.13467
566.9641038719884,428.13467
502.6604297143783,428.13467
545.5295458194516,428.13467
387.6283014990983,428.13467
397.6310952569487,428.13467
429.0684470673359,428.13467
439.07124082518624,428.13467
450.5030051198725,428.13467
381.9124193517551,428.13467
408.348374283217,428.13467
574.1089565561673,428.13467
498.37351810387116,428.13467
659.8471887663139,428.30283
509.8052823985573,428.53754
479.08241585658806,428.59964
411.9208006253065,428.37573
435.4988144830968,428.13467
451.2174903882904,428.13467
475.5099895144986,428.13467
493.37212122494583,428.13467
493.37212122494583,428.13467
486.227268540767,428.13467
449.7885198514546,428.13467
404.7759479411276,428.13467
391.2007278411878,428.13467
460.5057988777229,428.13467
418.3511680410675,428.13467
432.6408734094253,428.13467
418.3511680410675,428.13467
411.9208006253065,428.13467
415.49322696739597,428.13467
395.48763945169503,428.13467
408.348374283217,428.13467
426.21050599366424,428.13467
401.20352159903814,428.13467
387.6283014990983,428.13623
401.20352159903814,428.164
581.2538092403462,428.1731
752.7302736606395,428.22656
652.702336082135,428.50647
474.7955042460807,428.56793
456.93337253563345,428.4815
509.8052823985573,428.14618
443.3581524356936,428.13467
473.36653370924495,428.13467
457.64785780405145,428.13467
488.37072434602055,428.13467
404.7759479411276,428.13467
446.93057877778307,428.13467
524.0949877669151,428.13544
824.1788005024284,428.20877
538.3846931352728,428.2837
538.3846931352728,428.30045
516.9501350827362,428.20276
552.6743985036305,428.13467
481.9403569302596,428.13467
442.6436671672757,428.13467
472.65204844082706,428.13467
509.8052823985573,428.23563
538.3846931352728,428.26935
574.1089565561673,428.27066
574.1089565561673,428.13467
759.8751263448185,428.13467
738.4405682922817,428.13467
731.2957156081027,428.13467
717.0060102397449,428.13467
717.0060102397449,428.13467
709.8611575555663,428.13467
709.8611575555663,428.13467
731.2957156081027,428.13467
595.543514608704,428.13467
624.1229253454195,428.13467
509.8052823985573,428.13467
474.7955042460807,428.13467
581.2538092403462,428.13467
695.5714521872084,428.1502
745.5854209764607,428.19513
774.1648317131762,428.27155
681.2817468188507,428.30008
674.1368941346718,428.25684
581.2538092403462,428.17236
681.2817468188507,428.13467
602.6883672928827,428.13467
602.6883672928827,428.13467
531.239840451094,428.13467
552.6743985036305,428.13467
516.9501350827362,428.13467
531.239840451094,428.13467
545.5295458194516,428.13934
624.1229253454195,428.1409
616.9780726612405,428.14093
645.5574833979562,428.13467
638.4126307137773,428.13467
652.702336082135,428.144
631.2677780295984,428.1471
624.1229253454195,428.14725
497.65903283545316,428.13467
588.3986619245251,428.13467
574.1089565561673,428.13467
509.8052823985573,428.13467
509.8052823985573,428.13467
509.8052823985573,428.13467
531.239840451094,428.13467
545.5295458194516,428.13467
602.6883672928827,428.22092
531.239840451094,428.24973
588.3986619245251,428.25082
695.5714521872084,428.17123
609.8332199770616,428.25107
574.1089565561673,428.2741
502.6604297143783,428.22577
559.8192511878095,428.13467
681.2817468188507,428.13467
666.9920414504927,428.13467
659.8471887663139,428.13467
659.8471887663139,428.19067
516.9501350827362,428.21634
531.239840451094,428.21942
545.5295458194516,428.14407
602.6883672928827,428.13467
574.1089565561673,428.13467
559.8192511878095,428.13467
559.8192511878095,428.13467
559.8192511878095,428.13467
516.9501350827362,428.13467
559.8192511878095,428.13467
624.1229253454195,428.13467
494.08660649336366,428.13467
464.07822521981234,428.13467
404.06146267270975,428.13467
398.34558052536664,428.13467
383.341389888591,428.13467
381.1979340833373,428.13467
552.6743985036305,428.13467
428.3539617989179,428.13467
436.21329975151474,428.13467
430.49741760417163,428.13467
347.6171264676965,428.13467
311.89286304680206,428.13467
346.90264119927866,428.13467
453.360946193544,428.13467
466.22168102506606,428.13467
424.78153545682846,428.13467
369.05168452023315,428.13467
328.32602422041344,428.13467
616.9780726612405,428.13467
538.3846931352728,428.13467
588.3986619245251,428.13467
645.5574833979562,428.13467
531.239840451094,428.13467
524.0949877669151,428.13467
516.9501350827362,428.13467
509.8052823985573,428.13467
552.6743985036305,428.14636
545.5295458194516,428.1502
545.5295458194516,428.1504
427.6394765305,428.13467
588.3986619245251,428.13467
411.9208006253065,428.13467
448.3595493146189,428.13467
499.08800337228894,428.13467
481.2258716618417,428.13467
502.6604297143783,428.13467
489.79969488285644,428.13467
469.7941073671555,428.13467
501.9459444459605,428.13467
538.3846931352728,428.13467
516.9501350827362,428.13467
481.2258716618417,428.13467
391.9152131096056,428.13467
468.3651368303197,428.13467
509.8052823985573,428.13467
482.65484219867756,428.13467
674.1368941346718,428.13467
681.2817468188507,428.13467
659.8471887663139,428.13467
588.3986619245251,428.13467
624.1229253454195,428.13467
566.9641038719884,428.13467
595.543514608704,428.13467
574.1089565561673,428.13467
559.8192511878095,428.13467
490.5141801512742,428.13467
516.9501350827362,428.13467
538.3846931352728,428.13467
559.8192511878095,428.13467
581.2538092403462,428.13467
602.6883672928827,428.15414
516.9501350827362,428.1606
545.5295458194516,428.16086
431.21190287258946,428.13467
401.20352159903814,428.13467
452.6464609251261,428.13467
459.7913136093051,428.13467
531.239840451094,428.13467
545.5295458194516,428.14636
552.6743985036305,428.1502
451.93197565670835,428.1504
524.0949877669151,428.13467
466.93616629348395,428.13467
470.5085926355734,428.19302
731.2957156081027,428.21246
724.1508629239239,428.2132
724.1508629239239,428.13467
745.5854209764607,428.13467
795.599389765713,428.13467
752.7302736606395,428.13467
809.8890951340707,428.13467
902.7721800283962,428.13467
1138.5523186062997,428.25363
1374.3324571842027,429.8585
945.6412961334694,430.7486
859.903063923323,430.6214
859.903063923323,428.49042
788.4545370815339,428.13467
981.3655595543638,428.13467
838.4685058707862,428.13467
881.3376219758594,428.19614
781.3096843973549,428.34918
802.7442424498917,428.40347
724.1508629239239,428.3256
809.8890951340707,428.39868
795.599389765713,428.43286
781.3096843973549,428.4393
731.2957156081027,428.14542
752.7302736606395,428.1408
724.1508629239239,428.14084
759.8751263448185,428.14847
838.4685058707862,428.26288
309.03492197313057,428.4049
309.03492197313057,443.8492
318.3232304625631,456.63177
373.33859613074054,464.94125
373.33859613074054,464.9732
383.341389888591,465.01132
354.76197915187544,465.14902
354.76197915187544,465.20703
346.1881559308607,465.2661
346.1881559308607,464.94125
346.1881559308607,464.94125
346.1881559308607,464.94125
346.1881559308607,464.94125
364.05028764130793,464.94125
383.341389888591,464.94125
383.341389888591,464.94125
393.34418364644137,464.94125
373.33859613074054,464.94125
373.33859613074054,464.94125
373.33859613074054,464.94565
354.76197915187544,464.95093
354.76197915187544,464.9532
354.76197915187544,464.94125
354.76197915187544,464.94125
354.76197915187544,464.94125
336.89984744142816,464.94125
336.89984744142816,464.94125
336.89984744142816,464.94125
354.76197915187544,464.94125
396.2021247201129,464.94125
388.3427867675162,464.94125
371.90962559390476,464.98312
364.05028764130793,465.0363
356.905434957129,465.06186
356.905434957129,464.9502
356.905434957129,464.94125
349.0460970045323,464.94125
334.04190636775667,464.94675
326.8970536835777,464.9533
319.7522009993989,464.95618
319.7522009993989,464.94125
311.89286304680206,464.94397
319.7522009993989,464.94727
319.7522009993989,464.9487
304.7480103626232,464.94125
304.7480103626232,464.94125
289.7438197258476,464.94125
289.7438197258476,464.94125
289.7438197258476,464.94125
304.7480103626232,464.94125
289.7438197258476,464.94125
282.5989670416687,464.94125
276.16859962590763,464.94125
282.5989670416687,464.94125
282.5989670416687,464.94125
269.02374694172875,464.94125
261.8788942575498,464.94125
688.4265995030295,464.94125
688.4265995030295,464.94125
674.1368941346718,464.98422
631.2677780295984,465.03763
631.2677780295984,465.06244
638.4126307137773,464.95712
616.9780726612405,465.01364
595.543514608704,465.07907
588.3986619245251,465.07846
588.3986619245251,464.94125
574.1089565561673,464.94125
574.1089565561673,464.94125
574.1089565561673,464.94125
566.9641038719884,464.94952
552.6743985036305,464.95935
538.3846931352728,464.96365
538.3846931352728,464.94125
574.1089565561673,464.94125
538.3846931352728,464.94675
524.0949877669151,464.9533
516.9501350827362,464.95618
516.9501350827362,464.94125
502.6604297143783,464.94125
496.2300622986174,464.94125
487.6562390776028,464.94125
479.08241585658806,464.94125
479.08241585658806,464.94125
479.08241585658806,464.94125
411.9208006253065,464.94125
404.06146267270975,464.94125
396.2021247201129,464.94125
379.7689635465014,464.94125
371.90962559390476,464.94125
364.05028764130793,464.94125
364.05028764130793,464.94125
364.05028764130793,464.94125
349.0460970045323,464.94125
349.0460970045323,464.94125
334.04190636775667,464.94125
326.8970536835777,464.94125
326.8970536835777,464.94125
326.8970536835777,464.94125
326.8970536835777,464.94125
319.7522009993989,464.94125
304.7480103626232,464.94125
289.7438197258476,464.94125
289.7438197258476,464.94125
289.7438197258476,464.94125
276.16859962590763,464.94125
276.16859962590763,464.94125
282.5989670416687,464.94125
289.7438197258476,464.94125
289.7438197258476,464.94125
304.7480103626232,464.94125
289.7438197258476,464.96878
289.7438197258476,465.00165
321.89565680465256,465.01587
330.46948002566717,464.94125
321.89565680465256,464.94125
313.32183358363784,464.94125
304.0335250942053,464.94125
286.8858786521759,464.94507
278.3120554311613,464.9497
278.3120554311613,464.9522
278.3120554311613,464.9424
286.8858786521759,464.94272
286.8858786521759,464.94125
278.3120554311613,464.94125
278.3120554311613,464.94342
260.449923720714,464.95215
251.87610049969948,464.9605
251.87610049969948,464.95767
243.30227727868476,464.94125
243.30227727868476,464.94125
235.44293932608798,464.94125
243.30227727868476,464.94125
278.3120554311613,464.95667
278.3120554311613,465.00867
243.30227727868476,465.05777
235.44293932608798,465.0347
227.58360137349115,464.94424
219.7242634208944,464.94125
211.86492546829766,464.94125
211.86492546829766,464.94125
211.86492546829766,464.94125
446.93057877778307,464.94125
446.93057877778307,464.94125
451.93197565670835,464.94235
436.21329975151474,464.94363
446.93057877778307,464.9448
446.93057877778307,464.9424
446.93057877778307,464.94327
436.21329975151474,464.9535
436.21329975151474,464.96857
416.20771223581386,464.97476
420.49462384632113,464.9457
411.20631535688864,464.94125
406.2049184779634,464.94125
406.2049184779634,464.94125
396.9166099885309,464.94125
387.6283014990983,464.94125
406.2049184779634,464.94125
406.2049184779634,464.94125
401.9180068674561,464.94125
396.9166099885309,464.94125
401.9180068674561,464.94125
406.2049184779634,464.94125
396.9166099885309,464.94125
387.6283014990983,464.94125
436.21329975151474,464.94125
431.21190287258946,464.94125
406.2049184779634,464.94125
406.2049184779634,464.94125
3005.0,464.94125
3005.0,464.94125
3005.0,464.94125
3005.0,464.94125
3005.0,464.9418
3005.0,464.9424
3005.0,464.94272
3005.0,464.94125
3005.0,464.94125
3005.0,464.94125
3005.0,464.94125
688.4265995030295,465.04526
624.1229253454195,465.2624
588.3986619245251,465.42682
595.543514608704,465.19672
631.2677780295984,464.94125
595.543514608704,465.05786
566.9641038719884,465.1963
552.6743985036305,465.25513
552.6743985036305,464.94485
538.3846931352728,464.9457
538.3846931352728,464.94125
531.239840451094,464.94125
509.8052823985573,464.94125
487.6562390776028,464.94125
464.07822521981234,464.94125
457.64785780405145,464.94125
453.360946193544,464.94125
645.5574833979562,464.94125
666.9920414504927,464.94125
688.4265995030295,464.94125
674.1368941346718,464.94125
674.1368941346718,464.98148
674.1368941346718,465.0294
666.9920414504927,465.05017
659.8471887663139,464.94125
659.8471887663139,464.94125
659.8471887663139,464.94125
666.9920414504927,464.94125
645.5574833979562,464.94125
645.5574833979562,464.94125
645.5574833979562,464.94125
645.5574833979562,464.94125
645.5574833979562,464.98093
645.5574833979562,465.0315
659.8471887663139,465.0614
659.8471887663139,464.9634
638.4126307137773,464.95862
624.1229253454195,464.94424
602.6883672928827,464.94125
595.543514608704,464.94125
595.543514608704,464.94125
581.2538092403462,464.94125
574.1089565561673,464.94125
574.1089565561673,464.94507
574.1089565561673,464.96185
478.36793058817017,464.97827
478.36793058817017,464.9741
489.08520961443844,464.94125
478.36793058817017,464.94952
467.6506515619018,464.96213
489.08520961443844,464.97244
499.80248864070677,464.95474
509.8052823985573,464.9487
499.80248864070677,464.9429
489.08520961443844,464.94595
489.08520961443844,464.9487
478.36793058817017,464.9454
478.36793058817017,464.94272
456.93337253563345,464.94125
467.6506515619018,464.94125
456.93337253563345,464.96878
456.93337253563345,465.00165
446.93057877778307,465.01587
446.93057877778307,464.94125
425.49602072524647,464.94125
425.49602072524647,464.94125
436.21329975151474,464.94125
456.93337253563345,464.94125
456.93337253563345,464.94952
478.36793058817017,464.96378
467.6506515619018,464.99094
436.21329975151474,464.99185
425.49602072524647,464.989
436.21329975151474,464.94125
302.6045545573695,464.94125
302.6045545573695,464.94125
288.3148491890118,464.94125
281.16999650483285,464.94125
273.3106585522361,464.94125
273.3106585522361,464.94125
266.1658058680572,464.94125
236.8719098629237,464.94675
229.72705717874481,464.9533
223.29668976298385,464.95618
223.29668976298385,464.94125
216.86632234722285,464.94125
203.291102247283,464.94125
196.86073483152202,464.94125
196.86073483152202,464.94125
190.43036741576097,464.94125
183.99999999999997,464.94125
183.99999999999997,464.94125
190.43036741576097,464.94125
236.8719098629237,464.94125
236.8719098629237,465.06277
216.86632234722285,465.2462
210.43595493146188,465.35233
203.291102247283,465.04865
196.86073483152202,464.94125
203.291102247283,464.94125
196.86073483152202,464.94125
203.291102247283,464.94125
443.3581524356936,464.94125
431.92638814100735,464.94125
420.49462384632113,464.94125
396.9166099885309,464.94125
443.3581524356936,464.94125
420.49462384632113,464.94125
408.348374283217,464.94125
396.9166099885309,464.94125
385.48484569384453,464.94125
385.48484569384453,464.94125
374.0530813991584,464.94125
374.0530813991584,464.94125
351.1895528097859,464.99136
341.18675905193555,465.0511
330.46948002566717,465.08136
320.4666862678168,465.17468
309.7494072415484,465.46558
309.7494072415484,465.56152
320.4666862678168,464.9487
320.4666862678168,464.94125
309.7494072415484,464.98584
309.7494072415484,465.07303
309.7494072415484,465.13837
320.4666862678168,465.03738
320.4666862678168,464.9457
309.7494072415484,464.96936
341.18675905193555,465.02213
351.1895528097859,465.05957
443.3581524356936,464.9935
431.92638814100735,464.94125
420.49462384632113,464.94125
396.9166099885309,464.94125
443.3581524356936,464.94125
420.49462384632113,464.94125
408.348374283217,464.94125
396.9166099885309,464.94125
385.48484569384453,464.94125
385.48484569384453,464.94125
374.0530813991584,464.94125
374.0530813991584,464.94125
351.1895528097859,464.94125
341.18675905193555,464.94125
330.46948002566717,464.94125
320.4666862678168,464.94125
309.7494072415484,464.94125
309.7494072415484,464.94125
320.4666862678168,464.94125
320.4666862678168,464.94125
309.7494072415484,464.94125
309.7494072415484,464.94125
309.7494072415484,464.94125
320.4666862678168,464.94125
320.4666862678168,464.94125
309.7494072415484,464.94125
341.18675905193555,464.94125
431.92638814100735,464.95007
631.2677780295984,465.06613
645.5574833979562,465.21515
616.9780726612405,465.2674
602.6883672928827,464.9935
574.1089565561673,464.94125
602.6883672928827,464.94125
588.3986619245251,464.94125
688.4265995030295,464.94125
702.7163048713873,465.05295
645.5574833979562,465.20078
545.5295458194516,465.27448
574.1089565561673,464.98306
545.5295458194516,464.94125
516.9501350827362,464.94125
545.5295458194516,464.95117
531.239840451094,464.96298
516.9501350827362,464.9681
516.9501350827362,464.94125
488.37072434602055,464.94125
474.08101897766284,464.94125
459.7913136093051,464.94125
459.7913136093051,464.94125
459.7913136093051,464.94125
445.5016082409473,464.94125
445.5016082409473,464.94125
431.21190287258946,464.94125
431.21190287258946,464.94125
431.21190287258946,464.95505
459.7913136093051,464.97147
388.3427867675162,464.97858
374.0530813991584,464.97815
359.7633760308006,465.06604
349.0460970045323,465.13754
349.0460970045323,465.06058
349.0460970045323,464.94125
338.32881797826394,464.94125
327.6115389519956,464.94125
316.8942599257272,464.94125
402.632492135874,464.94125
459.7913136093051,464.94125
374.0530813991584,464.94125
349.0460970045323,464.94125
374.0530813991584,464.94125
416.92219750423175,464.94125
416.92219750423175,464.94125
388.3427867675162,464.94125
388.3427867675162,464.94125
338.32881797826394,464.95062
327.6115389519956,464.9618
316.8942599257272,464.9683
306.17698089945895,464.94485
284.74242284692224,464.9457
274.02514382065397,464.94125
263.30786479438564,464.94125
274.02514382065397,464.94125
295.4597018731906,464.95227
295.4597018731906,464.97147
443.3581524356936,464.9844
420.49462384632113,464.95767
408.348374283217,464.94125
396.9166099885309,464.94125
385.48484569384453,464.94125
385.48484569384453,464.94125
362.62131710447227,464.94125
351.1895528097859,464.94125
408.348374283217,464.94125
595.543514608704,464.96164
581.2538092403462,465.13507
516.9501350827362,465.3226
466.22168102506606,465.33752
396.9166099885309,464.94125
374.0530813991584,464.94125
374.0530813991584,464.94125
362.62131710447227,464.94125
351.1895528097859,464.94125
341.18675905193555,464.94125
330.46948002566717,464.94125
320.4666862678168,464.94125
320.4666862678168,464.94125
396.9166099885309,464.94125
351.1895528097859,465.06714
351.1895528097859,465.21658
330.46948002566717,465.2773
309.7494072415484,464.94125
299.7466134836979,464.94125
374.0530813991584,464.94125
374.0530813991584,464.94125
374.0530813991584,464.94125
359.7633760308006,464.94125
349.0460970045323,464.94125
359.7633760308006,464.94125
359.7633760308006,464.94125
349.0460970045323,464.94125
338.32881797826394,464.94125
359.7633760308006,464.94125
359.7633760308006,464.94125
359.7633760308006,464.94125
359.7633760308006,464.94125
349.0460970045323,464.94125
349.0460970045323,464.94125
388.3427867675162,464.94125
445.5016082409473,464.94125
388.3427867675162,464.98422
374.0530813991584,465.0354
349.0460970045323,465.05762
338.32881797826394,464.94125
316.8942599257272,464.94125
349.0460970045323,464.94125
474.08101897766284,464.94125
474.08101897766284,465.11032
374.0530813991584,465.31058
327.6115389519956,465.38684
338.32881797826394,464.94125
455.5044019987978,464.94125
439.07124082518624,464.94125
439.07124082518624,464.94125
423.3525649199928,464.94125
407.6338890147992,464.94125
396.9166099885309,464.94125
381.9124193517551,464.94125
371.1951403254868,464.94125
371.1951403254868,464.94125
566.9641038719884,464.94125
852.7582112391439,464.94125
1174.2765820271939,465.21506
845.6133585549649,465.96912
695.5714521872084,466.61896
616.9780726612405,466.03574
595.543514608704,464.9487
559.8192511878095,464.94125
524.0949877669151,464.94125
494.08660649336366,464.94125
499.80248864070677,464.94125
489.08520961443844,464.94125
466.93616629348395,464.94125
444.7871229725294,464.94125
439.07124082518624,464.94125
423.3525649199928,464.94125
559.8192511878095,464.94125
559.8192511878095,464.95227
852.7582112391439,465.01825
652.702336082135,465.29456
428.3539617989179,465.5501
418.3511680410675,465.49637
412.6352858937244,464.94125
407.6338890147992,464.94125
423.3525649199928,464.94125
407.6338890147992,464.94125
396.9166099885309,464.94125
386.9138162306804,464.94125
381.9124193517551,464.94125
371.1951403254868,464.94125
366.19374344656165,464.94125
355.4764644202933,464.94125
345.4736706624429,464.94125
335.4708769045924,464.94125
335.4708769045924,464.94125
335.4708769045924,464.94125
315.4652893888915,464.94125
306.17698089945895,464.94125
287.6003639205939,464.94125
278.3120554311613,464.94125
278.3120554311613,464.94125
282.5989670416687,464.9556
282.5989670416687,464.9727
306.17698089945895,464.9801
296.8886724100264,464.94125
301.17558402053373,464.94125
310.4638925099663,464.94125
306.17698089945895,464.9484
566.9641038719884,464.95697
559.8192511878095,464.96066
581.2538092403462,464.94125
588.3986619245251,464.94125
574.1089565561673,464.9484
552.6743985036305,464.95697
545.5295458194516,464.96066
545.5295458194516,464.94125
538.3846931352728,464.94125
524.0949877669151,464.94125
516.9501350827362,464.94125
516.9501350827362,464.94125
516.9501350827362,464.94125
516.9501350827362,464.94125
509.8052823985573,464.94125
494.08660649336366,464.94125
484.08381273551333,464.94125
474.08101897766284,464.94125
479.08241585658806,464.94125
516.9501350827362,464.94125
489.08520961443844,464.94125
474.08101897766284,464.94125
464.07822521981234,464.94125
449.7885198514546,464.94125
509.8052823985573,464.94125
545.5295458194516,464.94342
484.08381273551333,465.0484
509.8052823985573,465.1782
524.0949877669151,465.2326
516.9501350827362,464.96066
516.9501350827362,464.94125
509.8052823985573,464.94125
566.9641038719884,464.95834
494.08660649336366,464.9787
483.3693274670954,464.98752
477.6534453197523,464.94125
472.65204844082706,464.94125
472.65204844082706,464.94125
461.22028414614084,464.94125
461.22028414614084,464.94125
450.5030051198725,464.94125
444.7871229725294,464.94125
439.07124082518624,464.94125
428.3539617989179,464.94125
434.0698439462611,464.94125
428.3539617989179,464.94125
418.3511680410675,464.94125
407.6338890147992,464.94125
412.6352858937244,464.94125
407.6338890147992,464.94125
396.9166099885309,464.94125
418.3511680410675,464.94125
412.6352858937244,464.94125
407.6338890147992,464.94125
402.632492135874,464.94125
396.9166099885309,464.94125
450.5030051198725,464.94125
470.5085926355734,464.94125
465.5071957566481,464.94125
450.5030051198725,465.02332
440.50021136202207,465.1208
465.5071957566481,465.16315
481.2258716618417,464.94125
496.2300622986174,465.07483
475.5099895144986,465.23328
455.5044019987978,465.29697
440.50021136202207,464.94125
450.5030051198725,464.94125
496.2300622986174,464.94125
475.5099895144986,464.94125
445.5016082409473,464.94125
430.49741760417163,464.94125
421.209109114739,464.94125
411.9208006253065,464.94125
397.6310952569487,464.94125
392.6296983780235,464.96658
383.341389888591,464.99683
374.0530813991584,465.0099
374.0530813991584,464.94125
354.76197915187544,464.94125
345.4736706624429,464.94125
345.4736706624429,464.94125
336.1853621730103,464.94125
336.1853621730103,464.94125
345.4736706624429,464.94125
497.65903283545316,464.94125
484.08381273551333,464.94125
470.5085926355734,464.94125
440.50021136202207,464.94125
430.49741760417163,464.94125
427.6394765305,464.94125
414.7787416989781,464.94125
414.7787416989781,464.94125
411.9208006253065,464.94125
417.63668277264964,464.94125
427.6394765305,464.94125
450.5030051198725,464.94125
434.0698439462611,464.94125
421.209109114739,464.94125
411.9208006253065,464.94125
411.9208006253065,464.94125
405.49043320954553,464.94125
396.2021247201129,464.9721
383.341389888591,465.00888
383.341389888591,465.0248
374.0530813991584,464.94125
408.348374283217,464.94125
401.9180068674561,464.94125
392.6296983780235,464.94125
399.0600657937845,464.94125
421.209109114739,464.94125
421.209109114739,464.94235
411.9208006253065,465.02734
431.21190287258946,465.12738
408.348374283217,465.1676
470.5085926355734,464.94125
367.1940228223467,464.94125
405.49043320954553,464.94125
404.06146267270975,464.94125
574.1089565561673,464.94125
581.2538092403462,464.94125
524.0949877669151,464.9429
509.8052823985573,464.9785
497.65903283545316,465.02048
531.239840451094,465.0347
3005.0,464.94424
3005.0,465.13953
3005.0,465.385
3005.0,465.4695
3005.0,464.94125
3005.0,464.94125
3005.0,464.94125
3005.0,464.94125
3005.0,464.94125
3005.0,464.94125
3005.0,464.94125
3005.0,464.94125
3005.0,464.94125
3005.0,464.94125
3005.0,465.02933
3005.0,465.13943
3005.0,465.19128
3005.0,464.95673
3005.0,465.12622
3005.0,465.34985
3005.0,465.43478
3005.0,464.95618
3005.0,464.94125
3005.0,464.94125
3005.0,464.94125
3005.0,464.94125
3005.0,464.94125
3005.0,464.94125
484.7982980039311,464.94125
489.79969488285644,464.94125
492.6576359565279,464.94125
448.3595493146189,464.94125
439.7857260936042,464.94125
404.7759479411276,464.94125
509.8052823985573,464.94125
645.5574833979562,464.94125
724.1508629239239,465.18005
595.543514608704,465.54144
531.239840451094,465.7153
524.0949877669151,465.07846
447.64506404620096,464.94125
380.4834488149194,464.94125
516.9501350827362,464.94125
559.8192511878095,464.94125
659.8471887663139,464.94125
645.5574833979562,464.94125
659.8471887663139,464.94125
702.7163048713873,464.94125
645.5574833979562,464.94125
638.4126307137773,464.94125
602.6883672928827,464.94125
609.8332199770616,464.94125
566.9641038719884,464.94125
595.543514608704,464.94125
595.543514608704,464.94125
545.5295458194516,464.94125
566.9641038719884,464.94125
545.5295458194516,464.94125
509.8052823985573,464.94125
609.8332199770616,464.94125
588.3986619245251,464.94125
482.65484219867756,464.94125
538.3846931352728,464.94125
531.239840451094,464.94125
559.8192511878095,464.94125
396.2021247201129,464.94125
552.6743985036305,464.94125
595.543514608704,464.94125
581.2538092403462,464.94125
509.8052823985573,464.94125
595.543514608704,464.94125
652.702336082135,464.94125
545.5295458194516,464.94125
659.8471887663139,464.94125
652.702336082135,464.94125
581.2538092403462,464.97543
559.8192511878095,465.0161
538.3846931352728,465.03378
499.08800337228894,464.94125
688.4265995030295,464.94125
666.9920414504927,464.94125
616.9780726612405,464.94125
638.4126307137773,464.9462
516.9501350827362,464.96423
566.9641038719884,464.98126
461.9347694145587,464.9741
445.5016082409473,464.94125
494.08660649336366,464.94125
552.6743985036305,464.94125
609.8332199770616,464.94125
674.1368941346718,464.98584
509.8052823985573,465.03903
602.6883672928827,465.06207
581.2538092403462,464.94125
531.239840451094,464.94125
501.9459444459605,464.94125
531.239840451094,464.94125
559.8192511878095,464.98917
538.3846931352728,465.04626
531.239840451094,465.071
524.0949877669151,464.94125
559.8192511878095,464.94125
538.3846931352728,464.94125
574.1089565561673,464.94125
559.8192511878095,464.94125
493.37212122494583,464.94125
502.6604297143783,464.94125
502.6604297143783,464.94125
502.6604297143783,464.94125
469.7941073671555,464.94125
602.6883672928827,464.94125
652.702336082135,464.94125
566.9641038719884,464.94235
552.6743985036305,464.94363
475.5099895144986,464.94424
485.512783272349,464.94125
616.9780726612405,464.94125
566.9641038719884,464.94125
581.2538092403462,464.94125
559.8192511878095,464.94125
581.2538092403462,464.94125
552.6743985036305,464.94125
552.6743985036305,464.94125
559.8192511878095,464.94125
516.9501350827362,464.94125
581.2538092403462,464.94125
566.9641038719884,464.94125
559.8192511878095,464.94125
446.2160935093652,464.94125
429.0684470673359,464.94125
538.3846931352728,464.94125
479.08241585658806,464.94125
500.5169739091247,464.94125
524.0949877669151,464.94125
645.5574833979562,464.94125
431.92638814100735,464.94125
479.79690112500595,464.94125
545.5295458194516,464.94125
472.65204844082706,464.94952
431.92638814100735,464.96045
394.05866891485925,464.96603
427.6394765305,464.99106
1538.6640689203173,465.05756
1252.8699615531614,465.09818
931.3515907651116,465.43378
702.7163048713873,466.02792
476.2244747829165,466.27078
538.3846931352728,464.94125
602.6883672928827,464.94125
531.239840451094,464.94125
531.239840451094,464.94125
566.9641038719884,464.94125
487.6562390776028,464.94125
456.21888726721556,464.94125
524.0949877669151,464.94125
489.79969488285644,464.94125
491.9431506881101,464.99686
709.8611575555663,465.0631
695.5714521872084,465.09183
631.2677780295984,464.94125
559.8192511878095,464.94125
501.9459444459605,464.94125
674.1368941346718,464.94125
552.6743985036305,464.94125
538.3846931352728,464.94125
524.0949877669151,464.94125
524.0949877669151,464.94125
545.5295458194516,464.94125
481.9403569302596,464.94125
465.5071957566481,464.94125
494.08660649336366,464.94125
481.9403569302596,464.94125
502.6604297143783,464.94125
516.9501350827362,464.94125
588.3986619245251,464.94125
652.702336082135,464.94125
559.8192511878095,464.94125
552.6743985036305,464.98233
545.5295458194516,465.03128
496.9445475670354,465.0525
516.9501350827362,464.94125
516.9501350827362,464.94125
509.8052823985573,464.94125
538.3846931352728,464.94125
516.9501350827362,464.94125
502.6604297143783,464.94125
439.07124082518624,464.94125
394.77315418327726,464.94125
326.8970536835777,464.94125
376.19653720441204,464.94125
409.062859551635,464.94125
411.9208006253065,464.94125
358.3344054939648,465.01562
284.02793757850446,465.10397
359.0488907623827,465.14233
370.48065505706893,464.94125
369.05168452023315,464.94125
423.3525649199928,464.94125
335.4708769045924,464.9699
369.05168452023315,465.00406
374.0530813991584,465.01886
303.3190398257874,464.94125
369.7661697886511,464.94125
369.05168452023315,464.94125
350.4750675413681,464.94125
369.05168452023315,464.94125
330.46948002566717,464.94125
338.32881797826394,464.94125
304.0335250942053,464.94125
319.7522009993989,464.94125
316.8942599257272,464.94125
316.8942599257272,464.94125
324.753597878324,464.94125
219.7242634208944,464.94125
401.20352159903814,464.94125
405.49043320954553,464.94125
524.0949877669151,464.94125
494.8010917617816,464.94125
436.21329975151474,464.94125
489.08520961443844,464.94125
479.79690112500595,464.94125
406.91940374638125,464.94125
473.36653370924495,464.94125
481.9403569302596,464.94125
731.2957156081027,465.0101
724.1508629239239,465.28293
609.8332199770616,465.54977
566.9641038719884,465.44553
524.0949877669151,464.94125
524.0949877669151,464.97427
477.6534453197523,465.01373
516.9501350827362,465.0308
482.65484219867756,464.94125
480.5113863934239,464.94125
509.8052823985573,464.94125
483.3693274670954,464.94125
443.3581524356936,464.94125
466.22168102506606,464.94125
429.0684470673359,464.94125
423.3525649199928,464.9429
418.3511680410675,464.94485
339.04330324668183,464.9457
581.2538092403462,464.94125
531.239840451094,464.94125
638.4126307137773,464.94125
588.3986619245251,464.94125
538.3846931352728,464.94125
483.3693274670954,464.94125
574.1089565561673,464.94125
486.9417538091848,464.94125
552.6743985036305,464.94125
545.5295458194516,464.94125
552.6743985036305,464.94125
559.8192511878095,464.94125
415.49322696739597,464.94125
552.6743985036305,464.94125
566.9641038719884,464.94125
415.49322696739597,464.94125
709.8611575555663,464.94125
674.1368941346718,465.0101
631.2677780295984,465.18817
566.9641038719884,465.3384
538.3846931352728,465.2025
501.23145917754255,464.94125
566.9641038719884,464.94125
574.1089565561673,464.94125
538.3846931352728,464.94125
566.9641038719884,464.94125
502.6604297143783,464.94125
545.5295458194516,464.94125
387.6283014990983,464.94125
397.6310952569487,464.94125
429.0684470673359,464.94125
439.07124082518624,464.94125
450.5030051198725,464.94125
381.9124193517551,464.94125
408.348374283217,464.94125
574.1089565561673,464.94125
498.37351810387116,464.94125
659.8471887663139,465.13873
509.8052823985573,465.5898
479.08241585658806,465.92102
411.9208006253065,465.47482
435.4988144830968,464.94125
451.2174903882904,464.94125
475.5099895144986,464.94125
493.37212122494583,464.94125
493.37212122494583,464.94125
486.227268540767,464.94235
449.7885198514546,464.94363
404.7759479411276,464.94424
391.2007278411878,464.94125
460.5057988777229,464.94125
418.3511680410675,464.94125
432.6408734094253,464.94125
418.3511680410675,464.94125
411.9208006253065,464.94125
415.49322696739597,464.94125
395.48763945169503,464.94125
408.348374283217,464.94125
426.21050599366424,464.94125
401.20352159903814,464.94125
387.6283014990983,464.94125
401.20352159903814,464.94125
581.2538092403462,464.94125
752.7302736606395,464.94125
652.702336082135,464.94125
474.7955042460807,464.94125
456.93337253563345,464.94125
509.8052823985573,464.94125
443.3581524356936,464.94125
473.36653370924495,464.94125
457.64785780405145,464.94125
488.37072434602055,464.94125
404.7759479411276,464.94125
446.93057877778307,464.94125
524.0949877669151,464.94125
824.1788005024284,464.94125
538.3846931352728,464.94125
538.3846931352728,464.94125
516.9501350827362,464.94125
552.6743985036305,464.94125
481.9403569302596,464.94125
442.6436671672757,464.94125
472.65204844082706,464.94125
509.8052823985573,464.94125
538.3846931352728,464.94125
574.1089565561673,464.94125
574.1089565561673,464.94125
759.8751263448185,464.94125
738.4405682922817,464.94125
731.2957156081027,464.94125
717.0060102397449,464.94125
717.0060102397449,464.94125
709.8611575555663,464.94125
709.8611575555663,464.94125
731.2957156081027,464.94125
595.543514608704,464.94125
624.1229253454195,464.94125
509.8052823985573,464.94397
474.7955042460807,464.94727
581.2538092403462,464.9487
695.5714521872084,464.95062
745.5854209764607,465.03058
774.1648317131762,465.22916
681.2817468188507,465.4692
674.1368941346718,465.44437
581.2538092403462,465.19086
681.2817468188507,464.94125
602.6883672928827,464.94125
602.6883672928827,464.94125
531.239840451094,464.94125
552.6743985036305,464.94125
516.9501350827362,464.94125
531.239840451094,464.94125
545.5295458194516,465.04416
624.1229253454195,465.16635
616.9780726612405,465.21838
645.5574833979562,464.94125
638.4126307137773,464.94125
652.702336082135,465.0112
631.2677780295984,465.0944
624.1229253454195,465.1305
497.65903283545316,464.94125
588.3986619245251,464.94125
574.1089565561673,464.94125
509.8052823985573,464.94125
509.8052823985573,464.94125
509.8052823985573,464.94125
531.239840451094,464.94125
545.5295458194516,464.94125
602.6883672928827,464.94125
531.239840451094,464.94125
588.3986619245251,464.94125
695.5714521872084,464.94125
609.8332199770616,464.9545
574.1089565561673,464.97025
502.6604297143783,464.9771
559.8192511878095,464.94125
681.2817468188507,464.94125
666.9920414504927,464.94125
659.8471887663139,464.94125
659.8471887663139,464.9864
516.9501350827362,465.04904
531.239840451094,465.08286
545.5295458194516,464.96512
602.6883672928827,464.94125
574.1089565561673,464.94125
559.8192511878095,464.94125
559.8192511878095,464.94125
559.8192511878095,464.94125
516.9501350827362,464.94125
559.8192511878095,464.96387
624.1229253454195,464.9908
494.08660649336366,465.00244
464.07822521981234,464.94125
404.06146267270975,464.94125
398.34558052536664,464.94125
383.341389888591,464.94125
381.1979340833373,464.94125
552.6743985036305,464.94125
428.3539617989179,464.94125
436.21329975151474,464.94125
430.49741760417163,464.94125
347.6171264676965,464.94125
311.89286304680206,464.96054
346.90264119927866,464.98355
453.360946193544,464.9935
466.22168102506606,464.94125
424.78153545682846,464.94125
369.05168452023315,464.94125
328.32602422041344,464.94125
616.9780726612405,464.94125
538.3846931352728,464.94125
588.3986619245251,464.94125
645.5574833979562,464.94125
531.239840451094,464.94125
524.0949877669151,464.94125
516.9501350827362,464.94125
509.8052823985573,464.94125
552.6743985036305,464.94125
545.5295458194516,464.94125
545.5295458194516,464.94125
427.6394765305,464.94125
588.3986619245251,464.94125
411.9208006253065,464.94125
448.3595493146189,464.94125
499.08800337228894,464.94125
481.2258716618417,464.94125
502.6604297143783,464.94125
489.79969488285644,464.94125
469.7941073671555,464.94125
501.9459444459605,464.94125
538.3846931352728,464.94125
516.9501350827362,464.94125
481.2258716618417,464.94125
391.9152131096056,464.94125
468.3651368303197,464.94125
509.8052823985573,464.94125
482.65484219867756,464.94125
674.1368941346718,464.94125
681.2817468188507,464.94125
659.8471887663139,464.94125
588.3986619245251,464.94125
624.1229253454195,464.94125
566.9641038719884,464.94125
595.543514608704,464.94125
574.1089565561673,464.94125
559.8192511878095,464.94125
490.5141801512742,464.94125
516.9501350827362,464.94125
538.3846931352728,464.94125
559.8192511878095,464.94125
581.2538092403462,464.94125
602.6883672928827,464.99686
516.9501350827362,465.0631
545.5295458194516,465.09183
431.21190287258946,464.94125
401.20352159903814,464.94125
452.6464609251261,464.94125
459.7913136093051,464.94125
531.239840451094,464.94125
545.5295458194516,464.94125
552.6743985036305,464.94125
451.93197565670835,464.94125
524.0949877669151,464.94125
466.93616629348395,464.94125
470.5085926355734,464.94125
731.2957156081027,464.94125
724.1508629239239,464.94125
724.1508629239239,464.94125
745.5854209764607,464.94125
795.599389765713,464.94125
752.7302736606395,464.94125
809.8890951340707,464.94125
902.7721800283962,464.94125
1138.5523186062997,464.98807
1374.3324571842027,465.2267
945.6412961334694,465.69516
859.903063923323,465.9179
859.903063923323,465.5293
788.4545370815339,464.94125
981.3655595543638,464.94125
838.4685058707862,464.94125
881.3376219758594,465.00787
781.3096843973549,465.11508
802.7442424498917,465.20477
724.1508629239239,465.06564
809.8890951340707,465.012
795.599389765713,464.96542
781.3096843973549,464.9711
731.2957156081027,464.94125
752.7302736606395,464.94125
724.1508629239239,464.94125
759.8751263448185,464.94125
838.4685058707862,464.94125
309.03492197313057,464.97427
309.03492197313057,465.18774
318.3232304625631,465.2706
373.33859613074054,465.33417
373.33859613074054,465.33417
383.341389888591,465.36884
354.76197915187544,465.42883
354.76197915187544,465.47726
346.1881559308607,465.40036
346.1881559308607,465.3957
346.1881559308607,465.33417
346.1881559308607,465.33417
346.1881559308607,465.33417
364.05028764130793,465.33417
383.341389888591,465.33417
383.341389888591,465.33417
393.34418364644137,465.4177
373.33859613074054,465.57745
373.33859613074054,465.67227
373.33859613074054,465.44266
354.76197915187544,465.45477
354.76197915187544,465.5775
354.76197915187544,465.56833
354.76197915187544,465.3687
354.76197915187544,465.38608
336.89984744142816,465.35605
336.89984744142816,465.33844
336.89984744142816,465.34525
354.76197915187544,465.34787
396.2021247201129,465.34274
388.3427867675162,465.35632
371.90962559390476,465.3615
364.05028764130793,465.33417
356.905434957129,465.33417
356.905434957129,465.33417
356.905434957129,465.33417
349.0460970045323,465.33417
334.04190636775667,465.33417
326.8970536835777,465.33417
319.7522009993989,465.33417
319.7522009993989,465.34317
311.89286304680206,465.3574
319.7522009993989,465.3629
319.7522009993989,465.33417
304.7480103626232,465.33417
304.7480103626232,465.33417
289.7438197258476,465.33417
289.7438197258476,465.33417
289.7438197258476,465.33417
304.7480103626232,465.33417
289.7438197258476,465.33417
282.5989670416687,465.33417
276.16859962590763,465.33417
282.5989670416687,465.33417
282.5989670416687,465.33417
269.02374694172875,465.33417
261.8788942575498,465.33417
688.4265995030295,465.33417
688.4265995030295,465.33417
674.1368941346718,465.36026
631.2677780295984,465.40164
631.2677780295984,465.41757
638.4126307137773,465.33417
616.9780726612405,465.3684
595.543514608704,465.4226
588.3986619245251,465.44348
588.3986619245251,465.33844
574.1089565561673,465.3491
574.1089565561673,465.35782
574.1089565561673,465.34647
566.9641038719884,465.33417
552.6743985036305,465.33417
538.3846931352728,465.33417
538.3846931352728,465.33417
574.1089565561673,465.33417
538.3846931352728,465.33417
524.0949877669151,465.33417
516.9501350827362,465.33417
516.9501350827362,465.33417
502.6604297143783,465.33417
496.2300622986174,465.33417
487.6562390776028,465.33417
479.08241585658806,465.33417
479.08241585658806,465.33417
479.08241585658806,465.33417
411.9208006253065,465.33417
404.06146267270975,465.36328
396.2021247201129,465.4608
379.7689635465014,465.56027
371.90962559390476,465.49936
364.05028764130793,465.33417
364.05028764130793,465.33417
364.05028764130793,465.33417
349.0460970045323,465.33417
349.0460970045323,465.33417
334.04190636775667,465.33417
326.8970536835777,465.33417
326.8970536835777,465.33417
326.8970536835777,465.33417
326.8970536835777,465.33417
319.7522009993989,465.33417
304.7480103626232,465.33417
289.7438197258476,465.33417
289.7438197258476,465.33417
289.7438197258476,465.33417
276.16859962590763,465.33417
276.16859962590763,465.33417
282.5989670416687,465.3453
289.7438197258476,465.36295
289.7438197258476,465.36972
304.7480103626232,465.33417
289.7438197258476,465.33417
289.7438197258476,465.33417
321.89565680465256,465.33417
330.46948002566717,465.33417
321.89565680465256,465.33417
313.32183358363784,465.33417
304.0335250942053,465.33417
286.8858786521759,465.33417
278.3120554311613,465.33417
278.3120554311613,465.33417
278.3120554311613,465.33417
286.8858786521759,465.33673
286.8858786521759,465.3408
278.3120554311613,465.3424
278.3120554311613,465.33417
260.449923720714,465.33417
251.87610049969948,465.33417
251.87610049969948,465.33417
243.30227727868476,465.33417
243.30227727868476,465.33417
235.44293932608798,465.33417
243.30227727868476,465.33417
278.3120554311613,465.33417
278.3120554311613,465.3577
243.30227727868476,465.39502
235.44293932608798,465.40936
227.58360137349115,465.33417
219.7242634208944,465.33417
211.86492546829766,465.33417
211.86492546829766,465.33417
211.86492546829766,465.33417
446.93057877778307,465.33417
446.93057877778307,465.33417
451.93197565670835,465.33417
436.21329975151474,465.37692
446.93057877778307,465.44467
446.93057877778307,465.47073
446.93057877778307,465.33417
436.21329975151474,465.35645
436.21329975151474,465.3917
416.20771223581386,465.41467
420.49462384632113,465.35855
411.20631535688864,465.36426
406.2049184779634,465.33417
406.2049184779634,465.33417
396.9166099885309,465.33417
387.6283014990983,465.33417
406.2049184779634,465.33417
406.2049184779634,465.3372
401.9180068674561,465.34195
396.9166099885309,465.34375
401.9180068674561,465.33417
406.2049184779634,465.33417
396.9166099885309,465.33417
387.6283014990983,465.33417
436.21329975151474,465.33417
431.21190287258946,465.33417
406.2049184779634,465.33417
406.2049184779634,465.33417
3005.0,465.33417
3005.0,465.33417
3005.0,465.33417
3005.0,465.33417
3005.0,465.33417
3005.0,465.33417
3005.0,465.33417
3005.0,465.33417
3005.0,465.33417
3005.0,465.33417
3005.0,465.33417
688.4265995030295,465.33463
624.1229253454195,465.44247
588.3986619245251,465.6126
595.543514608704,465.67676
631.2677780295984,465.33545
595.543514608704,465.4206
566.9641038719884,465.56485
552.6743985036305,465.63043
552.6743985036305,465.37247
538.3846931352728,465.33417
538.3846931352728,465.33417
531.239840451094,465.33417
509.8052823985573,465.33417
487.6562390776028,465.33417
464.07822521981234,465.33417
457.64785780405145,465.33417
453.360946193544,465.33417
645.5574833979562,465.33417
666.9920414504927,465.33417
688.4265995030295,465.33417
674.1368941346718,465.33417
674.1368941346718,465.33417
674.1368941346718,465.35043
666.9920414504927,465.37625
659.8471887663139,465.38617
659.8471887663139,465.33417
659.8471887663139,465.33417
666.9920414504927,465.33417
645.5574833979562,465.33505
645.5574833979562,465.3364
645.5574833979562,465.33688
645.5574833979562,465.33417
645.5574833979562,465.33417
645.5574833979562,465.33417
659.8471887663139,465.33417
659.8471887663139,465.33417
638.4126307137773,465.35132
624.1229253454195,465.37848
602.6883672928827,465.3889
595.543514608704,465.33417
595.543514608704,465.33417
581.2538092403462,465.33417
574.1089565561673,465.33417
574.1089565561673,465.33417
574.1089565561673,465.33417
478.36793058817017,465.33417
478.36793058817017,465.33417
489.08520961443844,465.33417
478.36793058817017,465.33417
467.6506515619018,465.33417
489.08520961443844,465.33417
499.80248864070677,465.33417
509.8052823985573,465.33417
499.80248864070677,465.33417
489.08520961443844,465.33417
489.08520961443844,465.33417
478.36793058817017,465.33417
478.36793058817017,465.33417
456.93337253563345,465.33417
467.6506515619018,465.33417
456.93337253563345,465.33505
456.93337253563345,465.3663
446.93057877778307,465.41434
446.93057877778307,465.42984
425.49602072524647,465.34274
425.49602072524647,465.35632
436.21329975151474,465.3615
456.93337253563345,465.33417
456.93337253563345,465.36072
478.36793058817017,465.40277
467.6506515619018,465.43045
436.21329975151474,465.36404
425.49602072524647,465.37195
436.21329975151474,465.3364
302.6045545573695,465.33688
302.6045545573695,465.33417
288.3148491890118,465.33417
281.16999650483285,465.33417
273.3106585522361,465.33417
273.3106585522361,465.33417
266.1658058680572,465.33417
236.8719098629237,465.33417
229.72705717874481,465.33417
223.29668976298385,465.33417
223.29668976298385,465.33417
216.86632234722285,465.33417
203.291102247283,465.33417
196.86073483152202,465.33417
196.86073483152202,465.33417
190.43036741576097,465.33417
183.99999999999997,465.33417
183.99999999999997,465.33417
190.43036741576097,465.33417
236.8719098629237,465.33417
236.8719098629237,465.34702
216.86632234722285,465.36737
210.43595493146188,465.37524
203.291102247283,465.33417
196.86073483152202,465.33417
203.291102247283,465.33417
196.86073483152202,465.33417
203.291102247283,465.33417
443.3581524356936,465.33417
431.92638814100735,465.33417
420.49462384632113,465.33417
396.9166099885309,465.33417
443.3581524356936,465.44135
420.49462384632113,465.61127
408.348374283217,465.67676
396.9166099885309,465.33417
385.48484569384453,465.33417
385.48484569384453,465.33417
374.0530813991584,465.33417
374.0530813991584,465.33417
351.1895528097859,465.3833
341.18675905193555,465.54565
330.46948002566717,465.72574
320.4666862678168,465.64703
309.7494072415484,465.38477
309.7494072415484,465.37692
320.4666862678168,465.44467
320.4666862678168,465.49625
309.7494072415484,465.46216
309.7494072415484,465.57574
309.7494072415484,465.53195
320.4666862678168,465.33417
320.4666862678168,465.33417
309.7494072415484,465.33417
341.18675905193555,465.33417
351.1895528097859,465.33417
443.3581524356936,465.33417
431.92638814100735,465.33417
420.49462384632113,465.33417
396.9166099885309,465.33417
443.3581524356936,465.33417
420.49462384632113,465.34915
408.348374283217,465.37292
396.9166099885309,465.38205
385.48484569384453,465.33417
385.48484569384453,465.33417
374.0530813991584,465.33417
374.0530813991584,465.33417
351.1895528097859,465.33417
341.18675905193555,465.33417
330.46948002566717,465.33417
320.4666862678168,465.33417
309.7494072415484,465.33417
309.7494072415484,465.33417
320.4666862678168,465.33417
320.4666862678168,465.33417
309.7494072415484,465.33417
309.7494072415484,465.33417
309.7494072415484,465.33417
320.4666862678168,465.33417
320.4666862678168,465.33417
309.7494072415484,465.33417
341.18675905193555,465.33417
431.92638814100735,465.33417
631.2677780295984,465.4304
645.5574833979562,465.62067
616.9780726612405,465.74002
602.6883672928827,465.45712
574.1089565561673,465.33417
602.6883672928827,465.33417
588.3986619245251,465.33417
688.4265995030295,465.33417
702.7163048713873,465.40668
645.5574833979562,465.5216
545.5295458194516,465.56586
574.1089565561673,465.33417
545.5295458194516,465.33417
516.9501350827362,465.33417
545.5295458194516,465.33417
531.239840451094,465.33417
516.9501350827362,465.33417
516.9501350827362,465.33417
488.37072434602055,465.33417
474.08101897766284,465.33417
459.7913136093051,465.33417
459.7913136093051,465.33417
459.7913136093051,465.33417
445.5016082409473,465.33417
445.5016082409473,465.33417
431.21190287258946,465.33417
431.21190287258946,465.33417
431.21190287258946,465.33417
459.7913136093051,465.33417
388.3427867675162,465.33417
374.0530813991584,465.33417
359.7633760308006,465.3577
349.0460970045323,465.39502
349.0460970045323,465.40936
349.0460970045323,465.33417
338.32881797826394,465.33417
327.6115389519956,465.33417
316.8942599257272,465.33417
402.632492135874,465.33417
459.7913136093051,465.33417
374.0530813991584,465.33417
349.0460970045323,465.33417
374.0530813991584,465.33417
416.92219750423175,465.33417
416.92219750423175,465.33417
388.3427867675162,465.33417
388.3427867675162,465.33417
338.32881797826394,465.33417
327.6115389519956,465.35
316.8942599257272,465.37515
306.17698089945895,465.4057
284.74242284692224,465.3884
274.02514382065397,465.40115
263.30786479438564,465.33417
274.02514382065397,465.33417
295.4597018731906,465.33417
295.4597018731906,465.33417
443.3581524356936,465.33417
420.49462384632113,465.3684
408.348374283217,465.4226
396.9166099885309,465.44348
385.48484569384453,465.33417
385.48484569384453,465.33417
362.62131710447227,465.33417
351.1895528097859,465.33417
408.348374283217,465.33417
595.543514608704,465.33417
581.2538092403462,465.41302
516.9501350827362,465.54648
466.22168102506606,465.60812
396.9166099885309,465.3615
374.0530813991584,465.33417
374.0530813991584,465.33417
362.62131710447227,465.33417
351.1895528097859,465.33844
341.18675905193555,465.34525
330.46948002566717,465.34787
320.4666862678168,465.33417
320.4666862678168,465.33417
396.9166099885309,465.33417
351.1895528097859,465.35983
351.1895528097859,465.40054
330.46948002566717,465.41617
309.7494072415484,465.33417
299.7466134836979,465.33417
374.0530813991584,465.33417
374.0530813991584,465.33417
374.0530813991584,465.33417
359.7633760308006,465.33417
349.0460970045323,465.33417
359.7633760308006,465.33417
359.7633760308006,465.33417
349.0460970045323,465.33417
338.32881797826394,465.33417
359.7633760308006,465.33417
359.7633760308006,465.33417
359.7633760308006,465.33417
359.7633760308006,465.33417
349.0460970045323,465.33417
349.0460970045323,465.33417
388.3427867675162,465.33417
445.5016082409473,465.33932
388.3427867675162,465.34744
374.0530813991584,465.3506
349.0460970045323,465.33417
338.32881797826394,465.33417
316.8942599257272,465.33417
349.0460970045323,465.33417
474.08101897766284,465.33417
474.08101897766284,465.46997
374.0530813991584,465.7527
327.6115389519956,465.9443
338.32881797826394,465.55502
455.5044019987978,465.33417
439.07124082518624,465.33417
439.07124082518624,465.33417
423.3525649199928,465.33417
407.6338890147992,465.33417
396.9166099885309,465.33417
381.9124193517551,465.33417
371.1951403254868,465.33417
371.1951403254868,465.33417
566.9641038719884,465.33417
852.7582112391439,465.34274
1174.2765820271939,465.44565
845.6133585549649,465.72424
695.5714521872084,465.9868
616.9780726612405,465.82513
595.543514608704,465.4121
559.8192511878095,465.33417
524.0949877669151,465.3667
494.08660649336366,465.41818
499.80248864070677,465.43802
489.08520961443844,465.33417
466.93616629348395,465.33417
444.7871229725294,465.33417
439.07124082518624,465.3543
423.3525649199928,465.3862
559.8192511878095,465.39844
559.8192511878095,465.3684
852.7582112391439,465.44263
652.702336082135,465.54358
428.3539617989179,465.52408
418.3511680410675,465.4898
412.6352858937244,465.33417
407.6338890147992,465.33417
423.3525649199928,465.33417
407.6338890147992,465.34058
396.9166099885309,465.3508
386.9138162306804,465.3547
381.9124193517551,465.33417
371.1951403254868,465.33417
366.19374344656165,465.33417
355.4764644202933,465.33417
345.4736706624429,465.33417
335.4708769045924,465.33417
335.4708769045924,465.33417
335.4708769045924,465.33417
315.4652893888915,465.33417
306.17698089945895,465.33417
287.6003639205939,465.33417
278.3120554311613,465.33417
278.3120554311613,465.33417
282.5989670416687,465.33417
282.5989670416687,465.33417
306.17698089945895,465.33417
296.8886724100264,465.35257
301.17558402053373,465.38174
310.4638925099663,465.39297
306.17698089945895,465.33417
566.9641038719884,465.33417
559.8192511878095,465.33417
581.2538092403462,465.33417
588.3986619245251,465.33417
574.1089565561673,465.33417
552.6743985036305,465.33417
545.5295458194516,465.33417
545.5295458194516,465.33417
538.3846931352728,465.33417
524.0949877669151,465.33417
516.9501350827362,465.33417
516.9501350827362,465.33417
516.9501350827362,465.33417
516.9501350827362,465.33417
509.8052823985573,465.33417
494.08660649336366,465.33417
484.08381273551333,465.33417
474.08101897766284,465.33417
479.08241585658806,465.33417
516.9501350827362,465.33417
489.08520961443844,465.33417
474.08101897766284,465.33417
464.07822521981234,465.33417
449.7885198514546,465.33417
509.8052823985573,465.33417
545.5295458194516,465.34274
484.08381273551333,465.40155
509.8052823985573,465.47852
524.0949877669151,465.47894
516.9501350827362,465.33417
516.9501350827362,465.33417
509.8052823985573,465.33417
566.9641038719884,465.33417
494.08660649336366,465.33417
483.3693274670954,465.33417
477.6534453197523,465.33417
472.65204844082706,465.33417
472.65204844082706,465.33417
461.22028414614084,465.33417
461.22028414614084,465.33417
450.5030051198725,465.33417
444.7871229725294,465.33417
439.07124082518624,465.33417
428.3539617989179,465.33417
434.0698439462611,465.33417
428.3539617989179,465.33417
418.3511680410675,465.33417
407.6338890147992,465.33417
412.6352858937244,465.33417
407.6338890147992,465.33417
396.9166099885309,465.33844
418.3511680410675,465.34525
412.6352858937244,465.34787
407.6338890147992,465.33417
402.632492135874,465.33417
396.9166099885309,465.33417
450.5030051198725,465.33417
470.5085926355734,465.33417
465.5071957566481,465.33417
450.5030051198725,465.33417
440.50021136202207,465.33417
465.5071957566481,465.33417
481.2258716618417,465.33417
496.2300622986174,465.33417
475.5099895144986,465.36752
455.5044019987978,465.4204
440.50021136202207,465.44077
450.5030051198725,465.33417
496.2300622986174,465.33417
475.5099895144986,465.33417
445.5016082409473,465.36627
430.49741760417163,465.41708
421.209109114739,465.43665
411.9208006253065,465.33417
397.6310952569487,465.33417
392.6296983780235,465.33417
383.341389888591,465.33417
374.0530813991584,465.33417
374.0530813991584,465.33417
354.76197915187544,465.33417
345.4736706624429,465.33417
345.4736706624429,465.33417
336.1853621730103,465.33417
336.1853621730103,465.33417
345.4736706624429,465.33417
497.65903283545316,465.33417
484.08381273551333,465.33417
470.5085926355734,465.33417
440.50021136202207,465.33417
430.49741760417163,465.33417
427.6394765305,465.33417
414.7787416989781,465.33417
414.7787416989781,465.33417
411.9208006253065,465.33417
417.63668277264964,465.33417
427.6394765305,465.33417
450.5030051198725,465.33417
434.0698439462611,465.33417
421.209109114739,465.33417
411.9208006253065,465.33417
411.9208006253065,465.33417
405.49043320954553,465.33417
396.2021247201129,465.33417
383.341389888591,465.33417
383.341389888591,465.33417
374.0530813991584,465.33417
408.348374283217,465.33417
401.9180068674561,465.35132
392.6296983780235,465.37848
399.0600657937845,465.3889
421.209109114739,465.33417
421.209109114739,465.3453
411.9208006253065,465.44882
431.21190287258946,465.59192
408.348374283217,465.6092
470.5085926355734,465.33417
367.1940228223467,465.33417
405.49043320954553,465.33417
404.06146267270975,465.33417
574.1089565561673,465.33417
581.2538092403462,465.33417
524.0949877669151,465.33417
509.8052823985573,465.33417
497.65903283545316,465.34488
531.239840451094,465.36185
3005.0,465.36838
3005.0,465.33417
3005.0,465.40033
3005.0,465.50516
3005.0,465.54553
3005.0,465.33417
3005.0,465.33417
3005.0,465.33417
3005.0,465.33417
3005.0,465.33417
3005.0,465.33417
3005.0,465.33417
3005.0,465.33417
3005.0,465.33417
3005.0,465.33417
3005.0,465.3846
3005.0,465.48654
3005.0,465.55246
3005.0,465.50116
3005.0,465.5829
3005.0,465.64166
3005.0,465.33417
3005.0,465.33417
3005.0,465.33417
3005.0,465.33417
3005.0,465.33417
3005.0,465.33417
3005.0,465.33417
484.7982980039311,465.33417
489.79969488285644,465.33417
492.6576359565279,465.33417
448.3595493146189,465.33417
439.7857260936042,465.33417
404.7759479411276,465.33417
509.8052823985573,465.33417
645.5574833979562,465.33417
724.1508629239239,465.45822
595.543514608704,465.71033
531.239840451094,465.87546
524.0949877669151,465.5157
447.64506404620096,465.33417
380.4834488149194,465.33417
516.9501350827362,465.42236
559.8192511878095,465.56213
659.8471887663139,465.61597
645.5574833979562,465.33417
659.8471887663139,465.33417
702.7163048713873,465.33417
645.5574833979562,465.33417
638.4126307137773,465.33417
602.6883672928827,465.33417
609.8332199770616,465.33417
566.9641038719884,465.33844
595.543514608704,465.34525
595.543514608704,465.34787
545.5295458194516,465.33417
566.9641038719884,465.33417
545.5295458194516,465.33417
509.8052823985573,465.33417
609.8332199770616,465.33417
588.3986619245251,465.33417
482.65484219867756,465.33417
538.3846931352728,465.33417
531.239840451094,465.33417
559.8192511878095,465.33417
396.2021247201129,465.3577
552.6743985036305,465.39502
595.543514608704,465.40936
581.2538092403462,465.33417
509.8052823985573,465.33417
595.543514608704,465.33417
652.702336082135,465.33417
545.5295458194516,465.33417
659.8471887663139,465.33417
652.702336082135,465.33417
581.2538092403462,465.35043
559.8192511878095,465.39587
538.3846931352728,465.43695
499.08800337228894,465.39703
688.4265995030295,465.33417
666.9920414504927,465.33417
616.9780726612405,465.33417
638.4126307137773,465.33417
516.9501350827362,465.33417
566.9641038719884,465.33417
461.9347694145587,465.33417
445.5016082409473,465.33417
494.08660649336366,465.33417
552.6743985036305,465.33417
609.8332199770616,465.33417
674.1368941346718,465.34274
509.8052823985573,465.35632
602.6883672928827,465.3615
581.2538092403462,465.33417
531.239840451094,465.33417
501.9459444459605,465.33417
531.239840451094,465.33417
559.8192511878095,465.33417
538.3846931352728,465.33417
531.239840451094,465.33417
524.0949877669151,465.33417
559.8192511878095,465.33417
538.3846931352728,465.33417
574.1089565561673,465.33417
559.8192511878095,465.33417
493.37212122494583,465.33417
502.6604297143783,465.33417
502.6604297143783,465.33417
502.6604297143783,465.33417
469.7941073671555,465.33417
602.6883672928827,465.33417
652.702336082135,465.33417
566.9641038719884,465.33417
552.6743985036305,465.33417
475.5099895144986,465.33417
485.512783272349,465.33417
616.9780726612405,465.33417
566.9641038719884,465.33417
581.2538092403462,465.33417
559.8192511878095,465.33417
581.2538092403462,465.33417
552.6743985036305,465.33417
552.6743985036305,465.33417
559.8192511878095,465.33417
516.9501350827362,465.33417
581.2538092403462,465.33417
566.9641038719884,465.33417
559.8192511878095,465.33417
446.2160935093652,465.33417
429.0684470673359,465.33417
538.3846931352728,465.33417
479.08241585658806,465.33417
500.5169739091247,465.33417
524.0949877669151,465.33417
645.5574833979562,465.33932
431.92638814100735,465.3744
479.79690112500595,465.42026
545.5295458194516,465.425
472.65204844082706,465.34634
431.92638814100735,465.35992
394.05866891485925,465.36185
427.6394765305,465.36838
1538.6640689203173,465.35513
1252.8699615531614,465.3961
931.3515907651116,465.69077
702.7163048713873,466.13303
476.2244747829165,466.3244
538.3846931352728,465.44092
602.6883672928827,465.34525
531.239840451094,465.34787
531.239840451094,465.33417
566.9641038719884,465.33417
487.6562390776028,465.33417
456.21888726721556,465.33417
524.0949877669151,465.33417
489.79969488285644,465.33417
491.9431506881101,465.4939
709.8611575555663,465.88773
695.5714521872084,466.2058
631.2677780295984,465.7886
559.8192511878095,465.33417
501.9459444459605,465.33417
674.1368941346718,465.33417
552.6743985036305,465.33417
538.3846931352728,465.33417
524.0949877669151,465.33417
524.0949877669151,465.33417
545.5295458194516,465.33417
481.9403569302596,465.33417
465.5071957566481,465.33417
494.08660649336366,465.33417
481.9403569302596,465.33417
502.6604297143783,465.33417
516.9501350827362,465.33417
588.3986619245251,465.33417
652.702336082135,465.33417
559.8192511878095,465.33417
552.6743985036305,465.33417
545.5295458194516,465.33417
496.9445475670354,465.33417
516.9501350827362,465.33417
516.9501350827362,465.33417
509.8052823985573,465.33417
538.3846931352728,465.33417
516.9501350827362,465.33417
502.6604297143783,465.33417
439.07124082518624,465.33417
394.77315418327726,465.33417
326.8970536835777,465.33417
376.19653720441204,465.33417
409.062859551635,465.33417
411.9208006253065,465.33417
358.3344054939648,465.33417
284.02793757850446,465.33417
359.0488907623827,465.33417
370.48065505706893,465.33417
369.05168452023315,465.33417
423.3525649199928,465.33417
335.4708769045924,465.33417
369.05168452023315,465.33417
374.0530813991584,465.33417
303.3190398257874,465.33417
369.7661697886511,465.33417
369.05168452023315,465.33417
350.4750675413681,465.33417
369.05168452023315,465.33417
330.46948002566717,465.33417
338.32881797826394,465.33417
304.0335250942053,465.33417
319.7522009993989,465.33417
316.8942599257272,465.33417
316.8942599257272,465.33417
324.753597878324,465.33417
219.7242634208944,465.33417
401.20352159903814,465.33417
405.49043320954553,465.33417
524.0949877669151,465.33417
494.8010917617816,465.33417
436.21329975151474,465.33417
489.08520961443844,465.33417
479.79690112500595,465.33417
406.91940374638125,465.33417
473.36653370924495,465.33417
481.9403569302596,465.33417
731.2957156081027,465.3778
724.1508629239239,465.53854
609.8332199770616,465.71118
566.9641038719884,465.62946
524.0949877669151,465.33417
524.0949877669151,465.35043
477.6534453197523,465.37625
516.9501350827362,465.4075
482.65484219867756,465.38947
480.5113863934239,465.40256
509.8052823985573,465.33417
483.3693274670954,465.33417
443.3581524356936,465.33417
466.22168102506606,465.33417
429.0684470673359,465.33417
423.3525649199928,465.33417
418.3511680410675,465.33417
339.04330324668183,465.33417
581.2538092403462,465.33417
531.239840451094,465.33417
638.4126307137773,465.33417
588.3986619245251,465.33417
538.3846931352728,465.33417
483.3693274670954,465.33417
574.1089565561673,465.33417
486.9417538091848,465.33417
552.6743985036305,465.33417
545.5295458194516,465.33417
552.6743985036305,465.33417
559.8192511878095,465.33417
415.49322696739597,465.33417
552.6743985036305,465.33417
566.9641038719884,465.33417
415.49322696739597,465.33417
709.8611575555663,465.33417
674.1368941346718,465.33417
631.2677780295984,465.35388
566.9641038719884,465.38507
538.3846931352728,465.39703
501.23145917754255,465.33417
566.9641038719884,465.33417
574.1089565561673,465.33417
538.3846931352728,465.33417
566.9641038719884,465.33417
502.6604297143783,465.33417
545.5295458194516,465.33417
387.6283014990983,465.33417
397.6310952569487,465.33417
429.0684470673359,465.33417
439.07124082518624,465.33417
450.5030051198725,465.33417
381.9124193517551,465.33417
408.348374283217,465.33417
574.1089565561673,465.33417
498.37351810387116,465.33417
659.8471887663139,465.4401
509.8052823985573,465.72833
479.08241585658806,465.9863
411.9208006253065,465.72668
435.4988144830968,465.33417
451.2174903882904,465.33417
475.5099895144986,465.33417
493.37212122494583,465.33417
493.37212122494583,465.33417
486.227268540767,465.33417
449.7885198514546,465.33417
404.7759479411276,465.33417
391.2007278411878,465.33417
460.5057988777229,465.33417
418.3511680410675,465.33417
432.6408734094253,465.33417
418.3511680410675,465.33417
411.9208006253065,465.33417
415.49322696739597,465.33417
395.48763945169503,465.33417
408.348374283217,465.33417
426.21050599366424,465.33417
401.20352159903814,465.33417
387.6283014990983,465.33417
401.20352159903814,465.33417
581.2538092403462,465.33417
752.7302736606395,465.36752
652.702336082135,465.53867
474.7955042460807,465.75552
456.93337253563345,465.7364
509.8052823985573,465.3615
443.3581524356936,465.33417
473.36653370924495,465.33417
457.64785780405145,465.33417
488.37072434602055,465.33417
404.7759479411276,465.33417
446.93057877778307,465.33417
524.0949877669151,465.33417
824.1788005024284,465.4498
538.3846931352728,465.72308
538.3846931352728,465.93842
516.9501350827362,465.6281
552.6743985036305,465.35043
481.9403569302596,465.37625
442.6436671672757,465.38617
472.65204844082706,465.33417
509.8052823985573,465.33417
538.3846931352728,465.33417
574.1089565561673,465.33417
574.1089565561673,465.33417
759.8751263448185,465.33417
738.4405682922817,465.33417
731.2957156081027,465.33417
717.0060102397449,465.33417
717.0060102397449,465.33417
709.8611575555663,465.33417
709.8611575555663,465.33417
731.2957156081027,465.33417
595.543514608704,465.33417
624.1229253454195,465.33417
509.8052823985573,465.33417
474.7955042460807,465.33417
581.2538092403462,465.33417
695.5714521872084,465.33417
745.5854209764607,465.35345
774.1648317131762,465.38397
681.2817468188507,465.40594
674.1368941346718,465.36072
581.2538092403462,465.367
681.2817468188507,465.33417
602.6883672928827,465.33417
602.6883672928827,465.33417
531.239840451094,465.33417
552.6743985036305,465.33417
516.9501350827362,465.33417
531.239840451094,465.33417
545.5295458194516,465.35214
624.1229253454195,465.38065
616.9780726612405,465.39163
645.5574833979562,465.33417
638.4126307137773,465.33417
652.702336082135,465.33417
631.2677780295984,465.33417
624.1229253454195,465.33417
497.65903283545316,465.33417
588.3986619245251,465.33417
574.1089565561673,465.33417
509.8052823985573,465.33417
509.8052823985573,465.33417
509.8052823985573,465.33417
531.239840451094,465.33417
545.5295458194516,465.33417
602.6883672928827,465.33417
531.239840451094,465.33417
588.3986619245251,465.33417
695.5714521872084,465.33417
609.8332199770616,465.33417
574.1089565561673,465.33417
502.6604297143783,465.33417
559.8192511878095,465.33417
681.2817468188507,465.33417
666.9920414504927,465.33417
659.8471887663139,465.33417
659.8471887663139,465.38205
516.9501350827362,465.5205
531.239840451094,465.6495
545.5295458194516,465.536
602.6883672928827,465.33417
574.1089565561673,465.33417
559.8192511878095,465.33417
559.8192511878095,465.33417
559.8192511878095,465.33417
516.9501350827362,465.33417
559.8192511878095,465.3372
624.1229253454195,465.3689
494.08660649336366,465.4134
464.07822521981234,465.4203
404.06146267270975,465.33417
398.34558052536664,465.33417
383.341389888591,465.33417
381.1979340833373,465.33417
552.6743985036305,465.33417
428.3539617989179,465.33417
436.21329975151474,465.33417
430.49741760417163,465.33417
347.6171264676965,465.33417
311.89286304680206,465.33417
346.90264119927866,465.33417
453.360946193544,465.33417
466.22168102506606,465.33417
424.78153545682846,465.3466
369.05168452023315,465.36627
328.32602422041344,465.37384
616.9780726612405,465.33417
538.3846931352728,465.33417
588.3986619245251,465.33417
645.5574833979562,465.33417
531.239840451094,465.33417
524.0949877669151,465.33417
516.9501350827362,465.33417
509.8052823985573,465.33417
552.6743985036305,465.33417
545.5295458194516,465.33417
545.5295458194516,465.33417
427.6394765305,465.33417
588.3986619245251,465.33417
411.9208006253065,465.33417
448.3595493146189,465.33417
499.08800337228894,465.33417
481.2258716618417,465.33417
502.6604297143783,465.33417
489.79969488285644,465.33417
469.7941073671555,465.33417
501.9459444459605,465.33417
538.3846931352728,465.33417
516.9501350827362,465.33417
481.2258716618417,465.33417
391.9152131096056,465.33417
468.3651368303197,465.33417
509.8052823985573,465.33417
482.65484219867756,465.33417
674.1368941346718,465.33417
681.2817468188507,465.33417
659.8471887663139,465.33417
588.3986619245251,465.33417
624.1229253454195,465.33417
566.9641038719884,465.33417
595.543514608704,465.33417
574.1089565561673,465.33417
559.8192511878095,465.33417
490.5141801512742,465.33417
516.9501350827362,465.33417
538.3846931352728,465.33417
559.8192511878095,465.33417
581.2538092403462,465.33417
602.6883672928827,465.33417
516.9501350827362,465.33417
545.5295458194516,465.34915
431.21190287258946,465.37292
401.20352159903814,465.38205
452.6464609251261,465.33417
459.7913136093051,465.33417
531.239840451094,465.33417
545.5295458194516,465.33417
552.6743985036305,465.33417
451.93197565670835,465.33417
524.0949877669151,465.33417
466.93616629348395,465.3419
470.5085926355734,465.3541
731.2957156081027,465.3588
724.1508629239239,465.33417
724.1508629239239,465.33417
745.5854209764607,465.33417
795.599389765713,465.33417
752.7302736606395,465.33417
809.8890951340707,465.33417
902.7721800283962,465.33417
1138.5523186062997,465.36496
1374.3324571842027,465.51703
945.6412961334694,465.8211
859.903063923323,465.98285
859.903063923323,465.73074
788.4545370815339,465.33417
981.3655595543638,465.33417
838.4685058707862,465.33417
881.3376219758594,465.3509
781.3096843973549,465.39398
802.7442424498917,465.52585
724.1508629239239,465.63464
809.8890951340707,465.65506
795.599389765713,465.37292
781.3096843973549,465.38205
731.2957156081027,465.33417
752.7302736606395,465.33417
724.1508629239239,465.33417
759.8751263448185,465.33417
838.4685058707862,465.33417
309.03492197313057,465.35645
309.03492197313057,465.2188
318.3232304625631,464.98846
373.33859613074054,464.59927
373.33859613074054,464.61618
383.341389888591,464.64078
354.76197915187544,464.67453
354.76197915187544,464.65112
346.1881559308607,464.66705
346.1881559308607,464.59927
346.1881559308607,464.59927
346.1881559308607,464.59927
346.1881559308607,464.59927
364.05028764130793,464.59927
383.341389888591,464.59927
383.341389888591,464.59927
393.34418364644137,464.59927
373.33859613074054,464.59927
373.33859613074054,464.59927
373.33859613074054,464.59927
354.76197915187544,464.59927
354.76197915187544,464.59927
354.76197915187544,464.59927
354.76197915187544,464.59927
354.76197915187544,464.59927
336.89984744142816,464.59927
336.89984744142816,464.59927
336.89984744142816,464.59927
354.76197915187544,464.59927
396.2021247201129,464.59927
388.3427867675162,464.59927
371.90962559390476,464.59927
364.05028764130793,464.59927
356.905434957129,464.59927
356.905434957129,464.59927
356.905434957129,464.59927
349.0460970045323,464.59927
334.04190636775667,464.60562
326.8970536835777,464.61484
319.7522009993989,464.61963
319.7522009993989,464.59927
311.89286304680206,464.59927
319.7522009993989,464.59927
319.7522009993989,464.59927
304.7480103626232,464.59927
304.7480103626232,464.59927
289.7438197258476,464.59927
289.7438197258476,464.59927
289.7438197258476,464.59927
304.7480103626232,464.59927
289.7438197258476,464.59927
282.5989670416687,464.59927
276.16859962590763,464.59927
282.5989670416687,464.59927
282.5989670416687,464.59927
269.02374694172875,464.59927
261.8788942575498,464.59927
688.4265995030295,464.59927
688.4265995030295,464.59927
674.1368941346718,464.64566
631.2677780295984,464.7172
631.2677780295984,464.75848
638.4126307137773,464.61285
616.9780726612405,464.59927
595.543514608704,464.59927
588.3986619245251,464.59927
588.3986619245251,464.59927
574.1089565561673,464.59927
574.1089565561673,464.59927
574.1089565561673,464.59927
566.9641038719884,464.59927
552.6743985036305,464.59927
538.3846931352728,464.59927
538.3846931352728,464.59927
574.1089565561673,464.59927
538.3846931352728,464.59927
524.0949877669151,464.59927
516.9501350827362,464.59927
516.9501350827362,464.59927
502.6604297143783,464.59927
496.2300622986174,464.59927
487.6562390776028,464.59927
479.08241585658806,464.59927
479.08241585658806,464.59927
479.08241585658806,464.59927
411.9208006253065,464.59927
404.06146267270975,464.59927
396.2021247201129,464.59927
379.7689635465014,464.59927
371.90962559390476,464.59927
364.05028764130793,464.59927
364.05028764130793,464.59927
364.05028764130793,464.59927
349.0460970045323,464.59927
349.0460970045323,464.59927
334.04190636775667,464.59927
326.8970536835777,464.59927
326.8970536835777,464.59927
326.8970536835777,464.59927
326.8970536835777,464.59927
319.7522009993989,464.59927
304.7480103626232,464.59927
289.7438197258476,464.59927
289.7438197258476,464.59927
289.7438197258476,464.59927
276.16859962590763,464.59927
276.16859962590763,464.59927
282.5989670416687,464.59927
289.7438197258476,464.59927
289.7438197258476,464.59927
304.7480103626232,464.59927
289.7438197258476,464.60773
289.7438197258476,464.62006
321.89565680465256,464.6264
330.46948002566717,464.59927
321.89565680465256,464.59927
313.32183358363784,464.59927
304.0335250942053,464.59927
286.8858786521759,464.59927
278.3120554311613,464.59927
278.3120554311613,464.59927
278.3120554311613,464.59927
286.8858786521759,464.59927
286.8858786521759,464.59927
278.3120554311613,464.59927
278.3120554311613,464.59927
260.449923720714,464.59927
251.87610049969948,464.59927
251.87610049969948,464.59927
243.30227727868476,464.59927
243.30227727868476,464.59927
235.44293932608798,464.59927
243.30227727868476,464.59927
278.3120554311613,464.59927
278.3120554311613,464.60773
243.30227727868476,464.64322
235.44293932608798,464.68335
227.58360137349115,464.67383
219.7242634208944,464.59927
211.86492546829766,464.59927
211.86492546829766,464.59927
211.86492546829766,464.59927
446.93057877778307,464.59927
446.93057877778307,464.59927
451.93197565670835,464.59927
436.21329975151474,464.59927
446.93057877778307,464.59927
446.93057877778307,464.59927
446.93057877778307,464.59927
436.21329975151474,464.59927
436.21329975151474,464.59927
416.20771223581386,464.59927
420.49462384632113,464.59927
411.20631535688864,464.59927
406.2049184779634,464.59927
406.2049184779634,464.59927
396.9166099885309,464.59927
387.6283014990983,464.59927
406.2049184779634,464.59927
406.2049184779634,464.59927
401.9180068674561,464.59927
396.9166099885309,464.59927
401.9180068674561,464.59927
406.2049184779634,464.59927
396.9166099885309,464.59927
387.6283014990983,464.59927
436.21329975151474,464.59927
431.21190287258946,464.59927
406.2049184779634,464.59927
406.2049184779634,464.59927
3005.0,464.59927
3005.0,464.59927
3005.0,464.59927
3005.0,464.59927
3005.0,464.59927
3005.0,464.59927
3005.0,464.59927
3005.0,464.59927
3005.0,464.59927
3005.0,464.59927
3005.0,464.59927
688.4265995030295,464.64984
624.1229253454195,464.79605
588.3986619245251,464.9407
595.543514608704,464.83447
631.2677780295984,464.59927
595.543514608704,464.62878
566.9641038719884,464.71378
552.6743985036305,464.79694
552.6743985036305,464.73465
538.3846931352728,464.59927
538.3846931352728,464.59927
531.239840451094,464.59927
509.8052823985573,464.59927
487.6562390776028,464.59927
464.07822521981234,464.59927
457.64785780405145,464.59927
453.360946193544,464.59927
645.5574833979562,464.59927
666.9920414504927,464.59927
688.4265995030295,464.59927
674.1368941346718,464.59927
674.1368941346718,464.59927
674.1368941346718,464.59927
666.9920414504927,464.59927
659.8471887663139,464.59927
659.8471887663139,464.59927
659.8471887663139,464.59927
666.9920414504927,464.59927
645.5574833979562,464.59927
645.5574833979562,464.59927
645.5574833979562,464.59927
645.5574833979562,464.59927
645.5574833979562,464.59927
645.5574833979562,464.59927
659.8471887663139,464.60773
659.8471887663139,464.62006
638.4126307137773,464.7029
624.1229253454195,464.79025
602.6883672928827,464.84525
595.543514608704,464.59927
595.543514608704,464.59927
581.2538092403462,464.59927
574.1089565561673,464.59927
574.1089565561673,464.59927
574.1089565561673,464.59927
478.36793058817017,464.59927
478.36793058817017,464.59927
489.08520961443844,464.59927
478.36793058817017,464.59927
467.6506515619018,464.59927
489.08520961443844,464.59927
499.80248864070677,464.59927
509.8052823985573,464.59927
499.80248864070677,464.59927
489.08520961443844,464.59927
489.08520961443844,464.59927
478.36793058817017,464.59927
478.36793058817017,464.59927
456.93337253563345,464.59927
467.6506515619018,464.59927
456.93337253563345,464.62207
456.93337253563345,464.6721
446.93057877778307,464.71384
446.93057877778307,464.65347
425.49602072524647,464.59927
425.49602072524647,464.59927
436.21329975151474,464.59927
456.93337253563345,464.59927
456.93337253563345,464.59927
478.36793058817017,464.59927
467.6506515619018,464.64984
436.21329975151474,464.7234
425.49602072524647,464.76163
436.21329975151474,464.59927
302.6045545573695,464.59927
302.6045545573695,464.59927
288.3148491890118,464.59927
281.16999650483285,464.59927
273.3106585522361,464.59927
273.3106585522361,464.59927
266.1658058680572,464.59927
236.8719098629237,464.59927
229.72705717874481,464.59927
223.29668976298385,464.59927
223.29668976298385,464.59927
216.86632234722285,464.59927
203.291102247283,464.59927
196.86073483152202,464.59927
196.86073483152202,464.59927
190.43036741576097,464.59927
183.99999999999997,464.59927
183.99999999999997,464.59927
190.43036741576097,464.59927
236.8719098629237,464.59927
236.8719098629237,464.6225
216.86632234722285,464.6857
210.43595493146188,464.74603
203.291102247283,464.69406
196.86073483152202,464.59927
203.291102247283,464.59927
196.86073483152202,464.59927
203.291102247283,464.59927
443.3581524356936,464.59927
431.92638814100735,464.59927
420.49462384632113,464.59927
396.9166099885309,464.59927
443.3581524356936,464.59927
420.49462384632113,464.59927
408.348374283217,464.59927
396.9166099885309,464.59927
385.48484569384453,464.59927
385.48484569384453,464.59927
374.0530813991584,464.59927
374.0530813991584,464.59927
351.1895528097859,464.59927
341.18675905193555,464.59927
330.46948002566717,464.59927
320.4666862678168,464.8674
309.7494072415484,465.29062
309.7494072415484,465.429
320.4666862678168,464.63318
320.4666862678168,464.59927
309.7494072415484,464.59927
309.7494072415484,464.59927
309.7494072415484,464.59927
320.4666862678168,464.59927
320.4666862678168,464.59927
309.7494072415484,464.59927
341.18675905193555,464.60983
351.1895528097859,464.6252
443.3581524356936,464.63318
431.92638814100735,464.59927
420.49462384632113,464.59927
396.9166099885309,464.59927
443.3581524356936,464.59927
420.49462384632113,464.59927
408.348374283217,464.59927
396.9166099885309,464.59927
385.48484569384453,464.59927
385.48484569384453,464.59927
374.0530813991584,464.59927
374.0530813991584,464.59927
351.1895528097859,464.59927
341.18675905193555,464.59927
330.46948002566717,464.59927
320.4666862678168,464.59927
309.7494072415484,464.59927
309.7494072415484,464.59927
320.4666862678168,464.59927
320.4666862678168,464.59927
309.7494072415484,464.59927
309.7494072415484,464.59927
309.7494072415484,464.59927
320.4666862678168,464.59927
320.4666862678168,464.59927
309.7494072415484,464.59927
341.18675905193555,464.59927
431.92638814100735,464.6246
631.2677780295984,464.76404
645.5574833979562,464.9402
616.9780726612405,464.92944
602.6883672928827,464.59927
574.1089565561673,464.59927
602.6883672928827,464.59927
588.3986619245251,464.59927
688.4265995030295,464.6624
702.7163048713873,464.77948
645.5574833979562,464.8635
545.5295458194516,464.68054
574.1089565561673,464.59927
545.5295458194516,464.59927
516.9501350827362,464.59927
545.5295458194516,464.59927
531.239840451094,464.59927
516.9501350827362,464.59927
516.9501350827362,464.59927
488.37072434602055,464.59927
474.08101897766284,464.59927
459.7913136093051,464.59927
459.7913136093051,464.59927
459.7913136093051,464.59927
445.5016082409473,464.59927
445.5016082409473,464.59927
431.21190287258946,464.59927
431.21190287258946,464.59927
431.21190287258946,464.59927
459.7913136093051,464.59927
388.3427867675162,464.59927
374.0530813991584,464.59927
359.7633760308006,464.59927
349.0460970045323,464.59927
349.0460970045323,464.59927
349.0460970045323,464.59927
338.32881797826394,464.59927
327.6115389519956,464.59927
316.8942599257272,464.59927
402.632492135874,464.59927
459.7913136093051,464.59927
374.0530813991584,464.59927
349.0460970045323,464.59927
374.0530813991584,464.59927
416.92219750423175,464.59927
416.92219750423175,464.59927
388.3427867675162,464.59927
388.3427867675162,464.59927
338.32881797826394,464.59927
327.6115389519956,464.59927
316.8942599257272,464.62668
306.17698089945895,464.66666
284.74242284692224,464.68732
274.02514382065397,464.59927
263.30786479438564,464.59927
274.02514382065397,464.59927
295.4597018731906,464.6035
295.4597018731906,464.60968
443.3581524356936,464.61285
420.49462384632113,464.59927
408.348374283217,464.59927
396.9166099885309,464.59927
385.48484569384453,464.59927
385.48484569384453,464.59927
362.62131710447227,464.59927
351.1895528097859,464.59927
408.348374283217,464.59927
595.543514608704,464.59927
581.2538092403462,464.6851
516.9501350827362,464.81485
466.22168102506606,464.87482
396.9166099885309,464.59927
374.0530813991584,464.59927
374.0530813991584,464.59927
362.62131710447227,464.59927
351.1895528097859,464.59927
341.18675905193555,464.59927
330.46948002566717,464.59927
320.4666862678168,464.59927
320.4666862678168,464.59927
396.9166099885309,464.59927
351.1895528097859,464.6309
351.1895528097859,464.677
330.46948002566717,464.70084
309.7494072415484,464.59927
299.7466134836979,464.59927
374.0530813991584,464.59927
374.0530813991584,464.59927
374.0530813991584,464.59927
359.7633760308006,464.59927
349.0460970045323,464.59927
359.7633760308006,464.59927
359.7633760308006,464.59927
349.0460970045323,464.59927
338.32881797826394,464.59927
359.7633760308006,464.59927
359.7633760308006,464.59927
359.7633760308006,464.59927
359.7633760308006,464.59927
349.0460970045323,464.59927
349.0460970045323,464.59927
388.3427867675162,464.59927
445.5016082409473,464.633
388.3427867675162,464.7241
374.0530813991584,464.81033
349.0460970045323,464.73465
338.32881797826394,464.59927
316.8942599257272,464.59927
349.0460970045323,464.59927
474.08101897766284,464.59927
474.08101897766284,464.67712
374.0530813991584,464.7936
327.6115389519956,464.84927
338.32881797826394,464.59927
455.5044019987978,464.59927
439.07124082518624,464.59927
439.07124082518624,464.59927
423.3525649199928,464.59927
407.6338890147992,464.59927
396.9166099885309,464.59927
381.9124193517551,464.59927
371.1951403254868,464.59927
371.1951403254868,464.59927
566.9641038719884,464.59927
852.7582112391439,464.59927
1174.2765820271939,464.76053
845.6133585549649,465.1795
695.5714521872084,465.53488
616.9780726612405,465.14172
595.543514608704,464.59927
559.8192511878095,464.59927
524.0949877669151,464.6566
494.08660649336366,464.73993
499.80248864070677,464.78323
489.08520961443844,464.59927
466.93616629348395,464.59927
444.7871229725294,464.59927
439.07124082518624,464.59927
423.3525649199928,464.59927
559.8192511878095,464.59927
559.8192511878095,464.59927
852.7582112391439,464.64777
652.702336082135,464.7663
428.3539617989179,464.8728
418.3511680410675,464.7549
412.6352858937244,464.59927
407.6338890147992,464.59927
423.3525649199928,464.59927
407.6338890147992,464.59927
396.9166099885309,464.6183
386.9138162306804,464.64594
381.9124193517551,464.66025
371.1951403254868,464.59927
366.19374344656165,464.59927
355.4764644202933,464.59927
345.4736706624429,464.59927
335.4708769045924,464.59927
335.4708769045924,464.59927
335.4708769045924,464.59927
315.4652893888915,464.59927
306.17698089945895,464.59927
287.6003639205939,464.59927
278.3120554311613,464.59927
278.3120554311613,464.59927
282.5989670416687,464.59927
282.5989670416687,464.59927
306.17698089945895,464.59927
296.8886724100264,464.59927
301.17558402053373,464.59927
310.4638925099663,464.59927
306.17698089945895,464.59927
566.9641038719884,464.59927
559.8192511878095,464.59927
581.2538092403462,464.59927
588.3986619245251,464.59927
574.1089565561673,464.59927
552.6743985036305,464.59927
545.5295458194516,464.59927
545.5295458194516,464.59927
538.3846931352728,464.59927
524.0949877669151,464.59927
516.9501350827362,464.59927
516.9501350827362,464.59927
516.9501350827362,464.59927
516.9501350827362,464.59927
509.8052823985573,464.59927
494.08660649336366,464.59927
484.08381273551333,464.59927
474.08101897766284,464.59927
479.08241585658806,464.59927
516.9501350827362,464.59927
489.08520961443844,464.59927
474.08101897766284,464.59927
464.07822521981234,464.59927
449.7885198514546,464.59927
509.8052823985573,464.59927
545.5295458194516,464.59927
484.08381273551333,464.6603
509.8052823985573,464.8056
524.0949877669151,464.9336
516.9501350827362,464.7819
516.9501350827362,464.59927
509.8052823985573,464.59927
566.9641038719884,464.60605
494.08660649336366,464.61588
483.3693274670954,464.62097
477.6534453197523,464.59927
472.65204844082706,464.59927
472.65204844082706,464.59927
461.22028414614084,464.59927
461.22028414614084,464.59927
450.5030051198725,464.59927
444.7871229725294,464.59927
439.07124082518624,464.59927
428.3539617989179,464.59927
434.0698439462611,464.59927
428.3539617989179,464.59927
418.3511680410675,464.59927
407.6338890147992,464.59927
412.6352858937244,464.59927
407.6338890147992,464.59927
396.9166099885309,464.59927
418.3511680410675,464.59927
412.6352858937244,464.59927
407.6338890147992,464.59927
402.632492135874,464.59927
396.9166099885309,464.59927
450.5030051198725,464.59927
470.5085926355734,464.59927
465.5071957566481,464.59927
450.5030051198725,464.59927
440.50021136202207,464.59927
465.5071957566481,464.59927
481.2258716618417,464.63934
496.2300622986174,464.6975
475.5099895144986,464.72787
455.5044019987978,464.59927
440.50021136202207,464.59927
450.5030051198725,464.59927
496.2300622986174,464.59927
475.5099895144986,464.61703
445.5016082409473,464.64282
430.49741760417163,464.6562
421.209109114739,464.59927
411.9208006253065,464.59927
397.6310952569487,464.59927
392.6296983780235,464.59927
383.341389888591,464.59927
374.0530813991584,464.59927
374.0530813991584,464.59927
354.76197915187544,464.59927
345.4736706624429,464.59927
345.4736706624429,464.59927
336.1853621730103,464.59927
336.1853621730103,464.59927
345.4736706624429,464.59927
497.65903283545316,464.59927
484.08381273551333,464.59927
470.5085926355734,464.59927
440.50021136202207,464.59927
430.49741760417163,464.59927
427.6394765305,464.59927
414.7787416989781,464.59927
414.7787416989781,464.59927
411.9208006253065,464.59927
417.63668277264964,464.59927
427.6394765305,464.59927
450.5030051198725,464.59927
434.0698439462611,464.59927
421.209109114739,464.59927
411.9208006253065,464.59927
411.9208006253065,464.59927
405.49043320954553,464.59927
396.2021247201129,464.59927
383.341389888591,464.59927
383.341389888591,464.59927
374.0530813991584,464.59927
408.348374283217,464.59927
401.9180068674561,464.60562
392.6296983780235,464.67795
399.0600657937845,464.77457
421.209109114739,464.8021
421.209109114739,464.59927
411.9208006253065,464.65195
431.21190287258946,464.72855
408.348374283217,464.7684
470.5085926355734,464.59927
367.1940228223467,464.59927
405.49043320954553,464.59927
404.06146267270975,464.59927
574.1089565561673,464.59927
581.2538092403462,464.59927
524.0949877669151,464.59927
509.8052823985573,464.59927
497.65903283545316,464.59927
531.239840451094,464.59927
3005.0,464.59927
3005.0,464.6792
3005.0,464.7992
3005.0,464.856
3005.0,464.59927
3005.0,464.59927
3005.0,464.59927
3005.0,464.59927
3005.0,464.59927
3005.0,464.59927
3005.0,464.59927
3005.0,464.59927
3005.0,464.59927
3005.0,464.59927
3005.0,464.6582
3005.0,464.76077
3005.0,464.82968
3005.0,464.65347
3005.0,464.65402
3005.0,464.7337
3005.0,464.77518
3005.0,464.59927
3005.0,464.59927
3005.0,464.59927
3005.0,464.59927
3005.0,464.59927
3005.0,464.59927
3005.0,464.59927
484.7982980039311,464.59927
489.79969488285644,464.59927
492.6576359565279,464.59927
448.3595493146189,464.59927
439.7857260936042,464.59927
404.7759479411276,464.59927
509.8052823985573,464.59927
645.5574833979562,464.59927
724.1508629239239,464.71475
595.543514608704,464.9746
531.239840451094,465.1671
524.0949877669151,464.86273
447.64506404620096,464.59927
380.4834488149194,464.59927
516.9501350827362,464.60562
559.8192511878095,464.61484
659.8471887663139,464.61963
645.5574833979562,464.59927
659.8471887663139,464.59927
702.7163048713873,464.59927
645.5574833979562,464.59927
638.4126307137773,464.59927
602.6883672928827,464.59927
609.8332199770616,464.59927
566.9641038719884,464.59927
595.543514608704,464.59927
595.543514608704,464.59927
545.5295458194516,464.59927
566.9641038719884,464.59927
545.5295458194516,464.59927
509.8052823985573,464.59927
609.8332199770616,464.59927
588.3986619245251,464.59927
482.65484219867756,464.59927
538.3846931352728,464.59927
531.239840451094,464.59927
559.8192511878095,464.59927
396.2021247201129,464.59927
552.6743985036305,464.59927
595.543514608704,464.59927
581.2538092403462,464.59927
509.8052823985573,464.59927
595.543514608704,464.59927
652.702336082135,464.59927
545.5295458194516,464.59927
659.8471887663139,464.59927
652.702336082135,464.59927
581.2538092403462,464.62543
559.8192511878095,464.66354
538.3846931352728,464.68326
499.08800337228894,464.59927
688.4265995030295,464.59927
666.9920414504927,464.59927
616.9780726612405,464.59927
638.4126307137773,464.59927
516.9501350827362,464.59927
566.9641038719884,464.59927
461.9347694145587,464.59927
445.5016082409473,464.59927
494.08660649336366,464.59927
552.6743985036305,464.59927
609.8332199770616,464.59927
674.1368941346718,464.61703
509.8052823985573,464.64282
602.6883672928827,464.6562
581.2538092403462,464.59927
531.239840451094,464.59927
501.9459444459605,464.59927
531.239840451094,464.59927
559.8192511878095,464.6246
538.3846931352728,464.6615
531.239840451094,464.68054
524.0949877669151,464.59927
559.8192511878095,464.59927
538.3846931352728,464.59927
574.1089565561673,464.59927
559.8192511878095,464.59927
493.37212122494583,464.59927
502.6604297143783,464.59927
502.6604297143783,464.59927
502.6604297143783,464.59927
469.7941073671555,464.59927
602.6883672928827,464.59927
652.702336082135,464.59927
566.9641038719884,464.59927
552.6743985036305,464.59927
475.5099895144986,464.59927
485.512783272349,464.59927
616.9780726612405,464.59927
566.9641038719884,464.59927
581.2538092403462,464.59927
559.8192511878095,464.59927
581.2538092403462,464.59927
552.6743985036305,464.59927
552.6743985036305,464.59927
559.8192511878095,464.59927
516.9501350827362,464.59927
581.2538092403462,464.59927
566.9641038719884,464.59927
559.8192511878095,464.59927
446.2160935093652,464.59927
429.0684470673359,464.59927
538.3846931352728,464.59927
479.08241585658806,464.59927
500.5169739091247,464.59927
524.0949877669151,464.59927
645.5574833979562,464.59927
431.92638814100735,464.59927
479.79690112500595,464.59927
545.5295458194516,464.59927
472.65204844082706,464.6246
431.92638814100735,464.6615
394.05866891485925,464.68054
427.6394765305,464.59927
1538.6640689203173,464.61404
1252.8699615531614,464.6356
931.3515907651116,464.84247
702.7163048713873,465.10834
476.2244747829165,465.22684
538.3846931352728,464.63318
602.6883672928827,464.59927
531.239840451094,464.59927
531.239840451094,464.59927
566.9641038719884,464.59927
487.6562390776028,464.59927
456.21888726721556,464.59927
524.0949877669151,464.59927
489.79969488285644,464.59927
491.9431506881101,464.60434
709.8611575555663,464.61172
695.5714521872084,464.61554
631.2677780295984,464.59927
559.8192511878095,464.59927
501.9459444459605,464.59927
674.1368941346718,464.59927
552.6743985036305,464.59927
538.3846931352728,464.59927
524.0949877669151,464.59927
524.0949877669151,464.59927
545.5295458194516,464.59927
481.9403569302596,464.59927
465.5071957566481,464.59927
494.08660649336366,464.59927
481.9403569302596,464.59927
502.6604297143783,464.59927
516.9501350827362,464.59927
588.3986619245251,464.59927
652.702336082135,464.59927
559.8192511878095,464.59927
552.6743985036305,464.59927
545.5295458194516,464.59927
496.9445475670354,464.59927
516.9501350827362,464.59927
516.9501350827362,464.59927
509.8052823985573,464.59927
538.3846931352728,464.59927
516.9501350827362,464.59927
502.6604297143783,464.59927
439.07124082518624,464.59927
394.77315418327726,464.59927
326.8970536835777,464.59927
376.19653720441204,464.59927
409.062859551635,464.59927
411.9208006253065,464.59927
358.3344054939648,464.59927
284.02793757850446,464.59927
359.0488907623827,464.59927
370.48065505706893,464.59927
369.05168452023315,464.59927
423.3525649199928,464.59927
335.4708769045924,464.59927
369.05168452023315,464.59927
374.0530813991584,464.59927
303.3190398257874,464.59927
369.7661697886511,464.59927
369.05168452023315,464.59927
350.4750675413681,464.59927
369.05168452023315,464.59927
330.46948002566717,464.59927
338.32881797826394,464.59927
304.0335250942053,464.59927
319.7522009993989,464.59927
316.8942599257272,464.59927
316.8942599257272,464.59927
324.753597878324,464.59927
219.7242634208944,464.59927
401.20352159903814,464.59927
405.49043320954553,464.59927
524.0949877669151,464.59927
494.8010917617816,464.59927
436.21329975151474,464.59927
489.08520961443844,464.59927
479.79690112500595,464.59927
406.91940374638125,464.59927
473.36653370924495,464.59927
481.9403569302596,464.59927
731.2957156081027,464.6364
724.1508629239239,464.81595
609.8332199770616,465.0394
566.9641038719884,465.00208
524.0949877669151,464.61786
524.0949877669151,464.64493
477.6534453197523,464.6589
516.9501350827362,464.59927
482.65484219867756,464.59927
480.5113863934239,464.59927
509.8052823985573,464.59927
483.3693274670954,464.59927
443.3581524356936,464.59927
466.22168102506606,464.59927
429.0684470673359,464.59927
423.3525649199928,464.61237
418.3511680410675,464.63144
339.04330324668183,464.64127
581.2538092403462,464.59927
531.239840451094,464.59927
638.4126307137773,464.59927
588.3986619245251,464.59927
538.3846931352728,464.59927
483.3693274670954,464.59927
574.1089565561673,464.59927
486.9417538091848,464.59927
552.6743985036305,464.59927
545.5295458194516,464.59927
552.6743985036305,464.59927
559.8192511878095,464.59927
415.49322696739597,464.59927
552.6743985036305,464.59927
566.9641038719884,464.59927
415.49322696739597,464.59927
709.8611575555663,464.60394
674.1368941346718,464.64655
631.2677780295984,464.75443
566.9641038719884,464.84283
538.3846931352728,464.7684
501.23145917754255,464.59927
566.9641038719884,464.59927
574.1089565561673,464.59927
538.3846931352728,464.59927
566.9641038719884,464.59927
502.6604297143783,464.59927
545.5295458194516,464.59927
387.6283014990983,464.59927
397.6310952569487,464.59927
429.0684470673359,464.59927
439.07124082518624,464.59927
450.5030051198725,464.59927
381.9124193517551,464.59927
408.348374283217,464.59927
574.1089565561673,464.59927
498.37351810387116,464.59927
659.8471887663139,464.78046
509.8052823985573,465.19675
479.08241585658806,465.50793
411.9208006253065,465.04443
435.4988144830968,464.59927
451.2174903882904,464.59927
475.5099895144986,464.60983
493.37212122494583,464.6252
493.37212122494583,464.63318
486.227268540767,464.59927
449.7885198514546,464.59927
404.7759479411276,464.59927
391.2007278411878,464.59927
460.5057988777229,464.59927
418.3511680410675,464.59927
432.6408734094253,464.59927
418.3511680410675,464.59927
411.9208006253065,464.59927
415.49322696739597,464.59927
395.48763945169503,464.59927
408.348374283217,464.59927
426.21050599366424,464.59927
401.20352159903814,464.59927
387.6283014990983,464.59927
401.20352159903814,464.59927
581.2538092403462,464.59927
752.7302736606395,464.66956
652.702336082135,464.89307
474.7955042460807,465.15997
456.93337253563345,465.0612
509.8052823985573,464.70084
443.3581524356936,464.59927
473.36653370924495,464.59927
457.64785780405145,464.59927
488.37072434602055,464.59927
404.7759479411276,464.59927
446.93057877778307,464.59927
524.0949877669151,464.59927
824.1788005024284,464.72723
538.3846931352728,465.02676
538.3846931352728,465.256
516.9501350827362,464.92426
552.6743985036305,464.72644
481.9403569302596,464.92523
442.6436671672757,465.00467
472.65204844082706,464.59927
509.8052823985573,464.59927
538.3846931352728,464.59927
574.1089565561673,464.59927
574.1089565561673,464.59927
759.8751263448185,464.59927
738.4405682922817,464.59927
731.2957156081027,464.59927
717.0060102397449,464.59927
717.0060102397449,464.59927
709.8611575555663,464.59927
709.8611575555663,464.59927
731.2957156081027,464.59927
595.543514608704,464.59927
624.1229253454195,464.59927
509.8052823985573,464.59927
474.7955042460807,464.59927
581.2538092403462,464.59927
695.5714521872084,464.59927
745.5854209764607,464.65195
774.1648317131762,464.76828
681.2817468188507,464.91763
674.1368941346718,464.8563
581.2538092403462,464.7684
681.2817468188507,464.59927
602.6883672928827,464.59927
602.6883672928827,464.59927
531.239840451094,464.59927
552.6743985036305,464.59927
516.9501350827362,464.59927
531.239840451094,464.59927
545.5295458194516,464.60815
624.1229253454195,464.62106
616.9780726612405,464.62775
645.5574833979562,464.59927
638.4126307137773,464.59927
652.702336082135,464.64777
631.2677780295984,464.7182
624.1229253454195,464.7549
497.65903283545316,464.59927
588.3986619245251,464.59927
574.1089565561673,464.59927
509.8052823985573,464.59927
509.8052823985573,464.59927
509.8052823985573,464.59927
531.239840451094,464.59927
545.5295458194516,464.59927
602.6883672928827,464.59927
531.239840451094,464.59927
588.3986619245251,464.59927
695.5714521872084,464.59927
609.8332199770616,464.62207
574.1089565561673,464.65527
502.6604297143783,464.67242
559.8192511878095,464.59927
681.2817468188507,464.59927
666.9920414504927,464.59927
659.8471887663139,464.59927
659.8471887663139,464.60815
516.9501350827362,464.651
531.239840451094,464.70123
545.5295458194516,464.69543
602.6883672928827,464.59927
574.1089565561673,464.59927
559.8192511878095,464.59927
559.8192511878095,464.59927
559.8192511878095,464.59927
516.9501350827362,464.59927
559.8192511878095,464.6069
624.1229253454195,464.61795
494.08660649336366,464.62372
464.07822521981234,464.59927
404.06146267270975,464.59927
398.34558052536664,464.59927
383.341389888591,464.59927
381.1979340833373,464.59927
552.6743985036305,464.59927
428.3539617989179,464.59927
436.21329975151474,464.59927
430.49741760417163,464.59927
347.6171264676965,464.59927
311.89286304680206,464.59927
346.90264119927866,464.59927
453.360946193544,464.59927
466.22168102506606,464.59927
424.78153545682846,464.59927
369.05168452023315,464.59927
328.32602422041344,464.59927
616.9780726612405,464.59927
538.3846931352728,464.59927
588.3986619245251,464.59927
645.5574833979562,464.59927
531.239840451094,464.59927
524.0949877669151,464.59927
516.9501350827362,464.59927
509.8052823985573,464.59927
552.6743985036305,464.59927
545.5295458194516,464.59927
545.5295458194516,464.59927
427.6394765305,464.59927
588.3986619245251,464.59927
411.9208006253065,464.59927
448.3595493146189,464.59927
499.08800337228894,464.59927
481.2258716618417,464.59927
502.6604297143783,464.59927
489.79969488285644,464.59927
469.7941073671555,464.59927
501.9459444459605,464.59927
538.3846931352728,464.59927
516.9501350827362,464.59927
481.2258716618417,464.59927
391.9152131096056,464.59927
468.3651368303197,464.59927
509.8052823985573,464.59927
482.65484219867756,464.59927
674.1368941346718,464.59927
681.2817468188507,464.59927
659.8471887663139,464.59927
588.3986619245251,464.59927
624.1229253454195,464.59927
566.9641038719884,464.59927
595.543514608704,464.59927
574.1089565561673,464.59927
559.8192511878095,464.59927
490.5141801512742,464.59927
516.9501350827362,464.59927
538.3846931352728,464.59927
559.8192511878095,464.59927
581.2538092403462,464.59927
602.6883672928827,464.60983
516.9501350827362,464.6252
545.5295458194516,464.63318
431.21190287258946,464.59927
401.20352159903814,464.59927
452.6464609251261,464.59927
459.7913136093051,464.59927
531.239840451094,464.59927
545.5295458194516,464.59927
552.6743985036305,464.59927
451.93197565670835,464.59927
524.0949877669151,464.59927
466.93616629348395,464.59927
470.5085926355734,464.59927
731.2957156081027,464.59927
724.1508629239239,464.59927
724.1508629239239,464.59927
745.5854209764607,464.59927
795.599389765713,464.59927
752.7302736606395,464.59927
809.8890951340707,464.59927
902.7721800283962,464.59927
1138.5523186062997,464.62082
1374.3324571842027,464.85684
945.6412961334694,465.30466
859.903063923323,465.52176
859.903063923323,464.98395
788.4545370815339,464.59927
981.3655595543638,464.59927
838.4685058707862,464.60223
881.3376219758594,464.60657
781.3096843973549,464.6088
802.7442424498917,464.63342
724.1508629239239,464.68314
809.8890951340707,464.7224
795.599389765713,464.63248
781.3096843973549,464.64267
731.2957156081027,464.59927
752.7302736606395,464.59927
724.1508629239239,464.59927
759.8751263448185,464.59927
838.4685058707862,464.59927
309.03492197313057,464.60516
309.03492197313057,464.49084
318.3232304625631,464.39758
373.33859613074054,464.43182
373.33859613074054,464.4921
383.341389888591,464.5715
354.76197915187544,464.59583
354.76197915187544,464.45694
346.1881559308607,464.4379
346.1881559308607,464.43182
346.1881559308607,464.43182
346.1881559308607,464.44525
346.1881559308607,464.46625
364.05028764130793,464.47574
383.341389888591,464.44647
383.341389888591,464.43182
393.34418364644137,464.43182
373.33859613074054,464.43884
373.33859613074054,464.4614
373.33859613074054,464.49188
354.76197915187544,464.5089
354.76197915187544,464.49466
354.76197915187544,464.48672
354.76197915187544,464.46985
354.76197915187544,464.4733
336.89984744142816,464.43182
336.89984744142816,464.43182
336.89984744142816,464.43182
354.76197915187544,464.43182
396.2021247201129,464.43182
388.3427867675162,464.44098
371.90962559390476,464.45087
364.05028764130793,464.45258
356.905434957129,464.43182
356.905434957129,464.43182
356.905434957129,464.43182
349.0460970045323,464.43182
334.04190636775667,464.4458
326.8970536835777,464.4609
319.7522009993989,464.46356
319.7522009993989,464.44742
311.89286304680206,464.46426
319.7522009993989,464.47314
319.7522009993989,464.47348
304.7480103626232,464.50723
304.7480103626232,464.49915
289.7438197258476,464.43182
289.7438197258476,464.43182
289.7438197258476,464.43182
304.7480103626232,464.43182
289.7438197258476,464.43182
282.5989670416687,464.43182
276.16859962590763,464.43182
282.5989670416687,464.43182
282.5989670416687,464.43182
269.02374694172875,464.43182
261.8788942575498,464.43182
688.4265995030295,464.43182
688.4265995030295,464.43182
674.1368941346718,464.49734
631.2677780295984,464.5832
631.2677780295984,464.60605
638.4126307137773,464.4546
616.9780726612405,464.4803
595.543514608704,464.52988
588.3986619245251,464.5319
588.3986619245251,464.4375
574.1089565561673,464.46112
574.1089565561673,464.4861
574.1089565561673,464.48276
566.9641038719884,464.43182
552.6743985036305,464.43182
538.3846931352728,464.43182
538.3846931352728,464.43182
574.1089565561673,464.43396
538.3846931352728,464.4647
524.0949877669151,464.49655
516.9501350827362,464.50757
516.9501350827362,464.45422
502.6604297143783,464.45624
496.2300622986174,464.43182
487.6562390776028,464.43182
479.08241585658806,464.43182
479.08241585658806,464.43182
479.08241585658806,464.43182
411.9208006253065,464.43182
404.06146267270975,464.51346
396.2021247201129,464.61072
379.7689635465014,464.628
371.90962559390476,464.43182
364.05028764130793,464.43182
364.05028764130793,464.43344
364.05028764130793,464.43518
349.0460970045323,464.43546
349.0460970045323,464.43182
334.04190636775667,464.43182
326.8970536835777,464.43182
326.8970536835777,464.43182
326.8970536835777,464.43182
326.8970536835777,464.43182
319.7522009993989,464.43182
304.7480103626232,464.43182
289.7438197258476,464.43182
289.7438197258476,464.43182
289.7438197258476,464.43182
276.16859962590763,464.43182
276.16859962590763,464.43182
282.5989670416687,464.43988
289.7438197258476,464.45667
289.7438197258476,464.47928
304.7480103626232,464.47586
289.7438197258476,464.47064
289.7438197258476,464.45526
321.89565680465256,464.4633
330.46948002566717,464.44434
321.89565680465256,464.4428
313.32183358363784,464.43182
304.0335250942053,464.43182
286.8858786521759,464.43182
278.3120554311613,464.43182
278.3120554311613,464.43182
278.3120554311613,464.43182
286.8858786521759,464.43182
286.8858786521759,464.43182
278.3120554311613,464.43182
278.3120554311613,464.44153
260.449923720714,464.4627
251.87610049969948,464.47617
251.87610049969948,464.45624
243.30227727868476,464.43182
243.30227727868476,464.43182
235.44293932608798,464.43182
243.30227727868476,464.43182
278.3120554311613,464.43182
278.3120554311613,464.46307
243.30227727868476,464.49805
235.44293932608798,464.50388
227.58360137349115,464.43182
219.7242634208944,464.43182
211.86492546829766,464.43182
211.86492546829766,464.43182
211.86492546829766,464.43182
446.93057877778307,464.43182
446.93057877778307,464.43182
451.93197565670835,464.43182
436.21329975151474,464.44797
446.93057877778307,464.4654
446.93057877778307,464.47275
446.93057877778307,464.44345
436.21329975151474,464.45633
436.21329975151474,464.46234
416.20771223581386,464.47018
420.49462384632113,464.47195
411.20631535688864,464.47934
406.2049184779634,464.47037
406.2049184779634,464.4379
396.9166099885309,464.43182
387.6283014990983,464.43182
406.2049184779634,464.43182
406.2049184779634,464.49826
401.9180068674561,464.58636
396.9166099885309,464.6106
401.9180068674561,464.4538
406.2049184779634,464.43182
396.9166099885309,464.43182
387.6283014990983,464.43182
436.21329975151474,464.43182
431.21190287258946,464.43182
406.2049184779634,464.43182
406.2049184779634,464.43182
3005.0,464.43182
3005.0,464.43182
3005.0,464.43182
3005.0,464.43182
3005.0,464.43182
3005.0,464.43182
3005.0,464.43182
3005.0,464.43182
3005.0,464.43182
3005.0,464.43182
3005.0,464.43182
688.4265995030295,464.43182
624.1229253454195,464.51773
588.3986619245251,464.6202
595.543514608704,464.6385
631.2677780295984,464.4345
595.543514608704,464.50623
566.9641038719884,464.6025
552.6743985036305,464.6265
552.6743985036305,464.46478
538.3846931352728,464.43182
538.3846931352728,464.43182
531.239840451094,464.43182
509.8052823985573,464.43182
487.6562390776028,464.43182
464.07822521981234,464.43182
457.64785780405145,464.43182
453.360946193544,464.43182
645.5574833979562,464.43182
666.9920414504927,464.43182
688.4265995030295,464.43182
674.1368941346718,464.51727
674.1368941346718,464.61917
674.1368941346718,464.64215
666.9920414504927,464.4419
659.8471887663139,464.4428
659.8471887663139,464.43182
659.8471887663139,464.43182
666.9920414504927,464.43182
645.5574833979562,464.43182
645.5574833979562,464.43182
645.5574833979562,464.43182
645.5574833979562,464.43182
645.5574833979562,464.43182
645.5574833979562,464.43182
659.8471887663139,464.44257
659.8471887663139,464.47086
638.4126307137773,464.49088
624.1229253454195,464.46964
602.6883672928827,464.43182
595.543514608704,464.43182
595.543514608704,464.43182
581.2538092403462,464.43182
574.1089565561673,464.43182
574.1089565561673,464.4372
574.1089565561673,464.48663
478.36793058817017,464.5379
478.36793058817017,464.53433
489.08520961443844,464.43182
478.36793058817017,464.43182
467.6506515619018,464.43182
489.08520961443844,464.43182
499.80248864070677,464.43182
509.8052823985573,464.43182
499.80248864070677,464.43182
489.08520961443844,464.43182
489.08520961443844,464.43182
478.36793058817017,464.43182
478.36793058817017,464.43182
456.93337253563345,464.43182
467.6506515619018,464.44153
456.93337253563345,464.45465
456.93337253563345,464.50247
446.93057877778307,464.53076
446.93057877778307,464.53317
425.49602072524647,464.43182
425.49602072524647,464.43182
436.21329975151474,464.43988
456.93337253563345,464.46204
456.93337253563345,464.50546
478.36793058817017,464.52
467.6506515619018,464.56503
436.21329975151474,464.6106
425.49602072524647,464.67395
436.21329975151474,464.5332
302.6045545573695,464.48157
302.6045545573695,464.43182
288.3148491890118,464.43182
281.16999650483285,464.43182
273.3106585522361,464.43182
273.3106585522361,464.43182
266.1658058680572,464.43182
236.8719098629237,464.43182
229.72705717874481,464.43182
223.29668976298385,464.43182
223.29668976298385,464.43182
216.86632234722285,464.43182
203.291102247283,464.43182
196.86073483152202,464.43182
196.86073483152202,464.43182
190.43036741576097,464.43182
183.99999999999997,464.43182
183.99999999999997,464.43182
190.43036741576097,464.43182
236.8719098629237,464.43182
236.8719098629237,464.4893
216.86632234722285,464.638
210.43595493146188,464.74738
203.291102247283,464.6318
196.86073483152202,464.43906
203.291102247283,464.44128
196.86073483152202,464.43546
203.291102247283,464.43182
443.3581524356936,464.43182
431.92638814100735,464.43182
420.49462384632113,464.43182
396.9166099885309,464.43182
443.3581524356936,464.43182
420.49462384632113,464.43182
408.348374283217,464.43182
396.9166099885309,464.43182
385.48484569384453,464.4372
385.48484569384453,464.45645
374.0530813991584,464.472
374.0530813991584,464.50494
351.1895528097859,464.79962
341.18675905193555,465.1583
330.46948002566717,465.13843
320.4666862678168,464.61197
309.7494072415484,464.82318
309.7494072415484,464.85303
320.4666862678168,464.45624
320.4666862678168,464.43182
309.7494072415484,464.4607
309.7494072415484,464.49277
309.7494072415484,464.49854
320.4666862678168,464.43295
320.4666862678168,464.54968
309.7494072415484,464.81064
341.18675905193555,464.9853
351.1895528097859,464.73355
443.3581524356936,464.47113
431.92638814100735,464.51205
420.49462384632113,464.51794
396.9166099885309,464.43182
443.3581524356936,464.43182
420.49462384632113,464.47882
408.348374283217,464.5332
396.9166099885309,464.54257
385.48484569384453,464.43182
385.48484569384453,464.43182
374.0530813991584,464.43182
374.0530813991584,464.43182
351.1895528097859,464.43182
341.18675905193555,464.43237
330.46948002566717,464.43295
320.4666862678168,464.43304
309.7494072415484,464.43182
309.7494072415484,464.43182
320.4666862678168,464.43182
320.4666862678168,464.43182
309.7494072415484,464.43182
309.7494072415484,464.43182
309.7494072415484,464.43182
320.4666862678168,464.43182
320.4666862678168,464.43182
309.7494072415484,464.43182
341.18675905193555,464.43182
431.92638814100735,464.4329
631.2677780295984,464.54593
645.5574833979562,464.70453
616.9780726612405,464.76578
602.6883672928827,464.52762
574.1089565561673,464.51428
602.6883672928827,464.51257
588.3986619245251,464.4863
688.4265995030295,464.43182
702.7163048713873,464.5272
645.5574833979562,464.65842
545.5295458194516,464.6974
574.1089565561673,464.47086
545.5295458194516,464.43344
516.9501350827362,464.45615
545.5295458194516,464.48123
531.239840451094,464.48373
516.9501350827362,464.43668
516.9501350827362,464.43182
488.37072434602055,464.43182
474.08101897766284,464.4372
459.7913136093051,464.44302
459.7913136093051,464.44403
459.7913136093051,464.44153
445.5016082409473,464.45193
445.5016082409473,464.4538
431.21190287258946,464.43182
431.21190287258946,464.43182
431.21190287258946,464.43182
459.7913136093051,464.43182
388.3427867675162,464.43237
374.0530813991584,464.43295
359.7633760308006,464.43735
349.0460970045323,464.44077
349.0460970045323,464.44162
349.0460970045323,464.43182
338.32881797826394,464.43182
327.6115389519956,464.43182
316.8942599257272,464.43182
402.632492135874,464.43182
459.7913136093051,464.43182
374.0530813991584,464.43182
349.0460970045323,464.43182
374.0530813991584,464.43182
416.92219750423175,464.43182
416.92219750423175,464.43182
388.3427867675162,464.43182
388.3427867675162,464.44202
338.32881797826394,464.4531
327.6115389519956,464.45502
316.8942599257272,464.47882
306.17698089945895,464.53854
284.74242284692224,464.5537
274.02514382065397,464.44403
263.30786479438564,464.4329
274.02514382065397,464.43405
295.4597018731906,464.43423
295.4597018731906,464.43182
443.3581524356936,464.43182
420.49462384632113,464.46783
408.348374283217,464.50873
396.9166099885309,464.5156
385.48484569384453,464.43182
385.48484569384453,464.43182
362.62131710447227,464.43182
351.1895528097859,464.43182
408.348374283217,464.43182
595.543514608704,464.43182
581.2538092403462,464.5461
516.9501350827362,464.7055
466.22168102506606,464.75403
396.9166099885309,464.48212
374.0530813991584,464.43295
374.0530813991584,464.43304
362.62131710447227,464.4372
351.1895528097859,464.44354
341.18675905193555,464.54047
330.46948002566717,464.6426
320.4666862678168,464.66187
320.4666862678168,464.43182
396.9166099885309,464.43182
351.1895528097859,464.4764
351.1895528097859,464.58398
330.46948002566717,464.65884
309.7494072415484,464.56598
299.7466134836979,464.43182
374.0530813991584,464.43182
374.0530813991584,464.43182
374.0530813991584,464.4372
359.7633760308006,464.44302
349.0460970045323,464.44403
359.7633760308006,464.43182
359.7633760308006,464.43237
349.0460970045323,464.55334
338.32881797826394,464.6987
359.7633760308006,464.72375
359.7633760308006,464.46307
359.7633760308006,464.50076
359.7633760308006,464.50946
349.0460970045323,464.4379
349.0460970045323,464.43182
388.3427867675162,464.43182
445.5016082409473,464.4528
388.3427867675162,464.50848
374.0530813991584,464.5496
349.0460970045323,464.58704
338.32881797826394,464.60968
316.8942599257272,464.6321
349.0460970045323,464.44403
474.08101897766284,464.43237
474.08101897766284,464.53775
374.0530813991584,464.66486
327.6115389519956,464.68747
338.32881797826394,464.43423
455.5044019987978,464.49402
439.07124082518624,464.5672
439.07124082518624,464.58002
423.3525649199928,464.43182
407.6338890147992,464.44525
396.9166099885309,464.4598
381.9124193517551,464.46234
371.1951403254868,464.43182
371.1951403254868,464.43182
566.9641038719884,464.43182
852.7582112391439,464.50824
1174.2765820271939,464.66052
845.6133585549649,464.84473
695.5714521872084,464.8428
616.9780726612405,464.77753
595.543514608704,464.55545
559.8192511878095,464.43182
524.0949877669151,464.43237
494.08660649336366,464.43295
499.80248864070677,464.43304
489.08520961443844,464.43182
466.93616629348395,464.43344
444.7871229725294,464.43787
439.07124082518624,464.4556
423.3525649199928,464.46814
559.8192511878095,464.46478
559.8192511878095,464.44525
852.7582112391439,464.50623
652.702336082135,464.6759
428.3539617989179,464.79233
418.3511680410675,464.7086
412.6352858937244,464.4345
407.6338890147992,464.44815
423.3525649199928,464.46838
407.6338890147992,464.49286
396.9166099885309,464.49954
386.9138162306804,464.50436
381.9124193517551,464.48056
371.1951403254868,464.5042
366.19374344656165,464.51636
355.4764644202933,464.50388
345.4736706624429,464.43182
335.4708769045924,464.43182
335.4708769045924,464.43182
335.4708769045924,464.43182
315.4652893888915,464.43182
306.17698089945895,464.43182
287.6003639205939,464.43182
278.3120554311613,464.43182
278.3120554311613,464.43182
282.5989670416687,464.49683
282.5989670416687,464.57355
306.17698089945895,464.5876
296.8886724100264,464.48328
301.17558402053373,464.54187
310.4638925099663,464.55182
306.17698089945895,464.43945
566.9641038719884,464.44708
559.8192511878095,464.44742
581.2538092403462,464.43546
588.3986619245251,464.43182
574.1089565561673,464.4528
552.6743985036305,464.47543
545.5295458194516,464.5104
545.5295458194516,464.49805
538.3846931352728,464.51996
524.0949877669151,464.4772
516.9501350827362,464.493
516.9501350827362,464.45868
516.9501350827362,464.43182
516.9501350827362,464.43182
509.8052823985573,464.43182
494.08660649336366,464.43182
484.08381273551333,464.43182
474.08101897766284,464.43182
479.08241585658806,464.43182
516.9501350827362,464.43182
489.08520961443844,464.4726
474.08101897766284,464.52042
464.07822521981234,464.52954
449.7885198514546,464.43802
509.8052823985573,464.43967
545.5295458194516,464.4409
484.08381273551333,464.49133
509.8052823985573,464.55994
524.0949877669151,464.57065
516.9501350827362,464.43182
516.9501350827362,464.43182
509.8052823985573,464.43182
566.9641038719884,464.43182
494.08660649336366,464.43182
483.3693274670954,464.43182
477.6534453197523,464.43182
472.65204844082706,464.43182
472.65204844082706,464.43182
461.22028414614084,464.43182
461.22028414614084,464.43182
450.5030051198725,464.43182
444.7871229725294,464.43182
439.07124082518624,464.43182
428.3539617989179,464.43182
434.0698439462611,464.43182
428.3539617989179,464.43182
418.3511680410675,464.43182
407.6338890147992,464.43182
412.6352858937244,464.43182
407.6338890147992,464.43182
396.9166099885309,464.43182
418.3511680410675,464.52432
412.6352858937244,464.63507
407.6338890147992,464.6549
402.632492135874,464.43182
396.9166099885309,464.4372
450.5030051198725,464.44733
470.5085926355734,464.453
465.5071957566481,464.44162
450.5030051198725,464.44257
440.50021136202207,464.45422
465.5071957566481,464.45624
481.2258716618417,464.43182
496.2300622986174,464.48453
475.5099895144986,464.55127
455.5044019987978,464.57095
440.50021136202207,464.48767
450.5030051198725,464.51816
496.2300622986174,464.51794
475.5099895144986,464.49164
445.5016082409473,464.56186
430.49741760417163,464.5742
421.209109114739,464.43182
411.9208006253065,464.43182
397.6310952569487,464.43182
392.6296983780235,464.43182
383.341389888591,464.43182
374.0530813991584,464.43182
374.0530813991584,464.43182
354.76197915187544,464.43182
345.4736706624429,464.43182
345.4736706624429,464.43182
336.1853621730103,464.43182
336.1853621730103,464.43182
345.4736706624429,464.46692
497.65903283545316,464.5066
484.08381273551333,464.51324
470.5085926355734,464.43182
440.50021136202207,464.43182
430.49741760417163,464.43182
427.6394765305,464.43182
414.7787416989781,464.43182
414.7787416989781,464.43182
411.9208006253065,464.43182
417.63668277264964,464.43182
427.6394765305,464.43182
450.5030051198725,464.43182
434.0698439462611,464.43182
421.209109114739,464.43182
411.9208006253065,464.43182
411.9208006253065,464.43182
405.49043320954553,464.43344
396.2021247201129,464.43518
383.341389888591,464.43546
383.341389888591,464.43182
374.0530813991584,464.47974
408.348374283217,464.5423
401.9180068674561,464.5594
392.6296983780235,464.48608
399.0600657937845,464.51404
421.209109114739,464.5295
421.209109114739,464.45935
411.9208006253065,464.48322
431.21190287258946,464.4947
408.348374283217,464.48978
470.5085926355734,464.4684
367.1940228223467,464.43182
405.49043320954553,464.43182
404.06146267270975,464.43182
574.1089565561673,464.43182
581.2538092403462,464.43182
524.0949877669151,464.4329
509.8052823985573,464.43405
497.65903283545316,464.43423
531.239840451094,464.43182
3005.0,464.43182
3005.0,464.52197
3005.0,464.62976
3005.0,464.64905
3005.0,464.43182
3005.0,464.43182
3005.0,464.43182
3005.0,464.43182
3005.0,464.52628
3005.0,464.6393
3005.0,464.6622
3005.0,464.48486
3005.0,464.54034
3005.0,464.5437
3005.0,464.5182
3005.0,464.66766
3005.0,464.74026
3005.0,464.5506
3005.0,464.5828
3005.0,464.75525
3005.0,464.77533
3005.0,464.45013
3005.0,464.43182
3005.0,464.43182
3005.0,464.43182
3005.0,464.43182
3005.0,464.43182
3005.0,464.43182
484.7982980039311,464.43182
489.79969488285644,464.43182
492.6576359565279,464.43182
448.3595493146189,464.43182
439.7857260936042,464.43182
404.7759479411276,464.43182
509.8052823985573,464.44153
645.5574833979562,464.45193
724.1508629239239,464.61597
595.543514608704,464.83804
531.239840451094,464.92557
524.0949877669151,464.53668
447.64506404620096,464.43182
380.4834488149194,464.43182
516.9501350827362,464.4469
559.8192511878095,464.46317
659.8471887663139,464.51764
645.5574833979562,464.54382
659.8471887663139,464.55426
702.7163048713873,464.43182
645.5574833979562,464.43182
638.4126307137773,464.43182
602.6883672928827,464.43182
609.8332199770616,464.51535
566.9641038719884,464.62027
595.543514608704,464.6438
595.543514608704,464.44675
545.5295458194516,464.4374
566.9641038719884,464.4379
545.5295458194516,464.44797
509.8052823985573,464.4654
609.8332199770616,464.4684
588.3986619245251,464.4726
482.65484219867756,464.51938
538.3846931352728,464.5273
531.239840451094,464.43182
559.8192511878095,464.52954
396.2021247201129,464.6467
552.6743985036305,464.66772
595.543514608704,464.43182
581.2538092403462,464.43182
509.8052823985573,464.43182
595.543514608704,464.43613
652.702336082135,464.44077
545.5295458194516,464.44162
659.8471887663139,464.43182
652.702336082135,464.43182
581.2538092403462,464.45828
559.8192511878095,464.5138
538.3846931352728,464.5476
499.08800337228894,464.49213
688.4265995030295,464.43182
666.9920414504927,464.43182
616.9780726612405,464.43182
638.4126307137773,464.43182
516.9501350827362,464.43344
566.9641038719884,464.43518
461.9347694145587,464.43546
445.5016082409473,464.43182
494.08660649336366,464.43182
552.6743985036305,464.43182
609.8332199770616,464.43182
674.1368941346718,464.4329
509.8052823985573,464.43405
602.6883672928827,464.43423
581.2538092403462,464.43182
531.239840451094,464.43182
501.9459444459605,464.43182
531.239840451094,464.43182
559.8192511878095,464.4345
538.3846931352728,464.4374
531.239840451094,464.4379
524.0949877669151,464.43182
559.8192511878095,464.43182
538.3846931352728,464.43182
574.1089565561673,464.43182
559.8192511878095,464.43182
493.37212122494583,464.43182
502.6604297143783,464.43182
502.6604297143783,464.43182
502.6604297143783,464.43182
469.7941073671555,464.43182
602.6883672928827,464.43182
652.702336082135,464.43182
566.9641038719884,464.49878
552.6743985036305,464.5778
475.5099895144986,464.5917
485.512783272349,464.43182
616.9780726612405,464.43182
566.9641038719884,464.43182
581.2538092403462,464.43182
559.8192511878095,464.43396
581.2538092403462,464.4363
552.6743985036305,464.43668
552.6743985036305,464.4345
559.8192511878095,464.44815
516.9501350827362,464.4603
581.2538092403462,464.45624
566.9641038719884,464.43182
559.8192511878095,464.43182
446.2160935093652,464.43182
429.0684470673359,464.43182
538.3846931352728,464.43182
479.08241585658806,464.43182
500.5169739091247,464.43182
524.0949877669151,464.43182
645.5574833979562,464.44257
431.92638814100735,464.53525
479.79690112500595,464.63657
545.5295458194516,464.67276
472.65204844082706,464.52548
431.92638814100735,464.54233
394.05866891485925,464.46317
427.6394765305,464.47675
1538.6640689203173,464.50537
1252.8699615531614,464.62634
931.3515907651116,465.16513
702.7163048713873,465.68408
476.2244747829165,465.67462
538.3846931352728,464.4764
602.6883672928827,464.5343
531.239840451094,464.55005
531.239840451094,464.44647
566.9641038719884,464.43182
487.6562390776028,464.43182
456.21888726721556,464.43182
524.0949877669151,464.43182
489.79969488285644,464.43182
491.9431506881101,464.49402
709.8611575555663,464.61703
695.5714521872084,464.70312
631.2677780295984,464.59265
559.8192511878095,464.48834
501.9459444459605,464.45624
674.1368941346718,464.43182
552.6743985036305,464.43182
538.3846931352728,464.43182
524.0949877669151,464.43182
524.0949877669151,464.43182
545.5295458194516,464.43182
481.9403569302596,464.43182
465.5071957566481,464.43182
494.08660649336366,464.43182
481.9403569302596,464.43182
502.6604297143783,464.43182
516.9501350827362,464.43182
588.3986619245251,464.43182
652.702336082135,464.43182
559.8192511878095,464.43182
552.6743985036305,464.45334
545.5295458194516,464.50058
496.9445475670354,464.5306
516.9501350827362,464.4863
516.9501350827362,464.43182
509.8052823985573,464.43182
538.3846931352728,464.43182
516.9501350827362,464.43182
502.6604297143783,464.4345
439.07124082518624,464.4374
394.77315418327726,464.4379
326.8970536835777,464.43182
376.19653720441204,464.43182
409.062859551635,464.4329
411.9208006253065,464.43405
358.3344054939648,464.43423
284.02793757850446,464.43182
359.0488907623827,464.43182
370.48065505706893,464.43182
369.05168452023315,464.43182
423.3525649199928,464.43182
335.4708769045924,464.4559
369.05168452023315,464.4821
374.0530813991584,464.4863
303.3190398257874,464.43182
369.7661697886511,464.43182
369.05168452023315,464.43182
350.4750675413681,464.43182
369.05168452023315,464.43182
330.46948002566717,464.43182
338.32881797826394,464.43182
304.0335250942053,464.43182
319.7522009993989,464.43182
316.8942599257272,464.43182
316.8942599257272,464.43182
324.753597878324,464.43182
219.7242634208944,464.43182
401.20352159903814,464.43182
405.49043320954553,464.43182
524.0949877669151,464.43182
494.8010917617816,464.43182
436.21329975151474,464.43182
489.08520961443844,464.43182
479.79690112500595,464.43182
406.91940374638125,464.43182
473.36653370924495,464.43182
481.9403569302596,464.43182
731.2957156081027,464.60406
724.1508629239239,464.87875
609.8332199770616,464.99084
566.9641038719884,464.5812
524.0949877669151,464.46692
524.0949877669151,464.5066
477.6534453197523,464.51324
516.9501350827362,464.43182
482.65484219867756,464.43182
480.5113863934239,464.43182
509.8052823985573,464.43182
483.3693274670954,464.43182
443.3581524356936,464.43182
466.22168102506606,464.4329
429.0684470673359,464.43405
423.3525649199928,464.4617
418.3511680410675,464.48956
339.04330324668183,464.49448
581.2538092403462,464.4329
531.239840451094,464.43405
638.4126307137773,464.43423
588.3986619245251,464.43182
538.3846931352728,464.43182
483.3693274670954,464.43182
574.1089565561673,464.43182
486.9417538091848,464.43182
552.6743985036305,464.43182
545.5295458194516,464.43182
552.6743985036305,464.43182
559.8192511878095,464.43182
415.49322696739597,464.43182
552.6743985036305,464.43182
566.9641038719884,464.43182
415.49322696739597,464.4356
709.8611575555663,464.44235
674.1368941346718,464.55872
631.2677780295984,464.74078
566.9641038719884,464.82333
538.3846931352728,464.56247
501.23145917754255,464.43182
566.9641038719884,464.44257
574.1089565561673,464.45422
538.3846931352728,464.45624
566.9641038719884,464.44257
502.6604297143783,464.47827
545.5295458194516,464.50647
387.6283014990983,464.4863
397.6310952569487,464.43182
429.0684470673359,464.43182
439.07124082518624,464.43182
450.5030051198725,464.43182
381.9124193517551,464.43182
408.348374283217,464.43182
574.1089565561673,464.43182
498.37351810387116,464.43182
659.8471887663139,464.62787
509.8052823985573,464.94666
479.08241585658806,465.08237
411.9208006253065,464.61514
435.4988144830968,464.43182
451.2174903882904,464.43182
475.5099895144986,464.43182
493.37212122494583,464.43182
493.37212122494583,464.43182
486.227268540767,464.43182
449.7885198514546,464.43182
404.7759479411276,464.43182
391.2007278411878,464.43182
460.5057988777229,464.43182
418.3511680410675,464.43182
432.6408734094253,464.43182
418.3511680410675,464.43182
411.9208006253065,464.43182
415.49322696739597,464.43182
395.48763945169503,464.43182
408.348374283217,464.43182
426.21050599366424,464.43182
401.20352159903814,464.43182
387.6283014990983,464.45175
401.20352159903814,464.47696
581.2538092403462,464.48468
752.7302736606395,464.48398
652.702336082135,464.62573
474.7955042460807,464.76007
456.93337253563345,464.68582
509.8052823985573,464.44403
443.3581524356936,464.43182
473.36653370924495,464.43182
457.64785780405145,464.43182
488.37072434602055,464.43182
404.7759479411276,464.43182
446.93057877778307,464.43182
524.0949877669151,464.4372
824.1788005024284,464.58044
538.3846931352728,464.8002
538.3846931352728,464.88226
516.9501350827362,464.56216
552.6743985036305,464.4379
481.9403569302596,464.43182
442.6436671672757,464.43182
472.65204844082706,464.4883
509.8052823985573,464.60196
538.3846931352728,464.66898
574.1089565561673,464.5449
574.1089565561673,464.43182
759.8751263448185,464.43182
738.4405682922817,464.43182
731.2957156081027,464.43182
717.0060102397449,464.43182
717.0060102397449,464.43182
709.8611575555663,464.43182
709.8611575555663,464.43182
731.2957156081027,464.43182
595.543514608704,464.43182
624.1229253454195,464.43182
509.8052823985573,464.43182
474.7955042460807,464.43182
581.2538092403462,464.43182
695.5714521872084,464.43988
745.5854209764607,464.48743
774.1648317131762,464.5644
681.2817468188507,464.61963
674.1368941346718,464.56995
581.2538092403462,464.50388
681.2817468188507,464.43182
602.6883672928827,464.43182
602.6883672928827,464.43182
531.239840451094,464.43182
552.6743985036305,464.43182
516.9501350827362,464.43182
531.239840451094,464.43182
545.5295458194516,464.45438
624.1229253454195,464.50378
616.9780726612405,464.53506
645.5574833979562,464.48862
638.4126307137773,464.43182
652.702336082135,464.45544
631.2677780295984,464.48105
624.1229253454195,464.4851
497.65903283545316,464.43182
588.3986619245251,464.43182
574.1089565561673,464.43182
509.8052823985573,464.43182
509.8052823985573,464.43182
509.8052823985573,464.43182
531.239840451094,464.43182
545.5295458194516,464.43182
602.6883672928827,464.4345
531.239840451094,464.4374
588.3986619245251,464.4379
695.5714521872084,464.45334
609.8332199770616,464.5589
574.1089565561673,464.66107
502.6604297143783,464.63034
559.8192511878095,464.43182
681.2817468188507,464.43182
666.9920414504927,464.43182
659.8471887663139,464.47165
659.8471887663139,464.51724
516.9501350827362,464.5437
531.239840451094,464.47098
545.5295458194516,464.47452
602.6883672928827,464.43182
574.1089565561673,464.43182
559.8192511878095,464.43182
559.8192511878095,464.43182
559.8192511878095,464.43182
516.9501350827362,464.43182
559.8192511878095,464.4383
624.1229253454195,464.46405
494.08660649336366,464.48563
464.07822521981234,464.47452
404.06146267270975,464.43182
398.34558052536664,464.43182
383.341389888591,464.43182
381.1979340833373,464.43182
552.6743985036305,464.43182
428.3539617989179,464.43182
436.21329975151474,464.43182
430.49741760417163,464.43182
347.6171264676965,464.43182
311.89286304680206,464.43182
346.90264119927866,464.43182
453.360946193544,464.43182
466.22168102506606,464.43182
424.78153545682846,464.4356
369.05168452023315,464.43967
328.32602422041344,464.4511
616.9780726612405,464.4741
538.3846931352728,464.4976
588.3986619245251,464.47687
645.5574833979562,464.43237
531.239840451094,464.43295
524.0949877669151,464.43304
516.9501350827362,464.43182
509.8052823985573,464.43182
552.6743985036305,464.43182
545.5295458194516,464.43182
545.5295458194516,464.43182
427.6394765305,464.43182
588.3986619245251,464.43182
411.9208006253065,464.43182
448.3595493146189,464.43182
499.08800337228894,464.43182
481.2258716618417,464.43182
502.6604297143783,464.43182
489.79969488285644,464.43182
469.7941073671555,464.43182
501.9459444459605,464.43182
538.3846931352728,464.43182
516.9501350827362,464.43182
481.2258716618417,464.43182
391.9152131096056,464.43182
468.3651368303197,464.43182
509.8052823985573,464.43182
482.65484219867756,464.43182
674.1368941346718,464.43182
681.2817468188507,464.43182
659.8471887663139,464.43182
588.3986619245251,464.43182
624.1229253454195,464.43182
566.9641038719884,464.43182
595.543514608704,464.43182
574.1089565561673,464.43182
559.8192511878095,464.43182
490.5141801512742,464.43182
516.9501350827362,464.43182
538.3846931352728,464.43182
559.8192511878095,464.43182
581.2538092403462,464.46545
602.6883672928827,464.5034
516.9501350827362,464.50974
545.5295458194516,464.43182
431.21190287258946,464.43182
401.20352159903814,464.43182
452.6464609251261,464.43182
459.7913136093051,464.43182
531.239840451094,464.43182
545.5295458194516,464.43182
552.6743985036305,464.52954
451.93197565670835,464.6467
524.0949877669151,464.67307
466.93616629348395,464.44302
470.5085926355734,464.46448
731.2957156081027,464.47968
724.1508629239239,464.48923
724.1508629239239,464.44403
745.5854209764607,464.43182
795.599389765713,464.43182
752.7302736606395,464.43182
809.8890951340707,464.43182
902.7721800283962,464.43182
1138.5523186062997,464.49164
1374.3324571842027,464.66583
945.6412961334694,465.01944
859.903063923323,465.17758
859.903063923323,464.98184
788.4545370815339,464.43182
981.3655595543638,464.43182
838.4685058707862,464.43182
881.3376219758594,464.45926
781.3096843973549,464.5987
802.7442424498917,464.73795
724.1508629239239,464.70248
809.8890951340707,464.4562
795.599389765713,464.46985
781.3096843973549,464.4733
731.2957156081027,464.43182
752.7302736606395,464.43182
724.1508629239239,464.43182
759.8751263448185,464.44525
838.4685058707862,464.4598
309.03492197313057,464.5244
309.03492197313057,464.725
318.3232304625631,464.72568
373.33859613074054,464.37173
373.33859613074054,464.3773
383.341389888591,464.38132
354.76197915187544,464.38474
354.76197915187544,464.38617
346.1881559308607,464.39172
346.1881559308607,464.39453
346.1881559308607,464.3874
346.1881559308607,464.3823
346.1881559308607,464.39468
364.05028764130793,464.40067
383.341389888591,464.40024
383.341389888591,464.4136
393.34418364644137,464.42172
373.33859613074054,464.41763
373.33859613074054,464.40677
373.33859613074054,464.40314
354.76197915187544,464.40015
354.76197915187544,464.40616
354.76197915187544,464.41745
354.76197915187544,464.42685
354.76197915187544,464.43076
336.89984744142816,464.4323
336.89984744142816,464.4332
336.89984744142816,464.43417
354.76197915187544,464.43344
396.2021247201129,464.43576
388.3427867675162,464.43173
371.90962559390476,464.39297
364.05028764130793,464.34814
356.905434957129,464.37018
356.905434957129,464.43655
356.905434957129,464.4454
349.0460970045323,464.4332
334.04190636775667,464.40735
326.8970536835777,464.3678
319.7522009993989,464.3579
319.7522009993989,464.34076
311.89286304680206,464.36304
319.7522009993989,464.4497
319.7522009993989,464.49588
304.7480103626232,464.48123
304.7480103626232,464.46936
289.7438197258476,464.48233
289.7438197258476,464.49142
289.7438197258476,464.515
304.7480103626232,464.53323
289.7438197258476,464.54828
282.5989670416687,464.54926
276.16859962590763,464.54626
282.5989670416687,464.55377
282.5989670416687,464.55414
269.02374694172875,464.5245
261.8788942575498,464.49454
688.4265995030295,464.47238
688.4265995030295,464.41382
674.1368941346718,464.30798
631.2677780295984,464.2274
631.2677780295984,464.24207
638.4126307137773,464.2024
616.9780726612405,464.20032
595.543514608704,464.1883
588.3986619245251,464.2002
588.3986619245251,464.2302
574.1089565561673,464.28375
574.1089565561673,464.3101
574.1089565561673,464.33383
566.9641038719884,464.34006
552.6743985036305,464.3306
538.3846931352728,464.3437
538.3846931352728,464.37112
574.1089565561673,464.35956
538.3846931352728,464.3214
524.0949877669151,464.2941
516.9501350827362,464.3471
516.9501350827362,464.38092
502.6604297143783,464.38232
496.2300622986174,464.37427
487.6562390776028,464.37003
479.08241585658806,464.39218
479.08241585658806,464.4154
479.08241585658806,464.43405
411.9208006253065,464.449
404.06146267270975,464.43295
396.2021247201129,464.36752
379.7689635465014,464.28726
371.90962559390476,464.2852
364.05028764130793,464.28577
364.05028764130793,464.2659
364.05028764130793,464.24567
349.0460970045323,464.2547
349.0460970045323,464.2841
334.04190636775667,464.314
326.8970536835777,464.3325
326.8970536835777,464.3526
326.8970536835777,464.36502
326.8970536835777,464.37347
319.7522009993989,464.3762
304.7480103626232,464.3843
289.7438197258476,464.3886
289.7438197258476,464.39755
289.7438197258476,464.4067
276.16859962590763,464.4235
276.16859962590763,464.43307
282.5989670416687,464.44736
289.7438197258476,464.43442
289.7438197258476,464.40414
304.7480103626232,464.37106
289.7438197258476,464.38187
289.7438197258476,464.40176
321.89565680465256,464.42493
330.46948002566717,464.43384
321.89565680465256,464.3863
313.32183358363784,464.29846
304.0335250942053,464.3144
286.8858786521759,464.3526
278.3120554311613,464.36713
278.3120554311613,464.37985
278.3120554311613,464.3895
286.8858786521759,464.4026
286.8858786521759,464.41638
278.3120554311613,464.41818
278.3120554311613,464.40326
260.449923720714,464.38516
251.87610049969948,464.38596
251.87610049969948,464.4027
243.30227727868476,464.42108
243.30227727868476,464.45856
235.44293932608798,464.49908
243.30227727868476,464.4893
278.3120554311613,464.47882
278.3120554311613,464.492
243.30227727868476,464.46893
235.44293932608798,464.43442
227.58360137349115,464.40332
219.7242634208944,464.3732
211.86492546829766,464.3936
211.86492546829766,464.42673
211.86492546829766,464.4453
446.93057877778307,464.48184
446.93057877778307,464.47443
451.93197565670835,464.38522
436.21329975151474,464.2753
446.93057877778307,464.30493
446.93057877778307,464.3471
446.93057877778307,464.37543
436.21329975151474,464.37183
436.21329975151474,464.37003
416.20771223581386,464.39218
420.49462384632113,464.4128
411.20631535688864,464.4057
406.2049184779634,464.37238
406.2049184779634,464.3576
396.9166099885309,464.405
387.6283014990983,464.41736
406.2049184779634,464.38528
406.2049184779634,464.3687
401.9180068674561,464.35538
396.9166099885309,464.35904
401.9180068674561,464.39346
406.2049184779634,464.4344
396.9166099885309,464.45813
387.6283014990983,464.44623
436.21329975151474,464.4482
431.21190287258946,464.4622
406.2049184779634,464.49713
406.2049184779634,464.53622
3005.0,464.55017
3005.0,464.5242
3005.0,464.41864
3005.0,464.29706
3005.0,464.29285
3005.0,464.28683
3005.0,464.27017
3005.0,464.2612
3005.0,464.28305
3005.0,464.3058
3005.0,464.314
688.4265995030295,464.3325
624.1229253454195,464.3526
588.3986619245251,464.37772
595.543514608704,464.41592
631.2677780295984,464.43683
595.543514608704,464.40414
566.9641038719884,464.37106
552.6743985036305,464.38187
552.6743985036305,464.3934
538.3846931352728,464.37158
538.3846931352728,464.3493
531.239840451094,464.37128
509.8052823985573,464.43774
487.6562390776028,464.431
464.07822521981234,464.39877
457.64785780405145,464.37064
453.360946193544,464.3726
645.5574833979562,464.38632
666.9920414504927,464.4017
688.4265995030295,464.39423
674.1368941346718,464.33276
674.1368941346718,464.3445
674.1368941346718,464.35345
666.9920414504927,464.36707
659.8471887663139,464.37543
659.8471887663139,464.3585
659.8471887663139,464.3258
666.9920414504927,464.2794
645.5574833979562,464.27216
645.5574833979562,464.25607
645.5574833979562,464.27948
645.5574833979562,464.32782
645.5574833979562,464.3886
645.5574833979562,464.39545
659.8471887663139,464.4026
659.8471887663139,464.41556
638.4126307137773,464.4246
624.1229253454195,464.43423
602.6883672928827,464.44736
595.543514608704,464.44278
595.543514608704,464.42438
581.2538092403462,464.393
574.1089565561673,464.3795
574.1089565561673,464.40176
574.1089565561673,464.42493
478.36793058817017,464.4664
478.36793058817017,464.49045
489.08520961443844,464.4608
478.36793058817017,464.4224
467.6506515619018,464.4215
489.08520961443844,464.42282
499.80248864070677,464.4282
509.8052823985573,464.4339
499.80248864070677,464.4276
489.08520961443844,464.42865
489.08520961443844,464.4409
478.36793058817017,464.4442
478.36793058817017,464.41656
456.93337253563345,464.3855
467.6506515619018,464.38187
456.93337253563345,464.3934
456.93337253563345,464.39258
446.93057877778307,464.40143
446.93057877778307,464.42358
425.49602072524647,464.39944
425.49602072524647,464.3619
436.21329975151474,464.3437
456.93337253563345,464.36017
456.93337253563345,464.34647
478.36793058817017,464.34732
467.6506515619018,464.393
436.21329975151474,464.42883
425.49602072524647,464.42508
436.21329975151474,464.4319
302.6045545573695,464.3953
302.6045545573695,464.3689
288.3148491890118,464.36758
281.16999650483285,464.34525
273.3106585522361,464.30545
273.3106585522361,464.30374
266.1658058680572,464.3204
236.8719098629237,464.3314
229.72705717874481,464.34357
223.29668976298385,464.3487
223.29668976298385,464.36795
216.86632234722285,464.39877
203.291102247283,464.42084
196.86073483152202,464.43863
196.86073483152202,464.45013
190.43036741576097,464.44135
183.99999999999997,464.39478
183.99999999999997,464.3287
190.43036741576097,464.29913
236.8719098629237,464.3097
236.8719098629237,464.32492
216.86632234722285,464.35876
210.43595493146188,464.37827
203.291102247283,464.3712
196.86073483152202,464.37045
203.291102247283,464.39813
196.86073483152202,464.42996
203.291102247283,464.45367
443.3581524356936,464.4978
431.92638814100735,464.54123
420.49462384632113,464.51437
396.9166099885309,464.4695
443.3581524356936,464.4428
420.49462384632113,464.45035
408.348374283217,464.42883
396.9166099885309,464.38297
385.48484569384453,464.3547
385.48484569384453,464.3668
374.0530813991584,464.37497
374.0530813991584,464.3823
351.1895528097859,464.42126
341.18675905193555,464.4427
330.46948002566717,464.43253
320.4666862678168,464.37955
309.7494072415484,464.3373
309.7494072415484,464.3727
320.4666862678168,464.38385
320.4666862678168,464.37457
309.7494072415484,464.3342
309.7494072415484,464.28528
309.7494072415484,464.32983
320.4666862678168,464.3401
320.4666862678168,464.3444
309.7494072415484,464.33755
341.18675905193555,464.3262
351.1895528097859,464.33798
443.3581524356936,464.34174
431.92638814100735,464.34998
420.49462384632113,464.37198
396.9166099885309,464.38553
443.3581524356936,464.33942
420.49462384632113,464.2881
408.348374283217,464.2938
396.9166099885309,464.33615
385.48484569384453,464.4026
385.48484569384453,464.4169
374.0530813991584,464.43048
374.0530813991584,464.48294
351.1895528097859,464.49658
341.18675905193555,464.45212
330.46948002566717,464.43896
320.4666862678168,464.42996
309.7494072415484,464.44073
309.7494072415484,464.4599
320.4666862678168,464.47717
320.4666862678168,464.45444
309.7494072415484,464.4155
309.7494072415484,464.4526
309.7494072415484,464.53433
320.4666862678168,464.58054
320.4666862678168,464.6007
309.7494072415484,464.58365
341.18675905193555,464.52344
431.92638814100735,464.4745
631.2677780295984,464.37442
645.5574833979562,464.26114
616.9780726612405,464.3034
602.6883672928827,464.34265
574.1089565561673,464.36227
602.6883672928827,464.29208
588.3986619245251,464.30698
688.4265995030295,464.36514
702.7163048713873,464.35086
645.5574833979562,464.31448
545.5295458194516,464.30646
574.1089565561673,464.3286
545.5295458194516,464.3647
516.9501350827362,464.37427
545.5295458194516,464.3732
531.239840451094,464.40366
516.9501350827362,464.3967
516.9501350827362,464.37796
488.37072434602055,464.37073
474.08101897766284,464.35092
459.7913136093051,464.3733
459.7913136093051,464.38553
459.7913136093051,464.35632
445.5016082409473,464.33038
445.5016082409473,464.32693
431.21190287258946,464.32983
431.21190287258946,464.2915
431.21190287258946,464.32724
459.7913136093051,464.43362
388.3427867675162,464.46393
374.0530813991584,464.42816
359.7633760308006,464.41214
349.0460970045323,464.4027
349.0460970045323,464.42053
349.0460970045323,464.40045
338.32881797826394,464.41693
327.6115389519956,464.48734
316.8942599257272,464.55447
402.632492135874,464.50095
459.7913136093051,464.41068
374.0530813991584,464.4485
349.0460970045323,464.49124
374.0530813991584,464.46774
416.92219750423175,464.4884
416.92219750423175,464.52737
388.3427867675162,464.55313
388.3427867675162,464.54324
338.32881797826394,464.4703
327.6115389519956,464.4366
316.8942599257272,464.38504
306.17698089945895,464.35602
284.74242284692224,464.3135
274.02514382065397,464.2934
263.30786479438564,464.30765
274.02514382065397,464.33444
295.4597018731906,464.34863
295.4597018731906,464.35956
443.3581524356936,464.36346
420.49462384632113,464.35666
408.348374283217,464.3167
396.9166099885309,464.29776
385.48484569384453,464.29044
385.48484569384453,464.33685
362.62131710447227,464.31934
351.1895528097859,464.33508
408.348374283217,464.3817
595.543514608704,464.4105
581.2538092403462,464.37463
516.9501350827362,464.31314
466.22168102506606,464.3635
396.9166099885309,464.37814
374.0530813991584,464.33417
374.0530813991584,464.3335
362.62131710447227,464.37903
351.1895528097859,464.36526
341.18675905193555,464.37936
330.46948002566717,464.3843
320.4666862678168,464.38986
320.4666862678168,464.43073
396.9166099885309,464.49176
351.1895528097859,464.45746
351.1895528097859,464.3892
330.46948002566717,464.37805
309.7494072415484,464.4283
299.7466134836979,464.42627
374.0530813991584,464.43222
374.0530813991584,464.40717
374.0530813991584,464.39563
359.7633760308006,464.3924
349.0460970045323,464.3742
359.7633760308006,464.38422
359.7633760308006,464.35287
349.0460970045323,464.3389
338.32881797826394,464.36807
359.7633760308006,464.4335
359.7633760308006,464.45068
359.7633760308006,464.38675
359.7633760308006,464.34634
349.0460970045323,464.35724
349.0460970045323,464.3814
388.3427867675162,464.42093
445.5016082409473,464.4099
388.3427867675162,464.35556
374.0530813991584,464.33026
349.0460970045323,464.3472
338.32881797826394,464.32007
316.8942599257272,464.27383
349.0460970045323,464.27817
474.08101897766284,464.29706
474.08101897766284,464.2979
374.0530813991584,464.27347
327.6115389519956,464.27307
338.32881797826394,464.341
455.5044019987978,464.37045
439.07124082518624,464.34363
439.07124082518624,464.3526
423.3525649199928,464.3942
407.6338890147992,464.40747
396.9166099885309,464.41772
381.9124193517551,464.45502
371.1951403254868,464.444
371.1951403254868,464.41727
566.9641038719884,464.38254
852.7582112391439,464.29675
1174.2765820271939,464.23663
845.6133585549649,464.25232
695.5714521872084,464.2658
616.9780726612405,464.30927
595.543514608704,464.37543
559.8192511878095,464.394
524.0949877669151,464.37405
494.08660649336366,464.3645
499.80248864070677,464.4226
489.08520961443844,464.4196
466.93616629348395,464.35767
444.7871229725294,464.29822
439.07124082518624,464.3207
423.3525649199928,464.35846
559.8192511878095,464.39636
559.8192511878095,464.4065
852.7582112391439,464.37552
652.702336082135,464.35593
428.3539617989179,464.3302
418.3511680410675,464.36615
412.6352858937244,464.37048
407.6338890147992,464.37173
423.3525649199928,464.3773
407.6338890147992,464.38132
396.9166099885309,464.38474
386.9138162306804,464.38617
381.9124193517551,464.39172
371.1951403254868,464.39453
366.19374344656165,464.3874
355.4764644202933,464.3823
345.4736706624429,464.39468
335.4708769045924,464.39746
335.4708769045924,464.3931
335.4708769045924,464.40665
315.4652893888915,464.42426
306.17698089945895,464.41763
287.6003639205939,464.40677
278.3120554311613,464.40314
278.3120554311613,464.40015
282.5989670416687,464.40616
282.5989670416687,464.41745
306.17698089945895,464.42685
296.8886724100264,464.43027
301.17558402053373,464.42242
310.4638925099663,464.38986
306.17698089945895,464.34918
566.9641038719884,464.33417
559.8192511878095,464.36133
581.2538092403462,464.38205
588.3986619245251,464.40866
574.1089565561673,464.38086
552.6743985036305,464.33655
545.5295458194516,464.3263
545.5295458194516,464.3118
538.3846931352728,464.32175
524.0949877669151,464.33685
516.9501350827362,464.34903
516.9501350827362,464.35342
516.9501350827362,464.34708
516.9501350827362,464.3324
509.8052823985573,464.32373
494.08660649336366,464.3268
484.08381273551333,464.33823
474.08101897766284,464.3482
479.08241585658806,464.35312
516.9501350827362,464.35812
489.08520961443844,464.36133
474.08101897766284,464.36926
464.07822521981234,464.37848
449.7885198514546,464.38742
509.8052823985573,464.39713
545.5295458194516,464.41296
484.08381273551333,464.44278
509.8052823985573,464.46228
524.0949877669151,464.46628
516.9501350827362,464.45398
516.9501350827362,464.41534
509.8052823985573,464.37943
566.9641038719884,464.4104
494.08660649336366,464.4374
483.3693274670954,464.42752
477.6534453197523,464.43622
472.65204844082706,464.48276
472.65204844082706,464.52985
461.22028414614084,464.48846
461.22028414614084,464.41522
450.5030051198725,464.41946
444.7871229725294,464.50055
439.07124082518624,464.53787
428.3539617989179,464.56436
434.0698439462611,464.58154
428.3539617989179,464.59622
418.3511680410675,464.59048
407.6338890147992,464.58255
412.6352858937244,464.56802
407.6338890147992,464.55505
396.9166099885309,464.53513
418.3511680410675,464.53006
412.6352858937244,464.54364
407.6338890147992,464.55203
402.632492135874,464.45154
396.9166099885309,464.40424
450.5030051198725,464.40247
470.5085926355734,464.38184
465.5071957566481,464.33945
450.5030051198725,464.2703
440.50021136202207,464.27048
465.5071957566481,464.30667
481.2258716618417,464.33322
496.2300622986174,464.29523
475.5099895144986,464.25412
455.5044019987978,464.30133
440.50021136202207,464.31882
450.5030051198725,464.33997
496.2300622986174,464.36154
475.5099895144986,464.36237
445.5016082409473,464.33093
430.49741760417163,464.33844
421.209109114739,464.37274
411.9208006253065,464.4075
397.6310952569487,464.40265
392.6296983780235,464.32965
383.341389888591,464.27307
374.0530813991584,464.26538
374.0530813991584,464.27817
354.76197915187544,464.3021
345.4736706624429,464.33597
345.4736706624429,464.37537
336.1853621730103,464.40244
336.1853621730103,464.39008
345.4736706624429,464.34778
497.65903283545316,464.32013
484.08381273551333,464.3738
470.5085926355734,464.46115
440.50021136202207,464.56888
430.49741760417163,464.51437
427.6394765305,464.4688
414.7787416989781,464.42142
414.7787416989781,464.37436
411.9208006253065,464.4018
417.63668277264964,464.45465
427.6394765305,464.49268
450.5030051198725,464.4646
434.0698439462611,464.44058
421.209109114739,464.4413
411.9208006253065,464.4419
411.9208006253065,464.45984
405.49043320954553,464.48743
396.2021247201129,464.49155
383.341389888591,464.49622
383.341389888591,464.4713
374.0530813991584,464.44455
408.348374283217,464.44025
401.9180068674561,464.4097
392.6296983780235,464.37003
399.0600657937845,464.37497
421.209109114739,464.44385
421.209109114739,464.38812
411.9208006253065,464.37186
431.21190287258946,464.36746
408.348374283217,464.39624
470.5085926355734,464.4031
367.1940228223467,464.39355
405.49043320954553,464.43118
404.06146267270975,464.46796
574.1089565561673,464.46313
581.2538092403462,464.4557
524.0949877669151,464.4287
509.8052823985573,464.4099
497.65903283545316,464.4104
531.239840451094,464.4208
3005.0,464.4374
3005.0,464.40933
3005.0,464.3488
3005.0,464.37152
3005.0,464.42807
3005.0,464.461
3005.0,464.4501
3005.0,464.42874
3005.0,464.42572
3005.0,464.4418
3005.0,464.44568
3005.0,464.43597
3005.0,464.44577
3005.0,464.44443
3005.0,464.38562
3005.0,464.34824
3005.0,464.34433
3005.0,464.35123
3005.0,464.3099
3005.0,464.26578
3005.0,464.31747
3005.0,464.37173
3005.0,464.41235
3005.0,464.43588
3005.0,464.45645
3005.0,464.42084
3005.0,464.36133
3005.0,464.3844
484.7982980039311,464.37497
489.79969488285644,464.34824
492.6576359565279,464.32925
448.3595493146189,464.3216
439.7857260936042,464.36584
404.7759479411276,464.3961
509.8052823985573,464.39893
645.5574833979562,464.4037
724.1508629239239,464.4076
595.543514608704,464.38297
531.239840451094,464.35623
524.0949877669151,464.3535
447.64506404620096,464.40906
380.4834488149194,464.41757
516.9501350827362,464.40717
559.8192511878095,464.41708
659.8471887663139,464.43106
645.5574833979562,464.44162
659.8471887663139,464.4248
702.7163048713873,464.35483
645.5574833979562,464.35187
638.4126307137773,464.37057
602.6883672928827,464.3685
609.8332199770616,464.30823
566.9641038719884,464.2748
595.543514608704,464.33487
595.543514608704,464.41302
545.5295458194516,464.4037
566.9641038719884,464.4506
545.5295458194516,464.45276
509.8052823985573,464.45355
609.8332199770616,464.4345
588.3986619245251,464.38196
482.65484219867756,464.38876
538.3846931352728,464.42996
531.239840451094,464.47348
559.8192511878095,464.42883
396.2021247201129,464.39078
552.6743985036305,464.38187
595.543514608704,464.43417
581.2538092403462,464.47766
509.8052823985573,464.52444
595.543514608704,464.60706
652.702336082135,464.61508
545.5295458194516,464.5902
659.8471887663139,464.54843
652.702336082135,464.49866
581.2538092403462,464.3812
559.8192511878095,464.28708
538.3846931352728,464.30835
499.08800337228894,464.33032
688.4265995030295,464.32803
666.9920414504927,464.30008
616.9780726612405,464.299
638.4126307137773,464.2773
516.9501350827362,464.29318
566.9641038719884,464.3372
461.9347694145587,464.44385
445.5016082409473,464.47415
494.08660649336366,464.43176
552.6743985036305,464.45895
609.8332199770616,464.43442
674.1368941346718,464.39413
509.8052823985573,464.34546
602.6883672928827,464.3757
581.2538092403462,464.38733
531.239840451094,464.41547
501.9459444459605,464.4569
531.239840451094,464.44202
559.8192511878095,464.42395
538.3846931352728,464.42352
531.239840451094,464.48242
524.0949877669151,464.49615
559.8192511878095,464.49765
538.3846931352728,464.5182
574.1089565561673,464.54935
559.8192511878095,464.55417
493.37212122494583,464.51285
502.6604297143783,464.48398
502.6604297143783,464.52728
502.6604297143783,464.56012
469.7941073671555,464.57297
602.6883672928827,464.5163
652.702336082135,464.4502
566.9641038719884,464.43106
552.6743985036305,464.46976
475.5099895144986,464.50952
485.512783272349,464.4782
616.9780726612405,464.4604
566.9641038719884,464.45657
581.2538092403462,464.4344
559.8192511878095,464.42755
581.2538092403462,464.50836
552.6743985036305,464.55313
552.6743985036305,464.5372
559.8192511878095,464.5387
516.9501350827362,464.58502
581.2538092403462,464.59387
566.9641038719884,464.57196
559.8192511878095,464.60703
446.2160935093652,464.64746
429.0684470673359,464.64435
538.3846931352728,464.60037
479.08241585658806,464.53256
500.5169739091247,464.49823
524.0949877669151,464.5011
645.5574833979562,464.42728
431.92638814100735,464.35535
479.79690112500595,464.3323
545.5295458194516,464.31433
472.65204844082706,464.30643
431.92638814100735,464.3268
394.05866891485925,464.38464
427.6394765305,464.39645
1538.6640689203173,464.3343
1252.8699615531614,464.26434
931.3515907651116,464.32138
702.7163048713873,464.31348
476.2244747829165,464.2934
538.3846931352728,464.25064
602.6883672928827,464.21472
531.239840451094,464.25357
531.239840451094,464.3186
566.9641038719884,464.4094
487.6562390776028,464.46997
456.21888726721556,464.46927
524.0949877669151,464.43707
489.79969488285644,464.4058
491.9431506881101,464.3405
709.8611575555663,464.3029
695.5714521872084,464.30792
631.2677780295984,464.27094
559.8192511878095,464.22983
501.9459444459605,464.3057
674.1368941346718,464.31232
552.6743985036305,464.34662
538.3846931352728,464.36362
524.0949877669151,464.39407
524.0949877669151,464.41974
545.5295458194516,464.4207
481.9403569302596,464.40247
465.5071957566481,464.38196
494.08660649336366,464.39624
481.9403569302596,464.40332
502.6604297143783,464.38657
516.9501350827362,464.37564
588.3986619245251,464.40237
652.702336082135,464.41373
559.8192511878095,464.4258
552.6743985036305,464.29852
545.5295458194516,464.28287
496.9445475670354,464.34174
516.9501350827362,464.45905
516.9501350827362,464.4676
509.8052823985573,464.42386
538.3846931352728,464.41367
516.9501350827362,464.4015
502.6604297143783,464.4107
439.07124082518624,464.4756
394.77315418327726,464.5587
326.8970536835777,464.55457
376.19653720441204,464.49103
409.062859551635,464.49582
411.9208006253065,464.46976
358.3344054939648,464.458
284.02793757850446,464.49927
359.0488907623827,464.49274
370.48065505706893,464.50952
369.05168452023315,464.52832
423.3525649199928,464.5576
335.4708769045924,464.56528
369.05168452023315,464.54303
374.0530813991584,464.545
303.3190398257874,464.5754
369.7661697886511,464.6084
369.05168452023315,464.5947
350.4750675413681,464.5684
369.05168452023315,464.52573
330.46948002566717,464.52884
338.32881797826394,464.51392
304.0335250942053,464.4977
319.7522009993989,464.47403
316.8942599257272,464.47406
316.8942599257272,464.45633
324.753597878324,464.4488
219.7242634208944,464.44025
401.20352159903814,464.43735
405.49043320954553,464.4194
524.0949877669151,464.3892
494.8010917617816,464.37582
436.21329975151474,464.36084
489.08520961443844,464.3638
479.79690112500595,464.37564
406.91940374638125,464.41827
473.36653370924495,464.4657
481.9403569302596,464.4624
731.2957156081027,464.4047
724.1508629239239,464.32483
609.8332199770616,464.3128
566.9641038719884,464.3516
524.0949877669151,464.35498
524.0949877669151,464.3431
477.6534453197523,464.4344
516.9501350827362,464.42282
482.65484219867756,464.41718
480.5113863934239,464.41547
509.8052823985573,464.43118
483.3693274670954,464.47095
443.3581524356936,464.48807
466.22168102506606,464.52972
429.0684470673359,464.52774
423.3525649199928,464.43765
418.3511680410675,464.37015
339.04330324668183,464.45047
581.2538092403462,464.4755
531.239840451094,464.4649
638.4126307137773,464.4449
588.3986619245251,464.4452
538.3846931352728,464.50925
483.3693274670954,464.53397
574.1089565561673,464.54626
486.9417538091848,464.5403
552.6743985036305,464.55463
545.5295458194516,464.56015
552.6743985036305,464.54346
559.8192511878095,464.5298
415.49322696739597,464.5292
552.6743985036305,464.53513
566.9641038719884,464.5237
415.49322696739597,464.48843
709.8611575555663,464.4324
674.1368941346718,464.3589
631.2677780295984,464.2787
566.9641038719884,464.2754
538.3846931352728,464.3139
501.23145917754255,464.33795
566.9641038719884,464.38348
574.1089565561673,464.3952
538.3846931352728,464.40442
566.9641038719884,464.4284
502.6604297143783,464.4177
545.5295458194516,464.36435
387.6283014990983,464.32104
397.6310952569487,464.3379
429.0684470673359,464.35577
439.07124082518624,464.3637
450.5030051198725,464.35956
381.9124193517551,464.38315
408.348374283217,464.3912
574.1089565561673,464.43646
498.37351810387116,464.4776
659.8471887663139,464.488
509.8052823985573,464.43106
479.08241585658806,464.3527
411.9208006253065,464.3352
435.4988144830968,464.33163
451.2174903882904,464.32037
475.5099895144986,464.34387
493.37212122494583,464.3647
493.37212122494583,464.38376
486.227268540767,464.3766
449.7885198514546,464.37427
404.7759479411276,464.39886
391.2007278411878,464.4387
460.5057988777229,464.46185
418.3511680410675,464.4402
432.6408734094253,464.42908
418.3511680410675,464.48862
411.9208006253065,464.51926
415.49322696739597,464.50952
395.48763945169503,464.52716
408.348374283217,464.54965
426.21050599366424,464.47452
401.20352159903814,464.39743
387.6283014990983,464.36444
401.20352159903814,464.34525
581.2538092403462,464.35968
752.7302736606395,464.36072
652.702336082135,464.34952
474.7955042460807,464.33475
456.93337253563345,464.34375
509.8052823985573,464.34897
443.3581524356936,464.32928
473.36653370924495,464.3684
457.64785780405145,464.43317
488.37072434602055,464.43533
404.7759479411276,464.40576
446.93057877778307,464.41827
524.0949877669151,464.39334
824.1788005024284,464.28574
538.3846931352728,464.2473
538.3846931352728,464.2569
516.9501350827362,464.3021
552.6743985036305,464.3216
481.9403569302596,464.3812
442.6436671672757,464.4193
472.65204844082706,464.41196
509.8052823985573,464.38638
538.3846931352728,464.41605
574.1089565561673,464.50827
574.1089565561673,464.52478
759.8751263448185,464.48285
738.4405682922817,464.44937
731.2957156081027,464.48373
717.0060102397449,464.50412
717.0060102397449,464.4911
709.8611575555663,464.447
709.8611575555663,464.4224
731.2957156081027,464.4302
595.543514608704,464.41162
624.1229253454195,464.41473
509.8052823985573,464.42062
474.7955042460807,464.39468
581.2538092403462,464.36615
695.5714521872084,464.4027
745.5854209764607,464.43237
774.1648317131762,464.40714
681.2817468188507,464.33987
674.1368941346718,464.28586
581.2538092403462,464.34012
681.2817468188507,464.39932
602.6883672928827,464.44263
602.6883672928827,464.4546
531.239840451094,464.39258
552.6743985036305,464.3749
516.9501350827362,464.49258
531.239840451094,464.50546
545.5295458194516,464.4454
624.1229253454195,464.3763
616.9780726612405,464.36612
645.5574833979562,464.39755
638.4126307137773,464.3979
652.702336082135,464.37476
631.2677780295984,464.37793
624.1229253454195,464.4562
497.65903283545316,464.46213
588.3986619245251,464.43552
574.1089565561673,464.38083
509.8052823985573,464.36816
509.8052823985573,464.41284
509.8052823985573,464.39767
531.239840451094,464.4019
545.5295458194516,464.4356
602.6883672928827,464.45657
531.239840451094,464.4636
588.3986619245251,464.47873
695.5714521872084,464.4502
609.8332199770616,464.39685
574.1089565561673,464.38486
502.6604297143783,464.4587
559.8192511878095,464.5295
681.2817468188507,464.58975
666.9920414504927,464.62042
659.8471887663139,464.60974
659.8471887663139,464.56494
516.9501350827362,464.4893
531.239840451094,464.4335
545.5295458194516,464.40494
602.6883672928827,464.3812
574.1089565561673,464.39737
559.8192511878095,464.44388
559.8192511878095,464.51193
559.8192511878095,464.56308
516.9501350827362,464.56985
559.8192511878095,464.49698
624.1229253454195,464.43033
494.08660649336366,464.395
464.07822521981234,464.4071
404.06146267270975,464.4157
398.34558052536664,464.4188
383.341389888591,464.43716
381.1979340833373,464.46045
552.6743985036305,464.4786
428.3539617989179,464.51184
436.21329975151474,464.5416
430.49741760417163,464.57675
347.6171264676965,464.5822
311.89286304680206,464.54666
346.90264119927866,464.52972
453.360946193544,464.55716
466.22168102506606,464.52182
424.78153545682846,464.49057
369.05168452023315,464.49805
328.32602422041344,464.47897
616.9780726612405,464.43802
538.3846931352728,464.4305
588.3986619245251,464.41693
645.5574833979562,464.40134
531.239840451094,464.42584
524.0949877669151,464.47153
516.9501350827362,464.53796
509.8052823985573,464.5168
552.6743985036305,464.47372
545.5295458194516,464.46512
545.5295458194516,464.4907
427.6394765305,464.4747
588.3986619245251,464.46738
411.9208006253065,464.4691
448.3595493146189,464.46603
499.08800337228894,464.48004
481.2258716618417,464.51724
502.6604297143783,464.53174
489.79969488285644,464.489
469.7941073671555,464.48642
501.9459444459605,464.48184
538.3846931352728,464.48758
516.9501350827362,464.45276
481.2258716618417,464.4501
391.9152131096056,464.44522
468.3651368303197,464.46246
509.8052823985573,464.48016
482.65484219867756,464.4757
674.1368941346718,464.43564
681.2817468188507,464.40155
659.8471887663139,464.3924
588.3986619245251,464.37027
624.1229253454195,464.37653
566.9641038719884,464.38275
595.543514608704,464.38895
574.1089565561673,464.3922
559.8192511878095,464.39624
490.5141801512742,464.3967
516.9501350827362,464.38763
538.3846931352728,464.38116
559.8192511878095,464.3936
581.2538092403462,464.40292
602.6883672928827,464.40637
516.9501350827362,464.41907
545.5295458194516,464.4254
431.21190287258946,464.41818
401.20352159903814,464.40683
452.6464609251261,464.403
459.7913136093051,464.40143
531.239840451094,464.40714
545.5295458194516,464.4155
552.6743985036305,464.42386
451.93197565670835,464.4271
524.0949877669151,464.43085
466.93616629348395,464.43127
470.5085926355734,464.42996
731.2957156081027,464.4271
724.1508629239239,464.40488
724.1508629239239,463.9389
745.5854209764607,463.24423
795.599389765713,462.9973
752.7302736606395,464.42035
809.8890951340707,464.45584
902.7721800283962,464.46735
1138.5523186062997,464.42102
1374.3324571842027,464.35834
945.6412961334694,464.30145
859.903063923323,464.24527
859.903063923323,464.22293
788.4545370815339,464.32452
981.3655595543638,464.42493
838.4685058707862,464.45773
881.3376219758594,464.43082
781.3096843973549,464.3402
802.7442424498917,464.30914
724.1508629239239,464.3117
809.8890951340707,464.35693
795.599389765713,464.35254
781.3096843973549,464.36154
731.2957156081027,464.40717
752.7302736606395,464.4231
724.1508629239239,464.42743
759.8751263448185,464.39853
838.4685058707862,464.33038
309.03492197313057,464.23755
309.03492197313057,465.12534
318.3232304625631,466.53952
373.33859613074054,467.91214
373.33859613074054,467.90512
383.341389888591,467.8948
354.76197915187544,467.90015
354.76197915187544,467.91254
346.1881559308607,467.92648
346.1881559308607,467.9355
346.1881559308607,467.9333
346.1881559308607,467.9235
346.1881559308607,467.91312
364.05028764130793,467.91043
383.341389888591,467.91565
383.341389888591,467.92102
393.34418364644137,467.9304
373.33859613074054,467.93735
373.33859613074054,467.93973
373.33859613074054,467.93616
354.76197915187544,467.93515
354.76197915187544,467.93002
354.76197915187544,467.93347
354.76197915187544,467.94406
354.76197915187544,467.94608
336.89984744142816,467.95016
336.89984744142816,467.95776
336.89984744142816,467.96765
354.76197915187544,467.97427
396.2021247201129,467.97394
388.3427867675162,467.96512
371.90962559390476,467.94763
364.05028764130793,467.92517
356.905434957129,467.92456
356.905434957129,467.90594
356.905434957129,467.91602
349.0460970045323,467.92267
334.04190636775667,467.93494
326.8970536835777,467.90018
319.7522009993989,467.8386
319.7522009993989,467.83322
311.89286304680206,467.8423
319.7522009993989,467.89148
319.7522009993989,467.93292
304.7480103626232,467.9465
304.7480103626232,467.93842
289.7438197258476,467.9206
289.7438197258476,467.93478
289.7438197258476,467.95007
304.7480103626232,467.9813
289.7438197258476,467.99387
282.5989670416687,467.9798
276.16859962590763,467.97433
282.5989670416687,467.99817
282.5989670416687,468.0081
269.02374694172875,467.99652
261.8788942575498,467.99258
688.4265995030295,467.99265
688.4265995030295,467.9869
674.1368941346718,467.93457
631.2677780295984,467.86298
631.2677780295984,467.84326
638.4126307137773,467.8247
616.9780726612405,467.80054
595.543514608704,467.79123
588.3986619245251,467.77298
588.3986619245251,467.78937
574.1089565561673,467.79858
574.1089565561673,467.81256
574.1089565561673,467.811
566.9641038719884,467.8327
552.6743985036305,467.83963
538.3846931352728,467.8464
538.3846931352728,467.86108
574.1089565561673,467.89526
538.3846931352728,467.92328
524.0949877669151,467.94287
516.9501350827362,467.9341
516.9501350827362,467.88248
502.6604297143783,467.88623
496.2300622986174,467.8845
487.6562390776028,467.88333
479.08241585658806,467.88605
479.08241585658806,467.89243
479.08241585658806,467.90338
411.9208006253065,467.91055
404.06146267270975,467.89185
396.2021247201129,467.80966
379.7689635465014,467.72867
371.90962559390476,467.71423
364.05028764130793,467.69727
364.05028764130793,467.68002
364.05028764130793,467.65903
349.0460970045323,467.65375
349.0460970045323,467.6753
334.04190636775667,467.72256
326.8970536835777,467.7562
326.8970536835777,467.7928
326.8970536835777,467.81342
326.8970536835777,467.8199
319.7522009993989,467.8151
304.7480103626232,467.81464
289.7438197258476,467.8208
289.7438197258476,467.8297
289.7438197258476,467.83557
276.16859962590763,467.83817
276.16859962590763,467.84024
282.5989670416687,467.84348
289.7438197258476,467.84775
289.7438197258476,467.84613
304.7480103626232,467.85077
289.7438197258476,467.87482
289.7438197258476,467.89975
321.89565680465256,467.92258
330.46948002566717,467.92014
321.89565680465256,467.8818
313.32183358363784,467.79843
304.0335250942053,467.7671
286.8858786521759,467.76578
278.3120554311613,467.81342
278.3120554311613,467.82187
278.3120554311613,467.82278
286.8858786521759,467.82956
286.8858786521759,467.8367
278.3120554311613,467.8436
278.3120554311613,467.83835
260.449923720714,467.81976
251.87610049969948,467.79526
251.87610049969948,467.79526
243.30227727868476,467.81613
243.30227727868476,467.85452
235.44293932608798,467.8855
243.30227727868476,467.87482
278.3120554311613,467.89874
278.3120554311613,467.9064
243.30227727868476,467.8897
235.44293932608798,467.86343
227.58360137349115,467.84848
219.7242634208944,467.85327
211.86492546829766,467.87482
211.86492546829766,467.89975
211.86492546829766,467.92258
446.93057877778307,467.93546
446.93057877778307,467.91467
451.93197565670835,467.83212
436.21329975151474,467.78967
446.93057877778307,467.83737
446.93057877778307,467.9035
446.93057877778307,467.88248
436.21329975151474,467.8857
436.21329975151474,467.88333
416.20771223581386,467.88605
420.49462384632113,467.89243
411.20631535688864,467.90683
406.2049184779634,467.90643
406.2049184779634,467.9061
396.9166099885309,467.89163
387.6283014990983,467.913
406.2049184779634,467.8792
406.2049184779634,467.86893
401.9180068674561,467.89264
396.9166099885309,467.91132
401.9180068674561,467.9064
406.2049184779634,467.8897
396.9166099885309,467.87534
387.6283014990983,467.8865
436.21329975151474,467.91232
431.21190287258946,467.92355
406.2049184779634,467.957
406.2049184779634,468.00424
3005.0,468.03296
3005.0,467.9867
3005.0,467.8659
3005.0,467.73367
3005.0,467.73254
3005.0,467.72986
3005.0,467.722
3005.0,467.72256
3005.0,467.73477
3005.0,467.7422
3005.0,467.75497
688.4265995030295,467.77457
624.1229253454195,467.7928
588.3986619245251,467.81442
595.543514608704,467.82623
631.2677780295984,467.8319
595.543514608704,467.84113
566.9641038719884,467.85327
552.6743985036305,467.87482
552.6743985036305,467.91507
538.3846931352728,467.95734
538.3846931352728,467.96698
531.239840451094,467.92355
509.8052823985573,467.90356
487.6562390776028,467.91345
464.07822521981234,467.8994
457.64785780405145,467.88037
453.360946193544,467.84238
645.5574833979562,467.83984
666.9920414504927,467.82825
688.4265995030295,467.79825
674.1368941346718,467.77414
674.1368941346718,467.7562
674.1368941346718,467.7928
666.9920414504927,467.81342
659.8471887663139,467.8199
659.8471887663139,467.80215
659.8471887663139,467.7741
666.9920414504927,467.74896
645.5574833979562,467.7395
645.5574833979562,467.70364
645.5574833979562,467.684
645.5574833979562,467.71576
645.5574833979562,467.7767
645.5574833979562,467.8297
659.8471887663139,467.8346
659.8471887663139,467.8368
638.4126307137773,467.83914
624.1229253454195,467.8436
602.6883672928827,467.84827
595.543514608704,467.8502
595.543514608704,467.84613
581.2538092403462,467.85077
574.1089565561673,467.87482
574.1089565561673,467.89975
574.1089565561673,467.92258
478.36793058817017,467.93546
478.36793058817017,467.93048
489.08520961443844,467.89447
478.36793058817017,467.87857
467.6506515619018,467.87845
489.08520961443844,467.8826
499.80248864070677,467.88327
509.8052823985573,467.87836
499.80248864070677,467.87534
489.08520961443844,467.87665
489.08520961443844,467.8765
478.36793058817017,467.85956
478.36793058817017,467.88284
456.93337253563345,467.9064
467.6506515619018,467.89963
456.93337253563345,467.9027
456.93337253563345,467.91675
446.93057877778307,467.91464
446.93057877778307,467.9046
425.49602072524647,467.89703
425.49602072524647,467.85986
436.21329975151474,467.83893
456.93337253563345,467.83856
456.93337253563345,467.81088
478.36793058817017,467.78683
467.6506515619018,467.79474
436.21329975151474,467.834
425.49602072524647,467.87524
436.21329975151474,467.91187
302.6045545573695,467.93695
302.6045545573695,467.9907
288.3148491890118,468.01834
281.16999650483285,468.01767
273.3106585522361,467.95474
273.3106585522361,467.92136
266.1658058680572,467.95956
236.8719098629237,468.03207
229.72705717874481,468.0128
223.29668976298385,467.95462
223.29668976298385,467.92102
216.86632234722285,467.98462
203.291102247283,468.01498
196.86073483152202,467.9563
196.86073483152202,467.91235
190.43036741576097,467.91162
183.99999999999997,467.94275
183.99999999999997,467.9394
190.43036741576097,467.8854
236.8719098629237,467.85696
236.8719098629237,467.8557
216.86632234722285,467.89163
210.43595493146188,467.93362
203.291102247283,467.92566
196.86073483152202,467.87357
203.291102247283,467.92792
196.86073483152202,468.00372
203.291102247283,467.98996
443.3581524356936,467.9817
431.92638814100735,468.01712
420.49462384632113,467.98306
396.9166099885309,467.95645
443.3581524356936,467.93362
420.49462384632113,467.88892
408.348374283217,467.92188
396.9166099885309,467.94632
385.48484569384453,467.93668
385.48484569384453,467.92282
374.0530813991584,467.94833
374.0530813991584,467.98898
351.1895528097859,467.98282
341.18675905193555,467.9776
330.46948002566717,468.00507
320.4666862678168,468.0403
309.7494072415484,468.04987
309.7494072415484,467.959
320.4666862678168,467.87543
320.4666862678168,467.874
309.7494072415484,467.8916
309.7494072415484,467.84674
309.7494072415484,467.80344
320.4666862678168,467.84637
320.4666862678168,467.87122
309.7494072415484,467.90643
341.18675905193555,467.89514
351.1895528097859,467.86633
443.3581524356936,467.91025
431.92638814100735,467.9502
420.49462384632113,467.9172
396.9166099885309,467.86514
443.3581524356936,467.8364
420.49462384632113,467.78906
408.348374283217,467.75626
396.9166099885309,467.7605
385.48484569384453,467.8212
385.48484569384453,467.84686
374.0530813991584,467.9054
374.0530813991584,467.94693
351.1895528097859,467.98804
341.18675905193555,467.99088
330.46948002566717,467.99408
320.4666862678168,467.9565
309.7494072415484,467.90182
309.7494072415484,467.87683
320.4666862678168,467.87936
320.4666862678168,467.95267
309.7494072415484,468.03442
309.7494072415484,468.04843
309.7494072415484,467.9935
320.4666862678168,467.96313
320.4666862678168,467.97662
309.7494072415484,467.99884
341.18675905193555,467.9756
431.92638814100735,467.96555
631.2677780295984,467.96222
645.5574833979562,467.9826
616.9780726612405,467.98325
602.6883672928827,467.97778
574.1089565561673,467.93213
602.6883672928827,467.87625
588.3986619245251,467.84897
688.4265995030295,467.8993
702.7163048713873,467.9222
645.5574833979562,467.95322
545.5295458194516,467.93527
574.1089565561673,467.84952
545.5295458194516,467.8272
516.9501350827362,467.84882
545.5295458194516,467.88913
531.239840451094,467.92883
516.9501350827362,467.91553
516.9501350827362,467.91815
488.37072434602055,467.9325
474.08101897766284,467.90707
459.7913136093051,467.8703
459.7913136093051,467.85953
459.7913136093051,467.9316
445.5016082409473,467.94638
445.5016082409473,467.87946
431.21190287258946,467.7984
431.21190287258946,467.76743
431.21190287258946,467.80515
459.7913136093051,467.91513
388.3427867675162,467.9142
374.0530813991584,467.91052
359.7633760308006,467.91522
349.0460970045323,467.85538
349.0460970045323,467.82175
349.0460970045323,467.8331
338.32881797826394,467.85864
327.6115389519956,467.90372
316.8942599257272,467.97314
402.632492135874,468.07883
459.7913136093051,468.08618
374.0530813991584,468.05664
349.0460970045323,467.97455
374.0530813991584,467.95496
416.92219750423175,467.96335
416.92219750423175,467.99014
388.3427867675162,468.00647
388.3427867675162,468.01657
338.32881797826394,467.98727
327.6115389519956,467.97495
316.8942599257272,467.94437
306.17698089945895,467.86328
284.74242284692224,467.84448
274.02514382065397,467.82922
263.30786479438564,467.82346
274.02514382065397,467.76797
295.4597018731906,467.8272
295.4597018731906,467.9084
443.3581524356936,467.95386
420.49462384632113,467.947
408.348374283217,467.9336
396.9166099885309,467.90262
385.48484569384453,467.89224
385.48484569384453,467.84305
362.62131710447227,467.86877
351.1895528097859,467.91275
408.348374283217,467.91812
595.543514608704,467.89606
581.2538092403462,467.9731
516.9501350827362,467.97812
466.22168102506606,467.9222
396.9166099885309,467.87277
374.0530813991584,467.8546
374.0530813991584,467.8591
362.62131710447227,467.83115
351.1895528097859,467.80554
341.18675905193555,467.81488
330.46948002566717,467.83157
320.4666862678168,467.84714
320.4666862678168,467.8649
396.9166099885309,467.90253
351.1895528097859,467.9526
351.1895528097859,467.96878
330.46948002566717,467.86652
309.7494072415484,467.8416
299.7466134836979,467.87857
374.0530813991584,467.91278
374.0530813991584,467.9503
374.0530813991584,467.96555
359.7633760308006,467.95834
349.0460970045323,467.9582
359.7633760308006,467.97903
359.7633760308006,467.98795
349.0460970045323,467.96582
338.32881797826394,467.9657
359.7633760308006,467.98492
359.7633760308006,468.0054
359.7633760308006,467.98627
359.7633760308006,468.02148
349.0460970045323,468.0241
349.0460970045323,468.02054
388.3427867675162,467.99744
445.5016082409473,467.96576
388.3427867675162,467.94595
374.0530813991584,467.9259
349.0460970045323,467.92392
338.32881797826394,467.92194
316.8942599257272,467.8903
349.0460970045323,467.89175
474.08101897766284,467.9599
474.08101897766284,467.99405
374.0530813991584,468.01254
327.6115389519956,467.97714
338.32881797826394,467.9521
455.5044019987978,467.9465
439.07124082518624,467.96692
439.07124082518624,467.9591
423.3525649199928,467.97723
407.6338890147992,467.97537
396.9166099885309,467.99374
381.9124193517551,467.97852
371.1951403254868,467.9825
371.1951403254868,467.98007
566.9641038719884,467.99017
852.7582112391439,467.9728
1174.2765820271939,467.9404
845.6133585549649,467.85916
695.5714521872084,467.8322
616.9780726612405,467.84396
595.543514608704,467.89642
559.8192511878095,467.9484
524.0949877669151,467.98776
494.08660649336366,467.98932
499.80248864070677,467.94016
489.08520961443844,467.96487
466.93616629348395,467.9744
444.7871229725294,467.96454
439.07124082518624,467.93503
423.3525649199928,467.91458
559.8192511878095,467.94708
559.8192511878095,468.0304
852.7582112391439,468.09406
652.702336082135,468.05023
428.3539617989179,467.97836
418.3511680410675,467.95575
412.6352858937244,467.94742
407.6338890147992,467.91214
423.3525649199928,467.90512
407.6338890147992,467.8948
396.9166099885309,467.90015
386.9138162306804,467.91254
381.9124193517551,467.92648
371.1951403254868,467.9355
366.19374344656165,467.9333
355.4764644202933,467.9235
345.4736706624429,467.91312
335.4708769045924,467.91043
335.4708769045924,467.91565
335.4708769045924,467.92102
315.4652893888915,467.9304
306.17698089945895,467.93735
287.6003639205939,467.93973
278.3120554311613,467.93616
278.3120554311613,467.93515
282.5989670416687,467.93002
282.5989670416687,467.93347
306.17698089945895,467.94406
296.8886724100264,467.94608
301.17558402053373,467.95016
310.4638925099663,467.95776
306.17698089945895,467.96765
566.9641038719884,467.97427
559.8192511878095,467.96432
581.2538092403462,467.94763
588.3986619245251,467.94336
574.1089565561673,467.9621
552.6743985036305,467.94952
545.5295458194516,467.89438
545.5295458194516,467.87814
538.3846931352728,467.88034
524.0949877669151,467.90808
516.9501350827362,467.91132
516.9501350827362,467.9343
516.9501350827362,467.92957
516.9501350827362,467.92145
509.8052823985573,467.9291
494.08660649336366,467.93973
484.08381273551333,467.9597
474.08101897766284,467.94577
479.08241585658806,467.97556
516.9501350827362,468.0127
489.08520961443844,468.01794
474.08101897766284,468.01868
464.07822521981234,468.0463
449.7885198514546,468.07492
509.8052823985573,468.0914
545.5295458194516,468.0972
484.08381273551333,468.10446
509.8052823985573,468.11902
524.0949877669151,468.13654
516.9501350827362,468.09338
516.9501350827362,468.02716
509.8052823985573,467.96292
566.9641038719884,468.04214
494.08660649336366,468.0501
483.3693274670954,468.02774
477.6534453197523,467.9531
472.65204844082706,467.95517
472.65204844082706,467.97504
461.22028414614084,468.0001
461.22028414614084,468.02362
450.5030051198725,468.06415
444.7871229725294,468.01834
439.07124082518624,468.00784
428.3539617989179,468.04755
434.0698439462611,468.0667
428.3539617989179,468.06323
418.3511680410675,468.06265
407.6338890147992,468.0567
412.6352858937244,468.05276
407.6338890147992,468.02737
396.9166099885309,468.00992
418.3511680410675,468.00912
412.6352858937244,468.03357
407.6338890147992,468.04495
402.632492135874,468.07162
396.9166099885309,468.1029
450.5030051198725,468.0848
470.5085926355734,468.02246
465.5071957566481,467.94415
450.5030051198725,467.89035
440.50021136202207,467.8957
465.5071957566481,467.86758
481.2258716618417,467.91534
496.2300622986174,467.94382
475.5099895144986,467.9399
455.5044019987978,467.8957
440.50021136202207,467.85645
450.5030051198725,467.8574
496.2300622986174,467.87634
475.5099895144986,467.94888
445.5016082409473,467.99548
430.49741760417163,467.93393
421.209109114739,467.87616
411.9208006253065,467.9355
397.6310952569487,468.01776
392.6296983780235,467.99252
383.341389888591,467.92657
374.0530813991584,467.82498
374.0530813991584,467.77847
354.76197915187544,467.81506
345.4736706624429,467.8409
345.4736706624429,467.8314
336.1853621730103,467.837
336.1853621730103,467.83652
345.4736706624429,467.8525
497.65903283545316,467.89264
484.08381273551333,467.96558
470.5085926355734,468.01468
440.50021136202207,468.05212
430.49741760417163,467.98508
427.6394765305,467.94852
414.7787416989781,467.94577
414.7787416989781,467.9817
411.9208006253065,468.00845
417.63668277264964,467.9623
427.6394765305,467.9386
450.5030051198725,467.9356
434.0698439462611,467.94675
421.209109114739,467.94205
411.9208006253065,467.94473
411.9208006253065,467.96365
405.49043320954553,467.98758
396.2021247201129,467.98483
383.341389888591,467.9926
383.341389888591,467.98303
374.0530813991584,467.95657
408.348374283217,467.95407
401.9180068674561,467.98123
392.6296983780235,467.99808
399.0600657937845,467.99332
421.209109114739,467.99377
421.209109114739,468.0373
411.9208006253065,468.06293
431.21190287258946,468.02026
408.348374283217,467.93375
470.5085926355734,467.92523
367.1940228223467,467.91977
405.49043320954553,467.90823
404.06146267270975,467.90607
574.1089565561673,467.9246
581.2538092403462,467.95624
524.0949877669151,468.01984
509.8052823985573,468.09616
497.65903283545316,468.07584
531.239840451094,468.03528
3005.0,467.98547
3005.0,467.91443
3005.0,467.9156
3005.0,467.923
3005.0,467.93213
3005.0,467.97433
3005.0,468.0159
3005.0,468.01245
3005.0,468.00085
3005.0,467.99963
3005.0,468.00168
3005.0,467.99988
3005.0,467.9799
3005.0,467.99496
3005.0,467.96655
3005.0,467.93185
3005.0,467.89465
3005.0,467.90784
3005.0,467.96515
3005.0,468.00476
3005.0,467.9437
3005.0,467.88635
3005.0,467.8854
3005.0,467.92148
3005.0,467.9463
3005.0,467.96387
3005.0,467.91476
3005.0,467.8808
484.7982980039311,467.8649
489.79969488285644,467.84952
492.6576359565279,467.8436
448.3595493146189,467.8536
439.7857260936042,467.8848
404.7759479411276,467.91418
509.8052823985573,467.91934
645.5574833979562,467.94186
724.1508629239239,467.9443
595.543514608704,467.91443
531.239840451094,467.92157
524.0949877669151,467.9515
447.64506404620096,467.9686
380.4834488149194,467.9857
516.9501350827362,467.9951
559.8192511878095,468.00198
659.8471887663139,468.02206
645.5574833979562,468.0353
659.8471887663139,468.00735
702.7163048713873,467.96954
645.5574833979562,467.92422
638.4126307137773,467.90128
602.6883672928827,467.92148
609.8332199770616,467.92178
566.9641038719884,467.9162
595.543514608704,467.94507
595.543514608704,467.9304
545.5295458194516,467.93137
566.9641038719884,467.9315
545.5295458194516,467.94553
509.8052823985573,467.94662
609.8332199770616,467.9338
588.3986619245251,467.92667
482.65484219867756,467.95587
538.3846931352728,467.9983
531.239840451094,468.00262
559.8192511878095,468.01248
396.2021247201129,468.02704
552.6743985036305,468.00433
595.543514608704,467.99756
581.2538092403462,468.0077
509.8052823985573,468.04733
595.543514608704,468.0869
652.702336082135,468.07935
545.5295458194516,468.091
659.8471887663139,468.06516
652.702336082135,468.0492
581.2538092403462,468.01212
559.8192511878095,467.98315
538.3846931352728,467.94208
499.08800337228894,467.90256
688.4265995030295,467.90485
666.9920414504927,467.91135
616.9780726612405,467.92535
638.4126307137773,467.99155
516.9501350827362,468.0089
566.9641038719884,467.9639
461.9347694145587,467.93002
445.5016082409473,467.95963
494.08660649336366,467.96002
552.6743985036305,467.9505
609.8332199770616,467.998
674.1368941346718,468.05557
509.8052823985573,468.05707
602.6883672928827,467.98825
581.2538092403462,467.93625
531.239840451094,467.95398
501.9459444459605,467.9642
531.239840451094,467.9794
559.8192511878095,467.95377
538.3846931352728,467.9838
531.239840451094,467.99173
524.0949877669151,468.01337
559.8192511878095,468.02707
538.3846931352728,468.01822
574.1089565561673,468.03104
559.8192511878095,468.03516
493.37212122494583,468.0287
502.6604297143783,468.00833
502.6604297143783,467.9945
502.6604297143783,468.0336
469.7941073671555,468.0679
602.6883672928827,468.0418
652.702336082135,468.02222
566.9641038719884,468.00488
552.6743985036305,467.99796
475.5099895144986,467.9823
485.512783272349,467.99652
616.9780726612405,468.00372
566.9641038719884,468.0089
581.2538092403462,468.0151
559.8192511878095,468.0131
581.2538092403462,467.99954
552.6743985036305,468.02383
552.6743985036305,468.03204
559.8192511878095,468.05164
516.9501350827362,468.07178
581.2538092403462,468.0861
566.9641038719884,468.12256
559.8192511878095,468.12094
446.2160935093652,468.1042
429.0684470673359,468.06168
538.3846931352728,468.04483
479.08241585658806,468.0072
500.5169739091247,467.99106
524.0949877669151,468.02725
645.5574833979562,468.04517
431.92638814100735,468.0553
479.79690112500595,468.0374
545.5295458194516,468.00333
472.65204844082706,467.96765
431.92638814100735,467.94507
394.05866891485925,467.91623
427.6394765305,467.92288
1538.6640689203173,467.9485
1252.8699615531614,467.92416
931.3515907651116,467.87164
702.7163048713873,467.8256
476.2244747829165,467.80298
538.3846931352728,467.7953
602.6883672928827,467.78165
531.239840451094,467.75977
531.239840451094,467.82687
566.9641038719884,467.91608
487.6562390776028,467.98196
456.21888726721556,467.96924
524.0949877669151,467.95322
489.79969488285644,467.94116
491.9431506881101,467.93527
709.8611575555663,467.92944
695.5714521872084,467.89563
631.2677780295984,467.86224
559.8192511878095,467.81796
501.9459444459605,467.81067
674.1368941346718,467.8267
552.6743985036305,467.85098
538.3846931352728,467.83612
524.0949877669151,467.90506
524.0949877669151,468.0551
545.5295458194516,468.13956
481.9403569302596,468.08282
465.5071957566481,467.95642
494.08660649336366,467.8995
481.9403569302596,467.88113
502.6604297143783,467.86145
516.9501350827362,467.87
588.3986619245251,467.90063
652.702336082135,467.89148
559.8192511878095,467.93292
552.6743985036305,467.93268
545.5295458194516,467.89175
496.9445475670354,467.86075
516.9501350827362,467.9164
516.9501350827362,467.96927
509.8052823985573,467.9738
538.3846931352728,467.9701
516.9501350827362,467.925
502.6604297143783,467.90845
439.07124082518624,467.92535
394.77315418327726,467.96686
326.8970536835777,467.97714
376.19653720441204,467.9495
409.062859551635,467.9731
411.9208006253065,467.9578
358.3344054939648,467.93863
284.02793757850446,467.9231
359.0488907623827,467.92758
370.48065505706893,467.93585
369.05168452023315,467.93295
423.3525649199928,467.96402
335.4708769045924,467.97745
369.05168452023315,467.95352
374.0530813991584,467.94693
303.3190398257874,467.94763
369.7661697886511,467.97382
369.05168452023315,467.95352
350.4750675413681,467.94327
369.05168452023315,467.97638
330.46948002566717,468.0141
338.32881797826394,468.00534
304.0335250942053,467.96414
319.7522009993989,467.9763
316.8942599257272,467.9658
316.8942599257272,467.9589
324.753597878324,467.9789
219.7242634208944,468.0024
401.20352159903814,468.00613
405.49043320954553,467.93875
524.0949877669151,467.92038
494.8010917617816,467.90854
436.21329975151474,467.89395
489.08520961443844,467.82687
479.79690112500595,467.82147
406.91940374638125,467.8494
473.36653370924495,467.90677
481.9403569302596,467.9472
731.2957156081027,467.95255
724.1508629239239,467.93848
609.8332199770616,467.89783
566.9641038719884,467.88306
524.0949877669151,467.92636
524.0949877669151,467.9235
477.6534453197523,467.89493
516.9501350827362,467.89783
482.65484219867756,467.9281
480.5113863934239,467.94644
509.8052823985573,467.9495
483.3693274670954,467.9374
443.3581524356936,467.93417
466.22168102506606,467.95932
429.0684470673359,467.98325
423.3525649199928,467.97247
418.3511680410675,467.94226
339.04330324668183,467.9241
581.2538092403462,467.95544
531.239840451094,467.94495
638.4126307137773,467.90372
588.3986619245251,467.8707
538.3846931352728,467.924
483.3693274670954,467.93036
574.1089565561673,467.9237
486.9417538091848,467.92468
552.6743985036305,467.92072
545.5295458194516,467.93005
552.6743985036305,467.93707
559.8192511878095,467.93964
415.49322696739597,467.93915
552.6743985036305,467.94452
566.9641038719884,467.95416
415.49322696739597,467.97928
709.8611575555663,468.03018
674.1368941346718,468.0515
631.2677780295984,467.99832
566.9641038719884,467.8789
538.3846931352728,467.83997
501.23145917754255,467.8549
566.9641038719884,467.87143
574.1089565561673,467.89297
538.3846931352728,467.92746
566.9641038719884,467.9545
502.6604297143783,467.97302
545.5295458194516,467.9924
387.6283014990983,467.9607
397.6310952569487,467.8828
429.0684470673359,467.83972
439.07124082518624,467.83258
450.5030051198725,467.86407
381.9124193517551,467.89514
408.348374283217,467.95712
574.1089565561673,468.0041
498.37351810387116,468.0197
659.8471887663139,467.93674
509.8052823985573,467.94974
479.08241585658806,467.89844
411.9208006253065,467.84775
435.4988144830968,467.8209
451.2174903882904,467.84268
475.5099895144986,467.88034
493.37212122494583,467.91257
493.37212122494583,467.92813
486.227268540767,467.88885
449.7885198514546,467.86877
404.7759479411276,467.90668
391.2007278411878,467.93546
460.5057988777229,467.96634
418.3511680410675,468.00266
432.6408734094253,467.97382
418.3511680410675,467.9385
411.9208006253065,467.93915
415.49322696739597,467.96536
395.48763945169503,468.00632
408.348374283217,468.03128
426.21050599366424,467.9981
401.20352159903814,467.956
387.6283014990983,467.96298
401.20352159903814,467.94983
581.2538092403462,467.9316
752.7302736606395,467.94116
652.702336082135,467.96365
474.7955042460807,468.0111
456.93337253563345,468.03687
509.8052823985573,468.01724
443.3581524356936,467.93518
473.36653370924495,467.9326
457.64785780405145,467.95575
488.37072434602055,467.99933
404.7759479411276,468.0056
446.93057877778307,467.97647
524.0949877669151,467.96103
824.1788005024284,467.96542
538.3846931352728,467.92245
538.3846931352728,467.8623
516.9501350827362,467.84625
552.6743985036305,467.91342
481.9403569302596,467.94473
442.6436671672757,467.9768
472.65204844082706,467.99805
509.8052823985573,468.0003
538.3846931352728,467.98865
574.1089565561673,467.9689
574.1089565561673,467.96487
759.8751263448185,467.95975
738.4405682922817,467.96
731.2957156081027,467.9768
717.0060102397449,467.98264
717.0060102397449,467.97333
709.8611575555663,467.96017
709.8611575555663,467.95724
731.2957156081027,467.94476
595.543514608704,467.93134
624.1229253454195,467.93137
509.8052823985573,467.96445
474.7955042460807,467.97937
581.2538092403462,467.9383
695.5714521872084,467.91174
745.5854209764607,467.99933
774.1648317131762,468.04227
681.2817468188507,467.95163
674.1368941346718,467.9173
581.2538092403462,467.91476
681.2817468188507,467.93497
602.6883672928827,467.93863
602.6883672928827,467.95468
531.239840451094,467.95996
552.6743985036305,467.95233
516.9501350827362,467.92914
531.239840451094,467.96747
545.5295458194516,467.99362
624.1229253454195,467.9759
616.9780726612405,467.96024
645.5574833979562,467.94626
638.4126307137773,467.94595
652.702336082135,467.91418
631.2677780295984,467.90027
624.1229253454195,467.93015
497.65903283545316,467.98203
588.3986619245251,467.95898
574.1089565561673,467.9158
509.8052823985573,467.90063
509.8052823985573,467.91678
509.8052823985573,467.9389
531.239840451094,467.92978
545.5295458194516,467.92624
602.6883672928827,467.9516
531.239840451094,467.96515
588.3986619245251,468.00858
695.5714521872084,468.01727
609.8332199770616,468.0019
574.1089565561673,467.96732
502.6604297143783,467.9505
559.8192511878095,467.95764
681.2817468188507,468.00235
666.9920414504927,468.063
659.8471887663139,468.08917
659.8471887663139,468.0655
516.9501350827362,468.05084
531.239840451094,468.03848
545.5295458194516,468.00323
602.6883672928827,467.90155
574.1089565561673,467.8741
559.8192511878095,467.87854
559.8192511878095,467.92136
559.8192511878095,467.96756
516.9501350827362,468.00607
559.8192511878095,468.03772
624.1229253454195,468.02707
494.08660649336366,467.96844
464.07822521981234,467.93216
404.06146267270975,467.95874
398.34558052536664,467.9798
383.341389888591,467.95795
381.1979340833373,467.98846
552.6743985036305,467.9826
428.3539617989179,468.0454
436.21329975151474,468.03818
430.49741760417163,468.03687
347.6171264676965,468.0622
311.89286304680206,468.1196
346.90264119927866,468.09122
453.360946193544,468.0039
466.22168102506606,468.00854
424.78153545682846,468.02036
369.05168452023315,468.0343
328.32602422041344,468.0073
616.9780726612405,467.9828
538.3846931352728,467.99295
588.3986619245251,467.9716
645.5574833979562,467.94604
531.239840451094,467.96625
524.0949877669151,467.98932
516.9501350827362,468.0308
509.8052823985573,468.0524
552.6743985036305,468.05252
545.5295458194516,468.04395
545.5295458194516,467.97302
427.6394765305,467.95273
588.3986619245251,467.9124
411.9208006253065,467.90027
448.3595493146189,467.90967
499.08800337228894,467.9368
481.2258716618417,467.974
502.6604297143783,468.00354
489.79969488285644,467.9972
469.7941073671555,468.00858
501.9459444459605,468.02737
538.3846931352728,468.06314
516.9501350827362,468.05374
481.2258716618417,468.03876
391.9152131096056,468.02194
468.3651368303197,468.00766
509.8052823985573,467.94595
482.65484219867756,467.96698
674.1368941346718,467.98846
681.2817468188507,467.97238
659.8471887663139,467.9309
588.3986619245251,467.91214
624.1229253454195,467.90506
566.9641038719884,467.89474
595.543514608704,467.90015
574.1089565561673,467.91248
559.8192511878095,467.92657
490.5141801512742,467.93552
516.9501350827362,467.93338
538.3846931352728,467.92358
559.8192511878095,467.9132
581.2538092403462,467.91052
602.6883672928827,467.9156
516.9501350827362,467.92093
545.5295458194516,467.93036
431.21190287258946,467.93738
401.20352159903814,467.93976
452.6464609251261,467.93616
459.7913136093051,467.93512
531.239840451094,467.93
545.5295458194516,467.93338
552.6743985036305,467.94403
451.93197565670835,467.94604
524.0949877669151,467.95016
466.93616629348395,467.95786
470.5085926355734,467.9677
731.2957156081027,467.97433
724.1508629239239,467.95544
724.1508629239239,467.92114
745.5854209764607,467.8976
795.599389765713,467.9156
752.7302736606395,467.9065
809.8890951340707,467.89514
902.7721800283962,467.91473
1138.5523186062997,467.91678
1374.3324571842027,467.91913
945.6412961334694,467.91757
859.903063923323,467.8711
859.903063923323,467.82446
788.4545370815339,467.82556
981.3655595543638,467.86166
838.4685058707862,467.9167
881.3376219758594,467.95578
781.3096843973549,467.9505
802.7442424498917,467.90933
724.1508629239239,467.87714
809.8890951340707,467.86313
795.599389765713,467.9022
781.3096843973549,467.94083
731.2957156081027,467.9588
752.7302736606395,467.98215
724.1508629239239,467.9863
759.8751263448185,467.9533
838.4685058707862,467.93427
