actual_runoff,predicted_runoff
735.7952630812316,417.94193
716.1857957214349,417.95377
735.7952630812316,417.8352
794.623665160622,417.83533
716.1857957214349,417.82095
706.3810620415366,417.82095
657.3573936420446,417.82095
667.162127321943,417.82095
608.3337252425529,417.82095
647.5526599621463,417.82095
647.5526599621463,417.82095
578.9195242028576,417.82095
608.3337252425529,417.82095
578.9195242028576,417.82095
529.8958558033659,417.82095
667.162127321943,417.83698
637.7479262822479,417.8936
492.63786781975205,417.9216
569.1147905229593,417.9042
559.3100568430609,417.8364
598.5289915626545,417.8352
374.00059029298166,417.83948
588.724257882756,417.83823
647.5526599621463,417.82095
627.9431926023495,417.82095
529.8958558033659,417.82095
647.5526599621463,417.82095
725.9905294013332,417.82095
578.9195242028576,417.82095
735.7952630812316,417.82095
725.9905294013332,417.82095
627.9431926023495,417.83377
598.5289915626545,417.87546
569.1147905229593,417.8881
515.1887552835183,417.8713
775.0141978008252,417.82095
745.59999676113,417.82095
676.9668610018413,417.82095
706.3810620415366,417.82095
539.7005894832643,417.85834
608.3337252425529,417.87082
464.20414014804663,417.8713
441.65325268428046,417.82095
508.32544170758933,417.82095
588.724257882756,417.82095
667.162127321943,417.82095
755.4047304410285,417.82095
529.8958558033659,417.82095
657.3573936420446,417.82095
627.9431926023495,417.82095
559.3100568430609,417.82095
519.1106487554777,417.82095
559.3100568430609,417.82095
598.5289915626545,417.89035
569.1147905229593,417.91348
559.3100568430609,417.9144
549.5053231631626,417.82095
598.5289915626545,417.82095
569.1147905229593,417.82095
618.1384589224513,417.82095
598.5289915626545,417.82095
507.3449683395996,417.82095
520.0911221234674,417.82095
520.0911221234674,417.82095
520.0911221234674,417.82095
474.98934719593495,417.82095
657.3573936420446,417.82095
725.9905294013332,417.82095
608.3337252425529,417.9627
588.724257882756,418.01004
482.8331341398536,418.01184
496.5597612917113,417.82095
676.9668610018413,417.82095
608.3337252425529,417.82095
627.9431926023495,417.82095
598.5289915626545,417.82095
627.9431926023495,417.82095
588.724257882756,417.82095
588.724257882756,417.82095
598.5289915626545,417.82095
539.7005894832643,417.82095
627.9431926023495,417.82095
608.3337252425529,417.82095
598.5289915626545,417.82095
442.6337260522703,417.82095
419.10236522051423,417.82095
569.1147905229593,417.91165
487.7355009798028,417.94193
517.1497020194979,417.94308
549.5053231631626,417.82095
716.1857957214349,417.82095
423.0242586924735,417.8978
488.7159743477926,417.92346
578.9195242028576,417.96927
478.9112406678943,417.8936
423.0242586924735,417.90167
371.05917018901215,417.8425
417.1414184845345,417.84772
1941.7775057087317,417.88828
1549.5881585127966,417.94055
1108.3751429173699,419.40262
794.623665160622,419.98093
483.81360750784347,419.8623
569.1147905229593,417.99323
657.3573936420446,417.82095
559.3100568430609,417.82095
559.3100568430609,417.82095
608.3337252425529,417.82095
499.50118139568093,417.82095
456.360353204128,417.83698
549.5053231631626,417.84232
502.44260149965044,417.84253
505.38402160361994,417.93082
804.4283988405202,418.06873
784.8189314807236,418.10397
696.5763283616383,417.95743
598.5289915626545,417.82095
519.1106487554777,417.82095
755.4047304410285,417.82095
588.724257882756,417.82095
569.1147905229593,417.82095
549.5053231631626,417.82095
549.5053231631626,417.82095
578.9195242028576,417.82095
491.6573944517621,417.82095
469.10650698799583,417.82095
508.32544170758933,417.82095
491.6573944517621,417.82095
520.0911221234674,417.82095
539.7005894832643,417.82095
637.7479262822479,417.82095
725.9905294013332,417.82095
598.5289915626545,417.82095
588.724257882756,417.82095
578.9195242028576,417.82095
512.2473351795488,417.82095
539.7005894832643,417.82095
539.7005894832643,417.82095
529.8958558033659,417.82095
569.1147905229593,417.82095
539.7005894832643,417.82095
520.0911221234674,417.82095
432.82899237237183,417.82095
372.0396435570021,417.82095
278.8946735979675,417.82095
346.5473359892662,417.82095
391.64911091679875,417.82095
395.5710043887581,417.82095
322.0355017895203,417.82095
220.06627151857728,417.82095
323.0159751575101,417.82095
338.7035490453475,417.82095
336.74260230936784,417.82095
411.2585782765956,417.82095
290.66035401384545,417.82095
336.74260230936784,417.89673
343.60591588529667,417.92203
246.5390524543028,417.92297
337.72307567735777,417.82095
336.74260230936784,417.82095
311.2502947416321,417.82095
336.74260230936784,417.82095
283.7970404379166,417.82095
294.5822474858048,417.82095
247.51952582229265,417.82095
269.0899399180691,417.82095
265.16804644610966,417.82095
265.16804644610966,417.82095
275.95325349399786,417.82095
131.82366839949182,417.82095
380.8639038689105,417.82095
386.7467440768496,417.82095
549.5053231631626,417.82095
509.30591507557926,417.82095
428.9070989004126,417.82095
501.46212813166045,417.82095
488.7159743477926,417.82095
388.7076908128292,417.82095
479.8917140358841,417.82095
491.6573944517621,417.82095
833.8425998802153,417.98074
824.0378662003169,418.33234
667.162127321943,418.40717
608.3337252425529,418.1959
549.5053231631626,417.82095
549.5053231631626,417.82095
485.7745542438231,417.82095
539.7005894832643,417.82095
492.63786781975205,417.82095
489.69644771578254,417.82095
529.8958558033659,417.82095
493.6183411877418,417.82095
438.71183258031095,417.82095
470.08698035598576,417.82095
419.10236522051423,417.86902
411.2585782765956,417.88507
404.39526470066664,417.88565
295.56272085379464,417.82095
627.9431926023495,417.99026
559.3100568430609,418.0842
706.3810620415366,418.09885
637.7479262822479,417.8713
569.1147905229593,417.82095
493.6183411877418,417.82095
618.1384589224513,417.82095
498.52070802769094,417.82095
588.724257882756,417.82095
578.9195242028576,417.82095
588.724257882756,417.82095
598.5289915626545,417.82095
400.47337122870726,417.82095
588.724257882756,417.82095
608.3337252425529,417.82095
400.47337122870726,417.82095
804.4283988405202,417.8284
755.4047304410285,418.05637
696.5763283616383,418.1713
608.3337252425529,418.17734
569.1147905229593,417.87415
518.1301753874876,417.82095
608.3337252425529,417.82095
618.1384589224513,417.82095
569.1147905229593,417.82095
608.3337252425529,417.82095
520.0911221234674,417.82095
578.9195242028576,417.82095
362.23490987710363,417.82095
375.9615370289613,417.82095
419.10236522051423,417.82095
432.82899237237183,417.82095
448.5165662602093,417.82095
354.3911229331848,417.82095
390.6686375488088,417.82095
618.1384589224513,417.82095
514.2082819155286,417.82095
735.7952630812316,418.0517
529.8958558033659,418.37384
487.7355009798028,418.459
395.5710043887581,418.15176
427.92662553242263,417.82095
449.4970396281991,417.82095
482.8331341398536,417.82095
507.3449683395996,417.82095
507.3449683395996,417.82095
497.54023465970124,417.82095
447.5360928922195,417.82095
385.7662707088597,417.82095
367.1372767170529,417.82095
462.243193412067,417.82095
404.39526470066664,417.82095
424.0047320604634,417.82095
404.39526470066664,417.82095
395.5710043887581,417.82095
400.47337122870726,417.82095
373.0201169249918,417.82095
390.6686375488088,417.82095
415.1804717485548,417.82095
380.8639038689105,417.82095
362.23490987710363,417.8231
380.8639038689105,417.8612
627.9431926023495,417.8737
863.2568009199106,417.94708
725.9905294013332,418.3312
481.8526607718638,418.41553
457.3408265721178,418.29694
529.8958558033659,417.83676
438.71183258031095,417.82095
479.8917140358841,417.82095
458.32129994010774,417.82095
500.48165476367063,417.82095
385.7662707088597,417.82095
443.6141994202601,417.82095
549.5053231631626,417.82202
961.3041377188943,417.92267
569.1147905229593,418.02545
569.1147905229593,418.0485
539.7005894832643,417.9144
588.724257882756,417.82095
491.6573944517621,417.82095
437.731359212321,417.82095
478.9112406678943,417.82095
529.8958558033659,417.9595
569.1147905229593,418.0058
618.1384589224513,418.00757
618.1384589224513,417.82095
873.0615345998089,417.82095
843.6473335601139,417.82095
833.8425998802153,417.82095
814.2331325204186,417.82095
814.2331325204186,417.82095
804.4283988405202,417.82095
804.4283988405202,417.82095
833.8425998802153,417.82095
647.5526599621463,417.82095
686.7715946817399,417.82095
529.8958558033659,417.82095
481.8526607718638,417.82095
627.9431926023495,417.82095
784.8189314807236,417.84232
853.4520672400122,417.90393
892.6710019596056,418.00876
765.2094641209269,418.04797
755.4047304410285,417.98862
627.9431926023495,417.8727
765.2094641209269,417.82095
657.3573936420446,417.82095
657.3573936420446,417.82095
559.3100568430609,417.82095
588.724257882756,417.82095
539.7005894832643,417.82095
559.3100568430609,417.82095
578.9195242028576,417.82733
686.7715946817399,417.8295
676.9668610018413,417.82956
716.1857957214349,417.82095
706.3810620415366,417.82095
725.9905294013332,417.83377
696.5763283616383,417.83804
686.7715946817399,417.83823
513.2278085475386,417.82095
637.7479262822479,417.82095
618.1384589224513,417.82095
529.8958558033659,417.82095
529.8958558033659,417.82095
529.8958558033659,417.82095
559.3100568430609,417.82095
578.9195242028576,417.82095
657.3573936420446,417.9393
559.3100568430609,417.97882
637.7479262822479,417.98035
784.8189314807236,417.87115
667.162127321943,417.9807
618.1384589224513,418.0123
520.0911221234674,417.94595
598.5289915626545,417.82095
765.2094641209269,417.82095
745.59999676113,417.82095
735.7952630812316,417.82095
735.7952630812316,417.8978
539.7005894832643,417.93304
559.3100568430609,417.93726
578.9195242028576,417.8339
657.3573936420446,417.82095
618.1384589224513,417.82095
598.5289915626545,417.82095
598.5289915626545,417.82095
598.5289915626545,417.82095
539.7005894832643,417.82095
598.5289915626545,417.82095
686.7715946817399,417.82095
508.32544170758933,417.82095
467.14556025201614,417.82095
384.7857973408699,417.82095
376.9420103969513,417.82095
356.3520696691646,417.82095
353.4106495651951,417.82095
588.724257882756,417.82095
418.1218918525243,417.82095
428.9070989004126,417.82095
421.0633119564939,417.82095
307.32840126967267,417.82095
258.3047328701808,417.82095
306.34792790168297,417.82095
452.4384597321686,417.82095
470.08698035598576,417.82095
413.21952501257516,417.82095
336.74260230936784,417.82095
280.855620333947,417.82095
676.9668610018413,417.82095
569.1147905229593,417.82095
637.7479262822479,417.82095
716.1857957214349,417.82095
559.3100568430609,417.82095
549.5053231631626,417.82095
539.7005894832643,417.82095
529.8958558033659,417.82095
588.724257882756,417.83698
578.9195242028576,417.84232
578.9195242028576,417.84253
417.1414184845345,417.82095
637.7479262822479,417.82095
395.5710043887581,417.82095
445.5751461562399,417.82095
515.1887552835183,417.82095
490.6769210837723,417.82095
520.0911221234674,417.82095
502.44260149965044,417.82095
474.98934719593495,417.82095
519.1106487554777,417.82095
569.1147905229593,417.82095
539.7005894832643,417.82095
490.6769210837723,417.82095
368.11775008504264,417.82095
473.02840045995526,417.82095
529.8958558033659,417.82095
492.63786781975205,417.82095
755.4047304410285,417.82095
765.2094641209269,417.82095
735.7952630812316,417.82095
637.7479262822479,417.82095
686.7715946817399,417.82095
608.3337252425529,417.82095
647.5526599621463,417.82095
618.1384589224513,417.82095
598.5289915626545,417.82095
503.42307486764014,417.82095
539.7005894832643,417.82095
569.1147905229593,417.82095
598.5289915626545,417.82095
627.9431926023495,417.82095
657.3573936420446,417.84766
539.7005894832643,417.85657
578.9195242028576,417.8569
422.0437853244836,417.82095
380.8639038689105,417.82095
451.4579863641788,417.82095
461.26272004407724,417.82095
559.3100568430609,417.82095
578.9195242028576,417.83698
588.724257882756,417.84232
450.4775129961891,417.84253
549.5053231631626,417.82095
471.0674537239756,417.82095
475.96982056392477,417.901
833.8425998802153,417.9277
824.0378662003169,417.92874
824.0378662003169,417.82095
853.4520672400122,417.82095
922.0852029993008,417.82095
863.2568009199106,417.82095
941.6946703590976,417.82095
1069.1562081977766,417.82095
1392.7124196344228,417.98422
1716.2686310710692,420.1865
1127.9846102771667,421.40802
1010.3278061183862,421.23343
1010.3278061183862,418.30914
912.2804693194025,417.82095
1177.0082786766586,417.82095
980.9136050786909,417.82095
1039.7420071580812,417.90527
902.4757356395039,418.1153
931.8899366791992,418.18985
824.0378662003169,418.08295
941.6946703590976,418.18326
922.0852029993008,418.2302
902.4757356395039,418.239
833.8425998802153,417.83572
863.2568009199106,417.82938
824.0378662003169,417.8294
873.0615345998089,417.83987
980.9136050786909,417.99692
254.3828393982216,418.19183
254.3828393982216,439.3857
267.12899318208946,456.92694
342.6254425173069,468.32986
342.6254425173069,468.37372
356.3520696691646,468.42603
317.1331349495711,468.615
317.1331349495711,468.6946
305.367454533693,468.77567
305.367454533693,468.32986
305.367454533693,468.32986
305.367454533693,468.32986
305.367454533693,468.32986
329.87928873343895,468.32986
356.3520696691646,468.32986
356.3520696691646,468.32986
370.0786968210223,468.32986
342.6254425173069,468.32986
342.6254425173069,468.32986
342.6254425173069,468.3359
317.1331349495711,468.3431
317.1331349495711,468.34625
317.1331349495711,468.32986
317.1331349495711,468.32986
317.1331349495711,468.32986
292.62130074982514,468.32986
292.62130074982514,468.32986
292.62130074982514,468.32986
317.1331349495711,468.32986
374.00059029298166,468.32986
363.21538324509345,468.32986
340.6644957813273,468.38733
329.87928873343895,468.4603
320.0745550535405,468.4954
320.0745550535405,468.34216
320.0745550535405,468.32986
309.28934800565247,468.32986
288.69940727786593,468.33743
278.8946735979675,468.34644
269.0899399180691,468.35037
269.0899399180691,468.32986
258.3047328701808,468.33362
269.0899399180691,468.33813
269.0899399180691,468.3401
248.49999919028247,468.32986
248.49999919028247,468.32986
227.91005846249595,468.32986
227.91005846249595,468.32986
227.91005846249595,468.32986
248.49999919028247,468.32986
227.91005846249595,468.32986
218.1053247825976,468.32986
209.281064470689,468.32986
218.1053247825976,468.32986
218.1053247825976,468.32986
199.47633079079063,468.32986
189.67159711089218,468.32986
775.0141978008252,468.32986
775.0141978008252,468.32986
755.4047304410285,468.38882
696.5763283616383,468.46213
696.5763283616383,468.49615
706.3810620415366,468.35168
676.9668610018413,468.42923
647.5526599621463,468.51904
637.7479262822479,468.51813
637.7479262822479,468.32986
618.1384589224513,468.32986
618.1384589224513,468.32986
618.1384589224513,468.32986
608.3337252425529,468.34122
588.724257882756,468.35474
569.1147905229593,468.3606
569.1147905229593,468.32986
618.1384589224513,468.32986
569.1147905229593,468.33743
549.5053231631626,468.34644
539.7005894832643,468.35037
539.7005894832643,468.32986
520.0911221234674,468.32986
511.26686181155895,468.32986
499.50118139568093,468.32986
487.7355009798028,468.32986
487.7355009798028,468.32986
487.7355009798028,468.32986
395.5710043887581,468.32986
384.7857973408699,468.32986
374.00059029298166,468.32986
351.4497028292153,468.32986
340.6644957813273,468.32986
329.87928873343895,468.32986
329.87928873343895,468.32986
329.87928873343895,468.32986
309.28934800565247,468.32986
309.28934800565247,468.32986
288.69940727786593,468.32986
278.8946735979675,468.32986
278.8946735979675,468.32986
278.8946735979675,468.32986
278.8946735979675,468.32986
269.0899399180691,468.32986
248.49999919028247,468.32986
227.91005846249595,468.32986
227.91005846249595,468.32986
227.91005846249595,468.32986
209.281064470689,468.32986
209.281064470689,468.32986
218.1053247825976,468.32986
227.91005846249595,468.32986
227.91005846249595,468.32986
248.49999919028247,468.32986
227.91005846249595,468.36768
227.91005846249595,468.41278
272.0313600220386,468.43228
283.7970404379166,468.32986
272.0313600220386,468.32986
260.2656796061605,468.32986
247.51952582229265,468.32986
223.9881649905365,468.33514
212.2224845746585,468.34146
212.2224845746585,468.34494
212.2224845746585,468.33148
223.9881649905365,468.3319
223.9881649905365,468.32986
212.2224845746585,468.32986
212.2224845746585,468.3329
187.71065037491252,468.34482
175.9449699590346,468.3563
175.9449699590346,468.35242
164.17928954315647,468.32986
164.17928954315647,468.32986
153.3940824952683,468.32986
164.17928954315647,468.32986
212.2224845746585,468.35104
212.2224845746585,468.4224
164.17928954315647,468.48975
153.3940824952683,468.45813
142.60887544738,468.33395
131.82366839949182,468.32986
121.03846135160364,468.32986
121.03846135160364,468.32986
121.03846135160364,468.32986
443.6141994202601,468.32986
443.6141994202601,468.32986
450.4775129961891,468.33136
428.9070989004126,468.33316
443.6141994202601,468.3347
443.6141994202601,468.33148
443.6141994202601,468.33264
428.9070989004126,468.34668
428.9070989004126,468.36734
401.45384459669714,468.37582
407.33668480463615,468.336
394.59053102076825,468.32986
387.7272174448394,468.32986
387.7272174448394,468.32986
374.9810636609716,468.32986
362.23490987710363,468.32986
387.7272174448394,468.32986
387.7272174448394,468.32986
381.8443772369004,468.32986
374.9810636609716,468.32986
381.8443772369004,468.32986
387.7272174448394,468.32986
374.9810636609716,468.32986
362.23490987710363,468.32986
428.9070989004126,468.32986
422.0437853244836,468.32986
387.7272174448394,468.32986
387.7272174448394,468.32986
3954.0000000000005,468.32986
3954.0000000000005,468.32986
3954.0000000000005,468.32986
3954.0000000000005,468.32986
3954.0000000000005,468.3306
3954.0000000000005,468.33148
3954.0000000000005,468.3319
3954.0000000000005,468.32986
3954.0000000000005,468.32986
3954.0000000000005,468.32986
3954.0000000000005,468.32986
775.0141978008252,468.4726
686.7715946817399,468.7706
637.7479262822479,468.9962
647.5526599621463,468.68042
696.5763283616383,468.32986
647.5526599621463,468.4899
608.3337252425529,468.67984
588.724257882756,468.76062
588.724257882756,468.33484
569.1147905229593,468.336
569.1147905229593,468.32986
559.3100568430609,468.32986
529.8958558033659,468.32986
499.50118139568093,468.32986
467.14556025201614,468.32986
458.32129994010774,468.32986
452.4384597321686,468.32986
716.1857957214349,468.32986
745.59999676113,468.32986
775.0141978008252,468.32986
755.4047304410285,468.32986
755.4047304410285,468.38507
755.4047304410285,468.4508
745.59999676113,468.4793
735.7952630812316,468.32986
735.7952630812316,468.32986
735.7952630812316,468.32986
745.59999676113,468.32986
716.1857957214349,468.32986
716.1857957214349,468.32986
716.1857957214349,468.32986
716.1857957214349,468.32986
716.1857957214349,468.3843
716.1857957214349,468.4537
735.7952630812316,468.49475
735.7952630812316,468.36026
706.3810620415366,468.35367
686.7715946817399,468.33395
657.3573936420446,468.32986
647.5526599621463,468.32986
647.5526599621463,468.32986
627.9431926023495,468.32986
618.1384589224513,468.32986
618.1384589224513,468.33514
618.1384589224513,468.35812
486.755027611813,468.3807
486.755027611813,468.37494
501.46212813166045,468.32986
486.755027611813,468.34122
472.04792709196533,468.35852
501.46212813166045,468.37268
516.169228651508,468.3484
529.8958558033659,468.3401
516.169228651508,468.33212
501.46212813166045,468.33633
501.46212813166045,468.3401
486.755027611813,468.3356
486.755027611813,468.3319
457.3408265721178,468.32986
472.04792709196533,468.32986
457.3408265721178,468.36768
457.3408265721178,468.41278
443.6141994202601,468.43228
443.6141994202601,468.32986
414.1999983805651,468.32986
414.1999983805651,468.32986
428.9070989004126,468.32986
457.3408265721178,468.32986
457.3408265721178,468.34122
486.755027611813,468.3608
472.04792709196533,468.39807
428.9070989004126,468.39932
414.1999983805651,468.39542
428.9070989004126,468.32986
245.55857908631296,468.32986
245.55857908631296,468.32986
225.9491117265163,468.32986
216.14437804661782,468.32986
205.35917099872964,468.32986
205.35917099872964,468.32986
195.5544373188313,468.32986
155.35502923124787,468.33743
145.5502955513495,468.34644
136.726035239441,468.35037
136.726035239441,468.32986
127.90177492753249,468.32986
109.27278093572563,468.32986
100.44852062381713,468.32986
100.44852062381713,468.32986
91.62426031190851,468.32986
82.8,468.32986
82.8,468.32986
91.62426031190851,468.32986
155.35502923124787,468.32986
155.35502923124787,468.49664
127.90177492753249,468.74832
119.07751461562398,468.89395
109.27278093572563,468.47726
100.44852062381713,468.32986
109.27278093572563,468.32986
100.44852062381713,468.32986
109.27278093572563,468.32986
438.71183258031095,468.32986
423.0242586924735,468.32986
407.33668480463615,468.32986
374.9810636609716,468.32986
438.71183258031095,468.32986
407.33668480463615,468.32986
390.6686375488088,468.32986
374.9810636609716,468.32986
359.293489773134,468.32986
359.293489773134,468.32986
343.60591588529667,468.32986
343.60591588529667,468.32986
312.23076810962186,468.39865
298.50414095776426,468.4806
283.7970404379166,468.52216
270.07041328605897,468.6502
255.36331276621132,469.04935
255.36331276621132,469.18106
270.07041328605897,468.3401
270.07041328605897,468.32986
255.36331276621132,468.39108
255.36331276621132,468.5107
255.36331276621132,468.60037
270.07041328605897,468.4618
270.07041328605897,468.336
255.36331276621132,468.36844
298.50414095776426,468.44083
312.23076810962186,468.49228
438.71183258031095,468.40158
423.0242586924735,468.32986
407.33668480463615,468.32986
374.9810636609716,468.32986
438.71183258031095,468.32986
407.33668480463615,468.32986
390.6686375488088,468.32986
374.9810636609716,468.32986
359.293489773134,468.32986
359.293489773134,468.32986
343.60591588529667,468.32986
343.60591588529667,468.32986
312.23076810962186,468.32986
298.50414095776426,468.32986
283.7970404379166,468.32986
270.07041328605897,468.32986
255.36331276621132,468.32986
255.36331276621132,468.32986
270.07041328605897,468.32986
270.07041328605897,468.32986
255.36331276621132,468.32986
255.36331276621132,468.32986
255.36331276621132,468.32986
270.07041328605897,468.32986
270.07041328605897,468.32986
255.36331276621132,468.32986
298.50414095776426,468.32986
423.0242586924735,468.34198
696.5763283616383,468.50125
716.1857957214349,468.70575
676.9668610018413,468.77747
657.3573936420446,468.40158
618.1384589224513,468.32986
657.3573936420446,468.32986
637.7479262822479,468.32986
775.0141978008252,468.32986
794.623665160622,468.48312
716.1857957214349,468.68604
578.9195242028576,468.7871
618.1384589224513,468.38724
578.9195242028576,468.32986
539.7005894832643,468.32986
578.9195242028576,468.3435
559.3100568430609,468.3597
539.7005894832643,468.36673
539.7005894832643,468.32986
500.48165476367063,468.32986
480.87218740387397,468.32986
461.26272004407724,468.32986
461.26272004407724,468.32986
461.26272004407724,468.32986
441.65325268428046,468.32986
441.65325268428046,468.32986
422.0437853244836,468.32986
422.0437853244836,468.32986
422.0437853244836,468.3488
461.26272004407724,468.37134
363.21538324509345,468.3811
343.60591588529667,468.38052
323.99644852549994,468.50116
309.28934800565247,468.59927
309.28934800565247,468.49362
309.28934800565247,468.32986
294.5822474858048,468.32986
279.8751469659573,468.32986
265.16804644610966,468.32986
382.8248506048903,468.32986
461.26272004407724,468.32986
343.60591588529667,468.32986
309.28934800565247,468.32986
343.60591588529667,468.32986
402.43431796468695,468.32986
402.43431796468695,468.32986
363.21538324509345,468.32986
363.21538324509345,468.32986
294.5822474858048,468.3427
279.8751469659573,468.35806
265.16804644610966,468.36697
250.46094592626216,468.33484
221.04674488656698,468.336
206.33964436671948,468.32986
191.63254384687195,468.32986
206.33964436671948,468.32986
235.75384540641463,468.345
235.75384540641463,468.37137
438.71183258031095,468.3891
407.33668480463615,468.35242
390.6686375488088,468.32986
374.9810636609716,468.32986
359.293489773134,468.32986
359.293489773134,468.32986
327.91834199745944,468.32986
312.23076810962186,468.32986
390.6686375488088,468.32986
647.5526599621463,468.35785
627.9431926023495,468.59586
539.7005894832643,468.8532
470.08698035598576,468.8737
374.9810636609716,468.32986
343.60591588529667,468.32986
343.60591588529667,468.32986
327.91834199745944,468.32986
312.23076810962186,468.32986
298.50414095776426,468.32986
283.7970404379166,468.32986
270.07041328605897,468.32986
270.07041328605897,468.32986
374.9810636609716,468.32986
312.23076810962186,468.50266
312.23076810962186,468.70773
283.7970404379166,468.79108
255.36331276621132,468.32986
241.63668561435352,468.32986
343.60591588529667,468.32986
343.60591588529667,468.32986
343.60591588529667,468.32986
323.99644852549994,468.32986
309.28934800565247,468.32986
323.99644852549994,468.32986
323.99644852549994,468.32986
309.28934800565247,468.32986
294.5822474858048,468.32986
323.99644852549994,468.32986
323.99644852549994,468.32986
323.99644852549994,468.32986
323.99644852549994,468.32986
309.28934800565247,468.32986
309.28934800565247,468.32986
363.21538324509345,468.32986
441.65325268428046,468.32986
363.21538324509345,468.38882
343.60591588529667,468.4591
309.28934800565247,468.48956
294.5822474858048,468.32986
265.16804644610966,468.32986
309.28934800565247,468.32986
480.87218740387397,468.32986
480.87218740387397,468.56186
343.60591588529667,468.8367
279.8751469659573,468.9413
294.5822474858048,468.32986
455.37987983613823,468.32986
432.82899237237183,468.32986
432.82899237237183,468.32986
411.2585782765956,468.32986
389.6881641808191,468.32986
374.9810636609716,468.32986
354.3911229331848,468.32986
339.68402241333735,468.32986
339.68402241333735,468.32986
608.3337252425529,468.32986
1000.5230724384878,468.32986
1441.7360880339145,468.70566
990.7183387585893,469.7404
784.8189314807236,470.63214
676.9668610018413,469.83182
647.5526599621463,468.3401
598.5289915626545,468.32986
549.5053231631626,468.32986
508.32544170758933,468.32986
516.169228651508,468.32986
501.46212813166045,468.32986
471.0674537239756,468.32986
440.6727793162906,468.32986
432.82899237237183,468.32986
411.2585782765956,468.32986
598.5289915626545,468.32986
598.5289915626545,468.345
1000.5230724384878,468.43552
725.9905294013332,468.8147
418.1218918525243,469.16537
404.39526470066664,469.09164
396.55147775674794,468.32986
389.6881641808191,468.32986
411.2585782765956,468.32986
389.6881641808191,468.32986
374.9810636609716,468.32986
361.2544365091138,468.32986
354.3911229331848,468.32986
339.68402241333735,468.32986
332.8207088374086,468.32986
318.11360831756093,468.32986
304.3869811657033,468.32986
290.66035401384545,468.32986
290.66035401384545,468.32986
290.66035401384545,468.32986
263.20709971013,468.32986
250.46094592626216,468.32986
224.96863835852645,468.32986
212.2224845746585,468.32986
212.2224845746585,468.32986
218.1053247825976,468.34952
218.1053247825976,468.373
250.46094592626216,468.38315
237.7147921423943,468.32986
243.5976323503333,468.32986
256.34378613420114,468.32986
250.46094592626216,468.3397
608.3337252425529,468.35144
598.5289915626545,468.3565
627.9431926023495,468.32986
637.7479262822479,468.32986
618.1384589224513,468.3397
588.724257882756,468.35144
578.9195242028576,468.3565
578.9195242028576,468.32986
569.1147905229593,468.32986
549.5053231631626,468.32986
539.7005894832643,468.32986
539.7005894832643,468.32986
539.7005894832643,468.32986
539.7005894832643,468.32986
529.8958558033659,468.32986
508.32544170758933,468.32986
494.59881455573174,468.32986
480.87218740387397,468.32986
487.7355009798028,468.32986
539.7005894832643,468.32986
501.46212813166045,468.32986
480.87218740387397,468.32986
467.14556025201614,468.32986
447.5360928922195,468.32986
529.8958558033659,468.32986
578.9195242028576,468.3329
494.59881455573174,468.47693
529.8958558033659,468.65503
549.5053231631626,468.7297
539.7005894832643,468.3565
539.7005894832643,468.32986
529.8958558033659,468.32986
608.3337252425529,468.35333
508.32544170758933,468.3813
493.6183411877418,468.3934
485.7745542438231,468.32986
478.9112406678943,468.32986
478.9112406678943,468.32986
463.22366678005693,468.32986
463.22366678005693,468.32986
448.5165662602093,468.32986
440.6727793162906,468.32986
432.82899237237183,468.32986
418.1218918525243,468.32986
425.9656787964431,468.32986
418.1218918525243,468.32986
404.39526470066664,468.32986
389.6881641808191,468.32986
396.55147775674794,468.32986
389.6881641808191,468.32986
374.9810636609716,468.32986
404.39526470066664,468.32986
396.55147775674794,468.32986
389.6881641808191,468.32986
382.8248506048903,468.32986
374.9810636609716,468.32986
448.5165662602093,468.32986
475.96982056392477,468.32986
469.10650698799583,468.32986
448.5165662602093,468.44244
434.78993910835163,468.57626
469.10650698799583,468.6344
490.6769210837723,468.32986
511.26686181155895,468.51318
482.8331341398536,468.7306
455.37987983613823,468.81802
434.78993910835163,468.32986
448.5165662602093,468.32986
511.26686181155895,468.32986
482.8331341398536,468.32986
441.65325268428046,468.32986
421.0633119564939,468.32986
408.31715817262597,468.32986
395.5710043887581,468.32986
375.9615370289613,468.32986
369.09822345303246,468.36465
356.3520696691646,468.40613
343.60591588529667,468.42407
343.60591588529667,468.32986
317.1331349495711,468.32986
304.3869811657033,468.32986
304.3869811657033,468.32986
291.6408273818353,468.32986
291.6408273818353,468.32986
304.3869811657033,468.32986
513.2278085475386,468.32986
494.59881455573174,468.32986
475.96982056392477,468.32986
434.78993910835163,468.32986
421.0633119564939,468.32986
417.1414184845345,468.32986
399.49289786071745,468.32986
399.49289786071745,468.32986
395.5710043887581,468.32986
403.41479133267677,468.32986
417.1414184845345,468.32986
448.5165662602093,468.32986
425.9656787964431,468.32986
408.31715817262597,468.32986
395.5710043887581,468.32986
395.5710043887581,468.32986
386.7467440768496,468.32986
374.00059029298166,468.37222
356.3520696691646,468.4227
356.3520696691646,468.44455
343.60591588529667,468.32986
390.6686375488088,468.32986
381.8443772369004,468.32986
369.09822345303246,468.32986
377.922483764941,468.32986
408.31715817262597,468.32986
408.31715817262597,468.33136
395.5710043887581,468.44803
422.0437853244836,468.5853
390.6686375488088,468.6405
475.96982056392477,468.32986
334.19337155259433,468.32986
386.7467440768496,468.32986
384.7857973408699,468.32986
618.1384589224513,468.32986
627.9431926023495,468.32986
549.5053231631626,468.33212
529.8958558033659,468.38095
513.2278085475386,468.43863
559.3100568430609,468.45813
3954.0000000000005,468.33395
3954.0000000000005,468.602
3954.0000000000005,468.93884
3954.0000000000005,469.0548
3954.0000000000005,468.32986
3954.0000000000005,468.32986
3954.0000000000005,468.32986
3954.0000000000005,468.32986
3954.0000000000005,468.32986
3954.0000000000005,468.32986
3954.0000000000005,468.32986
3954.0000000000005,468.32986
3954.0000000000005,468.32986
3954.0000000000005,468.32986
3954.0000000000005,468.45074
3954.0000000000005,468.60187
3954.0000000000005,468.67297
3954.0000000000005,468.3511
3954.0000000000005,468.5837
3954.0000000000005,468.89056
3954.0000000000005,469.00717
3954.0000000000005,468.35037
3954.0000000000005,468.32986
3954.0000000000005,468.32986
3954.0000000000005,468.32986
3954.0000000000005,468.32986
3954.0000000000005,468.32986
3954.0000000000005,468.32986
495.57928792372144,468.32986
502.44260149965044,468.32986
506.36449497160964,468.32986
445.5751461562399,468.32986
433.80946574036176,468.32986
385.7662707088597,468.32986
529.8958558033659,468.32986
716.1857957214349,468.32986
824.0378662003169,468.65756
647.5526599621463,469.1535
559.3100568430609,469.3921
549.5053231631626,468.51813
444.59467278824997,468.32986
352.4301761972053,468.32986
539.7005894832643,468.32986
598.5289915626545,468.32986
735.7952630812316,468.32986
716.1857957214349,468.32986
735.7952630812316,468.32986
794.623665160622,468.32986
716.1857957214349,468.32986
706.3810620415366,468.32986
657.3573936420446,468.32986
667.162127321943,468.32986
608.3337252425529,468.32986
647.5526599621463,468.32986
647.5526599621463,468.32986
578.9195242028576,468.32986
608.3337252425529,468.32986
578.9195242028576,468.32986
529.8958558033659,468.32986
667.162127321943,468.32986
637.7479262822479,468.32986
492.63786781975205,468.32986
569.1147905229593,468.32986
559.3100568430609,468.32986
598.5289915626545,468.32986
374.00059029298166,468.32986
588.724257882756,468.32986
647.5526599621463,468.32986
627.9431926023495,468.32986
529.8958558033659,468.32986
647.5526599621463,468.32986
725.9905294013332,468.32986
578.9195242028576,468.32986
735.7952630812316,468.32986
725.9905294013332,468.32986
627.9431926023495,468.37674
598.5289915626545,468.43262
569.1147905229593,468.45685
515.1887552835183,468.32986
775.0141978008252,468.32986
745.59999676113,468.32986
676.9668610018413,468.32986
706.3810620415366,468.33667
539.7005894832643,468.36142
608.3337252425529,468.3848
464.20414014804663,468.37494
441.65325268428046,468.32986
508.32544170758933,468.32986
588.724257882756,468.32986
667.162127321943,468.32986
755.4047304410285,468.39108
529.8958558033659,468.46405
657.3573936420446,468.49567
627.9431926023495,468.32986
559.3100568430609,468.32986
519.1106487554777,468.32986
559.3100568430609,468.32986
598.5289915626545,468.3956
569.1147905229593,468.47397
559.3100568430609,468.50793
549.5053231631626,468.32986
598.5289915626545,468.32986
569.1147905229593,468.32986
618.1384589224513,468.32986
598.5289915626545,468.32986
507.3449683395996,468.32986
520.0911221234674,468.32986
520.0911221234674,468.32986
520.0911221234674,468.32986
474.98934719593495,468.32986
657.3573936420446,468.32986
725.9905294013332,468.32986
608.3337252425529,468.33136
588.724257882756,468.33316
482.8331341398536,468.33395
496.5597612917113,468.32986
676.9668610018413,468.32986
608.3337252425529,468.32986
627.9431926023495,468.32986
598.5289915626545,468.32986
627.9431926023495,468.32986
588.724257882756,468.32986
588.724257882756,468.32986
598.5289915626545,468.32986
539.7005894832643,468.32986
627.9431926023495,468.32986
608.3337252425529,468.32986
598.5289915626545,468.32986
442.6337260522703,468.32986
419.10236522051423,468.32986
569.1147905229593,468.32986
487.7355009798028,468.32986
517.1497020194979,468.32986
549.5053231631626,468.32986
716.1857957214349,468.32986
423.0242586924735,468.32986
488.7159743477926,468.32986
578.9195242028576,468.32986
478.9112406678943,468.34122
423.0242586924735,468.35623
371.05917018901215,468.36392
417.1414184845345,468.39822
1941.7775057087317,468.4895
1549.5881585127966,468.5452
1108.3751429173699,469.00577
794.623665160622,469.8211
483.81360750784347,470.15433
569.1147905229593,468.32986
657.3573936420446,468.32986
559.3100568430609,468.32986
559.3100568430609,468.32986
608.3337252425529,468.32986
499.50118139568093,468.32986
456.360353204128,468.32986
549.5053231631626,468.32986
502.44260149965044,468.32986
505.38402160361994,468.4062
804.4283988405202,468.4971
784.8189314807236,468.5365
696.5763283616383,468.32986
598.5289915626545,468.32986
519.1106487554777,468.32986
755.4047304410285,468.32986
588.724257882756,468.32986
569.1147905229593,468.32986
549.5053231631626,468.32986
549.5053231631626,468.32986
578.9195242028576,468.32986
491.6573944517621,468.32986
469.10650698799583,468.32986
508.32544170758933,468.32986
491.6573944517621,468.32986
520.0911221234674,468.32986
539.7005894832643,468.32986
637.7479262822479,468.32986
725.9905294013332,468.32986
598.5289915626545,468.32986
588.724257882756,468.38623
578.9195242028576,468.4534
512.2473351795488,468.4825
539.7005894832643,468.32986
539.7005894832643,468.32986
529.8958558033659,468.32986
569.1147905229593,468.32986
539.7005894832643,468.32986
520.0911221234674,468.32986
432.82899237237183,468.32986
372.0396435570021,468.32986
278.8946735979675,468.32986
346.5473359892662,468.32986
391.64911091679875,468.32986
395.5710043887581,468.32986
322.0355017895203,468.4319
220.06627151857728,468.5532
323.0159751575101,468.60583
338.7035490453475,468.32986
336.74260230936784,468.32986
411.2585782765956,468.32986
290.66035401384545,468.3692
336.74260230936784,468.41608
343.60591588529667,468.43637
246.5390524543028,468.32986
337.72307567735777,468.32986
336.74260230936784,468.32986
311.2502947416321,468.32986
336.74260230936784,468.32986
283.7970404379166,468.32986
294.5822474858048,468.32986
247.51952582229265,468.32986
269.0899399180691,468.32986
265.16804644610966,468.32986
265.16804644610966,468.32986
275.95325349399786,468.32986
131.82366839949182,468.32986
380.8639038689105,468.32986
386.7467440768496,468.32986
549.5053231631626,468.32986
509.30591507557926,468.32986
428.9070989004126,468.32986
501.46212813166045,468.32986
488.7159743477926,468.32986
388.7076908128292,468.32986
479.8917140358841,468.32986
491.6573944517621,468.32986
833.8425998802153,468.42435
824.0378662003169,468.7987
667.162127321943,469.16492
608.3337252425529,469.02188
549.5053231631626,468.32986
549.5053231631626,468.3752
485.7745542438231,468.42932
539.7005894832643,468.45276
492.63786781975205,468.32986
489.69644771578254,468.32986
529.8958558033659,468.32986
493.6183411877418,468.32986
438.71183258031095,468.32986
470.08698035598576,468.32986
419.10236522051423,468.32986
411.2585782765956,468.33212
404.39526470066664,468.33484
295.56272085379464,468.336
627.9431926023495,468.32986
559.3100568430609,468.32986
706.3810620415366,468.32986
637.7479262822479,468.32986
569.1147905229593,468.32986
493.6183411877418,468.32986
618.1384589224513,468.32986
498.52070802769094,468.32986
588.724257882756,468.32986
578.9195242028576,468.32986
588.724257882756,468.32986
598.5289915626545,468.32986
400.47337122870726,468.32986
588.724257882756,468.32986
608.3337252425529,468.32986
400.47337122870726,468.32986
804.4283988405202,468.32986
755.4047304410285,468.42435
696.5763283616383,468.6687
608.3337252425529,468.87488
569.1147905229593,468.6884
518.1301753874876,468.32986
608.3337252425529,468.32986
618.1384589224513,468.32986
569.1147905229593,468.32986
608.3337252425529,468.32986
520.0911221234674,468.32986
578.9195242028576,468.32986
362.23490987710363,468.32986
375.9615370289613,468.32986
419.10236522051423,468.32986
432.82899237237183,468.32986
448.5165662602093,468.32986
354.3911229331848,468.32986
390.6686375488088,468.32986
618.1384589224513,468.32986
514.2082819155286,468.32986
735.7952630812316,468.6009
529.8958558033659,469.2199
487.7355009798028,469.67438
395.5710043887581,469.06207
427.92662553242263,468.32986
449.4970396281991,468.32986
482.8331341398536,468.32986
507.3449683395996,468.32986
507.3449683395996,468.32986
497.54023465970124,468.33136
447.5360928922195,468.33316
385.7662707088597,468.33395
367.1372767170529,468.32986
462.243193412067,468.32986
404.39526470066664,468.32986
424.0047320604634,468.32986
404.39526470066664,468.32986
395.5710043887581,468.32986
400.47337122870726,468.32986
373.0201169249918,468.32986
390.6686375488088,468.32986
415.1804717485548,468.32986
380.8639038689105,468.32986
362.23490987710363,468.32986
380.8639038689105,468.32986
627.9431926023495,468.32986
863.2568009199106,468.32986
725.9905294013332,468.32986
481.8526607718638,468.32986
457.3408265721178,468.32986
529.8958558033659,468.32986
438.71183258031095,468.32986
479.8917140358841,468.32986
458.32129994010774,468.32986
500.48165476367063,468.32986
385.7662707088597,468.32986
443.6141994202601,468.32986
549.5053231631626,468.32986
961.3041377188943,468.32986
569.1147905229593,468.32986
569.1147905229593,468.32986
539.7005894832643,468.32986
588.724257882756,468.32986
491.6573944517621,468.32986
437.731359212321,468.32986
478.9112406678943,468.32986
529.8958558033659,468.32986
569.1147905229593,468.32986
618.1384589224513,468.32986
618.1384589224513,468.32986
873.0615345998089,468.32986
843.6473335601139,468.32986
833.8425998802153,468.32986
814.2331325204186,468.32986
814.2331325204186,468.32986
804.4283988405202,468.32986
804.4283988405202,468.32986
833.8425998802153,468.32986
647.5526599621463,468.32986
686.7715946817399,468.32986
529.8958558033659,468.33362
481.8526607718638,468.33813
627.9431926023495,468.3401
784.8189314807236,468.3427
853.4520672400122,468.45245
892.6710019596056,468.72498
765.2094641209269,469.0544
755.4047304410285,469.0203
627.9431926023495,468.67242
765.2094641209269,468.32986
657.3573936420446,468.32986
657.3573936420446,468.32986
559.3100568430609,468.32986
588.724257882756,468.32986
539.7005894832643,468.32986
559.3100568430609,468.32986
578.9195242028576,468.4711
686.7715946817399,468.6388
676.9668610018413,468.7102
716.1857957214349,468.32986
706.3810620415366,468.32986
725.9905294013332,468.42584
696.5763283616383,468.54
686.7715946817399,468.58954
513.2278085475386,468.32986
637.7479262822479,468.32986
618.1384589224513,468.32986
529.8958558033659,468.32986
529.8958558033659,468.32986
529.8958558033659,468.32986
559.3100568430609,468.32986
578.9195242028576,468.32986
657.3573936420446,468.32986
559.3100568430609,468.32986
637.7479262822479,468.32986
784.8189314807236,468.32986
667.162127321943,468.34802
618.1384589224513,468.3697
520.0911221234674,468.37906
598.5289915626545,468.32986
765.2094641209269,468.32986
745.59999676113,468.32986
735.7952630812316,468.32986
735.7952630812316,468.39185
539.7005894832643,468.47775
559.3100568430609,468.5242
578.9195242028576,468.36264
657.3573936420446,468.32986
618.1384589224513,468.32986
598.5289915626545,468.32986
598.5289915626545,468.32986
598.5289915626545,468.32986
539.7005894832643,468.32986
598.5289915626545,468.3609
686.7715946817399,468.39786
508.32544170758933,468.41388
467.14556025201614,468.32986
384.7857973408699,468.32986
376.9420103969513,468.32986
356.3520696691646,468.32986
353.4106495651951,468.32986
588.724257882756,468.32986
418.1218918525243,468.32986
428.9070989004126,468.32986
421.0633119564939,468.32986
307.32840126967267,468.32986
258.3047328701808,468.35632
306.34792790168297,468.3879
452.4384597321686,468.40158
470.08698035598576,468.32986
413.21952501257516,468.32986
336.74260230936784,468.32986
280.855620333947,468.32986
676.9668610018413,468.32986
569.1147905229593,468.32986
637.7479262822479,468.32986
716.1857957214349,468.32986
559.3100568430609,468.32986
549.5053231631626,468.32986
539.7005894832643,468.32986
529.8958558033659,468.32986
588.724257882756,468.32986
578.9195242028576,468.32986
578.9195242028576,468.32986
417.1414184845345,468.32986
637.7479262822479,468.32986
395.5710043887581,468.32986
445.5751461562399,468.32986
515.1887552835183,468.32986
490.6769210837723,468.32986
520.0911221234674,468.32986
502.44260149965044,468.32986
474.98934719593495,468.32986
519.1106487554777,468.32986
569.1147905229593,468.32986
539.7005894832643,468.32986
490.6769210837723,468.32986
368.11775008504264,468.32986
473.02840045995526,468.32986
529.8958558033659,468.32986
492.63786781975205,468.32986
755.4047304410285,468.32986
765.2094641209269,468.32986
735.7952630812316,468.32986
637.7479262822479,468.32986
686.7715946817399,468.32986
608.3337252425529,468.32986
647.5526599621463,468.32986
618.1384589224513,468.32986
598.5289915626545,468.32986
503.42307486764014,468.32986
539.7005894832643,468.32986
569.1147905229593,468.32986
598.5289915626545,468.32986
627.9431926023495,468.32986
657.3573936420446,468.4062
539.7005894832643,468.4971
578.9195242028576,468.5365
422.0437853244836,468.32986
380.8639038689105,468.32986
451.4579863641788,468.32986
461.26272004407724,468.32986
559.3100568430609,468.32986
578.9195242028576,468.32986
588.724257882756,468.32986
450.4775129961891,468.32986
549.5053231631626,468.32986
471.0674537239756,468.32986
475.96982056392477,468.32986
833.8425998802153,468.32986
824.0378662003169,468.32986
824.0378662003169,468.32986
853.4520672400122,468.32986
922.0852029993008,468.32986
863.2568009199106,468.32986
941.6946703590976,468.32986
1069.1562081977766,468.32986
1392.7124196344228,468.3941
1716.2686310710692,468.72162
1127.9846102771667,469.36447
1010.3278061183862,469.67014
1010.3278061183862,469.13684
912.2804693194025,468.32986
1177.0082786766586,468.32986
980.9136050786909,468.32986
1039.7420071580812,468.42133
902.4757356395039,468.56842
931.8899366791992,468.6915
824.0378662003169,468.50055
941.6946703590976,468.42694
922.0852029993008,468.36304
902.4757356395039,468.37085
833.8425998802153,468.32986
863.2568009199106,468.32986
824.0378662003169,468.32986
873.0615345998089,468.32986
980.9136050786909,468.32986
254.3828393982216,468.3752
254.3828393982216,468.66815
267.12899318208946,468.78186
342.6254425173069,468.86908
342.6254425173069,468.86908
356.3520696691646,468.91663
317.1331349495711,468.99896
317.1331349495711,469.0654
305.367454533693,468.95993
305.367454533693,468.95352
305.367454533693,468.86908
305.367454533693,468.86908
305.367454533693,468.86908
329.87928873343895,468.86908
356.3520696691646,468.86908
356.3520696691646,468.86908
370.0786968210223,468.98367
342.6254425173069,469.2029
342.6254425173069,469.33304
342.6254425173069,469.0179
317.1331349495711,469.03458
317.1331349495711,469.203
317.1331349495711,469.1904
317.1331349495711,468.91644
317.1331349495711,468.9403
292.62130074982514,468.8991
292.62130074982514,468.87494
292.62130074982514,468.88428
317.1331349495711,468.88788
374.00059029298166,468.88083
363.21538324509345,468.89948
340.6644957813273,468.90662
329.87928873343895,468.86908
320.0745550535405,468.86908
320.0745550535405,468.86908
320.0745550535405,468.86908
309.28934800565247,468.86908
288.69940727786593,468.86908
278.8946735979675,468.86908
269.0899399180691,468.86908
269.0899399180691,468.8814
258.3047328701808,468.90097
269.0899399180691,468.9085
269.0899399180691,468.86908
248.49999919028247,468.86908
248.49999919028247,468.86908
227.91005846249595,468.86908
227.91005846249595,468.86908
227.91005846249595,468.86908
248.49999919028247,468.86908
227.91005846249595,468.86908
218.1053247825976,468.86908
209.281064470689,468.86908
218.1053247825976,468.86908
218.1053247825976,468.86908
199.47633079079063,468.86908
189.67159711089218,468.86908
775.0141978008252,468.86908
775.0141978008252,468.86908
755.4047304410285,468.90488
696.5763283616383,468.96164
696.5763283616383,468.98352
706.3810620415366,468.86908
676.9668610018413,468.91605
647.5526599621463,468.99045
637.7479262822479,469.01907
637.7479262822479,468.87494
618.1384589224513,468.88956
618.1384589224513,468.90155
618.1384589224513,468.88596
608.3337252425529,468.86908
588.724257882756,468.86908
569.1147905229593,468.86908
569.1147905229593,468.86908
618.1384589224513,468.86908
569.1147905229593,468.86908
549.5053231631626,468.86908
539.7005894832643,468.86908
539.7005894832643,468.86908
520.0911221234674,468.86908
511.26686181155895,468.86908
499.50118139568093,468.86908
487.7355009798028,468.86908
487.7355009798028,468.86908
487.7355009798028,468.86908
395.5710043887581,468.86908
384.7857973408699,468.90903
374.00059029298166,469.04282
351.4497028292153,469.17935
340.6644957813273,469.09573
329.87928873343895,468.86908
329.87928873343895,468.86908
329.87928873343895,468.86908
309.28934800565247,468.86908
309.28934800565247,468.86908
288.69940727786593,468.86908
278.8946735979675,468.86908
278.8946735979675,468.86908
278.8946735979675,468.86908
278.8946735979675,468.86908
269.0899399180691,468.86908
248.49999919028247,468.86908
227.91005846249595,468.86908
227.91005846249595,468.86908
227.91005846249595,468.86908
209.281064470689,468.86908
209.281064470689,468.86908
218.1053247825976,468.88434
227.91005846249595,468.90857
227.91005846249595,468.91788
248.49999919028247,468.86908
227.91005846249595,468.86908
227.91005846249595,468.86908
272.0313600220386,468.86908
283.7970404379166,468.86908
272.0313600220386,468.86908
260.2656796061605,468.86908
247.51952582229265,468.86908
223.9881649905365,468.86908
212.2224845746585,468.86908
212.2224845746585,468.86908
212.2224845746585,468.86908
223.9881649905365,468.8726
223.9881649905365,468.87817
212.2224845746585,468.88034
212.2224845746585,468.86908
187.71065037491252,468.86908
175.9449699590346,468.86908
175.9449699590346,468.86908
164.17928954315647,468.86908
164.17928954315647,468.86908
153.3940824952683,468.86908
164.17928954315647,468.86908
212.2224845746585,468.86908
212.2224845746585,468.90137
164.17928954315647,468.95258
153.3940824952683,468.97226
142.60887544738,468.86908
131.82366839949182,468.86908
121.03846135160364,468.86908
121.03846135160364,468.86908
121.03846135160364,468.86908
443.6141994202601,468.86908
443.6141994202601,468.86908
450.4775129961891,468.86908
428.9070989004126,468.92773
443.6141994202601,469.0207
443.6141994202601,469.0565
443.6141994202601,468.86908
428.9070989004126,468.89963
428.9070989004126,468.94803
401.45384459669714,468.97952
407.33668480463615,468.9025
394.59053102076825,468.91037
387.7272174448394,468.86908
387.7272174448394,468.86908
374.9810636609716,468.86908
362.23490987710363,468.86908
387.7272174448394,468.86908
387.7272174448394,468.8732
381.8443772369004,468.8797
374.9810636609716,468.88223
381.8443772369004,468.86908
387.7272174448394,468.86908
374.9810636609716,468.86908
362.23490987710363,468.86908
428.9070989004126,468.86908
422.0437853244836,468.86908
387.7272174448394,468.86908
387.7272174448394,468.86908
3954.0000000000005,468.86908
3954.0000000000005,468.86908
3954.0000000000005,468.86908
3954.0000000000005,468.86908
3954.0000000000005,468.86908
3954.0000000000005,468.86908
3954.0000000000005,468.86908
3954.0000000000005,468.86908
3954.0000000000005,468.86908
3954.0000000000005,468.86908
3954.0000000000005,468.86908
775.0141978008252,468.86966
686.7715946817399,469.0177
637.7479262822479,469.25116
647.5526599621463,469.3392
696.5763283616383,468.87085
647.5526599621463,468.98767
608.3337252425529,469.18564
588.724257882756,469.2756
588.724257882756,468.92163
569.1147905229593,468.86908
569.1147905229593,468.86908
559.3100568430609,468.86908
529.8958558033659,468.86908
499.50118139568093,468.86908
467.14556025201614,468.86908
458.32129994010774,468.86908
452.4384597321686,468.86908
716.1857957214349,468.86908
745.59999676113,468.86908
775.0141978008252,468.86908
755.4047304410285,468.86908
755.4047304410285,468.86908
755.4047304410285,468.8914
745.59999676113,468.9268
735.7952630812316,468.9404
735.7952630812316,468.86908
735.7952630812316,468.86908
745.59999676113,468.86908
716.1857957214349,468.87024
716.1857957214349,468.8721
716.1857957214349,468.8728
716.1857957214349,468.86908
716.1857957214349,468.86908
716.1857957214349,468.86908
735.7952630812316,468.86908
735.7952630812316,468.86908
706.3810620415366,468.8926
686.7715946817399,468.92984
657.3573936420446,468.94415
647.5526599621463,468.86908
647.5526599621463,468.86908
627.9431926023495,468.86908
618.1384589224513,468.86908
618.1384589224513,468.86908
618.1384589224513,468.86908
486.755027611813,468.86908
486.755027611813,468.86908
501.46212813166045,468.86908
486.755027611813,468.86908
472.04792709196533,468.86908
501.46212813166045,468.86908
516.169228651508,468.86908
529.8958558033659,468.86908
516.169228651508,468.86908
501.46212813166045,468.86908
501.46212813166045,468.86908
486.755027611813,468.86908
486.755027611813,468.86908
457.3408265721178,468.86908
472.04792709196533,468.86908
457.3408265721178,468.87024
457.3408265721178,468.9132
443.6141994202601,468.97903
443.6141994202601,469.00037
414.1999983805651,468.88083
414.1999983805651,468.89948
428.9070989004126,468.90662
457.3408265721178,468.86908
457.3408265721178,468.9055
486.755027611813,468.96317
472.04792709196533,469.0012
428.9070989004126,468.9101
414.1999983805651,468.92093
428.9070989004126,468.8721
245.55857908631296,468.8728
245.55857908631296,468.86908
225.9491117265163,468.86908
216.14437804661782,468.86908
205.35917099872964,468.86908
205.35917099872964,468.86908
195.5544373188313,468.86908
155.35502923124787,468.86908
145.5502955513495,468.86908
136.726035239441,468.86908
136.726035239441,468.86908
127.90177492753249,468.86908
109.27278093572563,468.86908
100.44852062381713,468.86908
100.44852062381713,468.86908
91.62426031190851,468.86908
82.8,468.86908
82.8,468.86908
91.62426031190851,468.86908
155.35502923124787,468.86908
155.35502923124787,468.88672
127.90177492753249,468.91464
119.07751461562398,468.92538
109.27278093572563,468.86908
100.44852062381713,468.86908
109.27278093572563,468.86908
100.44852062381713,468.86908
109.27278093572563,468.86908
438.71183258031095,468.86908
423.0242586924735,468.86908
407.33668480463615,468.86908
374.9810636609716,468.86908
438.71183258031095,469.01617
407.33668480463615,469.24933
390.6686375488088,469.3392
374.9810636609716,468.86908
359.293489773134,468.86908
359.293489773134,468.86908
343.60591588529667,468.86908
343.60591588529667,468.86908
312.23076810962186,468.9365
298.50414095776426,469.15924
283.7970404379166,469.4064
270.07041328605897,469.29843
255.36331276621132,468.9385
255.36331276621132,468.92773
270.07041328605897,469.0207
270.07041328605897,469.0915
255.36331276621132,469.04468
255.36331276621132,469.20056
255.36331276621132,469.14047
270.07041328605897,468.86908
270.07041328605897,468.86908
255.36331276621132,468.86908
298.50414095776426,468.86908
312.23076810962186,468.86908
438.71183258031095,468.86908
423.0242586924735,468.86908
407.33668480463615,468.86908
374.9810636609716,468.86908
438.71183258031095,468.86908
407.33668480463615,468.88965
390.6686375488088,468.92224
374.9810636609716,468.93478
359.293489773134,468.86908
359.293489773134,468.86908
343.60591588529667,468.86908
343.60591588529667,468.86908
312.23076810962186,468.86908
298.50414095776426,468.86908
283.7970404379166,468.86908
270.07041328605897,468.86908
255.36331276621132,468.86908
255.36331276621132,468.86908
270.07041328605897,468.86908
270.07041328605897,468.86908
255.36331276621132,468.86908
255.36331276621132,468.86908
255.36331276621132,468.86908
270.07041328605897,468.86908
270.07041328605897,468.86908
255.36331276621132,468.86908
298.50414095776426,468.86908
423.0242586924735,468.86908
696.5763283616383,469.0011
716.1857957214349,469.2622
676.9668610018413,469.42603
657.3573936420446,469.03778
618.1384589224513,468.86908
657.3573936420446,468.86908
637.7479262822479,468.86908
775.0141978008252,468.86908
794.623665160622,468.96857
716.1857957214349,469.12625
578.9195242028576,469.18704
618.1384589224513,468.86908
578.9195242028576,468.86908
539.7005894832643,468.86908
578.9195242028576,468.86908
559.3100568430609,468.86908
539.7005894832643,468.86908
539.7005894832643,468.86908
500.48165476367063,468.86908
480.87218740387397,468.86908
461.26272004407724,468.86908
461.26272004407724,468.86908
461.26272004407724,468.86908
441.65325268428046,468.86908
441.65325268428046,468.86908
422.0437853244836,468.86908
422.0437853244836,468.86908
422.0437853244836,468.86908
461.26272004407724,468.86908
363.21538324509345,468.86908
343.60591588529667,468.86908
323.99644852549994,468.90137
309.28934800565247,468.95258
309.28934800565247,468.97226
309.28934800565247,468.86908
294.5822474858048,468.86908
279.8751469659573,468.86908
265.16804644610966,468.86908
382.8248506048903,468.86908
461.26272004407724,468.86908
343.60591588529667,468.86908
309.28934800565247,468.86908
343.60591588529667,468.86908
402.43431796468695,468.86908
402.43431796468695,468.86908
363.21538324509345,468.86908
363.21538324509345,468.86908
294.5822474858048,468.86908
279.8751469659573,468.8908
265.16804644610966,468.9253
250.46094592626216,468.96725
221.04674488656698,468.94348
206.33964436671948,468.96103
191.63254384687195,468.86908
206.33964436671948,468.86908
235.75384540641463,468.86908
235.75384540641463,468.86908
438.71183258031095,468.86908
407.33668480463615,468.91605
390.6686375488088,468.99045
374.9810636609716,469.01907
359.293489773134,468.86908
359.293489773134,468.86908
327.91834199745944,468.86908
312.23076810962186,468.86908
390.6686375488088,468.86908
647.5526599621463,468.86908
627.9431926023495,468.9773
539.7005894832643,469.1604
470.08698035598576,469.245
374.9810636609716,468.90662
343.60591588529667,468.86908
343.60591588529667,468.86908
327.91834199745944,468.86908
312.23076810962186,468.87494
298.50414095776426,468.88428
283.7970404379166,468.88788
270.07041328605897,468.86908
270.07041328605897,468.86908
374.9810636609716,468.86908
312.23076810962186,468.9043
312.23076810962186,468.96014
283.7970404379166,468.9816
255.36331276621132,468.86908
241.63668561435352,468.86908
343.60591588529667,468.86908
343.60591588529667,468.86908
343.60591588529667,468.86908
323.99644852549994,468.86908
309.28934800565247,468.86908
323.99644852549994,468.86908
323.99644852549994,468.86908
309.28934800565247,468.86908
294.5822474858048,468.86908
323.99644852549994,468.86908
323.99644852549994,468.86908
323.99644852549994,468.86908
323.99644852549994,468.86908
309.28934800565247,468.86908
309.28934800565247,468.86908
363.21538324509345,468.86908
441.65325268428046,468.87613
363.21538324509345,468.8873
343.60591588529667,468.8916
309.28934800565247,468.86908
294.5822474858048,468.86908
265.16804644610966,468.86908
309.28934800565247,468.86908
480.87218740387397,468.86908
480.87218740387397,469.05545
343.60591588529667,469.4434
279.8751469659573,469.70636
294.5822474858048,469.17215
455.37987983613823,468.86908
432.82899237237183,468.86908
432.82899237237183,468.86908
411.2585782765956,468.86908
389.6881641808191,468.86908
374.9810636609716,468.86908
354.3911229331848,468.86908
339.68402241333735,468.86908
339.68402241333735,468.86908
608.3337252425529,468.86908
1000.5230724384878,468.88083
1441.7360880339145,469.02203
990.7183387585893,469.4044
784.8189314807236,469.7646
676.9668610018413,469.54282
647.5526599621463,468.976
598.5289915626545,468.86908
549.5053231631626,468.9137
508.32544170758933,468.98438
516.169228651508,469.01157
501.46212813166045,468.86908
471.0674537239756,468.86908
440.6727793162906,468.86908
432.82899237237183,468.8967
411.2585782765956,468.94046
598.5289915626545,468.95728
598.5289915626545,468.91605
1000.5230724384878,469.01788
725.9905294013332,469.15643
418.1218918525243,469.12967
404.39526470066664,469.08264
396.55147775674794,468.86908
389.6881641808191,468.86908
411.2585782765956,468.86908
389.6881641808191,468.8779
374.9810636609716,468.89188
361.2544365091138,468.89725
354.3911229331848,468.86908
339.68402241333735,468.86908
332.8207088374086,468.86908
318.11360831756093,468.86908
304.3869811657033,468.86908
290.66035401384545,468.86908
290.66035401384545,468.86908
290.66035401384545,468.86908
263.20709971013,468.86908
250.46094592626216,468.86908
224.96863835852645,468.86908
212.2224845746585,468.86908
212.2224845746585,468.86908
218.1053247825976,468.86908
218.1053247825976,468.86908
250.46094592626216,468.86908
237.7147921423943,468.89432
243.5976323503333,468.93436
256.34378613420114,468.94977
250.46094592626216,468.86908
608.3337252425529,468.86908
598.5289915626545,468.86908
627.9431926023495,468.86908
637.7479262822479,468.86908
618.1384589224513,468.86908
588.724257882756,468.86908
578.9195242028576,468.86908
578.9195242028576,468.86908
569.1147905229593,468.86908
549.5053231631626,468.86908
539.7005894832643,468.86908
539.7005894832643,468.86908
539.7005894832643,468.86908
539.7005894832643,468.86908
529.8958558033659,468.86908
508.32544170758933,468.86908
494.59881455573174,468.86908
480.87218740387397,468.86908
487.7355009798028,468.86908
539.7005894832643,468.86908
501.46212813166045,468.86908
480.87218740387397,468.86908
467.14556025201614,468.86908
447.5360928922195,468.86908
529.8958558033659,468.86908
578.9195242028576,468.88083
494.59881455573174,468.96155
529.8958558033659,469.06717
549.5053231631626,469.06772
539.7005894832643,468.86908
539.7005894832643,468.86908
529.8958558033659,468.86908
608.3337252425529,468.86908
508.32544170758933,468.86908
493.6183411877418,468.86908
485.7745542438231,468.86908
478.9112406678943,468.86908
478.9112406678943,468.86908
463.22366678005693,468.86908
463.22366678005693,468.86908
448.5165662602093,468.86908
440.6727793162906,468.86908
432.82899237237183,468.86908
418.1218918525243,468.86908
425.9656787964431,468.86908
418.1218918525243,468.86908
404.39526470066664,468.86908
389.6881641808191,468.86908
396.55147775674794,468.86908
389.6881641808191,468.86908
374.9810636609716,468.87494
404.39526470066664,468.88428
396.55147775674794,468.88788
389.6881641808191,468.86908
382.8248506048903,468.86908
374.9810636609716,468.86908
448.5165662602093,468.86908
475.96982056392477,468.86908
469.10650698799583,468.86908
448.5165662602093,468.86908
434.78993910835163,468.86908
469.10650698799583,468.86908
490.6769210837723,468.86908
511.26686181155895,468.86908
482.8331341398536,468.91486
455.37987983613823,468.9874
434.78993910835163,469.01532
448.5165662602093,468.86908
511.26686181155895,468.86908
482.8331341398536,468.86908
441.65325268428046,468.91312
421.0633119564939,468.98288
408.31715817262597,469.0097
395.5710043887581,468.86908
375.9615370289613,468.86908
369.09822345303246,468.86908
356.3520696691646,468.86908
343.60591588529667,468.86908
343.60591588529667,468.86908
317.1331349495711,468.86908
304.3869811657033,468.86908
304.3869811657033,468.86908
291.6408273818353,468.86908
291.6408273818353,468.86908
304.3869811657033,468.86908
513.2278085475386,468.86908
494.59881455573174,468.86908
475.96982056392477,468.86908
434.78993910835163,468.86908
421.0633119564939,468.86908
417.1414184845345,468.86908
399.49289786071745,468.86908
399.49289786071745,468.86908
395.5710043887581,468.86908
403.41479133267677,468.86908
417.1414184845345,468.86908
448.5165662602093,468.86908
425.9656787964431,468.86908
408.31715817262597,468.86908
395.5710043887581,468.86908
395.5710043887581,468.86908
386.7467440768496,468.86908
374.00059029298166,468.86908
356.3520696691646,468.86908
356.3520696691646,468.86908
343.60591588529667,468.86908
390.6686375488088,468.86908
381.8443772369004,468.8926
369.09822345303246,468.92984
377.922483764941,468.94415
408.31715817262597,468.86908
408.31715817262597,468.88434
395.5710043887581,469.02643
422.0437853244836,469.22278
390.6686375488088,469.24646
475.96982056392477,468.86908
334.19337155259433,468.86908
386.7467440768496,468.86908
384.7857973408699,468.86908
618.1384589224513,468.86908
627.9431926023495,468.86908
549.5053231631626,468.86908
529.8958558033659,468.86908
513.2278085475386,468.8838
559.3100568430609,468.90704
3954.0000000000005,468.91602
3954.0000000000005,468.86908
3954.0000000000005,468.95984
3954.0000000000005,469.1037
3954.0000000000005,469.15912
3954.0000000000005,468.86908
3954.0000000000005,468.86908
3954.0000000000005,468.86908
3954.0000000000005,468.86908
3954.0000000000005,468.86908
3954.0000000000005,468.86908
3954.0000000000005,468.86908
3954.0000000000005,468.86908
3954.0000000000005,468.86908
3954.0000000000005,468.86908
3954.0000000000005,468.93826
3954.0000000000005,469.0782
3954.0000000000005,469.16864
3954.0000000000005,469.09824
3954.0000000000005,469.21036
3954.0000000000005,469.29102
3954.0000000000005,468.86908
3954.0000000000005,468.86908
3954.0000000000005,468.86908
3954.0000000000005,468.86908
3954.0000000000005,468.86908
3954.0000000000005,468.86908
3954.0000000000005,468.86908
495.57928792372144,468.86908
502.44260149965044,468.86908
506.36449497160964,468.86908
445.5751461562399,468.86908
433.80946574036176,468.86908
385.7662707088597,468.86908
529.8958558033659,468.86908
716.1857957214349,468.86908
824.0378662003169,469.0393
647.5526599621463,469.38528
559.3100568430609,469.61185
549.5053231631626,469.11816
444.59467278824997,468.86908
352.4301761972053,468.86908
539.7005894832643,468.99008
598.5289915626545,469.18185
735.7952630812316,469.25577
716.1857957214349,468.86908
735.7952630812316,468.86908
794.623665160622,468.86908
716.1857957214349,468.86908
706.3810620415366,468.86908
657.3573936420446,468.86908
667.162127321943,468.86908
608.3337252425529,468.87494
647.5526599621463,468.88428
647.5526599621463,468.88788
578.9195242028576,468.86908
608.3337252425529,468.86908
578.9195242028576,468.86908
529.8958558033659,468.86908
667.162127321943,468.86908
637.7479262822479,468.86908
492.63786781975205,468.86908
569.1147905229593,468.86908
559.3100568430609,468.86908
598.5289915626545,468.86908
374.00059029298166,468.90137
588.724257882756,468.95258
647.5526599621463,468.97226
627.9431926023495,468.86908
529.8958558033659,468.86908
647.5526599621463,468.86908
725.9905294013332,468.86908
578.9195242028576,468.86908
735.7952630812316,468.86908
725.9905294013332,468.86908
627.9431926023495,468.8914
598.5289915626545,468.95374
569.1147905229593,469.0101
515.1887552835183,468.95535
775.0141978008252,468.86908
745.59999676113,468.86908
676.9668610018413,468.86908
706.3810620415366,468.86908
539.7005894832643,468.86908
608.3337252425529,468.86908
464.20414014804663,468.86908
441.65325268428046,468.86908
508.32544170758933,468.86908
588.724257882756,468.86908
667.162127321943,468.86908
755.4047304410285,468.88083
529.8958558033659,468.89948
657.3573936420446,468.90662
627.9431926023495,468.86908
559.3100568430609,468.86908
519.1106487554777,468.86908
559.3100568430609,468.86908
598.5289915626545,468.86908
569.1147905229593,468.86908
559.3100568430609,468.86908
549.5053231631626,468.86908
598.5289915626545,468.86908
569.1147905229593,468.86908
618.1384589224513,468.86908
598.5289915626545,468.86908
507.3449683395996,468.86908
520.0911221234674,468.86908
520.0911221234674,468.86908
520.0911221234674,468.86908
474.98934719593495,468.86908
657.3573936420446,468.86908
725.9905294013332,468.86908
608.3337252425529,468.86908
588.724257882756,468.86908
482.8331341398536,468.86908
496.5597612917113,468.86908
676.9668610018413,468.86908
608.3337252425529,468.86908
627.9431926023495,468.86908
598.5289915626545,468.86908
627.9431926023495,468.86908
588.724257882756,468.86908
588.724257882756,468.86908
598.5289915626545,468.86908
539.7005894832643,468.86908
627.9431926023495,468.86908
608.3337252425529,468.86908
598.5289915626545,468.86908
442.6337260522703,468.86908
419.10236522051423,468.86908
569.1147905229593,468.86908
487.7355009798028,468.86908
517.1497020194979,468.86908
549.5053231631626,468.86908
716.1857957214349,468.87613
423.0242586924735,468.9243
488.7159743477926,468.98718
578.9195242028576,468.99368
478.9112406678943,468.8858
423.0242586924735,468.90442
371.05917018901215,468.90704
417.1414184845345,468.91602
1941.7775057087317,468.89786
1549.5881585127966,468.95404
1108.3751429173699,469.3584
794.623665160622,469.9653
483.81360750784347,470.22794
569.1147905229593,469.0156
657.3573936420446,468.88428
559.3100568430609,468.88788
559.3100568430609,468.86908
608.3337252425529,468.86908
499.50118139568093,468.86908
456.360353204128,468.86908
549.5053231631626,468.86908
502.44260149965044,468.86908
505.38402160361994,469.08826
804.4283988405202,469.62872
784.8189314807236,470.06522
696.5763283616383,469.4927
598.5289915626545,468.86908
519.1106487554777,468.86908
755.4047304410285,468.86908
588.724257882756,468.86908
569.1147905229593,468.86908
549.5053231631626,468.86908
549.5053231631626,468.86908
578.9195242028576,468.86908
491.6573944517621,468.86908
469.10650698799583,468.86908
508.32544170758933,468.86908
491.6573944517621,468.86908
520.0911221234674,468.86908
539.7005894832643,468.86908
637.7479262822479,468.86908
725.9905294013332,468.86908
598.5289915626545,468.86908
588.724257882756,468.86908
578.9195242028576,468.86908
512.2473351795488,468.86908
539.7005894832643,468.86908
539.7005894832643,468.86908
529.8958558033659,468.86908
569.1147905229593,468.86908
539.7005894832643,468.86908
520.0911221234674,468.86908
432.82899237237183,468.86908
372.0396435570021,468.86908
278.8946735979675,468.86908
346.5473359892662,468.86908
391.64911091679875,468.86908
395.5710043887581,468.86908
322.0355017895203,468.86908
220.06627151857728,468.86908
323.0159751575101,468.86908
338.7035490453475,468.86908
336.74260230936784,468.86908
411.2585782765956,468.86908
290.66035401384545,468.86908
336.74260230936784,468.86908
343.60591588529667,468.86908
246.5390524543028,468.86908
337.72307567735777,468.86908
336.74260230936784,468.86908
311.2502947416321,468.86908
336.74260230936784,468.86908
283.7970404379166,468.86908
294.5822474858048,468.86908
247.51952582229265,468.86908
269.0899399180691,468.86908
265.16804644610966,468.86908
265.16804644610966,468.86908
275.95325349399786,468.86908
131.82366839949182,468.86908
380.8639038689105,468.86908
386.7467440768496,468.86908
549.5053231631626,468.86908
509.30591507557926,468.86908
428.9070989004126,468.86908
501.46212813166045,468.86908
488.7159743477926,468.86908
388.7076908128292,468.86908
479.8917140358841,468.86908
491.6573944517621,468.86908
833.8425998802153,468.92892
824.0378662003169,469.1495
667.162127321943,469.38644
608.3337252425529,469.2743
549.5053231631626,468.86908
549.5053231631626,468.8914
485.7745542438231,468.9268
539.7005894832643,468.9697
492.63786781975205,468.94498
489.69644771578254,468.9629
529.8958558033659,468.86908
493.6183411877418,468.86908
438.71183258031095,468.86908
470.08698035598576,468.86908
419.10236522051423,468.86908
411.2585782765956,468.86908
404.39526470066664,468.86908
295.56272085379464,468.86908
627.9431926023495,468.86908
559.3100568430609,468.86908
706.3810620415366,468.86908
637.7479262822479,468.86908
569.1147905229593,468.86908
493.6183411877418,468.86908
618.1384589224513,468.86908
498.52070802769094,468.86908
588.724257882756,468.86908
578.9195242028576,468.86908
588.724257882756,468.86908
598.5289915626545,468.86908
400.47337122870726,468.86908
588.724257882756,468.86908
608.3337252425529,468.86908
400.47337122870726,468.86908
804.4283988405202,468.86908
755.4047304410285,468.86908
696.5763283616383,468.8961
608.3337252425529,468.93893
569.1147905229593,468.95535
518.1301753874876,468.86908
608.3337252425529,468.86908
618.1384589224513,468.86908
569.1147905229593,468.86908
608.3337252425529,468.86908
520.0911221234674,468.86908
578.9195242028576,468.86908
362.23490987710363,468.86908
375.9615370289613,468.86908
419.10236522051423,468.86908
432.82899237237183,468.86908
448.5165662602093,468.86908
354.3911229331848,468.86908
390.6686375488088,468.86908
618.1384589224513,468.86908
514.2082819155286,468.86908
735.7952630812316,469.01443
529.8958558033659,469.40997
487.7355009798028,469.764
395.5710043887581,469.4077
427.92662553242263,468.86908
449.4970396281991,468.86908
482.8331341398536,468.86908
507.3449683395996,468.86908
507.3449683395996,468.86908
497.54023465970124,468.86908
447.5360928922195,468.86908
385.7662707088597,468.86908
367.1372767170529,468.86908
462.243193412067,468.86908
404.39526470066664,468.86908
424.0047320604634,468.86908
404.39526470066664,468.86908
395.5710043887581,468.86908
400.47337122870726,468.86908
373.0201169249918,468.86908
390.6686375488088,468.86908
415.1804717485548,468.86908
380.8639038689105,468.86908
362.23490987710363,468.86908
380.8639038689105,468.86908
627.9431926023495,468.86908
863.2568009199106,468.91486
725.9905294013332,469.14972
481.8526607718638,469.4473
457.3408265721178,469.42102
529.8958558033659,468.90662
438.71183258031095,468.86908
479.8917140358841,468.86908
458.32129994010774,468.86908
500.48165476367063,468.86908
385.7662707088597,468.86908
443.6141994202601,468.86908
549.5053231631626,468.86908
961.3041377188943,469.02777
569.1147905229593,469.40277
569.1147905229593,469.6983
539.7005894832643,469.27246
588.724257882756,468.8914
491.6573944517621,468.9268
437.731359212321,468.9404
478.9112406678943,468.86908
529.8958558033659,468.86908
569.1147905229593,468.86908
618.1384589224513,468.86908
618.1384589224513,468.86908
873.0615345998089,468.86908
843.6473335601139,468.86908
833.8425998802153,468.86908
814.2331325204186,468.86908
814.2331325204186,468.86908
804.4283988405202,468.86908
804.4283988405202,468.86908
833.8425998802153,468.86908
647.5526599621463,468.86908
686.7715946817399,468.86908
529.8958558033659,468.86908
481.8526607718638,468.86908
627.9431926023495,468.86908
784.8189314807236,468.86908
853.4520672400122,468.8955
892.6710019596056,468.9374
765.2094641209269,468.9676
755.4047304410285,468.90552
627.9431926023495,468.91412
765.2094641209269,468.86908
657.3573936420446,468.86908
657.3573936420446,468.86908
559.3100568430609,468.86908
588.724257882756,468.86908
539.7005894832643,468.86908
559.3100568430609,468.86908
578.9195242028576,468.89377
686.7715946817399,468.93286
676.9668610018413,468.9479
716.1857957214349,468.86908
706.3810620415366,468.86908
725.9905294013332,468.86908
696.5763283616383,468.86908
686.7715946817399,468.86908
513.2278085475386,468.86908
637.7479262822479,468.86908
618.1384589224513,468.86908
529.8958558033659,468.86908
529.8958558033659,468.86908
529.8958558033659,468.86908
559.3100568430609,468.86908
578.9195242028576,468.86908
657.3573936420446,468.86908
559.3100568430609,468.86908
637.7479262822479,468.86908
784.8189314807236,468.86908
667.162127321943,468.86908
618.1384589224513,468.86908
520.0911221234674,468.86908
598.5289915626545,468.86908
765.2094641209269,468.86908
745.59999676113,468.86908
735.7952630812316,468.86908
735.7952630812316,468.93475
539.7005894832643,469.12476
559.3100568430609,469.3018
578.9195242028576,469.14606
657.3573936420446,468.86908
618.1384589224513,468.86908
598.5289915626545,468.86908
598.5289915626545,468.86908
598.5289915626545,468.86908
539.7005894832643,468.86908
598.5289915626545,468.8732
686.7715946817399,468.9167
508.32544170758933,468.9778
467.14556025201614,468.98724
384.7857973408699,468.86908
376.9420103969513,468.86908
356.3520696691646,468.86908
353.4106495651951,468.86908
588.724257882756,468.86908
418.1218918525243,468.86908
428.9070989004126,468.86908
421.0633119564939,468.86908
307.32840126967267,468.86908
258.3047328701808,468.86908
306.34792790168297,468.86908
452.4384597321686,468.86908
470.08698035598576,468.86908
413.21952501257516,468.8861
336.74260230936784,468.91315
280.855620333947,468.92352
676.9668610018413,468.86908
569.1147905229593,468.86908
637.7479262822479,468.86908
716.1857957214349,468.86908
559.3100568430609,468.86908
549.5053231631626,468.86908
539.7005894832643,468.86908
529.8958558033659,468.86908
588.724257882756,468.86908
578.9195242028576,468.86908
578.9195242028576,468.86908
417.1414184845345,468.86908
637.7479262822479,468.86908
395.5710043887581,468.86908
445.5751461562399,468.86908
515.1887552835183,468.86908
490.6769210837723,468.86908
520.0911221234674,468.86908
502.44260149965044,468.86908
474.98934719593495,468.86908
519.1106487554777,468.86908
569.1147905229593,468.86908
539.7005894832643,468.86908
490.6769210837723,468.86908
368.11775008504264,468.86908
473.02840045995526,468.86908
529.8958558033659,468.86908
492.63786781975205,468.86908
755.4047304410285,468.86908
765.2094641209269,468.86908
735.7952630812316,468.86908
637.7479262822479,468.86908
686.7715946817399,468.86908
608.3337252425529,468.86908
647.5526599621463,468.86908
618.1384589224513,468.86908
598.5289915626545,468.86908
503.42307486764014,468.86908
539.7005894832643,468.86908
569.1147905229593,468.86908
598.5289915626545,468.86908
627.9431926023495,468.86908
657.3573936420446,468.86908
539.7005894832643,468.86908
578.9195242028576,468.88965
422.0437853244836,468.92224
380.8639038689105,468.93478
451.4579863641788,468.86908
461.26272004407724,468.86908
559.3100568430609,468.86908
578.9195242028576,468.86908
588.724257882756,468.86908
450.4775129961891,468.86908
549.5053231631626,468.86908
471.0674537239756,468.87967
475.96982056392477,468.89642
833.8425998802153,468.90286
824.0378662003169,468.86908
824.0378662003169,468.86908
853.4520672400122,468.86908
922.0852029993008,468.86908
863.2568009199106,468.86908
941.6946703590976,468.86908
1069.1562081977766,468.86908
1392.7124196344228,468.91135
1716.2686310710692,469.12
1127.9846102771667,469.53726
1010.3278061183862,469.75928
1010.3278061183862,469.41324
912.2804693194025,468.86908
1177.0082786766586,468.86908
980.9136050786909,468.86908
1039.7420071580812,468.892
902.4757356395039,468.95114
931.8899366791992,469.1321
824.0378662003169,469.2814
941.6946703590976,469.30945
922.0852029993008,468.92224
902.4757356395039,468.93478
833.8425998802153,468.86908
863.2568009199106,468.86908
824.0378662003169,468.86908
873.0615345998089,468.86908
980.9136050786909,468.86908
254.3828393982216,468.89963
254.3828393982216,468.71075
267.12899318208946,468.39465
342.6254425173069,467.8606
342.6254425173069,467.88376
356.3520696691646,467.91754
317.1331349495711,467.96387
317.1331349495711,467.93173
305.367454533693,467.95358
305.367454533693,467.8606
305.367454533693,467.8606
305.367454533693,467.8606
305.367454533693,467.8606
329.87928873343895,467.8606
356.3520696691646,467.8606
356.3520696691646,467.8606
370.0786968210223,467.8606
342.6254425173069,467.8606
342.6254425173069,467.8606
342.6254425173069,467.8606
317.1331349495711,467.8606
317.1331349495711,467.8606
317.1331349495711,467.8606
317.1331349495711,467.8606
317.1331349495711,467.8606
292.62130074982514,467.8606
292.62130074982514,467.8606
292.62130074982514,467.8606
317.1331349495711,467.8606
374.00059029298166,467.8606
363.21538324509345,467.8606
340.6644957813273,467.8606
329.87928873343895,467.8606
320.0745550535405,467.8606
320.0745550535405,467.8606
320.0745550535405,467.8606
309.28934800565247,467.8606
288.69940727786593,467.8693
278.8946735979675,467.88196
269.0899399180691,467.8885
269.0899399180691,467.8606
258.3047328701808,467.8606
269.0899399180691,467.8606
269.0899399180691,467.8606
248.49999919028247,467.8606
248.49999919028247,467.8606
227.91005846249595,467.8606
227.91005846249595,467.8606
227.91005846249595,467.8606
248.49999919028247,467.8606
227.91005846249595,467.8606
218.1053247825976,467.8606
209.281064470689,467.8606
218.1053247825976,467.8606
218.1053247825976,467.8606
199.47633079079063,467.8606
189.67159711089218,467.8606
775.0141978008252,467.8606
775.0141978008252,467.8606
755.4047304410285,467.9242
696.5763283616383,468.02243
696.5763283616383,468.07907
706.3810620415366,467.8792
676.9668610018413,467.8606
647.5526599621463,467.8606
637.7479262822479,467.8606
637.7479262822479,467.8606
618.1384589224513,467.8606
618.1384589224513,467.8606
618.1384589224513,467.8606
608.3337252425529,467.8606
588.724257882756,467.8606
569.1147905229593,467.8606
569.1147905229593,467.8606
618.1384589224513,467.8606
569.1147905229593,467.8606
549.5053231631626,467.8606
539.7005894832643,467.8606
539.7005894832643,467.8606
520.0911221234674,467.8606
511.26686181155895,467.8606
499.50118139568093,467.8606
487.7355009798028,467.8606
487.7355009798028,467.8606
487.7355009798028,467.8606
395.5710043887581,467.8606
384.7857973408699,467.8606
374.00059029298166,467.8606
351.4497028292153,467.8606
340.6644957813273,467.8606
329.87928873343895,467.8606
329.87928873343895,467.8606
329.87928873343895,467.8606
309.28934800565247,467.8606
309.28934800565247,467.8606
288.69940727786593,467.8606
278.8946735979675,467.8606
278.8946735979675,467.8606
278.8946735979675,467.8606
278.8946735979675,467.8606
269.0899399180691,467.8606
248.49999919028247,467.8606
227.91005846249595,467.8606
227.91005846249595,467.8606
227.91005846249595,467.8606
209.281064470689,467.8606
209.281064470689,467.8606
218.1053247825976,467.8606
227.91005846249595,467.8606
227.91005846249595,467.8606
248.49999919028247,467.8606
227.91005846249595,467.87216
227.91005846249595,467.88907
272.0313600220386,467.89783
283.7970404379166,467.8606
272.0313600220386,467.8606
260.2656796061605,467.8606
247.51952582229265,467.8606
223.9881649905365,467.8606
212.2224845746585,467.8606
212.2224845746585,467.8606
212.2224845746585,467.8606
223.9881649905365,467.8606
223.9881649905365,467.8606
212.2224845746585,467.8606
212.2224845746585,467.8606
187.71065037491252,467.8606
175.9449699590346,467.8606
175.9449699590346,467.8606
164.17928954315647,467.8606
164.17928954315647,467.8606
153.3940824952683,467.8606
164.17928954315647,467.8606
212.2224845746585,467.8606
212.2224845746585,467.87216
164.17928954315647,467.9209
153.3940824952683,467.97598
142.60887544738,467.96286
131.82366839949182,467.8606
121.03846135160364,467.8606
121.03846135160364,467.8606
121.03846135160364,467.8606
443.6141994202601,467.8606
443.6141994202601,467.8606
450.4775129961891,467.8606
428.9070989004126,467.8606
443.6141994202601,467.8606
443.6141994202601,467.8606
443.6141994202601,467.8606
428.9070989004126,467.8606
428.9070989004126,467.8606
401.45384459669714,467.8606
407.33668480463615,467.8606
394.59053102076825,467.8606
387.7272174448394,467.8606
387.7272174448394,467.8606
374.9810636609716,467.8606
362.23490987710363,467.8606
387.7272174448394,467.8606
387.7272174448394,467.8606
381.8443772369004,467.8606
374.9810636609716,467.8606
381.8443772369004,467.8606
387.7272174448394,467.8606
374.9810636609716,467.8606
362.23490987710363,467.8606
428.9070989004126,467.8606
422.0437853244836,467.8606
387.7272174448394,467.8606
387.7272174448394,467.8606
3954.0000000000005,467.8606
3954.0000000000005,467.8606
3954.0000000000005,467.8606
3954.0000000000005,467.8606
3954.0000000000005,467.8606
3954.0000000000005,467.8606
3954.0000000000005,467.8606
3954.0000000000005,467.8606
3954.0000000000005,467.8606
3954.0000000000005,467.8606
3954.0000000000005,467.8606
775.0141978008252,467.92996
686.7715946817399,468.13065
637.7479262822479,468.3291
647.5526599621463,468.18332
696.5763283616383,467.8606
647.5526599621463,467.9011
608.3337252425529,468.01773
588.724257882756,468.1318
588.724257882756,468.04636
569.1147905229593,467.8606
569.1147905229593,467.8606
559.3100568430609,467.8606
529.8958558033659,467.8606
499.50118139568093,467.8606
467.14556025201614,467.8606
458.32129994010774,467.8606
452.4384597321686,467.8606
716.1857957214349,467.8606
745.59999676113,467.8606
775.0141978008252,467.8606
755.4047304410285,467.8606
755.4047304410285,467.8606
755.4047304410285,467.8606
745.59999676113,467.8606
735.7952630812316,467.8606
735.7952630812316,467.8606
735.7952630812316,467.8606
745.59999676113,467.8606
716.1857957214349,467.8606
716.1857957214349,467.8606
716.1857957214349,467.8606
716.1857957214349,467.8606
716.1857957214349,467.8606
716.1857957214349,467.8606
735.7952630812316,467.87216
735.7952630812316,467.88907
706.3810620415366,468.00278
686.7715946817399,468.12265
657.3573936420446,468.19812
647.5526599621463,467.8606
647.5526599621463,467.8606
627.9431926023495,467.8606
618.1384589224513,467.8606
618.1384589224513,467.8606
618.1384589224513,467.8606
486.755027611813,467.8606
486.755027611813,467.8606
501.46212813166045,467.8606
486.755027611813,467.8606
472.04792709196533,467.8606
501.46212813166045,467.8606
516.169228651508,467.8606
529.8958558033659,467.8606
516.169228651508,467.8606
501.46212813166045,467.8606
501.46212813166045,467.8606
486.755027611813,467.8606
486.755027611813,467.8606
457.3408265721178,467.8606
472.04792709196533,467.8606
457.3408265721178,467.89188
457.3408265721178,467.9605
443.6141994202601,468.0178
443.6141994202601,467.93497
414.1999983805651,467.8606
414.1999983805651,467.8606
428.9070989004126,467.8606
457.3408265721178,467.8606
457.3408265721178,467.8606
486.755027611813,467.8606
472.04792709196533,467.92996
428.9070989004126,468.03088
414.1999983805651,468.0834
428.9070989004126,467.8606
245.55857908631296,467.8606
245.55857908631296,467.8606
225.9491117265163,467.8606
216.14437804661782,467.8606
205.35917099872964,467.8606
205.35917099872964,467.8606
195.5544373188313,467.8606
155.35502923124787,467.8606
145.5502955513495,467.8606
136.726035239441,467.8606
136.726035239441,467.8606
127.90177492753249,467.8606
109.27278093572563,467.8606
100.44852062381713,467.8606
100.44852062381713,467.8606
91.62426031190851,467.8606
82.8,467.8606
82.8,467.8606
91.62426031190851,467.8606
155.35502923124787,467.8606
155.35502923124787,467.89246
127.90177492753249,467.97922
119.07751461562398,468.06195
109.27278093572563,467.9907
100.44852062381713,467.8606
109.27278093572563,467.8606
100.44852062381713,467.8606
109.27278093572563,467.8606
438.71183258031095,467.8606
423.0242586924735,467.8606
407.33668480463615,467.8606
374.9810636609716,467.8606
438.71183258031095,467.8606
407.33668480463615,467.8606
390.6686375488088,467.8606
374.9810636609716,467.8606
359.293489773134,467.8606
359.293489773134,467.8606
343.60591588529667,467.8606
343.60591588529667,467.8606
312.23076810962186,467.8606
298.50414095776426,467.8606
283.7970404379166,467.8606
270.07041328605897,468.2285
255.36331276621132,468.8093
255.36331276621132,468.9992
270.07041328605897,467.9071
270.07041328605897,467.8606
255.36331276621132,467.8606
255.36331276621132,467.8606
255.36331276621132,467.8606
270.07041328605897,467.8606
270.07041328605897,467.8606
255.36331276621132,467.8606
298.50414095776426,467.8751
312.23076810962186,467.8962
438.71183258031095,467.9071
423.0242586924735,467.8606
407.33668480463615,467.8606
374.9810636609716,467.8606
438.71183258031095,467.8606
407.33668480463615,467.8606
390.6686375488088,467.8606
374.9810636609716,467.8606
359.293489773134,467.8606
359.293489773134,467.8606
343.60591588529667,467.8606
343.60591588529667,467.8606
312.23076810962186,467.8606
298.50414095776426,467.8606
283.7970404379166,467.8606
270.07041328605897,467.8606
255.36331276621132,467.8606
255.36331276621132,467.8606
270.07041328605897,467.8606
270.07041328605897,467.8606
255.36331276621132,467.8606
255.36331276621132,467.8606
255.36331276621132,467.8606
270.07041328605897,467.8606
270.07041328605897,467.8606
255.36331276621132,467.8606
298.50414095776426,467.8606
423.0242586924735,467.89532
696.5763283616383,468.08667
716.1857957214349,468.32843
676.9668610018413,468.31366
657.3573936420446,467.8606
618.1384589224513,467.8606
657.3573936420446,467.8606
637.7479262822479,467.8606
775.0141978008252,467.94727
794.623665160622,468.10788
716.1857957214349,468.22318
578.9195242028576,467.9721
618.1384589224513,467.8606
578.9195242028576,467.8606
539.7005894832643,467.8606
578.9195242028576,467.8606
559.3100568430609,467.8606
539.7005894832643,467.8606
539.7005894832643,467.8606
500.48165476367063,467.8606
480.87218740387397,467.8606
461.26272004407724,467.8606
461.26272004407724,467.8606
461.26272004407724,467.8606
441.65325268428046,467.8606
441.65325268428046,467.8606
422.0437853244836,467.8606
422.0437853244836,467.8606
422.0437853244836,467.8606
461.26272004407724,467.8606
363.21538324509345,467.8606
343.60591588529667,467.8606
323.99644852549994,467.8606
309.28934800565247,467.8606
309.28934800565247,467.8606
309.28934800565247,467.8606
294.5822474858048,467.8606
279.8751469659573,467.8606
265.16804644610966,467.8606
382.8248506048903,467.8606
461.26272004407724,467.8606
343.60591588529667,467.8606
309.28934800565247,467.8606
343.60591588529667,467.8606
402.43431796468695,467.8606
402.43431796468695,467.8606
363.21538324509345,467.8606
363.21538324509345,467.8606
294.5822474858048,467.8606
279.8751469659573,467.8606
265.16804644610966,467.89822
250.46094592626216,467.95306
221.04674488656698,467.9814
206.33964436671948,467.8606
191.63254384687195,467.8606
206.33964436671948,467.8606
235.75384540641463,467.8664
235.75384540641463,467.87485
438.71183258031095,467.8792
407.33668480463615,467.8606
390.6686375488088,467.8606
374.9810636609716,467.8606
359.293489773134,467.8606
359.293489773134,467.8606
327.91834199745944,467.8606
312.23076810962186,467.8606
390.6686375488088,467.8606
647.5526599621463,467.8606
627.9431926023495,467.97833
539.7005894832643,468.15643
470.08698035598576,468.23874
374.9810636609716,467.8606
343.60591588529667,467.8606
343.60591588529667,467.8606
327.91834199745944,467.8606
312.23076810962186,467.8606
298.50414095776426,467.8606
283.7970404379166,467.8606
270.07041328605897,467.8606
270.07041328605897,467.8606
374.9810636609716,467.8606
312.23076810962186,467.904
312.23076810962186,467.9673
283.7970404379166,467.99997
255.36331276621132,467.8606
241.63668561435352,467.8606
343.60591588529667,467.8606
343.60591588529667,467.8606
343.60591588529667,467.8606
323.99644852549994,467.8606
309.28934800565247,467.8606
323.99644852549994,467.8606
323.99644852549994,467.8606
309.28934800565247,467.8606
294.5822474858048,467.8606
323.99644852549994,467.8606
323.99644852549994,467.8606
323.99644852549994,467.8606
323.99644852549994,467.8606
309.28934800565247,467.8606
309.28934800565247,467.8606
363.21538324509345,467.8606
441.65325268428046,467.90686
363.21538324509345,468.03186
343.60591588529667,468.15024
309.28934800565247,468.04636
294.5822474858048,467.8606
265.16804644610966,467.8606
309.28934800565247,467.8606
480.87218740387397,467.8606
480.87218740387397,467.9674
343.60591588529667,468.12726
279.8751469659573,468.20367
294.5822474858048,467.8606
455.37987983613823,467.8606
432.82899237237183,467.8606
432.82899237237183,467.8606
411.2585782765956,467.8606
389.6881641808191,467.8606
374.9810636609716,467.8606
354.3911229331848,467.8606
339.68402241333735,467.8606
339.68402241333735,467.8606
608.3337252425529,467.8606
1000.5230724384878,467.8606
1441.7360880339145,468.08188
990.7183387585893,468.65683
784.8189314807236,469.1445
676.9668610018413,468.60498
647.5526599621463,467.8606
598.5289915626545,467.8606
549.5053231631626,467.9392
508.32544170758933,468.05362
516.169228651508,468.11304
501.46212813166045,467.8606
471.0674537239756,467.8606
440.6727793162906,467.8606
432.82899237237183,467.8606
411.2585782765956,467.8606
598.5289915626545,467.8606
598.5289915626545,467.8606
1000.5230724384878,467.9271
725.9905294013332,468.08978
418.1218918525243,468.23596
404.39526470066664,468.07416
396.55147775674794,467.8606
389.6881641808191,467.8606
411.2585782765956,467.8606
389.6881641808191,467.8606
374.9810636609716,467.88666
361.2544365091138,467.92465
354.3911229331848,467.94424
339.68402241333735,467.8606
332.8207088374086,467.8606
318.11360831756093,467.8606
304.3869811657033,467.8606
290.66035401384545,467.8606
290.66035401384545,467.8606
290.66035401384545,467.8606
263.20709971013,467.8606
250.46094592626216,467.8606
224.96863835852645,467.8606
212.2224845746585,467.8606
212.2224845746585,467.8606
218.1053247825976,467.8606
218.1053247825976,467.8606
250.46094592626216,467.8606
237.7147921423943,467.8606
243.5976323503333,467.8606
256.34378613420114,467.8606
250.46094592626216,467.8606
608.3337252425529,467.8606
598.5289915626545,467.8606
627.9431926023495,467.8606
637.7479262822479,467.8606
618.1384589224513,467.8606
588.724257882756,467.8606
578.9195242028576,467.8606
578.9195242028576,467.8606
569.1147905229593,467.8606
549.5053231631626,467.8606
539.7005894832643,467.8606
539.7005894832643,467.8606
539.7005894832643,467.8606
539.7005894832643,467.8606
529.8958558033659,467.8606
508.32544170758933,467.8606
494.59881455573174,467.8606
480.87218740387397,467.8606
487.7355009798028,467.8606
539.7005894832643,467.8606
501.46212813166045,467.8606
480.87218740387397,467.8606
467.14556025201614,467.8606
447.5360928922195,467.8606
529.8958558033659,467.8606
578.9195242028576,467.8606
494.59881455573174,467.94437
529.8958558033659,468.1437
549.5053231631626,468.3194
539.7005894832643,468.1112
539.7005894832643,467.8606
529.8958558033659,467.8606
608.3337252425529,467.86987
508.32544170758933,467.8834
493.6183411877418,467.89038
485.7745542438231,467.8606
478.9112406678943,467.8606
478.9112406678943,467.8606
463.22366678005693,467.8606
463.22366678005693,467.8606
448.5165662602093,467.8606
440.6727793162906,467.8606
432.82899237237183,467.8606
418.1218918525243,467.8606
425.9656787964431,467.8606
418.1218918525243,467.8606
404.39526470066664,467.8606
389.6881641808191,467.8606
396.55147775674794,467.8606
389.6881641808191,467.8606
374.9810636609716,467.8606
404.39526470066664,467.8606
396.55147775674794,467.8606
389.6881641808191,467.8606
382.8248506048903,467.8606
374.9810636609716,467.8606
448.5165662602093,467.8606
475.96982056392477,467.8606
469.10650698799583,467.8606
448.5165662602093,467.8606
434.78993910835163,467.8606
469.10650698799583,467.8606
490.6769210837723,467.91556
511.26686181155895,467.9954
482.8331341398536,468.03708
455.37987983613823,467.8606
434.78993910835163,467.8606
448.5165662602093,467.8606
511.26686181155895,467.8606
482.8331341398536,467.88492
441.65325268428046,467.92038
421.0633119564939,467.9387
408.31715817262597,467.8606
395.5710043887581,467.8606
375.9615370289613,467.8606
369.09822345303246,467.8606
356.3520696691646,467.8606
343.60591588529667,467.8606
343.60591588529667,467.8606
317.1331349495711,467.8606
304.3869811657033,467.8606
304.3869811657033,467.8606
291.6408273818353,467.8606
291.6408273818353,467.8606
304.3869811657033,467.8606
513.2278085475386,467.8606
494.59881455573174,467.8606
475.96982056392477,467.8606
434.78993910835163,467.8606
421.0633119564939,467.8606
417.1414184845345,467.8606
399.49289786071745,467.8606
399.49289786071745,467.8606
395.5710043887581,467.8606
403.41479133267677,467.8606
417.1414184845345,467.8606
448.5165662602093,467.8606
425.9656787964431,467.8606
408.31715817262597,467.8606
395.5710043887581,467.8606
395.5710043887581,467.8606
386.7467440768496,467.8606
374.00059029298166,467.8606
356.3520696691646,467.8606
356.3520696691646,467.8606
343.60591588529667,467.8606
390.6686375488088,467.8606
381.8443772369004,467.8693
369.09822345303246,467.96854
377.922483764941,468.10117
408.31715817262597,468.13895
408.31715817262597,467.8606
395.5710043887581,467.93286
422.0437853244836,468.038
390.6686375488088,468.09268
475.96982056392477,467.8606
334.19337155259433,467.8606
386.7467440768496,467.8606
384.7857973408699,467.8606
618.1384589224513,467.8606
627.9431926023495,467.8606
549.5053231631626,467.8606
529.8958558033659,467.8606
513.2278085475386,467.8606
559.3100568430609,467.8606
3954.0000000000005,467.8606
3954.0000000000005,467.97028
3954.0000000000005,468.13492
3954.0000000000005,468.2129
3954.0000000000005,467.8606
3954.0000000000005,467.8606
3954.0000000000005,467.8606
3954.0000000000005,467.8606
3954.0000000000005,467.8606
3954.0000000000005,467.8606
3954.0000000000005,467.8606
3954.0000000000005,467.8606
3954.0000000000005,467.8606
3954.0000000000005,467.8606
3954.0000000000005,467.9415
3954.0000000000005,468.08224
3954.0000000000005,468.1768
3954.0000000000005,467.93497
3954.0000000000005,467.93573
3954.0000000000005,468.04507
3954.0000000000005,468.10193
3954.0000000000005,467.8606
3954.0000000000005,467.8606
3954.0000000000005,467.8606
3954.0000000000005,467.8606
3954.0000000000005,467.8606
3954.0000000000005,467.8606
3954.0000000000005,467.8606
495.57928792372144,467.8606
502.44260149965044,467.8606
506.36449497160964,467.8606
445.5751461562399,467.8606
433.80946574036176,467.8606
385.7662707088597,467.8606
529.8958558033659,467.8606
716.1857957214349,467.8606
824.0378662003169,468.01904
647.5526599621463,468.37567
559.3100568430609,468.63983
549.5053231631626,468.22214
444.59467278824997,467.8606
352.4301761972053,467.8606
539.7005894832643,467.8693
598.5289915626545,467.88196
735.7952630812316,467.8885
716.1857957214349,467.8606
735.7952630812316,467.8606
794.623665160622,467.8606
716.1857957214349,467.8606
706.3810620415366,467.8606
657.3573936420446,467.8606
667.162127321943,467.8606
608.3337252425529,467.8606
647.5526599621463,467.8606
647.5526599621463,467.8606
578.9195242028576,467.8606
608.3337252425529,467.8606
578.9195242028576,467.8606
529.8958558033659,467.8606
667.162127321943,467.8606
637.7479262822479,467.8606
492.63786781975205,467.8606
569.1147905229593,467.8606
559.3100568430609,467.8606
598.5289915626545,467.8606
374.00059029298166,467.8606
588.724257882756,467.8606
647.5526599621463,467.8606
627.9431926023495,467.8606
529.8958558033659,467.8606
647.5526599621463,467.8606
725.9905294013332,467.8606
578.9195242028576,467.8606
735.7952630812316,467.8606
725.9905294013332,467.8606
627.9431926023495,467.89648
598.5289915626545,467.94882
569.1147905229593,467.97583
515.1887552835183,467.8606
775.0141978008252,467.8606
745.59999676113,467.8606
676.9668610018413,467.8606
706.3810620415366,467.8606
539.7005894832643,467.8606
608.3337252425529,467.8606
464.20414014804663,467.8606
441.65325268428046,467.8606
508.32544170758933,467.8606
588.724257882756,467.8606
667.162127321943,467.8606
755.4047304410285,467.88492
529.8958558033659,467.92038
657.3573936420446,467.9387
627.9431926023495,467.8606
559.3100568430609,467.8606
519.1106487554777,467.8606
559.3100568430609,467.8606
598.5289915626545,467.89532
569.1147905229593,467.94595
559.3100568430609,467.9721
549.5053231631626,467.8606
598.5289915626545,467.8606
569.1147905229593,467.8606
618.1384589224513,467.8606
598.5289915626545,467.8606
507.3449683395996,467.8606
520.0911221234674,467.8606
520.0911221234674,467.8606
520.0911221234674,467.8606
474.98934719593495,467.8606
657.3573936420446,467.8606
725.9905294013332,467.8606
608.3337252425529,467.8606
588.724257882756,467.8606
482.8331341398536,467.8606
496.5597612917113,467.8606
676.9668610018413,467.8606
608.3337252425529,467.8606
627.9431926023495,467.8606
598.5289915626545,467.8606
627.9431926023495,467.8606
588.724257882756,467.8606
588.724257882756,467.8606
598.5289915626545,467.8606
539.7005894832643,467.8606
627.9431926023495,467.8606
608.3337252425529,467.8606
598.5289915626545,467.8606
442.6337260522703,467.8606
419.10236522051423,467.8606
569.1147905229593,467.8606
487.7355009798028,467.8606
517.1497020194979,467.8606
549.5053231631626,467.8606
716.1857957214349,467.8606
423.0242586924735,467.8606
488.7159743477926,467.8606
578.9195242028576,467.8606
478.9112406678943,467.89532
423.0242586924735,467.94595
371.05917018901215,467.9721
417.1414184845345,467.8606
1941.7775057087317,467.88086
1549.5881585127966,467.91043
1108.3751429173699,468.1943
794.623665160622,468.55914
483.81360750784347,468.72177
569.1147905229593,467.9071
657.3573936420446,467.8606
559.3100568430609,467.8606
559.3100568430609,467.8606
608.3337252425529,467.8606
499.50118139568093,467.8606
456.360353204128,467.8606
549.5053231631626,467.8606
502.44260149965044,467.8606
505.38402160361994,467.86752
804.4283988405202,467.8777
784.8189314807236,467.88293
696.5763283616383,467.8606
598.5289915626545,467.8606
519.1106487554777,467.8606
755.4047304410285,467.8606
588.724257882756,467.8606
569.1147905229593,467.8606
549.5053231631626,467.8606
549.5053231631626,467.8606
578.9195242028576,467.8606
491.6573944517621,467.8606
469.10650698799583,467.8606
508.32544170758933,467.8606
491.6573944517621,467.8606
520.0911221234674,467.8606
539.7005894832643,467.8606
637.7479262822479,467.8606
725.9905294013332,467.8606
598.5289915626545,467.8606
588.724257882756,467.8606
578.9195242028576,467.8606
512.2473351795488,467.8606
539.7005894832643,467.8606
539.7005894832643,467.8606
529.8958558033659,467.8606
569.1147905229593,467.8606
539.7005894832643,467.8606
520.0911221234674,467.8606
432.82899237237183,467.8606
372.0396435570021,467.8606
278.8946735979675,467.8606
346.5473359892662,467.8606
391.64911091679875,467.8606
395.5710043887581,467.8606
322.0355017895203,467.8606
220.06627151857728,467.8606
323.0159751575101,467.8606
338.7035490453475,467.8606
336.74260230936784,467.8606
411.2585782765956,467.8606
290.66035401384545,467.8606
336.74260230936784,467.8606
343.60591588529667,467.8606
246.5390524543028,467.8606
337.72307567735777,467.8606
336.74260230936784,467.8606
311.2502947416321,467.8606
336.74260230936784,467.8606
283.7970404379166,467.8606
294.5822474858048,467.8606
247.51952582229265,467.8606
269.0899399180691,467.8606
265.16804644610966,467.8606
265.16804644610966,467.8606
275.95325349399786,467.8606
131.82366839949182,467.8606
380.8639038689105,467.8606
386.7467440768496,467.8606
549.5053231631626,467.8606
509.30591507557926,467.8606
428.9070989004126,467.8606
501.46212813166045,467.8606
488.7159743477926,467.8606
388.7076908128292,467.8606
479.8917140358841,467.8606
491.6573944517621,467.8606
833.8425998802153,467.91153
824.0378662003169,468.15793
667.162127321943,468.46457
608.3337252425529,468.41336
549.5053231631626,467.88608
549.5053231631626,467.92322
485.7745542438231,467.9424
539.7005894832643,467.8606
492.63786781975205,467.8606
489.69644771578254,467.8606
529.8958558033659,467.8606
493.6183411877418,467.8606
438.71183258031095,467.8606
470.08698035598576,467.8606
419.10236522051423,467.8606
411.2585782765956,467.87854
404.39526470066664,467.90475
295.56272085379464,467.91824
627.9431926023495,467.8606
559.3100568430609,467.8606
706.3810620415366,467.8606
637.7479262822479,467.8606
569.1147905229593,467.8606
493.6183411877418,467.8606
618.1384589224513,467.8606
498.52070802769094,467.8606
588.724257882756,467.8606
578.9195242028576,467.8606
588.724257882756,467.8606
598.5289915626545,467.8606
400.47337122870726,467.8606
588.724257882756,467.8606
608.3337252425529,467.8606
400.47337122870726,467.8606
804.4283988405202,467.86697
755.4047304410285,467.9254
696.5763283616383,468.07352
608.3337252425529,468.19482
569.1147905229593,468.09268
518.1301753874876,467.8606
608.3337252425529,467.8606
618.1384589224513,467.8606
569.1147905229593,467.8606
608.3337252425529,467.8606
520.0911221234674,467.8606
578.9195242028576,467.8606
362.23490987710363,467.8606
375.9615370289613,467.8606
419.10236522051423,467.8606
432.82899237237183,467.8606
448.5165662602093,467.8606
354.3911229331848,467.8606
390.6686375488088,467.8606
618.1384589224513,467.8606
514.2082819155286,467.8606
735.7952630812316,468.10922
529.8958558033659,468.68045
487.7355009798028,469.10754
395.5710043887581,468.47147
427.92662553242263,467.8606
449.4970396281991,467.8606
482.8331341398536,467.8751
507.3449683395996,467.8962
507.3449683395996,467.9071
497.54023465970124,467.8606
447.5360928922195,467.8606
385.7662707088597,467.8606
367.1372767170529,467.8606
462.243193412067,467.8606
404.39526470066664,467.8606
424.0047320604634,467.8606
404.39526470066664,467.8606
395.5710043887581,467.8606
400.47337122870726,467.8606
373.0201169249918,467.8606
390.6686375488088,467.8606
415.1804717485548,467.8606
380.8639038689105,467.8606
362.23490987710363,467.8606
380.8639038689105,467.8606
627.9431926023495,467.8606
863.2568009199106,467.95706
725.9905294013332,468.26376
481.8526607718638,468.63
457.3408265721178,468.49442
529.8958558033659,467.99997
438.71183258031095,467.8606
479.8917140358841,467.8606
458.32129994010774,467.8606
500.48165476367063,467.8606
385.7662707088597,467.8606
443.6141994202601,467.8606
549.5053231631626,467.8606
961.3041377188943,468.0362
569.1147905229593,468.44717
569.1147905229593,468.76184
539.7005894832643,468.30655
588.724257882756,468.03506
491.6573944517621,468.3079
437.731359212321,468.4169
478.9112406678943,467.8606
529.8958558033659,467.8606
569.1147905229593,467.8606
618.1384589224513,467.8606
618.1384589224513,467.8606
873.0615345998089,467.8606
843.6473335601139,467.8606
833.8425998802153,467.8606
814.2331325204186,467.8606
814.2331325204186,467.8606
804.4283988405202,467.8606
804.4283988405202,467.8606
833.8425998802153,467.8606
647.5526599621463,467.8606
686.7715946817399,467.8606
529.8958558033659,467.8606
481.8526607718638,467.8606
627.9431926023495,467.8606
784.8189314807236,467.8606
853.4520672400122,467.93286
892.6710019596056,468.0925
765.2094641209269,468.29745
755.4047304410285,468.2133
627.9431926023495,468.09268
765.2094641209269,467.8606
657.3573936420446,467.8606
657.3573936420446,467.8606
559.3100568430609,467.8606
588.724257882756,467.8606
539.7005894832643,467.8606
559.3100568430609,467.8606
578.9195242028576,467.87277
686.7715946817399,467.8905
676.9668610018413,467.89966
716.1857957214349,467.8606
706.3810620415366,467.8606
725.9905294013332,467.9271
696.5763283616383,468.0238
686.7715946817399,468.07416
513.2278085475386,467.8606
637.7479262822479,467.8606
618.1384589224513,467.8606
529.8958558033659,467.8606
529.8958558033659,467.8606
529.8958558033659,467.8606
559.3100568430609,467.8606
578.9195242028576,467.8606
657.3573936420446,467.8606
559.3100568430609,467.8606
637.7479262822479,467.8606
784.8189314807236,467.8606
667.162127321943,467.89188
618.1384589224513,467.93744
520.0911221234674,467.96097
598.5289915626545,467.8606
765.2094641209269,467.8606
745.59999676113,467.8606
735.7952630812316,467.8606
735.7952630812316,467.87277
539.7005894832643,467.93155
559.3100568430609,468.0005
578.9195242028576,467.99252
657.3573936420446,467.8606
618.1384589224513,467.8606
598.5289915626545,467.8606
598.5289915626545,467.8606
598.5289915626545,467.8606
539.7005894832643,467.8606
598.5289915626545,467.87103
686.7715946817399,467.88623
508.32544170758933,467.8941
467.14556025201614,467.8606
384.7857973408699,467.8606
376.9420103969513,467.8606
356.3520696691646,467.8606
353.4106495651951,467.8606
588.724257882756,467.8606
418.1218918525243,467.8606
428.9070989004126,467.8606
421.0633119564939,467.8606
307.32840126967267,467.8606
258.3047328701808,467.8606
306.34792790168297,467.8606
452.4384597321686,467.8606
470.08698035598576,467.8606
413.21952501257516,467.8606
336.74260230936784,467.8606
280.855620333947,467.8606
676.9668610018413,467.8606
569.1147905229593,467.8606
637.7479262822479,467.8606
716.1857957214349,467.8606
559.3100568430609,467.8606
549.5053231631626,467.8606
539.7005894832643,467.8606
529.8958558033659,467.8606
588.724257882756,467.8606
578.9195242028576,467.8606
578.9195242028576,467.8606
417.1414184845345,467.8606
637.7479262822479,467.8606
395.5710043887581,467.8606
445.5751461562399,467.8606
515.1887552835183,467.8606
490.6769210837723,467.8606
520.0911221234674,467.8606
502.44260149965044,467.8606
474.98934719593495,467.8606
519.1106487554777,467.8606
569.1147905229593,467.8606
539.7005894832643,467.8606
490.6769210837723,467.8606
368.11775008504264,467.8606
473.02840045995526,467.8606
529.8958558033659,467.8606
492.63786781975205,467.8606
755.4047304410285,467.8606
765.2094641209269,467.8606
735.7952630812316,467.8606
637.7479262822479,467.8606
686.7715946817399,467.8606
608.3337252425529,467.8606
647.5526599621463,467.8606
618.1384589224513,467.8606
598.5289915626545,467.8606
503.42307486764014,467.8606
539.7005894832643,467.8606
569.1147905229593,467.8606
598.5289915626545,467.8606
627.9431926023495,467.8606
657.3573936420446,467.8751
539.7005894832643,467.8962
578.9195242028576,467.9071
422.0437853244836,467.8606
380.8639038689105,467.8606
451.4579863641788,467.8606
461.26272004407724,467.8606
559.3100568430609,467.8606
578.9195242028576,467.8606
588.724257882756,467.8606
450.4775129961891,467.8606
549.5053231631626,467.8606
471.0674537239756,467.8606
475.96982056392477,467.8606
833.8425998802153,467.8606
824.0378662003169,467.8606
824.0378662003169,467.8606
853.4520672400122,467.8606
922.0852029993008,467.8606
863.2568009199106,467.8606
941.6946703590976,467.8606
1069.1562081977766,467.8606
1392.7124196344228,467.8901
1716.2686310710692,468.21402
1127.9846102771667,468.82858
1010.3278061183862,469.1265
1010.3278061183862,468.38846
912.2804693194025,467.8606
1177.0082786766586,467.8606
980.9136050786909,467.86465
1039.7420071580812,467.87057
902.4757356395039,467.87363
931.8899366791992,467.90744
824.0378662003169,467.97568
941.6946703590976,468.02957
922.0852029993008,467.90616
902.4757356395039,467.9201
833.8425998802153,467.8606
863.2568009199106,467.8606
824.0378662003169,467.8606
873.0615345998089,467.8606
980.9136050786909,467.8606
254.3828393982216,467.86868
254.3828393982216,467.7118
267.12899318208946,467.5838
342.6254425173069,467.6308
342.6254425173069,467.7135
356.3520696691646,467.82245
317.1331349495711,467.85587
317.1331349495711,467.66528
305.367454533693,467.63916
305.367454533693,467.6308
305.367454533693,467.6308
305.367454533693,467.64926
305.367454533693,467.67804
329.87928873343895,467.69107
356.3520696691646,467.6509
356.3520696691646,467.6308
370.0786968210223,467.6308
342.6254425173069,467.6404
342.6254425173069,467.67142
342.6254425173069,467.71323
317.1331349495711,467.73657
317.1331349495711,467.71704
317.1331349495711,467.7061
317.1331349495711,467.68298
317.1331349495711,467.6877
292.62130074982514,467.6308
292.62130074982514,467.6308
292.62130074982514,467.6308
317.1331349495711,467.6308
374.00059029298166,467.6308
363.21538324509345,467.64337
340.6644957813273,467.6569
329.87928873343895,467.6593
320.0745550535405,467.6308
320.0745550535405,467.6308
320.0745550535405,467.6308
309.28934800565247,467.6308
288.69940727786593,467.65
278.8946735979675,467.67072
269.0899399180691,467.67435
269.0899399180691,467.6522
258.3047328701808,467.67532
269.0899399180691,467.6875
269.0899399180691,467.68793
248.49999919028247,467.73425
248.49999919028247,467.7232
227.91005846249595,467.6308
227.91005846249595,467.6308
227.91005846249595,467.6308
248.49999919028247,467.6308
227.91005846249595,467.6308
218.1053247825976,467.6308
209.281064470689,467.6308
218.1053247825976,467.6308
218.1053247825976,467.6308
199.47633079079063,467.6308
189.67159711089218,467.6308
775.0141978008252,467.6308
775.0141978008252,467.6308
755.4047304410285,467.7207
696.5763283616383,467.8385
696.5763283616383,467.86987
706.3810620415366,467.66202
676.9668610018413,467.69727
647.5526599621463,467.76535
637.7479262822479,467.76813
637.7479262822479,467.63858
618.1384589224513,467.671
618.1384589224513,467.70532
618.1384589224513,467.7007
608.3337252425529,467.6308
588.724257882756,467.6308
569.1147905229593,467.6308
569.1147905229593,467.6308
618.1384589224513,467.63373
569.1147905229593,467.6759
549.5053231631626,467.71964
539.7005894832643,467.73474
539.7005894832643,467.6615
520.0911221234674,467.6643
511.26686181155895,467.6308
499.50118139568093,467.6308
487.7355009798028,467.6308
487.7355009798028,467.6308
487.7355009798028,467.6308
395.5710043887581,467.6308
384.7857973408699,467.74283
374.00059029298166,467.87628
351.4497028292153,467.90002
340.6644957813273,467.6308
329.87928873343895,467.6308
329.87928873343895,467.63303
329.87928873343895,467.6354
309.28934800565247,467.6358
309.28934800565247,467.6308
288.69940727786593,467.6308
278.8946735979675,467.6308
278.8946735979675,467.6308
278.8946735979675,467.6308
278.8946735979675,467.6308
269.0899399180691,467.6308
248.49999919028247,467.6308
227.91005846249595,467.6308
227.91005846249595,467.6308
227.91005846249595,467.6308
209.281064470689,467.6308
209.281064470689,467.6308
218.1053247825976,467.64188
227.91005846249595,467.6649
227.91005846249595,467.69592
248.49999919028247,467.69122
227.91005846249595,467.68405
227.91005846249595,467.663
272.0313600220386,467.674
283.7970404379166,467.64798
272.0313600220386,467.64587
260.2656796061605,467.6308
247.51952582229265,467.6308
223.9881649905365,467.6308
212.2224845746585,467.6308
212.2224845746585,467.6308
212.2224845746585,467.6308
223.9881649905365,467.6308
223.9881649905365,467.6308
212.2224845746585,467.6308
212.2224845746585,467.64407
187.71065037491252,467.6732
175.9449699590346,467.69165
175.9449699590346,467.6643
164.17928954315647,467.6308
164.17928954315647,467.6308
153.3940824952683,467.6308
164.17928954315647,467.6308
212.2224845746585,467.6308
212.2224845746585,467.67368
164.17928954315647,467.7217
153.3940824952683,467.72968
142.60887544738,467.6308
131.82366839949182,467.6308
121.03846135160364,467.6308
121.03846135160364,467.6308
121.03846135160364,467.6308
443.6141994202601,467.6308
443.6141994202601,467.6308
450.4775129961891,467.6308
428.9070989004126,467.65295
443.6141994202601,467.67685
443.6141994202601,467.68695
443.6141994202601,467.64676
428.9070989004126,467.66443
428.9070989004126,467.67267
401.45384459669714,467.68347
407.33668480463615,467.68588
394.59053102076825,467.69604
387.7272174448394,467.6837
387.7272174448394,467.63916
374.9810636609716,467.6308
362.23490987710363,467.6308
387.7272174448394,467.6308
387.7272174448394,467.722
381.8443772369004,467.84286
374.9810636609716,467.87613
381.8443772369004,467.66095
387.7272174448394,467.6308
374.9810636609716,467.6308
362.23490987710363,467.6308
428.9070989004126,467.6308
422.0437853244836,467.6308
387.7272174448394,467.6308
387.7272174448394,467.6308
3954.0000000000005,467.6308
3954.0000000000005,467.6308
3954.0000000000005,467.6308
3954.0000000000005,467.6308
3954.0000000000005,467.6308
3954.0000000000005,467.6308
3954.0000000000005,467.6308
3954.0000000000005,467.6308
3954.0000000000005,467.6308
3954.0000000000005,467.6308
3954.0000000000005,467.6308
775.0141978008252,467.6308
686.7715946817399,467.7487
637.7479262822479,467.88934
647.5526599621463,467.91443
696.5763283616383,467.6345
647.5526599621463,467.73288
608.3337252425529,467.86505
588.724257882756,467.89792
588.724257882756,467.67603
569.1147905229593,467.6308
569.1147905229593,467.6308
559.3100568430609,467.6308
529.8958558033659,467.6308
499.50118139568093,467.6308
467.14556025201614,467.6308
458.32129994010774,467.6308
452.4384597321686,467.6308
716.1857957214349,467.6308
745.59999676113,467.6308
775.0141978008252,467.6308
755.4047304410285,467.74805
755.4047304410285,467.8879
755.4047304410285,467.91943
745.59999676113,467.64462
735.7952630812316,467.64587
735.7952630812316,467.6308
735.7952630812316,467.6308
745.59999676113,467.6308
716.1857957214349,467.6308
716.1857957214349,467.6308
716.1857957214349,467.6308
716.1857957214349,467.6308
716.1857957214349,467.6308
716.1857957214349,467.6308
735.7952630812316,467.64557
735.7952630812316,467.6844
706.3810620415366,467.71185
686.7715946817399,467.6827
657.3573936420446,467.6308
647.5526599621463,467.6308
647.5526599621463,467.6308
627.9431926023495,467.6308
618.1384589224513,467.6308
618.1384589224513,467.63818
618.1384589224513,467.70602
486.755027611813,467.7764
486.755027611813,467.77148
501.46212813166045,467.6308
486.755027611813,467.6308
472.04792709196533,467.6308
501.46212813166045,467.6308
516.169228651508,467.6308
529.8958558033659,467.6308
516.169228651508,467.6308
501.46212813166045,467.6308
501.46212813166045,467.6308
486.755027611813,467.6308
486.755027611813,467.6308
457.3408265721178,467.6308
472.04792709196533,467.64407
457.3408265721178,467.6621
457.3408265721178,467.72775
443.6141994202601,467.76657
443.6141994202601,467.76987
414.1999983805651,467.6308
414.1999983805651,467.6308
428.9070989004126,467.64188
457.3408265721178,467.67227
457.3408265721178,467.73184
486.755027611813,467.7518
472.04792709196533,467.81357
428.9070989004126,467.87613
414.1999983805651,467.96307
428.9070989004126,467.76993
245.55857908631296,467.6991
245.55857908631296,467.6308
225.9491117265163,467.6308
216.14437804661782,467.6308
205.35917099872964,467.6308
205.35917099872964,467.6308
195.5544373188313,467.6308
155.35502923124787,467.6308
145.5502955513495,467.6308
136.726035239441,467.6308
136.726035239441,467.6308
127.90177492753249,467.6308
109.27278093572563,467.6308
100.44852062381713,467.6308
100.44852062381713,467.6308
91.62426031190851,467.6308
82.8,467.6308
82.8,467.6308
91.62426031190851,467.6308
155.35502923124787,467.6308
155.35502923124787,467.70963
127.90177492753249,467.91373
119.07751461562398,468.06384
109.27278093572563,467.90527
100.44852062381713,467.6407
109.27278093572563,467.64377
100.44852062381713,467.6358
109.27278093572563,467.6308
438.71183258031095,467.6308
423.0242586924735,467.6308
407.33668480463615,467.6308
374.9810636609716,467.6308
438.71183258031095,467.6308
407.33668480463615,467.6308
390.6686375488088,467.6308
374.9810636609716,467.6308
359.293489773134,467.63818
359.293489773134,467.66458
343.60591588529667,467.68594
343.60591588529667,467.73117
312.23076810962186,468.13553
298.50414095776426,468.62772
283.7970404379166,468.6005
270.07041328605897,467.878
255.36331276621132,468.16782
255.36331276621132,468.20877
270.07041328605897,467.6643
270.07041328605897,467.6308
255.36331276621132,467.6704
255.36331276621132,467.71442
255.36331276621132,467.72235
270.07041328605897,467.63235
270.07041328605897,467.7925
255.36331276621132,468.15067
298.50414095776426,468.39032
312.23076810962186,468.04486
438.71183258031095,467.68472
423.0242586924735,467.7409
407.33668480463615,467.749
374.9810636609716,467.6308
438.71183258031095,467.6308
407.33668480463615,467.69525
390.6686375488088,467.76993
374.9810636609716,467.78278
359.293489773134,467.6308
359.293489773134,467.6308
343.60591588529667,467.6308
343.60591588529667,467.6308
312.23076810962186,467.6308
298.50414095776426,467.63153
283.7970404379166,467.63235
270.07041328605897,467.63248
255.36331276621132,467.6308
255.36331276621132,467.6308
270.07041328605897,467.6308
270.07041328605897,467.6308
255.36331276621132,467.6308
255.36331276621132,467.6308
255.36331276621132,467.6308
270.07041328605897,467.6308
270.07041328605897,467.6308
255.36331276621132,467.6308
298.50414095776426,467.6308
423.0242586924735,467.6323
696.5763283616383,467.7874
716.1857957214349,468.00507
676.9668610018413,468.08908
657.3573936420446,467.76224
618.1384589224513,467.74396
657.3573936420446,467.7416
637.7479262822479,467.70554
775.0141978008252,467.6308
794.623665160622,467.7617
716.1857957214349,467.94177
578.9195242028576,467.99524
618.1384589224513,467.6844
578.9195242028576,467.63303
539.7005894832643,467.66418
578.9195242028576,467.69864
559.3100568430609,467.702
539.7005894832643,467.63748
539.7005894832643,467.6308
500.48165476367063,467.6308
480.87218740387397,467.63818
461.26272004407724,467.64618
461.26272004407724,467.64755
461.26272004407724,467.64407
441.65325268428046,467.65842
441.65325268428046,467.66095
422.0437853244836,467.6308
422.0437853244836,467.6308
422.0437853244836,467.6308
461.26272004407724,467.6308
363.21538324509345,467.63153
343.60591588529667,467.63235
323.99644852549994,467.63837
309.28934800565247,467.64307
309.28934800565247,467.6442
309.28934800565247,467.6308
294.5822474858048,467.6308
279.8751469659573,467.6308
265.16804644610966,467.6308
382.8248506048903,467.6308
461.26272004407724,467.6308
343.60591588529667,467.6308
309.28934800565247,467.6308
343.60591588529667,467.6308
402.43431796468695,467.6308
402.43431796468695,467.6308
363.21538324509345,467.6308
363.21538324509345,467.6448
294.5822474858048,467.65997
279.8751469659573,467.66263
265.16804644610966,467.69525
250.46094592626216,467.77725
221.04674488656698,467.79807
206.33964436671948,467.64755
191.63254384687195,467.6323
206.33964436671948,467.63385
235.75384540641463,467.63412
235.75384540641463,467.6308
438.71183258031095,467.6308
407.33668480463615,467.68024
390.6686375488088,467.73633
374.9810636609716,467.74576
359.293489773134,467.6308
359.293489773134,467.6308
327.91834199745944,467.6308
312.23076810962186,467.6308
390.6686375488088,467.6308
647.5526599621463,467.6308
627.9431926023495,467.7876
539.7005894832643,468.00635
470.08698035598576,468.07294
374.9810636609716,467.6998
343.60591588529667,467.63235
343.60591588529667,467.63248
327.91834199745944,467.63818
312.23076810962186,467.64688
298.50414095776426,467.77988
283.7970404379166,467.92007
270.07041328605897,467.9465
270.07041328605897,467.6308
374.9810636609716,467.6308
312.23076810962186,467.692
312.23076810962186,467.8396
283.7970404379166,467.94235
255.36331276621132,467.81488
241.63668561435352,467.6308
343.60591588529667,467.6308
343.60591588529667,467.6308
343.60591588529667,467.63818
323.99644852549994,467.64618
309.28934800565247,467.64755
323.99644852549994,467.6308
323.99644852549994,467.63153
309.28934800565247,467.79755
294.5822474858048,467.99704
323.99644852549994,468.0314
323.99644852549994,467.67368
323.99644852549994,467.7254
323.99644852549994,467.73734
309.28934800565247,467.63916
309.28934800565247,467.6308
363.21538324509345,467.6308
441.65325268428046,467.65958
363.21538324509345,467.73602
343.60591588529667,467.79242
309.28934800565247,467.8438
294.5822474858048,467.87485
265.16804644610966,467.90564
309.28934800565247,467.64755
480.87218740387397,467.63153
480.87218740387397,467.77615
343.60591588529667,467.9506
279.8751469659573,467.9816
294.5822474858048,467.63412
455.37987983613823,467.71613
432.82899237237183,467.81656
432.82899237237183,467.8342
411.2585782765956,467.6308
389.6881641808191,467.64926
374.9810636609716,467.6692
354.3911229331848,467.67267
339.68402241333735,467.6308
339.68402241333735,467.6308
608.3337252425529,467.6308
1000.5230724384878,467.73566
1441.7360880339145,467.94467
990.7183387585893,468.19745
784.8189314807236,468.19476
676.9668610018413,468.10516
647.5526599621463,467.80045
598.5289915626545,467.6308
549.5053231631626,467.63153
508.32544170758933,467.63235
516.169228651508,467.63248
501.46212813166045,467.6308
471.0674537239756,467.63303
440.6727793162906,467.6391
432.82899237237183,467.66345
411.2585782765956,467.68063
598.5289915626545,467.67603
598.5289915626545,467.64926
1000.5230724384878,467.73288
725.9905294013332,467.96573
418.1218918525243,468.1255
404.39526470066664,468.0106
396.55147775674794,467.6345
389.6881641808191,467.65323
411.2585782765956,467.68094
389.6881641808191,467.71454
374.9810636609716,467.72372
361.2544365091138,467.73035
354.3911229331848,467.6977
339.68402241333735,467.7301
332.8207088374086,467.7468
318.11360831756093,467.72968
304.3869811657033,467.6308
290.66035401384545,467.6308
290.66035401384545,467.6308
290.66035401384545,467.6308
263.20709971013,467.6308
250.46094592626216,467.6308
224.96863835852645,467.6308
212.2224845746585,467.6308
212.2224845746585,467.6308
218.1053247825976,467.72003
218.1053247825976,467.82532
250.46094592626216,467.84457
237.7147921423943,467.70135
243.5976323503333,467.78177
256.34378613420114,467.79547
250.46094592626216,467.64127
608.3337252425529,467.65173
598.5289915626545,467.65216
627.9431926023495,467.6358
637.7479262822479,467.6308
618.1384589224513,467.65958
588.724257882756,467.69067
578.9195242028576,467.73865
578.9195242028576,467.7217
569.1147905229593,467.75177
549.5053231631626,467.69308
539.7005894832643,467.71478
539.7005894832643,467.66766
539.7005894832643,467.6308
539.7005894832643,467.6308
529.8958558033659,467.6308
508.32544170758933,467.6308
494.59881455573174,467.6308
480.87218740387397,467.6308
487.7355009798028,467.6308
539.7005894832643,467.6308
501.46212813166045,467.68674
480.87218740387397,467.75238
467.14556025201614,467.76492
447.5360928922195,467.63934
529.8958558033659,467.64154
578.9195242028576,467.64325
494.59881455573174,467.71243
529.8958558033659,467.80658
549.5053231631626,467.82132
539.7005894832643,467.6308
539.7005894832643,467.6308
529.8958558033659,467.6308
608.3337252425529,467.6308
508.32544170758933,467.6308
493.6183411877418,467.6308
485.7745542438231,467.6308
478.9112406678943,467.6308
478.9112406678943,467.6308
463.22366678005693,467.6308
463.22366678005693,467.6308
448.5165662602093,467.6308
440.6727793162906,467.6308
432.82899237237183,467.6308
418.1218918525243,467.6308
425.9656787964431,467.6308
418.1218918525243,467.6308
404.39526470066664,467.6308
389.6881641808191,467.6308
396.55147775674794,467.6308
389.6881641808191,467.6308
374.9810636609716,467.6308
404.39526470066664,467.75775
396.55147775674794,467.9097
389.6881641808191,467.9369
382.8248506048903,467.6308
374.9810636609716,467.63818
448.5165662602093,467.65207
475.96982056392477,467.65985
469.10650698799583,467.6442
448.5165662602093,467.64557
434.78993910835163,467.6615
469.10650698799583,467.6643
490.6769210837723,467.6308
511.26686181155895,467.7031
482.8331341398536,467.79474
455.37987983613823,467.82172
434.78993910835163,467.70746
448.5165662602093,467.74927
511.26686181155895,467.749
482.8331341398536,467.7129
441.65325268428046,467.80927
421.0633119564939,467.82614
408.31715817262597,467.6308
395.5710043887581,467.6308
375.9615370289613,467.6308
369.09822345303246,467.6308
356.3520696691646,467.6308
343.60591588529667,467.6308
343.60591588529667,467.6308
317.1331349495711,467.6308
304.3869811657033,467.6308
304.3869811657033,467.6308
291.6408273818353,467.6308
291.6408273818353,467.6308
304.3869811657033,467.67892
513.2278085475386,467.73343
494.59881455573174,467.74252
475.96982056392477,467.6308
434.78993910835163,467.6308
421.0633119564939,467.6308
417.1414184845345,467.6308
399.49289786071745,467.6308
399.49289786071745,467.6308
395.5710043887581,467.6308
403.41479133267677,467.6308
417.1414184845345,467.6308
448.5165662602093,467.6308
425.9656787964431,467.6308
408.31715817262597,467.6308
395.5710043887581,467.6308
395.5710043887581,467.6308
386.7467440768496,467.63303
374.00059029298166,467.6354
356.3520696691646,467.6358
356.3520696691646,467.6308
343.60591588529667,467.69656
390.6686375488088,467.78235
381.8443772369004,467.80588
369.09822345303246,467.70523
377.922483764941,467.74362
408.31715817262597,467.76486
408.31715817262597,467.66858
395.5710043887581,467.70135
422.0437853244836,467.7171
390.6686375488088,467.71033
475.96982056392477,467.68103
334.19337155259433,467.6308
386.7467440768496,467.6308
384.7857973408699,467.6308
618.1384589224513,467.6308
627.9431926023495,467.6308
549.5053231631626,467.6323
529.8958558033659,467.63385
513.2278085475386,467.63412
559.3100568430609,467.6308
3954.0000000000005,467.6308
3954.0000000000005,467.75452
3954.0000000000005,467.90244
3954.0000000000005,467.9289
3954.0000000000005,467.6308
3954.0000000000005,467.6308
3954.0000000000005,467.6308
3954.0000000000005,467.6308
3954.0000000000005,467.76038
3954.0000000000005,467.91553
3954.0000000000005,467.94696
3954.0000000000005,467.70355
3954.0000000000005,467.7797
3954.0000000000005,467.78436
3954.0000000000005,467.74933
3954.0000000000005,467.95444
3954.0000000000005,468.05408
3954.0000000000005,467.7938
3954.0000000000005,467.838
3954.0000000000005,468.07462
3954.0000000000005,468.1022
3954.0000000000005,467.6559
3954.0000000000005,467.6308
3954.0000000000005,467.6308
3954.0000000000005,467.6308
3954.0000000000005,467.6308
3954.0000000000005,467.6308
3954.0000000000005,467.6308
495.57928792372144,467.6308
502.44260149965044,467.6308
506.36449497160964,467.6308
445.5751461562399,467.6308
433.80946574036176,467.6308
385.7662707088597,467.6308
529.8958558033659,467.64407
716.1857957214349,467.65842
824.0378662003169,467.88348
647.5526599621463,468.18823
559.3100568430609,468.30835
549.5053231631626,467.77472
444.59467278824997,467.6308
352.4301761972053,467.6308
539.7005894832643,467.65146
598.5289915626545,467.6738
735.7952630812316,467.74857
716.1857957214349,467.7845
735.7952630812316,467.79883
794.623665160622,467.6308
716.1857957214349,467.6308
706.3810620415366,467.6308
657.3573936420446,467.6308
667.162127321943,467.74542
608.3337252425529,467.8894
647.5526599621463,467.92166
647.5526599621463,467.65125
578.9195242028576,467.63846
608.3337252425529,467.63916
578.9195242028576,467.65295
529.8958558033659,467.67685
667.162127321943,467.68103
637.7479262822479,467.68674
492.63786781975205,467.75095
569.1147905229593,467.76184
559.3100568430609,467.6308
598.5289915626545,467.76492
374.00059029298166,467.9257
588.724257882756,467.95453
647.5526599621463,467.6308
627.9431926023495,467.6308
529.8958558033659,467.6308
647.5526599621463,467.63672
725.9905294013332,467.64307
578.9195242028576,467.6442
735.7952630812316,467.6308
725.9905294013332,467.6308
627.9431926023495,467.66714
598.5289915626545,467.7433
569.1147905229593,467.7897
515.1887552835183,467.71356
775.0141978008252,467.6308
745.59999676113,467.6308
676.9668610018413,467.6308
706.3810620415366,467.6308
539.7005894832643,467.63303
608.3337252425529,467.6354
464.20414014804663,467.6358
441.65325268428046,467.6308
508.32544170758933,467.6308
588.724257882756,467.6308
667.162127321943,467.6308
755.4047304410285,467.6323
529.8958558033659,467.63385
657.3573936420446,467.63412
627.9431926023495,467.6308
559.3100568430609,467.6308
519.1106487554777,467.6308
559.3100568430609,467.6308
598.5289915626545,467.6345
569.1147905229593,467.63846
559.3100568430609,467.63916
549.5053231631626,467.6308
598.5289915626545,467.6308
569.1147905229593,467.6308
618.1384589224513,467.6308
598.5289915626545,467.6308
507.3449683395996,467.6308
520.0911221234674,467.6308
520.0911221234674,467.6308
520.0911221234674,467.6308
474.98934719593495,467.6308
657.3573936420446,467.6308
725.9905294013332,467.6308
608.3337252425529,467.72266
588.724257882756,467.83115
482.8331341398536,467.85022
496.5597612917113,467.6308
676.9668610018413,467.6308
608.3337252425529,467.6308
627.9431926023495,467.6308
598.5289915626545,467.63373
627.9431926023495,467.63696
588.724257882756,467.63748
588.724257882756,467.6345
598.5289915626545,467.65323
539.7005894832643,467.66986
627.9431926023495,467.6643
608.3337252425529,467.6308
598.5289915626545,467.6308
442.6337260522703,467.6308
419.10236522051423,467.6308
569.1147905229593,467.6308
487.7355009798028,467.6308
517.1497020194979,467.6308
549.5053231631626,467.6308
716.1857957214349,467.64557
423.0242586924735,467.77274
488.7159743477926,467.91174
578.9195242028576,467.96146
478.9112406678943,467.75928
423.0242586924735,467.78244
371.05917018901215,467.6738
417.1414184845345,467.69244
1941.7775057087317,467.73175
1549.5881585127966,467.89777
1108.3751429173699,468.6371
794.623665160622,469.34924
483.81360750784347,469.33627
569.1147905229593,467.692
657.3573936420446,467.77142
559.3100568430609,467.79306
559.3100568430609,467.6509
608.3337252425529,467.6308
499.50118139568093,467.6308
456.360353204128,467.6308
549.5053231631626,467.6308
502.44260149965044,467.6308
505.38402160361994,467.71613
804.4283988405202,467.88495
784.8189314807236,468.00308
696.5763283616383,467.8515
598.5289915626545,467.70837
519.1106487554777,467.6643
755.4047304410285,467.6308
588.724257882756,467.6308
569.1147905229593,467.6308
549.5053231631626,467.6308
549.5053231631626,467.6308
578.9195242028576,467.6308
491.6573944517621,467.6308
469.10650698799583,467.6308
508.32544170758933,467.6308
491.6573944517621,467.6308
520.0911221234674,467.6308
539.7005894832643,467.6308
637.7479262822479,467.6308
725.9905294013332,467.6308
598.5289915626545,467.6308
588.724257882756,467.66034
578.9195242028576,467.72516
512.2473351795488,467.76633
539.7005894832643,467.70554
539.7005894832643,467.6308
529.8958558033659,467.6308
569.1147905229593,467.6308
539.7005894832643,467.6308
520.0911221234674,467.6345
432.82899237237183,467.63846
372.0396435570021,467.63916
278.8946735979675,467.6308
346.5473359892662,467.6308
391.64911091679875,467.6323
395.5710043887581,467.63385
322.0355017895203,467.63412
220.06627151857728,467.6308
323.0159751575101,467.6308
338.7035490453475,467.6308
336.74260230936784,467.6308
411.2585782765956,467.6308
290.66035401384545,467.66385
336.74260230936784,467.6998
343.60591588529667,467.70554
246.5390524543028,467.6308
337.72307567735777,467.6308
336.74260230936784,467.6308
311.2502947416321,467.6308
336.74260230936784,467.6308
283.7970404379166,467.6308
294.5822474858048,467.6308
247.51952582229265,467.6308
269.0899399180691,467.6308
265.16804644610966,467.6308
265.16804644610966,467.6308
275.95325349399786,467.6308
131.82366839949182,467.6308
380.8639038689105,467.6308
386.7467440768496,467.6308
549.5053231631626,467.6308
509.30591507557926,467.6308
428.9070989004126,467.6308
501.46212813166045,467.6308
488.7159743477926,467.6308
388.7076908128292,467.6308
479.8917140358841,467.6308
491.6573944517621,467.6308
833.8425998802153,467.8672
824.0378662003169,468.2441
667.162127321943,468.39795
608.3337252425529,467.8358
549.5053231631626,467.67892
549.5053231631626,467.73343
485.7745542438231,467.74252
539.7005894832643,467.6308
492.63786781975205,467.6308
489.69644771578254,467.6308
529.8958558033659,467.6308
493.6183411877418,467.6308
438.71183258031095,467.6308
470.08698035598576,467.6323
419.10236522051423,467.63385
411.2585782765956,467.6718
404.39526470066664,467.71002
295.56272085379464,467.7168
627.9431926023495,467.6323
559.3100568430609,467.63385
706.3810620415366,467.63412
637.7479262822479,467.6308
569.1147905229593,467.6308
493.6183411877418,467.6308
618.1384589224513,467.6308
498.52070802769094,467.6308
588.724257882756,467.6308
578.9195242028576,467.6308
588.724257882756,467.6308
598.5289915626545,467.6308
400.47337122870726,467.6308
588.724257882756,467.6308
608.3337252425529,467.6308
400.47337122870726,467.636
804.4283988405202,467.64523
755.4047304410285,467.80493
696.5763283616383,468.05475
608.3337252425529,468.16806
569.1147905229593,467.8101
518.1301753874876,467.6308
608.3337252425529,467.64557
618.1384589224513,467.6615
569.1147905229593,467.6643
608.3337252425529,467.64557
520.0911221234674,467.69452
578.9195242028576,467.73325
362.23490987710363,467.70554
375.9615370289613,467.6308
419.10236522051423,467.6308
432.82899237237183,467.6308
448.5165662602093,467.6308
354.3911229331848,467.6308
390.6686375488088,467.6308
618.1384589224513,467.6308
514.2082819155286,467.6308
735.7952630812316,467.89984
529.8958558033659,468.3373
487.7355009798028,468.52353
395.5710043887581,467.88235
427.92662553242263,467.6308
449.4970396281991,467.6308
482.8331341398536,467.6308
507.3449683395996,467.6308
507.3449683395996,467.6308
497.54023465970124,467.6308
447.5360928922195,467.6308
385.7662707088597,467.6308
367.1372767170529,467.6308
462.243193412067,467.6308
404.39526470066664,467.6308
424.0047320604634,467.6308
404.39526470066664,467.6308
395.5710043887581,467.6308
400.47337122870726,467.6308
373.0201169249918,467.6308
390.6686375488088,467.6308
415.1804717485548,467.6308
380.8639038689105,467.6308
362.23490987710363,467.6581
380.8639038689105,467.69275
627.9431926023495,467.70337
863.2568009199106,467.7024
725.9905294013332,467.89685
481.8526607718638,468.08127
457.3408265721178,467.97937
529.8958558033659,467.64755
438.71183258031095,467.6308
479.8917140358841,467.6308
458.32129994010774,467.6308
500.48165476367063,467.6308
385.7662707088597,467.6308
443.6141994202601,467.6308
549.5053231631626,467.63818
961.3041377188943,467.83478
569.1147905229593,468.13635
569.1147905229593,468.24893
539.7005894832643,467.80966
588.724257882756,467.63916
491.6573944517621,467.6308
437.731359212321,467.6308
478.9112406678943,467.7083
529.8958558033659,467.8643
569.1147905229593,467.95624
618.1384589224513,467.78598
618.1384589224513,467.6308
873.0615345998089,467.6308
843.6473335601139,467.6308
833.8425998802153,467.6308
814.2331325204186,467.6308
814.2331325204186,467.6308
804.4283988405202,467.6308
804.4283988405202,467.6308
833.8425998802153,467.6308
647.5526599621463,467.6308
686.7715946817399,467.6308
529.8958558033659,467.6308
481.8526607718638,467.6308
627.9431926023495,467.6308
784.8189314807236,467.64188
853.4520672400122,467.70712
892.6710019596056,467.81274
765.2094641209269,467.8885
755.4047304410285,467.82034
627.9431926023495,467.72968
765.2094641209269,467.6308
657.3573936420446,467.6308
657.3573936420446,467.6308
559.3100568430609,467.6308
588.724257882756,467.6308
539.7005894832643,467.6308
559.3100568430609,467.6308
578.9195242028576,467.66177
686.7715946817399,467.72952
676.9668610018413,467.77246
716.1857957214349,467.7087
706.3810620415366,467.6308
725.9905294013332,467.6632
696.5763283616383,467.69833
686.7715946817399,467.70392
513.2278085475386,467.6308
637.7479262822479,467.6308
618.1384589224513,467.6308
529.8958558033659,467.6308
529.8958558033659,467.6308
529.8958558033659,467.6308
559.3100568430609,467.6308
578.9195242028576,467.6308
657.3573936420446,467.6345
559.3100568430609,467.63846
637.7479262822479,467.63916
784.8189314807236,467.66034
667.162127321943,467.80518
618.1384589224513,467.9454
520.0911221234674,467.9032
598.5289915626545,467.6308
765.2094641209269,467.6308
745.59999676113,467.6308
735.7952630812316,467.68546
735.7952630812316,467.74802
539.7005894832643,467.78436
559.3100568430609,467.68454
578.9195242028576,467.6894
657.3573936420446,467.6308
618.1384589224513,467.6308
598.5289915626545,467.6308
598.5289915626545,467.6308
598.5289915626545,467.6308
539.7005894832643,467.6308
598.5289915626545,467.63968
686.7715946817399,467.67505
508.32544170758933,467.7046
467.14556025201614,467.6894
384.7857973408699,467.6308
376.9420103969513,467.6308
356.3520696691646,467.6308
353.4106495651951,467.6308
588.724257882756,467.6308
418.1218918525243,467.6308
428.9070989004126,467.6308
421.0633119564939,467.6308
307.32840126967267,467.6308
258.3047328701808,467.6308
306.34792790168297,467.6308
452.4384597321686,467.6308
470.08698035598576,467.6308
413.21952501257516,467.636
336.74260230936784,467.64154
280.855620333947,467.65726
676.9668610018413,467.68878
569.1147905229593,467.72107
637.7479262822479,467.69263
716.1857957214349,467.63153
559.3100568430609,467.63235
549.5053231631626,467.63248
539.7005894832643,467.6308
529.8958558033659,467.6308
588.724257882756,467.6308
578.9195242028576,467.6308
578.9195242028576,467.6308
417.1414184845345,467.6308
637.7479262822479,467.6308
395.5710043887581,467.6308
445.5751461562399,467.6308
515.1887552835183,467.6308
490.6769210837723,467.6308
520.0911221234674,467.6308
502.44260149965044,467.6308
474.98934719593495,467.6308
519.1106487554777,467.6308
569.1147905229593,467.6308
539.7005894832643,467.6308
490.6769210837723,467.6308
368.11775008504264,467.6308
473.02840045995526,467.6308
529.8958558033659,467.6308
492.63786781975205,467.6308
755.4047304410285,467.6308
765.2094641209269,467.6308
735.7952630812316,467.6308
637.7479262822479,467.6308
686.7715946817399,467.6308
608.3337252425529,467.6308
647.5526599621463,467.6308
618.1384589224513,467.6308
598.5289915626545,467.6308
503.42307486764014,467.6308
539.7005894832643,467.6308
569.1147905229593,467.6308
598.5289915626545,467.6308
627.9431926023495,467.67694
657.3573936420446,467.72903
539.7005894832643,467.7377
578.9195242028576,467.6308
422.0437853244836,467.6308
380.8639038689105,467.6308
451.4579863641788,467.6308
461.26272004407724,467.6308
559.3100568430609,467.6308
578.9195242028576,467.6308
588.724257882756,467.76492
450.4775129961891,467.9257
549.5053231631626,467.96185
471.0674537239756,467.64618
475.96982056392477,467.6756
833.8425998802153,467.6965
824.0378662003169,467.7096
824.0378662003169,467.64755
853.4520672400122,467.6308
922.0852029993008,467.6308
863.2568009199106,467.6308
941.6946703590976,467.6308
1069.1562081977766,467.6308
1392.7124196344228,467.7129
1716.2686310710692,467.95193
1127.9846102771667,468.43716
1010.3278061183862,468.65417
1010.3278061183862,468.38562
912.2804693194025,467.6308
1177.0082786766586,467.6308
980.9136050786909,467.6308
1039.7420071580812,467.66846
902.4757356395039,467.8598
931.8899366791992,468.05087
824.0378662003169,468.0022
941.6946703590976,467.66425
922.0852029993008,467.68298
902.4757356395039,467.6877
833.8425998802153,467.6308
863.2568009199106,467.6308
824.0378662003169,467.6308
873.0615345998089,467.64926
980.9136050786909,467.6692
254.3828393982216,467.75787
254.3828393982216,468.03314
267.12899318208946,468.03406
342.6254425173069,467.54837
342.6254425173069,467.55597
356.3520696691646,467.56152
317.1331349495711,467.5662
317.1331349495711,467.5681
305.367454533693,467.57574
305.367454533693,467.57962
305.367454533693,467.5698
305.367454533693,467.56284
305.367454533693,467.57986
329.87928873343895,467.58804
356.3520696691646,467.58746
356.3520696691646,467.6058
370.0786968210223,467.6169
342.6254425173069,467.61136
342.6254425173069,467.5964
342.6254425173069,467.59146
317.1331349495711,467.58734
317.1331349495711,467.5956
317.1331349495711,467.61102
317.1331349495711,467.624
317.1331349495711,467.62936
292.62130074982514,467.63147
292.62130074982514,467.6327
292.62130074982514,467.63403
317.1331349495711,467.63306
374.00059029298166,467.6362
363.21538324509345,467.63068
340.6644957813273,467.57748
329.87928873343895,467.516
320.0745550535405,467.5462
320.0745550535405,467.6373
320.0745550535405,467.6494
309.28934800565247,467.6327
288.69940727786593,467.59723
278.8946735979675,467.5429
269.0899399180691,467.5294
269.0899399180691,467.50586
258.3047328701808,467.5364
269.0899399180691,467.65536
269.0899399180691,467.71872
248.49999919028247,467.6986
248.49999919028247,467.6823
227.91005846249595,467.7001
227.91005846249595,467.7126
227.91005846249595,467.74496
248.49999919028247,467.77
227.91005846249595,467.79065
218.1053247825976,467.79193
209.281064470689,467.78787
218.1053247825976,467.79813
218.1053247825976,467.79865
199.47633079079063,467.758
189.67159711089218,467.71683
775.0141978008252,467.68646
775.0141978008252,467.60608
755.4047304410285,467.46085
696.5763283616383,467.35025
696.5763283616383,467.37036
706.3810620415366,467.31595
676.9668610018413,467.31308
647.5526599621463,467.2966
637.7479262822479,467.31296
637.7479262822479,467.3541
618.1384589224513,467.42758
618.1384589224513,467.46375
618.1384589224513,467.49634
608.3337252425529,467.50485
588.724257882756,467.49188
569.1147905229593,467.50986
569.1147905229593,467.5475
618.1384589224513,467.53162
569.1147905229593,467.4793
549.5053231631626,467.4418
539.7005894832643,467.51453
539.7005894832643,467.5609
520.0911221234674,467.56287
511.26686181155895,467.5518
499.50118139568093,467.546
487.7355009798028,467.57635
487.7355009798028,467.60828
487.7355009798028,467.63385
395.5710043887581,467.6544
384.7857973408699,467.63232
374.00059029298166,467.5426
351.4497028292153,467.43237
340.6644957813273,467.4296
329.87928873343895,467.43036
329.87928873343895,467.40308
329.87928873343895,467.37537
309.28934800565247,467.38776
309.28934800565247,467.42807
288.69940727786593,467.4691
278.8946735979675,467.49445
278.8946735979675,467.52213
278.8946735979675,467.53912
278.8946735979675,467.5507
269.0899399180691,467.55447
248.49999919028247,467.56558
227.91005846249595,467.5715
227.91005846249595,467.58377
227.91005846249595,467.59634
209.281064470689,467.6194
209.281064470689,467.6325
218.1053247825976,467.6521
227.91005846249595,467.63437
227.91005846249595,467.5928
248.49999919028247,467.54742
227.91005846249595,467.56226
227.91005846249595,467.58954
272.0313600220386,467.62134
283.7970404379166,467.63354
272.0313600220386,467.56833
260.2656796061605,467.4478
247.51952582229265,467.46967
223.9881649905365,467.52213
212.2224845746585,467.542
212.2224845746585,467.55948
212.2224845746585,467.57266
223.9881649905365,467.5907
223.9881649905365,467.60962
212.2224845746585,467.6121
212.2224845746585,467.5916
187.71065037491252,467.56677
175.9449699590346,467.56787
175.9449699590346,467.59088
164.17928954315647,467.61606
164.17928954315647,467.66748
153.3940824952683,467.72308
164.17928954315647,467.70966
212.2224845746585,467.69528
212.2224845746585,467.71338
164.17928954315647,467.68173
153.3940824952683,467.63437
142.60887544738,467.59167
131.82366839949182,467.55035
121.03846135160364,467.57834
121.03846135160364,467.6238
121.03846135160364,467.6493
443.6141994202601,467.69943
443.6141994202601,467.68927
450.4775129961891,467.56686
428.9070989004126,467.41602
443.6141994202601,467.4567
443.6141994202601,467.51453
443.6141994202601,467.55344
428.9070989004126,467.54846
428.9070989004126,467.546
401.45384459669714,467.57635
407.33668480463615,467.60468
394.59053102076825,467.59494
387.7272174448394,467.5492
387.7272174448394,467.529
374.9810636609716,467.594
362.23490987710363,467.61096
387.7272174448394,467.56693
387.7272174448394,467.5442
381.8443772369004,467.5259
374.9810636609716,467.53094
381.8443772369004,467.57816
387.7272174448394,467.6343
374.9810636609716,467.6669
362.23490987710363,467.65057
428.9070989004126,467.6533
422.0437853244836,467.6725
387.7272174448394,467.72043
387.7272174448394,467.77405
3954.0000000000005,467.7932
3954.0000000000005,467.75757
3954.0000000000005,467.61273
3954.0000000000005,467.44586
3954.0000000000005,467.4401
3954.0000000000005,467.4318
3954.0000000000005,467.40897
3954.0000000000005,467.3966
3954.0000000000005,467.4266
3954.0000000000005,467.45786
3954.0000000000005,467.4691
775.0141978008252,467.49445
686.7715946817399,467.52213
637.7479262822479,467.55655
647.5526599621463,467.60898
696.5763283616383,467.63763
647.5526599621463,467.5928
608.3337252425529,467.54742
588.724257882756,467.56226
588.724257882756,467.57806
569.1147905229593,467.54813
569.1147905229593,467.51755
559.3100568430609,467.5477
529.8958558033659,467.63892
499.50118139568093,467.62967
467.14556025201614,467.58545
458.32129994010774,467.54684
452.4384597321686,467.5495
716.1857957214349,467.5684
745.59999676113,467.58948
775.0141978008252,467.57922
755.4047304410285,467.49484
755.4047304410285,467.511
755.4047304410285,467.52325
745.59999676113,467.54196
735.7952630812316,467.55344
735.7952630812316,467.53018
735.7952630812316,467.4853
745.59999676113,467.42163
716.1857957214349,467.41168
716.1857957214349,467.3896
716.1857957214349,467.42175
716.1857957214349,467.48807
716.1857957214349,467.5715
716.1857957214349,467.5809
735.7952630812316,467.5907
735.7952630812316,467.60846
706.3810620415366,467.62085
686.7715946817399,467.63412
657.3573936420446,467.6521
647.5526599621463,467.64584
647.5526599621463,467.62054
627.9431926023495,467.57755
618.1384589224513,467.55896
618.1384589224513,467.58954
618.1384589224513,467.62134
486.755027611813,467.67825
486.755027611813,467.71127
501.46212813166045,467.67053
486.755027611813,467.61786
472.04792709196533,467.61667
501.46212813166045,467.61844
516.169228651508,467.62582
529.8958558033659,467.63367
516.169228651508,467.62503
501.46212813166045,467.62646
501.46212813166045,467.64322
486.755027611813,467.64777
486.755027611813,467.60986
457.3408265721178,467.56723
472.04792709196533,467.56226
457.3408265721178,467.57806
457.3408265721178,467.57697
443.6141994202601,467.58908
443.6141994202601,467.61948
414.1999983805651,467.58633
414.1999983805651,467.53482
428.9070989004126,467.50986
457.3408265721178,467.5325
457.3408265721178,467.5137
486.755027611813,467.5148
472.04792709196533,467.5775
428.9070989004126,467.62668
414.1999983805651,467.62155
428.9070989004126,467.63092
245.55857908631296,467.58066
245.55857908631296,467.5444
225.9491117265163,467.54266
216.14437804661782,467.51202
205.35917099872964,467.45737
205.35917099872964,467.45502
195.5544373188313,467.47794
155.35502923124787,467.49298
145.5502955513495,467.5097
136.726035239441,467.51675
136.726035239441,467.54315
127.90177492753249,467.58545
109.27278093572563,467.6157
100.44852062381713,467.64014
100.44852062381713,467.6559
91.62426031190851,467.6439
82.8,467.57996
82.8,467.48926
91.62426031190851,467.4487
155.35502923124787,467.46323
155.35502923124787,467.48407
127.90177492753249,467.53055
119.07751461562398,467.5573
109.27278093572563,467.5476
100.44852062381713,467.54657
109.27278093572563,467.5846
100.44852062381713,467.62827
109.27278093572563,467.66077
438.71183258031095,467.72134
423.0242586924735,467.78094
407.33668480463615,467.74408
374.9810636609716,467.68253
438.71183258031095,467.6459
407.33668480463615,467.65622
390.6686375488088,467.62668
374.9810636609716,467.56375
359.293489773134,467.525
359.293489773134,467.54156
343.60591588529667,467.5528
343.60591588529667,467.56284
312.23076810962186,467.6163
298.50414095776426,467.64572
283.7970404379166,467.63174
270.07041328605897,467.55908
255.36331276621132,467.50113
255.36331276621132,467.54965
270.07041328605897,467.56497
270.07041328605897,467.55222
255.36331276621132,467.49683
255.36331276621132,467.4297
255.36331276621132,467.49084
270.07041328605897,467.5049
270.07041328605897,467.51077
255.36331276621132,467.50146
298.50414095776426,467.4859
312.23076810962186,467.50204
438.71183258031095,467.50717
423.0242586924735,467.51846
407.33668480463615,467.5487
374.9810636609716,467.5673
438.71183258031095,467.50397
407.33668480463615,467.43353
390.6686375488088,467.44138
374.9810636609716,467.4995
359.293489773134,467.5907
359.293489773134,467.6103
343.60591588529667,467.6289
343.60591588529667,467.70093
312.23076810962186,467.7197
298.50414095776426,467.65866
283.7970404379166,467.6406
270.07041328605897,467.62827
255.36331276621132,467.643
255.36331276621132,467.6693
270.07041328605897,467.693
270.07041328605897,467.66183
255.36331276621132,467.6084
255.36331276621132,467.65933
255.36331276621132,467.77148
270.07041328605897,467.83487
270.07041328605897,467.86258
255.36331276621132,467.83914
298.50414095776426,467.75653
423.0242586924735,467.68933
696.5763283616383,467.55203
716.1857957214349,467.39658
676.9668610018413,467.45456
657.3573936420446,467.50842
618.1384589224513,467.53537
657.3573936420446,467.43906
637.7479262822479,467.45947
775.0141978008252,467.53928
794.623665160622,467.51968
716.1857957214349,467.4698
578.9195242028576,467.45877
618.1384589224513,467.48917
578.9195242028576,467.53867
539.7005894832643,467.55182
578.9195242028576,467.55038
559.3100568430609,467.59213
539.7005894832643,467.5826
539.7005894832643,467.5569
500.48165476367063,467.54697
480.87218740387397,467.5198
461.26272004407724,467.5505
461.26272004407724,467.5673
461.26272004407724,467.52716
441.65325268428046,467.4916
441.65325268428046,467.48688
422.0437853244836,467.49084
422.0437853244836,467.43823
422.0437853244836,467.48724
461.26272004407724,467.63324
363.21538324509345,467.67487
343.60591588529667,467.62576
323.99644852549994,467.6038
309.28934800565247,467.59085
309.28934800565247,467.61533
309.28934800565247,467.58777
294.5822474858048,467.61038
279.8751469659573,467.707
265.16804644610966,467.7991
382.8248506048903,467.72568
461.26272004407724,467.60175
343.60591588529667,467.6537
309.28934800565247,467.71237
343.60591588529667,467.6801
402.43431796468695,467.7084
402.43431796468695,467.7619
363.21538324509345,467.79727
363.21538324509345,467.7837
294.5822474858048,467.6836
279.8751469659573,467.63733
265.16804644610966,467.5666
250.46094592626216,467.5268
221.04674488656698,467.46844
206.33964436671948,467.4408
191.63254384687195,467.46036
206.33964436671948,467.49716
235.75384540641463,467.51663
235.75384540641463,467.53162
438.71183258031095,467.53696
407.33668480463615,467.52762
390.6686375488088,467.47284
374.9810636609716,467.44684
359.293489773134,467.4368
359.293489773134,467.5005
327.91834199745944,467.47644
312.23076810962186,467.49805
390.6686375488088,467.56204
647.5526599621463,467.60153
627.9431926023495,467.55234
539.7005894832643,467.46793
470.08698035598576,467.53702
374.9810636609716,467.5571
343.60591588529667,467.49677
343.60591588529667,467.49588
327.91834199745944,467.55832
312.23076810962186,467.5395
298.50414095776426,467.5588
283.7970404379166,467.5656
270.07041328605897,467.57318
270.07041328605897,467.6293
374.9810636609716,467.71304
312.23076810962186,467.66595
312.23076810962186,467.57227
283.7970404379166,467.557
255.36331276621132,467.626
241.63668561435352,467.62317
343.60591588529667,467.63138
343.60591588529667,467.597
343.60591588529667,467.58112
323.99644852549994,467.57666
309.28934800565247,467.55176
323.99644852549994,467.5655
323.99644852549994,467.52243
309.28934800565247,467.5033
294.5822474858048,467.54333
323.99644852549994,467.6331
323.99644852549994,467.65668
323.99644852549994,467.56894
323.99644852549994,467.51352
309.28934800565247,467.52847
309.28934800565247,467.5616
363.21538324509345,467.61584
441.65325268428046,467.6007
363.21538324509345,467.52615
343.60591588529667,467.49142
309.28934800565247,467.51468
294.5822474858048,467.47748
265.16804644610966,467.41397
309.28934800565247,467.41995
480.87218740387397,467.44583
480.87218740387397,467.44705
343.60591588529667,467.41348
279.8751469659573,467.41296
294.5822474858048,467.5062
455.37987983613823,467.54657
432.82899237237183,467.50977
432.82899237237183,467.5221
411.2585782765956,467.57913
389.6881641808191,467.59738
374.9810636609716,467.61148
354.3911229331848,467.66263
339.68402241333735,467.64752
339.68402241333735,467.6108
608.3337252425529,467.56317
1000.5230724384878,467.44543
1441.7360880339145,467.36295
990.7183387585893,467.38446
784.8189314807236,467.40298
676.9668610018413,467.46265
647.5526599621463,467.55344
598.5289915626545,467.57892
549.5053231631626,467.55154
508.32544170758933,467.53842
516.169228651508,467.61813
501.46212813166045,467.614
471.0674537239756,467.52902
440.6727793162906,467.44745
432.82899237237183,467.47833
411.2585782765956,467.53012
598.5289915626545,467.58215
598.5289915626545,467.59607
1000.5230724384878,467.55356
725.9905294013332,467.52667
418.1218918525243,467.49133
404.39526470066664,467.54065
396.55147775674794,467.5466
389.6881641808191,467.54837
411.2585782765956,467.55597
389.6881641808191,467.56152
374.9810636609716,467.5662
361.2544365091138,467.5681
354.3911229331848,467.57574
339.68402241333735,467.57962
332.8207088374086,467.5698
318.11360831756093,467.56284
304.3869811657033,467.57986
290.66035401384545,467.58365
290.66035401384545,467.57767
290.66035401384545,467.59625
263.20709971013,467.6204
250.46094592626216,467.61136
224.96863835852645,467.5964
212.2224845746585,467.59146
212.2224845746585,467.58734
218.1053247825976,467.5956
218.1053247825976,467.61102
250.46094592626216,467.624
237.7147921423943,467.62863
243.5976323503333,467.6179
256.34378613420114,467.57318
250.46094592626216,467.5174
608.3337252425529,467.4968
598.5289915626545,467.53403
627.9431926023495,467.5625
637.7479262822479,467.599
618.1384589224513,467.56085
588.724257882756,467.5001
578.9195242028576,467.48596
578.9195242028576,467.4661
569.1147905229593,467.47974
549.5053231631626,467.5005
539.7005894832643,467.5172
539.7005894832643,467.5232
539.7005894832643,467.5145
539.7005894832643,467.49432
529.8958558033659,467.48248
508.32544170758933,467.4867
494.59881455573174,467.50238
480.87218740387397,467.51602
487.7355009798028,467.52277
539.7005894832643,467.52966
501.46212813166045,467.53403
480.87218740387397,467.54495
467.14556025201614,467.55756
447.5360928922195,467.56985
529.8958558033659,467.5832
578.9195242028576,467.60495
494.59881455573174,467.64584
529.8958558033659,467.67258
549.5053231631626,467.6781
539.7005894832643,467.66116
539.7005894832643,467.6082
529.8958558033659,467.5589
608.3337252425529,467.6014
508.32544170758933,467.63843
493.6183411877418,467.6249
485.7745542438231,467.63684
478.9112406678943,467.70068
478.9112406678943,467.76532
463.22366678005693,467.70856
463.22366678005693,467.608
448.5165662602093,467.61383
440.6727793162906,467.7251
432.82899237237183,467.7763
418.1218918525243,467.81268
425.9656787964431,467.83627
418.1218918525243,467.85638
404.39526470066664,467.84854
389.6881641808191,467.83765
396.55147775674794,467.8177
389.6881641808191,467.79993
374.9810636609716,467.77258
404.39526470066664,467.7656
396.55147775674794,467.78424
389.6881641808191,467.79578
382.8248506048903,467.65784
374.9810636609716,467.59296
448.5165662602093,467.5905
475.96982056392477,467.5622
469.10650698799583,467.50406
448.5165662602093,467.40918
434.78993910835163,467.4094
469.10650698799583,467.45908
490.6769210837723,467.4955
511.26686181155895,467.44333
482.8331341398536,467.38696
455.37987983613823,467.45172
434.78993910835163,467.47574
448.5165662602093,467.50476
511.26686181155895,467.5343
482.8331341398536,467.5355
441.65325268428046,467.49234
421.0633119564939,467.50266
408.31715817262597,467.5497
395.5710043887581,467.59744
375.9615370289613,467.59076
369.09822345303246,467.49063
356.3520696691646,467.41293
343.60591588529667,467.40237
343.60591588529667,467.41995
317.1331349495711,467.4528
304.3869811657033,467.49927
304.3869811657033,467.5533
291.6408273818353,467.59048
291.6408273818353,467.5735
304.3869811657033,467.51547
513.2278085475386,467.47748
494.59881455573174,467.55118
475.96982056392477,467.67102
434.78993910835163,467.81888
421.0633119564939,467.74408
417.1414184845345,467.68152
399.49289786071745,467.61652
399.49289786071745,467.55194
395.5710043887581,467.5896
403.41479133267677,467.66208
417.1414184845345,467.7143
448.5165662602093,467.67578
425.9656787964431,467.64282
408.31715817262597,467.6438
395.5710043887581,467.64462
395.5710043887581,467.66925
386.7467440768496,467.70712
374.00059029298166,467.71274
356.3520696691646,467.71918
356.3520696691646,467.685
343.60591588529667,467.64825
390.6686375488088,467.6424
381.8443772369004,467.60046
369.09822345303246,467.546
377.922483764941,467.5528
408.31715817262597,467.64728
408.31715817262597,467.57086
395.5710043887581,467.5485
422.0437853244836,467.54248
390.6686375488088,467.582
475.96982056392477,467.5914
334.19337155259433,467.57828
386.7467440768496,467.6299
384.7857973408699,467.68036
618.1384589224513,467.67374
627.9431926023495,467.66354
549.5053231631626,467.6265
529.8958558033659,467.60074
513.2278085475386,467.60144
559.3100568430609,467.61566
3954.0000000000005,467.63846
3954.0000000000005,467.59995
3954.0000000000005,467.51685
3954.0000000000005,467.54807
3954.0000000000005,467.62567
3954.0000000000005,467.67084
3954.0000000000005,467.65588
3954.0000000000005,467.6266
3954.0000000000005,467.62244
3954.0000000000005,467.64453
3954.0000000000005,467.64984
3954.0000000000005,467.6365
3954.0000000000005,467.64993
3954.0000000000005,467.6481
3954.0000000000005,467.56738
3954.0000000000005,467.51608
3954.0000000000005,467.51074
3954.0000000000005,467.52017
3954.0000000000005,467.46347
3954.0000000000005,467.40292
3954.0000000000005,467.47388
3954.0000000000005,467.54837
3954.0000000000005,467.6041
3954.0000000000005,467.63638
3954.0000000000005,467.66458
3954.0000000000005,467.61572
3954.0000000000005,467.53403
3954.0000000000005,467.5657
495.57928792372144,467.5528
502.44260149965044,467.5161
506.36449497160964,467.49002
445.5751461562399,467.47952
433.80946574036176,467.54025
385.7662707088597,467.58173
529.8958558033659,467.5857
716.1857957214349,467.59216
824.0378662003169,467.59753
647.5526599621463,467.56375
559.3100568430609,467.52704
549.5053231631626,467.52332
444.59467278824997,467.59958
352.4301761972053,467.61124
539.7005894832643,467.59695
598.5289915626545,467.6106
735.7952630812316,467.62976
716.1857957214349,467.6442
735.7952630812316,467.62115
794.623665160622,467.52518
716.1857957214349,467.52106
706.3810620415366,467.54672
657.3573936420446,467.5439
667.162127321943,467.46118
608.3337252425529,467.41534
647.5526599621463,467.49777
647.5526599621463,467.605
578.9195242028576,467.5922
608.3337252425529,467.6566
578.9195242028576,467.65952
529.8958558033659,467.6606
667.162127321943,467.6345
637.7479262822479,467.56238
492.63786781975205,467.57172
569.1147905229593,467.62827
559.3100568430609,467.68796
598.5289915626545,467.62668
374.00059029298166,467.5745
588.724257882756,467.56226
647.5526599621463,467.634
627.9431926023495,467.6937
529.8958558033659,467.7579
647.5526599621463,467.87125
725.9905294013332,467.8823
578.9195242028576,467.84814
735.7952630812316,467.7908
725.9905294013332,467.72247
627.9431926023495,467.56134
598.5289915626545,467.4322
569.1147905229593,467.46133
515.1887552835183,467.49155
775.0141978008252,467.48837
745.59999676113,467.44998
676.9668610018413,467.44858
706.3810620415366,467.4188
539.7005894832643,467.44055
608.3337252425529,467.50092
464.20414014804663,467.64725
441.65325268428046,467.68884
508.32544170758933,467.63074
588.724257882756,467.66806
667.162127321943,467.63437
755.4047304410285,467.57907
529.8958558033659,467.5123
657.3573936420446,467.55374
627.9431926023495,467.56976
559.3100568430609,467.60834
519.1106487554777,467.6652
559.3100568430609,467.6448
598.5289915626545,467.61996
569.1147905229593,467.61942
559.3100568430609,467.70026
549.5053231631626,467.71912
598.5289915626545,467.72113
569.1147905229593,467.74933
618.1384589224513,467.79208
598.5289915626545,467.7987
507.3449683395996,467.742
520.0911221234674,467.7024
520.0911221234674,467.7618
520.0911221234674,467.80682
474.98934719593495,467.8245
657.3573936420446,467.74673
725.9905294013332,467.656
608.3337252425529,467.62976
588.724257882756,467.68286
482.8331341398536,467.73746
496.5597612917113,467.6945
676.9668610018413,467.67
608.3337252425529,467.66476
627.9431926023495,467.63428
598.5289915626545,467.62497
627.9431926023495,467.73584
588.724257882756,467.79724
588.724257882756,467.7754
598.5289915626545,467.7775
539.7005894832643,467.84103
627.9431926023495,467.85318
608.3337252425529,467.82312
598.5289915626545,467.87122
442.6337260522703,467.92673
419.10236522051423,467.92245
569.1147905229593,467.86212
487.7355009798028,467.76907
517.1497020194979,467.7219
549.5053231631626,467.72586
716.1857957214349,467.62457
423.0242586924735,467.52585
488.7159743477926,467.49426
578.9195242028576,467.46954
478.9112406678943,467.45868
423.0242586924735,467.48666
371.05917018901215,467.56607
417.1414184845345,467.58224
1941.7775057087317,467.49695
1549.5881585127966,467.40094
1108.3751429173699,467.47925
794.623665160622,467.4684
483.81360750784347,467.4408
569.1147905229593,467.38214
657.3573936420446,467.33292
559.3100568430609,467.3862
559.3100568430609,467.47543
608.3337252425529,467.60004
499.50118139568093,467.68317
456.360353204128,467.6822
549.5053231631626,467.638
502.44260149965044,467.59506
505.38402160361994,467.5055
804.4283988405202,467.45386
784.8189314807236,467.46075
696.5763283616383,467.41
598.5289915626545,467.3536
519.1106487554777,467.4577
755.4047304410285,467.46677
588.724257882756,467.51385
569.1147905229593,467.53723
549.5053231631626,467.57898
549.5053231631626,467.61423
578.9195242028576,467.6155
491.6573944517621,467.5905
469.10650698799583,467.56238
508.32544170758933,467.58197
491.6573944517621,467.59167
520.0911221234674,467.56873
539.7005894832643,467.5537
637.7479262822479,467.59042
725.9905294013332,467.606
598.5289915626545,467.62253
588.724257882756,467.44788
578.9195242028576,467.4264
512.2473351795488,467.50714
539.7005894832643,467.66818
539.7005894832643,467.67987
529.8958558033659,467.6199
569.1147905229593,467.60583
539.7005894832643,467.58917
520.0911221234674,467.60184
432.82899237237183,467.69086
372.0396435570021,467.80487
278.8946735979675,467.79922
346.5473359892662,467.71207
391.64911091679875,467.71866
395.5710043887581,467.6829
322.0355017895203,467.66672
220.06627151857728,467.7234
323.0159751575101,467.7144
338.7035490453475,467.73746
336.74260230936784,467.76324
411.2585782765956,467.80338
290.66035401384545,467.81393
336.74260230936784,467.7834
343.60591588529667,467.78613
246.5390524543028,467.82782
337.72307567735777,467.8731
336.74260230936784,467.8543
311.2502947416321,467.81818
336.74260230936784,467.75967
283.7970404379166,467.76392
294.5822474858048,467.74344
247.51952582229265,467.72125
269.0899399180691,467.68872
265.16804644610966,467.68875
265.16804644610966,467.66443
275.95325349399786,467.65408
131.82366839949182,467.6424
380.8639038689105,467.6384
386.7467440768496,467.61377
549.5053231631626,467.5723
509.30591507557926,467.55396
428.9070989004126,467.5334
501.46212813166045,467.53745
488.7159743477926,467.55368
388.7076908128292,467.6122
479.8917140358841,467.67725
491.6573944517621,467.6728
833.8425998802153,467.5936
824.0378662003169,467.48398
667.162127321943,467.4675
608.3337252425529,467.52072
549.5053231631626,467.52533
549.5053231631626,467.50906
485.7745542438231,467.6343
539.7005894832643,467.61844
492.63786781975205,467.61072
489.69644771578254,467.60834
529.8958558033659,467.6299
493.6183411877418,467.6845
438.71183258031095,467.70798
470.08698035598576,467.76514
419.10236522051423,467.76242
411.2585782765956,467.63882
404.39526470066664,467.54617
295.56272085379464,467.65637
627.9431926023495,467.6907
559.3100568430609,467.67615
706.3810620415366,467.64874
637.7479262822479,467.64914
569.1147905229593,467.73706
493.6183411877418,467.77097
618.1384589224513,467.78784
498.52070802769094,467.77966
588.724257882756,467.79932
578.9195242028576,467.80692
588.724257882756,467.78397
598.5289915626545,467.76526
400.47337122870726,467.76443
588.724257882756,467.77258
608.3337252425529,467.7569
400.47337122870726,467.7085
804.4283988405202,467.6316
755.4047304410285,467.5307
696.5763283616383,467.42065
608.3337252425529,467.41614
569.1147905229593,467.46896
518.1301753874876,467.50195
608.3337252425529,467.56445
618.1384589224513,467.58054
569.1147905229593,467.59317
608.3337252425529,467.6261
520.0911221234674,467.61142
578.9195242028576,467.5382
362.23490987710363,467.4788
375.9615370289613,467.5019
419.10236522051423,467.52643
432.82899237237183,467.53732
448.5165662602093,467.53162
354.3911229331848,467.56396
390.6686375488088,467.57507
618.1384589224513,467.6372
514.2082819155286,467.6936
735.7952630812316,467.70792
529.8958558033659,467.62973
487.7355009798028,467.5222
395.5710043887581,467.49823
427.92662553242263,467.4933
449.4970396281991,467.47787
482.8331341398536,467.5101
507.3449683395996,467.53867
507.3449683395996,467.56482
497.54023465970124,467.55496
447.5360928922195,467.55182
385.7662707088597,467.58557
367.1372767170529,467.64026
462.243193412067,467.67203
404.39526470066664,467.64227
424.0047320604634,467.627
404.39526470066664,467.7087
395.5710043887581,467.75076
400.47337122870726,467.73746
373.0201169249918,467.76163
390.6686375488088,467.79248
415.1804717485548,467.6894
380.8639038689105,467.58362
362.23490987710363,467.53833
380.8639038689105,467.51202
627.9431926023495,467.53177
863.2568009199106,467.53323
725.9905294013332,467.51785
481.8526607718638,467.4976
457.3408265721178,467.50995
529.8958558033659,467.51706
438.71183258031095,467.4901
479.8917140358841,467.5438
458.32129994010774,467.63263
500.48165476367063,467.63562
385.7662707088597,467.59503
443.6141994202601,467.61218
549.5053231631626,467.57797
961.3041377188943,467.43033
569.1147905229593,467.37762
569.1147905229593,467.39078
539.7005894832643,467.45276
588.724257882756,467.47952
491.6573944517621,467.56134
437.731359212321,467.61362
478.9112406678943,467.60358
529.8958558033659,467.56842
569.1147905229593,467.60916
618.1384589224513,467.7357
618.1384589224513,467.75836
873.0615345998089,467.7008
843.6473335601139,467.6549
833.8425998802153,467.70203
814.2331325204186,467.72998
814.2331325204186,467.71213
804.4283988405202,467.6516
804.4283988405202,467.61786
833.8425998802153,467.62857
647.5526599621463,467.6031
686.7715946817399,467.60733
529.8958558033659,467.61545
481.8526607718638,467.57986
627.9431926023495,467.54068
784.8189314807236,467.59088
853.4520672400122,467.63153
892.6710019596056,467.59692
765.2094641209269,467.50464
755.4047304410285,467.4305
627.9431926023495,467.50497
765.2094641209269,467.58618
657.3573936420446,467.64563
657.3573936420446,467.66205
559.3100568430609,467.57697
588.724257882756,467.55264
539.7005894832643,467.7142
559.3100568430609,467.73184
578.9195242028576,467.64938
686.7715946817399,467.55463
676.9668610018413,467.54062
716.1857957214349,467.58377
706.3810620415366,467.5842
725.9905294013332,467.5525
696.5763283616383,467.55685
686.7715946817399,467.66425
513.2278085475386,467.6724
637.7479262822479,467.63586
618.1384589224513,467.5608
529.8958558033659,467.54346
529.8958558033659,467.60474
529.8958558033659,467.58395
559.3100568430609,467.58972
578.9195242028576,467.636
657.3573936420446,467.66476
559.3100568430609,467.6744
637.7479262822479,467.69516
784.8189314807236,467.65598
667.162127321943,467.58276
618.1384589224513,467.5663
520.0911221234674,467.6677
598.5289915626545,467.76483
765.2094641209269,467.8475
745.59999676113,467.8896
735.7952630812316,467.87494
735.7952630812316,467.81348
539.7005894832643,467.70966
559.3100568430609,467.6331
578.9195242028576,467.59393
657.3573936420446,467.56134
618.1384589224513,467.58356
598.5289915626545,467.64734
598.5289915626545,467.74075
598.5289915626545,467.81094
539.7005894832643,467.82022
598.5289915626545,467.72018
686.7715946817399,467.62875
508.32544170758933,467.58026
467.14556025201614,467.59686
384.7857973408699,467.6087
376.9420103969513,467.6129
356.3520696691646,467.63812
353.4106495651951,467.67007
588.724257882756,467.695
418.1218918525243,467.74063
428.9070989004126,467.78146
421.0633119564939,467.82965
307.32840126967267,467.8372
258.3047328701808,467.7884
306.34792790168297,467.76514
452.4384597321686,467.8028
470.08698035598576,467.7543
413.21952501257516,467.71143
336.74260230936784,467.7217
280.855620333947,467.69553
676.9668610018413,467.6393
569.1147905229593,467.62897
637.7479262822479,467.61038
716.1857957214349,467.58896
559.3100568430609,467.6226
549.5053231631626,467.68527
539.7005894832643,467.77643
529.8958558033659,467.7474
588.724257882756,467.6883
578.9195242028576,467.67648
578.9195242028576,467.7116
417.1414184845345,467.68964
637.7479262822479,467.67957
395.5710043887581,467.68195
445.5751461562399,467.6777
515.1887552835183,467.69696
490.6769210837723,467.74802
520.0911221234674,467.7679
502.44260149965044,467.7093
474.98934719593495,467.7057
519.1106487554777,467.6994
569.1147905229593,467.70734
539.7005894832643,467.6595
490.6769210837723,467.65588
368.11775008504264,467.6492
473.02840045995526,467.67285
529.8958558033659,467.69714
492.63786781975205,467.691
755.4047304410285,467.63602
765.2094641209269,467.58923
735.7952630812316,467.57666
637.7479262822479,467.54633
686.7715946817399,467.55493
608.3337252425529,467.56348
647.5526599621463,467.57193
618.1384589224513,467.57642
598.5289915626545,467.582
503.42307486764014,467.5826
539.7005894832643,467.57016
569.1147905229593,467.56128
598.5289915626545,467.57834
627.9431926023495,467.59113
657.3573936420446,467.5959
539.7005894832643,467.6133
578.9195242028576,467.622
422.0437853244836,467.61206
380.8639038689105,467.59653
451.4579863641788,467.59128
461.26272004407724,467.58908
559.3100568430609,467.59692
578.9195242028576,467.60837
588.724257882756,467.61987
450.4775129961891,467.62433
549.5053231631626,467.62946
471.0674537239756,467.63
475.96982056392477,467.62823
833.8425998802153,467.62433
824.0378662003169,467.59378
824.0378662003169,466.95435
853.4520672400122,466.0011
922.0852029993008,465.6623
863.2568009199106,467.61505
941.6946703590976,467.66376
1069.1562081977766,467.6795
1392.7124196344228,467.61597
1716.2686310710692,467.52997
1127.9846102771667,467.45187
1010.3278061183862,467.3748
1010.3278061183862,467.34412
912.2804693194025,467.48358
1177.0082786766586,467.62134
980.9136050786909,467.66638
1039.7420071580812,467.6294
902.4757356395039,467.50507
931.8899366791992,467.46243
824.0378662003169,467.46597
941.6946703590976,467.528
922.0852029993008,467.52197
902.4757356395039,467.5343
833.8425998802153,467.59695
863.2568009199106,467.61884
824.0378662003169,467.62476
873.0615345998089,467.58508
980.9136050786909,467.4916
254.3828393982216,467.36423
254.3828393982216,468.58246
267.12899318208946,470.5231
342.6254425173069,472.4068
342.6254425173069,472.39713
356.3520696691646,472.38297
317.1331349495711,472.39026
317.1331349495711,472.4073
305.367454533693,472.42645
305.367454533693,472.43878
305.367454533693,472.43582
305.367454533693,472.42236
305.367454533693,472.4081
329.87928873343895,472.40442
356.3520696691646,472.4116
356.3520696691646,472.41895
370.0786968210223,472.43182
342.6254425173069,472.44135
342.6254425173069,472.44464
342.6254425173069,472.43973
317.1331349495711,472.43832
317.1331349495711,472.4313
317.1331349495711,472.43604
317.1331349495711,472.4506
317.1331349495711,472.4533
292.62130074982514,472.45895
292.62130074982514,472.4694
292.62130074982514,472.48294
317.1331349495711,472.49207
374.00059029298166,472.49158
363.21538324509345,472.4795
340.6644957813273,472.45547
329.87928873343895,472.42468
320.0745550535405,472.4238
320.0745550535405,472.39825
320.0745550535405,472.41208
309.28934800565247,472.4212
288.69940727786593,472.43802
278.8946735979675,472.39035
269.0899399180691,472.30585
269.0899399180691,472.29846
258.3047328701808,472.3109
269.0899399180691,472.37842
269.0899399180691,472.43527
248.49999919028247,472.4539
248.49999919028247,472.4428
227.91005846249595,472.4184
227.91005846249595,472.43784
227.91005846249595,472.4588
248.49999919028247,472.50165
227.91005846249595,472.51892
218.1053247825976,472.4996
209.281064470689,472.4921
218.1053247825976,472.5248
218.1053247825976,472.53842
199.47633079079063,472.52255
189.67159711089218,472.51715
775.0141978008252,472.51727
775.0141978008252,472.50937
755.4047304410285,472.4375
696.5763283616383,472.33926
696.5763283616383,472.31223
706.3810620415366,472.2868
676.9668610018413,472.2536
647.5526599621463,472.24084
637.7479262822479,472.2158
637.7479262822479,472.23828
618.1384589224513,472.2509
618.1384589224513,472.27014
618.1384589224513,472.268
608.3337252425529,472.29776
588.724257882756,472.30728
569.1147905229593,472.31656
569.1147905229593,472.3367
618.1384589224513,472.38358
569.1147905229593,472.4221
549.5053231631626,472.44894
539.7005894832643,472.43692
539.7005894832643,472.36606
520.0911221234674,472.3712
511.26686181155895,472.3688
499.50118139568093,472.36722
487.7355009798028,472.37097
487.7355009798028,472.37973
487.7355009798028,472.3947
395.5710043887581,472.4046
384.7857973408699,472.3789
374.00059029298166,472.26614
351.4497028292153,472.155
340.6644957813273,472.13522
329.87928873343895,472.11188
329.87928873343895,472.08823
329.87928873343895,472.05942
309.28934800565247,472.05222
309.28934800565247,472.0817
288.69940727786593,472.14664
278.8946735979675,472.19275
278.8946735979675,472.24298
278.8946735979675,472.2713
278.8946735979675,472.28018
269.0899399180691,472.2736
248.49999919028247,472.27298
227.91005846249595,472.28143
227.91005846249595,472.29367
227.91005846249595,472.3017
209.281064470689,472.30524
209.281064470689,472.3081
218.1053247825976,472.31253
227.91005846249595,472.3184
227.91005846249595,472.31616
248.49999919028247,472.32257
227.91005846249595,472.35553
227.91005846249595,472.38977
272.0313600220386,472.42108
283.7970404379166,472.41772
272.0313600220386,472.36514
260.2656796061605,472.25076
247.51952582229265,472.20773
223.9881649905365,472.20593
212.2224845746585,472.2713
212.2224845746585,472.2829
212.2224845746585,472.28412
223.9881649905365,472.29346
223.9881649905365,472.30325
212.2224845746585,472.31268
212.2224845746585,472.3055
187.71065037491252,472.28
175.9449699590346,472.24637
175.9449699590346,472.24637
164.17928954315647,472.27502
164.17928954315647,472.32767
153.3940824952683,472.37018
164.17928954315647,472.35553
212.2224845746585,472.3884
212.2224845746585,472.39886
164.17928954315647,472.37598
153.3940824952683,472.3399
142.60887544738,472.3194
131.82366839949182,472.32596
121.03846135160364,472.35553
121.03846135160364,472.38977
121.03846135160364,472.42108
443.6141994202601,472.43875
443.6141994202601,472.41022
450.4775129961891,472.29694
428.9070989004126,472.23868
443.6141994202601,472.30417
443.6141994202601,472.3949
443.6141994202601,472.36606
428.9070989004126,472.37048
428.9070989004126,472.36722
401.45384459669714,472.37097
407.33668480463615,472.37973
394.59053102076825,472.39948
387.7272174448394,472.39893
387.7272174448394,472.3985
374.9810636609716,472.37863
362.23490987710363,472.40796
387.7272174448394,472.36154
387.7272174448394,472.3475
381.8443772369004,472.38004
374.9810636609716,472.40564
381.8443772369004,472.39886
387.7272174448394,472.37598
374.9810636609716,472.35626
362.23490987710363,472.3716
428.9070989004126,472.40698
422.0437853244836,472.42242
387.7272174448394,472.46835
387.7272174448394,472.53317
3954.0000000000005,472.57257
3954.0000000000005,472.50906
3954.0000000000005,472.34332
3954.0000000000005,472.16187
3954.0000000000005,472.1603
3954.0000000000005,472.15662
3954.0000000000005,472.1458
3954.0000000000005,472.14664
3954.0000000000005,472.16336
3954.0000000000005,472.17358
3954.0000000000005,472.19107
775.0141978008252,472.218
686.7715946817399,472.24298
637.7479262822479,472.27267
647.5526599621463,472.28885
696.5763283616383,472.29663
647.5526599621463,472.3093
608.3337252425529,472.32596
588.724257882756,472.35553
588.724257882756,472.41077
569.1147905229593,472.4688
569.1147905229593,472.482
559.3100568430609,472.42242
529.8958558033659,472.39502
499.50118139568093,472.40857
467.14556025201614,472.3893
458.32129994010774,472.36316
452.4384597321686,472.311
716.1857957214349,472.30756
745.59999676113,472.29166
775.0141978008252,472.25046
755.4047304410285,472.21738
755.4047304410285,472.19275
755.4047304410285,472.24298
745.59999676113,472.2713
735.7952630812316,472.28018
735.7952630812316,472.25583
735.7952630812316,472.21735
745.59999676113,472.18286
716.1857957214349,472.16986
716.1857957214349,472.12064
716.1857957214349,472.09366
716.1857957214349,472.1373
716.1857957214349,472.22092
716.1857957214349,472.29367
735.7952630812316,472.30032
735.7952630812316,472.30338
706.3810620415366,472.3066
686.7715946817399,472.31268
657.3573936420446,472.31912
647.5526599621463,472.32178
647.5526599621463,472.31616
627.9431926023495,472.32257
618.1384589224513,472.35553
618.1384589224513,472.38977
618.1384589224513,472.42108
486.755027611813,472.43875
486.755027611813,472.43195
501.46212813166045,472.3825
486.755027611813,472.36072
472.04792709196533,472.3605
501.46212813166045,472.3662
516.169228651508,472.36713
529.8958558033659,472.3604
516.169228651508,472.35626
501.46212813166045,472.35806
501.46212813166045,472.35788
486.755027611813,472.33463
486.755027611813,472.36658
457.3408265721178,472.39886
472.04792709196533,472.3896
457.3408265721178,472.39383
457.3408265721178,472.4131
443.6141994202601,472.41016
443.6141994202601,472.39642
414.1999983805651,472.386
414.1999983805651,472.33502
428.9070989004126,472.3063
457.3408265721178,472.3058
457.3408265721178,472.2678
486.755027611813,472.23483
472.04792709196533,472.24567
428.9070989004126,472.29956
414.1999983805651,472.3561
428.9070989004126,472.40637
245.55857908631296,472.44083
245.55857908631296,472.51453
225.9491117265163,472.55252
216.14437804661782,472.55157
205.35917099872964,472.46524
205.35917099872964,472.41943
195.5544373188313,472.47183
155.35502923124787,472.57138
145.5502955513495,472.54486
136.726035239441,472.46506
136.726035239441,472.41895
127.90177492753249,472.50623
109.27278093572563,472.54788
100.44852062381713,472.46738
100.44852062381713,472.40704
91.62426031190851,472.40604
82.8,472.4488
82.8,472.44415
91.62426031190851,472.37012
155.35502923124787,472.33102
155.35502923124787,472.32928
127.90177492753249,472.37863
119.07751461562398,472.43628
109.27278093572563,472.42532
100.44852062381713,472.35385
109.27278093572563,472.4284
100.44852062381713,472.53244
109.27278093572563,472.51355
438.71183258031095,472.5022
423.0242586924735,472.55084
407.33668480463615,472.50412
374.9810636609716,472.4676
438.71183258031095,472.43628
407.33668480463615,472.37488
390.6686375488088,472.4201
374.9810636609716,472.4537
359.293489773134,472.4404
359.293489773134,472.42145
343.60591588529667,472.45645
343.60591588529667,472.51224
312.23076810962186,472.50372
298.50414095776426,472.49658
283.7970404379166,472.53427
270.07041328605897,472.58267
255.36331276621132,472.59573
255.36331276621132,472.4711
270.07041328605897,472.35635
270.07041328605897,472.3544
255.36331276621132,472.3786
255.36331276621132,472.31705
255.36331276621132,472.2576
270.07041328605897,472.3165
270.07041328605897,472.35062
255.36331276621132,472.39896
298.50414095776426,472.38342
312.23076810962186,472.3439
438.71183258031095,472.4042
423.0242586924735,472.45898
407.33668480463615,472.4137
374.9810636609716,472.3423
438.71183258031095,472.30286
407.33668480463615,472.23788
390.6686375488088,472.1928
374.9810636609716,472.19864
359.293489773134,472.28195
359.293489773134,472.3172
343.60591588529667,472.39752
343.60591588529667,472.4545
312.23076810962186,472.5109
298.50414095776426,472.5148
283.7970404379166,472.51923
270.07041328605897,472.46762
255.36331276621132,472.3926
255.36331276621132,472.35834
270.07041328605897,472.3618
270.07041328605897,472.4624
255.36331276621132,472.57462
255.36331276621132,472.5938
255.36331276621132,472.5184
270.07041328605897,472.47678
270.07041328605897,472.49527
255.36331276621132,472.52573
298.50414095776426,472.4938
423.0242586924735,472.48004
696.5763283616383,472.4755
716.1857957214349,472.50345
676.9668610018413,472.5043
657.3573936420446,472.49686
618.1384589224513,472.4342
657.3573936420446,472.3575
637.7479262822479,472.3201
775.0141978008252,472.38913
794.623665160622,472.42056
716.1857957214349,472.46313
578.9195242028576,472.4385
618.1384589224513,472.32083
578.9195242028576,472.29022
539.7005894832643,472.31982
578.9195242028576,472.37518
559.3100568430609,472.42966
539.7005894832643,472.41138
539.7005894832643,472.415
500.48165476367063,472.43472
480.87218740387397,472.3998
461.26272004407724,472.3493
461.26272004407724,472.33456
461.26272004407724,472.43347
441.65325268428046,472.45374
441.65325268428046,472.36188
422.0437853244836,472.2507
422.0437853244836,472.2082
422.0437853244836,472.25992
461.26272004407724,472.41086
363.21538324509345,472.4096
343.60591588529667,472.40454
323.99644852549994,472.411
309.28934800565247,472.32886
309.28934800565247,472.2827
309.28934800565247,472.29828
294.5822474858048,472.33334
279.8751469659573,472.3952
265.16804644610966,472.4905
382.8248506048903,472.6355
461.26272004407724,472.6456
343.60591588529667,472.60504
309.28934800565247,472.4924
343.60591588529667,472.4655
402.43431796468695,472.47705
402.43431796468695,472.51376
363.21538324509345,472.53625
363.21538324509345,472.55008
294.5822474858048,472.50986
279.8751469659573,472.49298
265.16804644610966,472.451
250.46094592626216,472.3397
221.04674488656698,472.31393
206.33964436671948,472.29294
191.63254384687195,472.28506
206.33964436671948,472.2089
235.75384540641463,472.29022
235.75384540641463,472.4016
438.71183258031095,472.46402
407.33668480463615,472.45462
390.6686375488088,472.43622
374.9810636609716,472.39368
359.293489773134,472.37946
359.293489773134,472.31192
327.91834199745944,472.34726
312.23076810962186,472.4076
390.6686375488088,472.41498
647.5526599621463,472.38467
627.9431926023495,472.49045
539.7005894832643,472.4973
470.08698035598576,472.42056
374.9810636609716,472.35275
343.60591588529667,472.32782
343.60591588529667,472.33398
327.91834199745944,472.2956
312.23076810962186,472.2605
298.50414095776426,472.2733
283.7970404379166,472.2962
270.07041328605897,472.31757
270.07041328605897,472.34195
374.9810636609716,472.39355
312.23076810962186,472.46228
312.23076810962186,472.4845
283.7970404379166,472.34412
255.36331276621132,472.31
241.63668561435352,472.3607
343.60591588529667,472.40765
343.60591588529667,472.4591
343.60591588529667,472.48004
323.99644852549994,472.47018
309.28934800565247,472.46997
323.99644852549994,472.49854
323.99644852549994,472.51077
309.28934800565247,472.48047
294.5822474858048,472.4803
323.99644852549994,472.50665
323.99644852549994,472.53473
323.99644852549994,472.50845
323.99644852549994,472.5568
309.28934800565247,472.5604
309.28934800565247,472.5555
363.21538324509345,472.52383
441.65325268428046,472.48032
363.21538324509345,472.45316
343.60591588529667,472.42566
309.28934800565247,472.42294
294.5822474858048,472.42023
265.16804644610966,472.3768
309.28934800565247,472.3788
480.87218740387397,472.4723
480.87218740387397,472.51917
343.60591588529667,472.54456
279.8751469659573,472.49597
294.5822474858048,472.46158
455.37987983613823,472.4539
432.82899237237183,472.48196
432.82899237237183,472.47122
411.2585782765956,472.49606
389.6881641808191,472.49353
374.9810636609716,472.51877
354.3911229331848,472.4979
339.68402241333735,472.50336
339.68402241333735,472.5
608.3337252425529,472.51385
1000.5230724384878,472.49002
1441.7360880339145,472.44553
990.7183387585893,472.33405
784.8189314807236,472.29706
676.9668610018413,472.31323
647.5526599621463,472.3852
598.5289915626545,472.4565
549.5053231631626,472.51053
508.32544170758933,472.5127
516.169228651508,472.4452
501.46212813166045,472.47913
471.0674537239756,472.49222
440.6727793162906,472.47867
432.82899237237183,472.43817
411.2585782765956,472.41013
598.5289915626545,472.45474
598.5289915626545,472.56903
1000.5230724384878,472.6564
725.9905294013332,472.59628
418.1218918525243,472.49765
404.39526470066664,472.4666
396.55147775674794,472.4552
389.6881641808191,472.4068
411.2585782765956,472.39713
389.6881641808191,472.38297
374.9810636609716,472.39026
361.2544365091138,472.4073
354.3911229331848,472.42645
339.68402241333735,472.43878
332.8207088374086,472.43582
318.11360831756093,472.42236
304.3869811657033,472.4081
290.66035401384545,472.40442
290.66035401384545,472.4116
290.66035401384545,472.41895
263.20709971013,472.43182
250.46094592626216,472.44135
224.96863835852645,472.44464
212.2224845746585,472.43973
212.2224845746585,472.43832
218.1053247825976,472.4313
218.1053247825976,472.43604
250.46094592626216,472.4506
237.7147921423943,472.4533
243.5976323503333,472.45895
256.34378613420114,472.4694
250.46094592626216,472.48294
608.3337252425529,472.49207
598.5289915626545,472.4784
627.9431926023495,472.45547
637.7479262822479,472.44955
618.1384589224513,472.4753
588.724257882756,472.45804
578.9195242028576,472.3824
578.9195242028576,472.3601
569.1147905229593,472.36313
549.5053231631626,472.40118
539.7005894832643,472.40564
539.7005894832643,472.4372
539.7005894832643,472.43066
539.7005894832643,472.41956
529.8958558033659,472.43005
508.32544170758933,472.44464
494.59881455573174,472.47205
480.87218740387397,472.45294
487.7355009798028,472.49377
539.7005894832643,472.54477
501.46212813166045,472.552
480.87218740387397,472.55295
467.14556025201614,472.59088
447.5360928922195,472.63013
529.8958558033659,472.65277
578.9195242028576,472.66074
494.59881455573174,472.6707
529.8958558033659,472.69064
549.5053231631626,472.71472
539.7005894832643,472.65546
539.7005894832643,472.5646
529.8958558033659,472.47644
608.3337252425529,472.58514
508.32544170758933,472.5961
493.6183411877418,472.56543
485.7745542438231,472.46295
478.9112406678943,472.46582
478.9112406678943,472.49307
463.22366678005693,472.52747
463.22366678005693,472.55978
448.5165662602093,472.6154
440.6727793162906,472.55252
432.82899237237183,472.53806
418.1218918525243,472.5926
425.9656787964431,472.61887
418.1218918525243,472.61407
404.39526470066664,472.6133
389.6881641808191,472.60516
396.55147775674794,472.59976
389.6881641808191,472.56488
374.9810636609716,472.541
404.39526470066664,472.5399
396.55147775674794,472.5734
389.6881641808191,472.58902
382.8248506048903,472.62564
374.9810636609716,472.66858
448.5165662602093,472.6437
475.96982056392477,472.55817
469.10650698799583,472.45068
448.5165662602093,472.37686
434.78993910835163,472.3842
469.10650698799583,472.3456
490.6769210837723,472.41116
511.26686181155895,472.45023
482.8331341398536,472.44482
455.37987983613823,472.3842
434.78993910835163,472.33035
448.5165662602093,472.3316
511.26686181155895,472.35764
482.8331341398536,472.4572
441.65325268428046,472.52112
421.0633119564939,472.43665
408.31715817262597,472.35742
395.5710043887581,472.4388
375.9615370289613,472.5517
369.09822345303246,472.5171
356.3520696691646,472.42657
343.60591588529667,472.28717
343.60591588529667,472.22333
317.1331349495711,472.27353
304.3869811657033,472.30902
304.3869811657033,472.296
291.6408273818353,472.30362
291.6408273818353,472.303
304.3869811657033,472.32492
513.2278085475386,472.38004
494.59881455573174,472.4801
475.96982056392477,472.5475
434.78993910835163,472.59885
421.0633119564939,472.50684
417.1414184845345,472.4567
399.49289786071745,472.45294
399.49289786071745,472.50217
395.5710043887581,472.53894
403.41479133267677,472.47562
417.1414184845345,472.44308
448.5165662602093,472.439
425.9656787964431,472.45428
408.31715817262597,472.4478
395.5710043887581,472.45148
395.5710043887581,472.47745
386.7467440768496,472.51028
374.00059029298166,472.50653
356.3520696691646,472.51718
356.3520696691646,472.50406
343.60591588529667,472.46777
390.6686375488088,472.46426
381.8443772369004,472.5016
369.09822345303246,472.5247
377.922483764941,472.5182
408.31715817262597,472.51883
408.31715817262597,472.57852
395.5710043887581,472.6137
422.0437853244836,472.55515
390.6686375488088,472.43643
475.96982056392477,472.42474
334.19337155259433,472.41724
386.7467440768496,472.40143
384.7857973408699,472.3984
618.1384589224513,472.42386
627.9431926023495,472.46732
549.5053231631626,472.55457
529.8958558033659,472.65927
513.2278085475386,472.6314
559.3100568430609,472.57574
3954.0000000000005,472.50735
3954.0000000000005,472.4099
3954.0000000000005,472.41153
3954.0000000000005,472.4217
3954.0000000000005,472.4342
3954.0000000000005,472.49213
3954.0000000000005,472.54913
3954.0000000000005,472.54443
3954.0000000000005,472.5285
3954.0000000000005,472.52682
3954.0000000000005,472.52966
3954.0000000000005,472.5272
3954.0000000000005,472.49973
3954.0000000000005,472.52045
3954.0000000000005,472.48145
3954.0000000000005,472.43384
3954.0000000000005,472.3828
3954.0000000000005,472.40082
3954.0000000000005,472.47952
3954.0000000000005,472.53384
3954.0000000000005,472.45007
3954.0000000000005,472.37137
3954.0000000000005,472.3701
3954.0000000000005,472.4196
3954.0000000000005,472.45364
3954.0000000000005,472.47772
3954.0000000000005,472.41034
3954.0000000000005,472.36377
495.57928792372144,472.34195
502.44260149965044,472.32083
506.36449497160964,472.3127
445.5751461562399,472.32642
433.80946574036176,472.36923
385.7662707088597,472.40958
529.8958558033659,472.41666
716.1857957214349,472.44757
824.0378662003169,472.4509
647.5526599621463,472.4099
559.3100568430609,472.41968
549.5053231631626,472.46075
444.59467278824997,472.48425
352.4301761972053,472.5077
539.7005894832643,472.5206
598.5289915626545,472.53006
735.7952630812316,472.55765
716.1857957214349,472.57578
735.7952630812316,472.53745
794.623665160622,472.48553
716.1857957214349,472.42334
706.3810620415366,472.39185
657.3573936420446,472.4196
667.162127321943,472.41998
608.3337252425529,472.41232
647.5526599621463,472.45193
647.5526599621463,472.43182
578.9195242028576,472.43314
608.3337252425529,472.43332
578.9195242028576,472.45258
529.8958558033659,472.4541
667.162127321943,472.4365
637.7479262822479,472.4267
492.63786781975205,472.46677
569.1147905229593,472.525
559.3100568430609,472.5309
598.5289915626545,472.5445
374.00059029298166,472.56445
588.724257882756,472.53326
647.5526599621463,472.52402
627.9431926023495,472.53787
529.8958558033659,472.5923
647.5526599621463,472.6466
725.9905294013332,472.6362
578.9195242028576,472.65222
735.7952630812316,472.61676
725.9905294013332,472.59482
627.9431926023495,472.54395
598.5289915626545,472.5042
569.1147905229593,472.44788
515.1887552835183,472.39365
775.0141978008252,472.39673
745.59999676113,472.40567
676.9668610018413,472.42487
706.3810620415366,472.51575
539.7005894832643,472.53955
608.3337252425529,472.4778
464.20414014804663,472.43127
441.65325268428046,472.4719
508.32544170758933,472.47247
588.724257882756,472.4594
667.162127321943,472.5246
755.4047304410285,472.6036
529.8958558033659,472.60562
657.3573936420446,472.5112
627.9431926023495,472.43985
559.3100568430609,472.4642
519.1106487554777,472.4782
559.3100568430609,472.49905
598.5289915626545,472.4639
569.1147905229593,472.50507
559.3100568430609,472.516
549.5053231631626,472.54572
598.5289915626545,472.5645
569.1147905229593,472.55234
618.1384589224513,472.5699
598.5289915626545,472.57556
507.3449683395996,472.5667
520.0911221234674,472.53876
520.0911221234674,472.5198
520.0911221234674,472.57346
474.98934719593495,472.62048
657.3573936420446,472.5847
725.9905294013332,472.5578
608.3337252425529,472.53403
588.724257882756,472.52454
482.8331341398536,472.50308
496.5597612917113,472.52258
676.9668610018413,472.5324
608.3337252425529,472.53955
627.9431926023495,472.54807
598.5289915626545,472.54526
627.9431926023495,472.5267
588.724257882756,472.56003
588.724257882756,472.5713
598.5289915626545,472.59818
539.7005894832643,472.6258
627.9431926023495,472.6455
608.3337252425529,472.6955
598.5289915626545,472.69333
442.6337260522703,472.6703
419.10236522051423,472.61197
569.1147905229593,472.5888
487.7355009798028,472.53723
517.1497020194979,472.51508
549.5053231631626,472.5647
716.1857957214349,472.58932
423.0242586924735,472.6032
488.7159743477926,472.57867
578.9195242028576,472.53192
478.9112406678943,472.48294
423.0242586924735,472.45193
371.05917018901215,472.41238
417.1414184845345,472.4215
1941.7775057087317,472.4566
1549.5881585127966,472.42328
1108.3751429173699,472.35117
794.623665160622,472.28802
483.81360750784347,472.25696
569.1147905229593,472.24643
657.3573936420446,472.22766
559.3100568430609,472.1977
559.3100568430609,472.28976
608.3337252425529,472.41217
499.50118139568093,472.50262
456.360353204128,472.48514
549.5053231631626,472.46313
502.44260149965044,472.44656
505.38402160361994,472.4385
804.4283988405202,472.4305
784.8189314807236,472.3841
696.5763283616383,472.33832
598.5289915626545,472.27753
519.1106487554777,472.26755
755.4047304410285,472.28952
588.724257882756,472.32285
569.1147905229593,472.3024
549.5053231631626,472.397
549.5053231631626,472.60297
578.9195242028576,472.71884
491.6573944517621,472.641
469.10650698799583,472.46753
508.32544170758933,472.38943
491.6573944517621,472.3642
520.0911221234674,472.33722
539.7005894832643,472.34894
637.7479262822479,472.391
725.9905294013332,472.37842
598.5289915626545,472.43527
588.724257882756,472.43494
578.9195242028576,472.3788
512.2473351795488,472.33624
539.7005894832643,472.4126
539.7005894832643,472.48517
529.8958558033659,472.49133
569.1147905229593,472.48627
539.7005894832643,472.42438
520.0911221234674,472.40173
432.82899237237183,472.4249
372.0396435570021,472.48184
278.8946735979675,472.49597
346.5473359892662,472.45798
391.64911091679875,472.49045
395.5710043887581,472.46942
322.0355017895203,472.44315
220.06627151857728,472.42178
323.0159751575101,472.42798
338.7035490453475,472.43933
336.74260230936784,472.43533
411.2585782765956,472.47794
290.66035401384545,472.49637
336.74260230936784,472.46356
343.60591588529667,472.45447
246.5390524543028,472.45544
337.72307567735777,472.49142
336.74260230936784,472.46356
311.2502947416321,472.44946
336.74260230936784,472.49493
283.7970404379166,472.5467
294.5822474858048,472.53467
247.51952582229265,472.47815
269.0899399180691,472.4948
265.16804644610966,472.48038
265.16804644610966,472.47095
275.95325349399786,472.4984
131.82366839949182,472.53064
380.8639038689105,472.53577
386.7467440768496,472.4433
549.5053231631626,472.4181
509.30591507557926,472.40182
428.9070989004126,472.3818
501.46212813166045,472.28976
488.7159743477926,472.28235
388.7076908128292,472.32068
479.8917140358841,472.39938
491.6573944517621,472.45486
833.8425998802153,472.4622
824.0378662003169,472.4429
667.162127321943,472.38712
608.3337252425529,472.36685
549.5053231631626,472.42627
549.5053231631626,472.42236
485.7745542438231,472.38315
539.7005894832643,472.38712
492.63786781975205,472.42865
489.69644771578254,472.45386
529.8958558033659,472.45798
493.6183411877418,472.44144
438.71183258031095,472.437
470.08698035598576,472.4715
419.10236522051423,472.50433
411.2585782765956,472.48956
404.39526470066664,472.4481
295.56272085379464,472.42316
627.9431926023495,472.4662
559.3100568430609,472.45178
706.3810620415366,472.39517
637.7479262822479,472.3499
569.1147905229593,472.42307
493.6183411877418,472.43176
618.1384589224513,472.42267
498.52070802769094,472.42395
588.724257882756,472.41855
578.9195242028576,472.43134
588.724257882756,472.44098
598.5289915626545,472.44452
400.47337122870726,472.44382
588.724257882756,472.4512
608.3337252425529,472.46442
400.47337122870726,472.49893
804.4283988405202,472.56876
755.4047304410285,472.598
696.5763283616383,472.52505
608.3337252425529,472.36115
569.1147905229593,472.30774
518.1301753874876,472.32822
608.3337252425529,472.3509
618.1384589224513,472.3805
569.1147905229593,472.4278
608.3337252425529,472.46484
520.0911221234674,472.49033
578.9195242028576,472.5169
362.23490987710363,472.47342
375.9615370289613,472.36652
419.10236522051423,472.30737
432.82899237237183,472.2976
448.5165662602093,472.34076
354.3911229331848,472.3834
390.6686375488088,472.46848
618.1384589224513,472.53296
514.2082819155286,472.5544
735.7952630812316,472.44055
529.8958558033659,472.45834
487.7355009798028,472.388
395.5710043887581,472.3184
427.92662553242263,472.28156
449.4970396281991,472.31143
482.8331341398536,472.36313
507.3449683395996,472.40738
507.3449683395996,472.42868
497.54023465970124,472.37485
447.5360928922195,472.34726
385.7662707088597,472.39926
367.1372767170529,472.43875
462.243193412067,472.4811
404.39526470066664,472.531
424.0047320604634,472.4914
404.39526470066664,472.44296
395.5710043887581,472.44382
400.47337122870726,472.47983
373.0201169249918,472.53598
390.6686375488088,472.57028
415.1804717485548,472.52472
380.8639038689105,472.46692
362.23490987710363,472.4765
380.8639038689105,472.45847
627.9431926023495,472.4335
863.2568009199106,472.4466
725.9905294013332,472.47742
481.8526607718638,472.54257
457.3408265721178,472.57794
529.8958558033659,472.551
438.71183258031095,472.43842
479.8917140358841,472.4348
458.32129994010774,472.4666
500.48165476367063,472.52643
385.7662707088597,472.535
443.6141994202601,472.49506
549.5053231631626,472.47388
961.3041377188943,472.4799
569.1147905229593,472.42093
569.1147905229593,472.33838
539.7005894832643,472.31635
588.724257882756,472.40854
491.6573944517621,472.4515
437.731359212321,472.4955
478.9112406678943,472.52466
529.8958558033659,472.52777
569.1147905229593,472.51175
618.1384589224513,472.48465
618.1384589224513,472.4791
873.0615345998089,472.47208
843.6473335601139,472.47244
833.8425998802153,472.4955
814.2331325204186,472.5035
814.2331325204186,472.49072
804.4283988405202,472.47266
804.4283988405202,472.46866
833.8425998802153,472.45157
647.5526599621463,472.4331
686.7715946817399,472.43317
529.8958558033659,472.47855
481.8526607718638,472.49902
627.9431926023495,472.44266
784.8189314807236,472.4062
853.4520672400122,472.5264
892.6710019596056,472.58533
765.2094641209269,472.46097
755.4047304410285,472.41382
627.9431926023495,472.41037
765.2094641209269,472.43808
657.3573936420446,472.44315
657.3573936420446,472.46518
559.3100568430609,472.47235
588.724257882756,472.4619
539.7005894832643,472.4301
559.3100568430609,472.4827
578.9195242028576,472.5186
686.7715946817399,472.4942
676.9668610018413,472.47278
716.1857957214349,472.45358
706.3810620415366,472.4532
725.9905294013332,472.40958
696.5763283616383,472.39047
686.7715946817399,472.4315
513.2278085475386,472.50266
637.7479262822479,472.47107
618.1384589224513,472.41177
529.8958558033659,472.391
529.8958558033659,472.41315
529.8958558033659,472.44345
559.3100568430609,472.43094
578.9195242028576,472.42612
657.3573936420446,472.4609
559.3100568430609,472.47952
637.7479262822479,472.53912
784.8189314807236,472.55106
667.162127321943,472.52994
618.1384589224513,472.48248
520.0911221234674,472.4594
598.5289915626545,472.4692
765.2094641209269,472.53058
745.59999676113,472.61377
735.7952630812316,472.6497
735.7952630812316,472.6172
539.7005894832643,472.5971
559.3100568430609,472.58014
578.9195242028576,472.5318
657.3573936420446,472.39227
618.1384589224513,472.35458
598.5289915626545,472.36066
598.5289915626545,472.4194
598.5289915626545,472.48282
539.7005894832643,472.53564
598.5289915626545,472.57907
686.7715946817399,472.5645
508.32544170758933,472.48404
467.14556025201614,472.43423
384.7857973408699,472.47067
376.9420103969513,472.49957
356.3520696691646,472.46957
353.4106495651951,472.5115
588.724257882756,472.50348
418.1218918525243,472.58963
428.9070989004126,472.5797
421.0633119564939,472.57794
307.32840126967267,472.61267
258.3047328701808,472.69147
306.34792790168297,472.65253
452.4384597321686,472.5327
470.08698035598576,472.53906
413.21952501257516,472.55527
336.74260230936784,472.5744
280.855620333947,472.53732
676.9668610018413,472.5037
569.1147905229593,472.51764
637.7479262822479,472.48837
716.1857957214349,472.45328
559.3100568430609,472.48105
549.5053231631626,472.5127
539.7005894832643,472.56958
529.8958558033659,472.59924
588.724257882756,472.59937
578.9195242028576,472.58762
578.9195242028576,472.4903
417.1414184845345,472.46246
637.7479262822479,472.40714
395.5710043887581,472.39047
445.5751461562399,472.40338
515.1887552835183,472.4406
490.6769210837723,472.49164
520.0911221234674,472.53217
502.44260149965044,472.52347
474.98934719593495,472.5391
519.1106487554777,472.5649
569.1147905229593,472.614
539.7005894832643,472.60107
490.6769210837723,472.58054
368.11775008504264,472.55746
473.02840045995526,472.53784
529.8958558033659,472.4532
492.63786781975205,472.48203
755.4047304410285,472.5115
765.2094641209269,472.48947
735.7952630812316,472.43253
637.7479262822479,472.4068
686.7715946817399,472.397
608.3337252425529,472.3829
647.5526599621463,472.39026
618.1384589224513,472.40726
598.5289915626545,472.42654
503.42307486764014,472.43887
539.7005894832643,472.4359
569.1147905229593,472.42245
598.5289915626545,472.40823
627.9431926023495,472.40454
657.3573936420446,472.41153
539.7005894832643,472.41882
578.9195242028576,472.43176
422.0437853244836,472.4414
380.8639038689105,472.4447
451.4579863641788,472.43973
461.26272004407724,472.4383
559.3100568430609,472.43124
578.9195242028576,472.4359
588.724257882756,472.4505
450.4775129961891,472.45325
549.5053231631626,472.45895
471.0674537239756,472.4695
475.96982056392477,472.48306
833.8425998802153,472.49213
824.0378662003169,472.4662
824.0378662003169,472.41913
853.4520672400122,472.3868
922.0852029993008,472.41153
863.2568009199106,472.39902
941.6946703590976,472.3834
1069.1562081977766,472.41028
1392.7124196344228,472.41315
1716.2686310710692,472.41638
1127.9846102771667,472.4142
1010.3278061183862,472.3504
1010.3278061183862,472.28647
912.2804693194025,472.28793
1177.0082786766586,472.33752
980.9136050786909,472.41302
1039.7420071580812,472.46667
902.4757356395039,472.4594
931.8899366791992,472.40292
824.0378662003169,472.3587
941.6946703590976,472.33954
922.0852029993008,472.39313
902.4757356395039,472.44614
833.8425998802153,472.4708
863.2568009199106,472.50284
824.0378662003169,472.5085
873.0615345998089,472.46326
980.9136050786909,472.43713
