actual_runoff,predicted_runoff
114.60125486707558,81.45215
112.55617213833457,81.45338
114.60125486707558,81.44102
120.73650305329859,81.441025
112.55617213833457,81.43953
111.53363077396405,81.43953
106.42092395211152,81.43953
107.44346531648205,81.43953
101.30821713025904,81.43953
105.39838258774104,81.43953
105.39838258774104,81.43953
98.2405930371475,81.43953
101.30821713025904,81.43953
98.2405930371475,81.43953
93.12788621529499,81.43953
107.44346531648205,81.4412
104.37584122337051,81.447105
89.24222903068707,81.45003
97.218051672777,81.44821
96.1955103084065,81.44114
100.28567576588853,81.44102
76.86947852180397,81.44146
99.263134401518,81.44133
105.39838258774104,81.43953
103.35329985900005,81.43953
93.12788621529499,81.43953
105.39838258774104,81.43953
113.57871350270506,81.43953
98.2405930371475,81.43953
114.60125486707558,81.43953
113.57871350270506,81.43953
103.35329985900005,81.440865
100.28567576588853,81.44521
97.218051672777,81.44653
91.59407416873923,81.44478
118.69142032455758,81.43953
115.62379623144605,81.43953
108.46600668085253,81.43953
111.53363077396405,81.43953
94.15042757966549,81.44343
101.30821713025904,81.444725
86.2768590740126,81.44478
83.92501393596045,81.43953
90.87829521367986,81.43953
99.263134401518,81.43953
107.44346531648205,81.43953
116.64633759581658,81.43953
93.12788621529499,81.43953
106.42092395211152,81.43953
103.35329985900005,81.43953
96.1955103084065,81.43953
92.00309071448743,81.43953
96.1955103084065,81.43953
100.28567576588853,81.44677
97.218051672777,81.44918
96.1955103084065,81.44927
95.172968944036,81.43953
100.28567576588853,81.43953
97.218051672777,81.43953
102.33075849462952,81.43953
100.28567576588853,81.43953
90.77604107724282,81.43953
92.10534485092447,81.43953
92.10534485092447,81.43953
92.10534485092447,81.43953
87.40165457482017,81.43953
106.42092395211152,81.43953
113.57871350270506,81.43953
101.30821713025904,81.45431
99.263134401518,81.45925
88.21968766631656,81.459435
89.65124557643527,81.43953
108.46600668085253,81.43953
101.30821713025904,81.43953
103.35329985900005,81.43953
100.28567576588853,81.43953
103.35329985900005,81.43953
99.263134401518,81.43953
99.263134401518,81.43953
100.28567576588853,81.43953
94.15042757966549,81.43953
103.35329985900005,81.43953
101.30821713025904,81.43953
100.28567576588853,81.43953
84.0272680723975,81.43953
81.5731687979083,81.43953
97.218051672777,81.44899
88.73095834850182,81.45215
91.79858244161333,81.45226
95.172968944036,81.43953
112.55617213833457,81.43953
81.98218534365648,81.44754
88.83321248493887,81.45022
98.2405930371475,81.454994
87.81067112056836,81.447105
81.98218534365648,81.447945
76.56271611249282,81.44177
81.36866052503419,81.44232
240.37384268464757,81.44655
199.47218810982739,81.452
153.45782671315473,81.604485
120.73650305329859,81.664795
88.32194180275361,81.65243
97.218051672777,81.4575
106.42092395211152,81.43953
96.1955103084065,81.43953
96.1955103084065,81.43953
101.30821713025904,81.43953
89.95800798574643,81.43953
85.4588259825162,81.4412
95.172968944036,81.44176
90.26477039505758,81.44178
90.57153280436873,81.45098
121.7590444176691,81.46537
119.71396168892811,81.46905
110.51108940959357,81.453766
100.28567576588853,81.43953
92.00309071448743,81.43953
116.64633759581658,81.43953
99.263134401518,81.43953
97.218051672777,81.43953
95.172968944036,81.43953
95.172968944036,81.43953
98.2405930371475,81.43953
89.13997489425002,81.43953
86.78812975619785,81.43953
90.87829521367986,81.43953
89.13997489425002,81.43953
92.10534485092447,81.43953
94.15042757966549,81.43953
104.37584122337051,81.43953
113.57871350270506,81.43953
100.28567576588853,81.43953
99.263134401518,81.43953
98.2405930371475,81.43953
91.28731175942809,81.43953
94.15042757966549,81.43953
94.15042757966549,81.43953
93.12788621529499,81.43953
97.218051672777,81.43953
94.15042757966549,81.43953
92.10534485092447,81.43953
83.00472670802698,81.43953
76.66497024892988,81.43953
66.95082728741008,81.43953
74.00636270156656,81.43953
78.71005297767088,81.43953
79.11906952341909,81.43953
71.4500092906403,81.43953
60.81557910118706,81.43953
71.55226342707735,81.43953
73.18832961007016,81.43953
72.98382133719605,81.43953
80.75513570641189,81.43953
68.17787692465468,81.43953
72.98382133719605,81.44743
73.6996002922554,81.45007
63.57644078498742,81.45017
73.08607547363312,81.43953
72.98382133719605,81.43953
70.32521378983274,81.43953
72.98382133719605,81.43953
67.46209796959533,81.43953
68.58689347040288,81.43953
63.678694921424466,81.43953
65.92828592303958,81.43953
65.51926937729137,81.43953
65.51926937729137,81.43953
66.64406487809892,81.43953
51.61270682185252,81.43953
77.58525747686332,81.43953
78.19878229548563,81.43953
95.172968944036,81.43953
90.98054935011693,81.43953
82.59571016227879,81.43953
90.16251625862051,81.43953
88.83321248493887,81.43953
78.40329056835972,81.43953
87.91292525700541,81.43953
89.13997489425002,81.43953
124.82666851078059,81.45619
123.80412714641011,81.49286
107.44346531648205,81.50066
101.30821713025904,81.47863
95.172968944036,81.43953
95.172968944036,81.43953
88.52645007562772,81.43953
94.15042757966549,81.43953
89.24222903068707,81.43953
88.93546662137592,81.43953
93.12788621529499,81.43953
89.34448316712411,81.43953
83.6182515266493,81.43953
86.89038389263492,81.43953
81.5731687979083,81.44454
80.75513570641189,81.44621
80.03935675135253,81.44628
68.68914760683994,81.43953
103.35329985900005,81.457184
96.1955103084065,81.46698
111.53363077396405,81.468506
104.37584122337051,81.44478
97.218051672777,81.43953
89.34448316712411,81.43953
102.33075849462952,81.43953
89.85575384930937,81.43953
99.263134401518,81.43953
98.2405930371475,81.43953
99.263134401518,81.43953
100.28567576588853,81.43953
79.63034020560433,81.43953
99.263134401518,81.43953
101.30821713025904,81.43953
79.63034020560433,81.43953
121.7590444176691,81.44031
116.64633759581658,81.46408
110.51108940959357,81.47607
101.30821713025904,81.4767
97.218051672777,81.445076
91.90083657805037,81.43953
101.30821713025904,81.43953
102.33075849462952,81.43953
97.218051672777,81.43953
101.30821713025904,81.43953
92.10534485092447,81.43953
98.2405930371475,81.43953
75.64242888455937,81.43953
77.07398679467806,81.43953
81.5731687979083,81.43953
83.00472670802698,81.43953
84.6407928910198,81.43953
74.82439579306295,81.43953
78.60779884123382,81.43953
102.33075849462952,81.43953
91.49182003230219,81.43953
114.60125486707558,81.46359
93.12788621529499,81.497185
88.73095834850182,81.50607
79.11906952341909,81.47403
82.49345602584174,81.43953
84.74304702745685,81.43953
88.21968766631656,81.43953
90.77604107724282,81.43953
90.77604107724282,81.43953
89.75349971287233,81.43953
84.53853875458275,81.43953
78.09652815904857,81.43953
76.15369956674462,81.43953
86.0723508011385,81.43953
80.03935675135253,81.43953
82.08443948009355,81.43953
80.03935675135253,81.43953
79.11906952341909,81.43953
79.63034020560433,81.43953
76.76722438536692,81.43953
78.60779884123382,81.43953
81.16415225216008,81.43953
77.58525747686332,81.43953
75.64242888455937,81.43975
77.58525747686332,81.443726
103.35329985900005,81.44503
127.89429260389211,81.45268
113.57871350270506,81.492744
88.11743352987952,81.50153
85.56108011895326,81.48917
93.12788621529499,81.44118
83.6182515266493,81.43953
87.91292525700541,81.43953
85.66333425539031,81.43953
90.06026212218347,81.43953
78.09652815904857,81.43953
84.12952220883454,81.43953
95.172968944036,81.43964
138.11970624759718,81.450134
97.218051672777,81.46085
97.218051672777,81.46326
94.15042757966549,81.44927
99.263134401518,81.43953
89.13997489425002,81.43953
83.51599739021223,81.43953
87.81067112056836,81.43953
93.12788621529499,81.45398
97.218051672777,81.4588
102.33075849462952,81.45899
102.33075849462952,81.43953
128.91683396826264,81.43953
125.84920987515112,81.43953
124.82666851078059,81.43953
122.78158578203958,81.43953
122.78158578203958,81.43953
121.7590444176691,81.43953
121.7590444176691,81.43953
124.82666851078059,81.43953
105.39838258774104,81.43953
109.48854804522306,81.43953
93.12788621529499,81.43953
88.11743352987952,81.43953
103.35329985900005,81.43953
119.71396168892811,81.44176
126.87175123952164,81.44818
130.96191669700363,81.459114
117.6688789601871,81.4632
116.64633759581658,81.45701
103.35329985900005,81.44492
117.6688789601871,81.43953
106.42092395211152,81.43953
106.42092395211152,81.43953
96.1955103084065,81.43953
99.263134401518,81.43953
94.15042757966549,81.43953
96.1955103084065,81.43953
98.2405930371475,81.4402
109.48854804522306,81.44042
108.46600668085253,81.44042
112.55617213833457,81.43953
111.53363077396405,81.43953
113.57871350270506,81.440865
110.51108940959357,81.44131
109.48854804522306,81.44133
91.38956589586513,81.43953
104.37584122337051,81.43953
102.33075849462952,81.43953
93.12788621529499,81.43953
93.12788621529499,81.43953
93.12788621529499,81.43953
96.1955103084065,81.43953
98.2405930371475,81.43953
106.42092395211152,81.45187
96.1955103084065,81.45599
104.37584122337051,81.456154
119.71396168892811,81.44476
107.44346531648205,81.456184
102.33075849462952,81.45949
92.10534485092447,81.45257
100.28567576588853,81.43953
117.6688789601871,81.43953
115.62379623144605,81.43953
114.60125486707558,81.43953
114.60125486707558,81.44754
94.15042757966549,81.45122
96.1955103084065,81.45166
98.2405930371475,81.44088
106.42092395211152,81.43953
102.33075849462952,81.43953
100.28567576588853,81.43953
100.28567576588853,81.43953
100.28567576588853,81.43953
94.15042757966549,81.43953
100.28567576588853,81.43953
109.48854804522306,81.43953
90.87829521367986,81.43953
86.58362148332375,81.43953
77.99427402261153,81.43953
77.17624093111513,81.43953
75.02890406593707,81.43953
74.72214165662591,81.43953
99.263134401518,81.43953
81.47091466147124,81.43953
82.59571016227879,81.43953
81.7776770707824,81.43953
69.91619724408453,81.43953
64.80349042223202,81.43953
69.8139431076475,81.43953
85.049809436768,81.43953
86.89038389263492,81.43953
80.95964397928599,81.43953
72.98382133719605,81.43953
67.15533556028417,81.43953
108.46600668085253,81.43953
97.218051672777,81.43953
104.37584122337051,81.43953
112.55617213833457,81.43953
96.1955103084065,81.43953
95.172968944036,81.43953
94.15042757966549,81.43953
93.12788621529499,81.43953
99.263134401518,81.4412
98.2405930371475,81.44176
98.2405930371475,81.44178
81.36866052503419,81.43953
104.37584122337051,81.43953
79.11906952341909,81.43953
84.33403048170867,81.43953
91.59407416873923,81.43953
89.03772075781296,81.43953
92.10534485092447,81.43953
90.26477039505758,81.43953
87.40165457482017,81.43953
92.00309071448743,81.43953
97.218051672777,81.43953
94.15042757966549,81.43953
89.03772075781296,81.43953
76.25595370318166,81.43953
87.19714630194606,81.43953
93.12788621529499,81.43953
89.24222903068707,81.43953
116.64633759581658,81.43953
117.6688789601871,81.43953
114.60125486707558,81.43953
104.37584122337051,81.43953
109.48854804522306,81.43953
101.30821713025904,81.43953
105.39838258774104,81.43953
102.33075849462952,81.43953
100.28567576588853,81.43953
90.36702453149462,81.43953
94.15042757966549,81.43953
97.218051672777,81.43953
100.28567576588853,81.43953
103.35329985900005,81.43953
106.42092395211152,81.442314
94.15042757966549,81.443245
98.2405930371475,81.443275
81.87993120721943,81.43953
77.58525747686332,81.43953
84.94755530033095,81.43953
85.97009666470146,81.43953
96.1955103084065,81.43953
98.2405930371475,81.4412
99.263134401518,81.44176
84.84530116389391,81.44178
95.172968944036,81.43953
86.99263802907197,81.43953
87.50390871125721,81.447876
124.82666851078059,81.45067
123.80412714641011,81.45077
123.80412714641011,81.43953
126.87175123952164,81.43953
134.02954079011516,81.43953
127.89429260389211,81.43953
136.07462351885619,81.43953
149.36766125567272,81.43953
183.11152627989938,81.45656
216.855391304126,81.68623
155.50290944189572,81.81362
143.2324130694497,81.79542
143.2324130694497,81.49044
133.00699942574465,81.43953
160.61561626374825,81.43953
140.16478897633817,81.43953
146.30003716256118,81.448326
131.9844580613741,81.47023
135.05208215448565,81.478004
123.80412714641011,81.46686
136.07462351885619,81.47732
134.02954079011516,81.48221
131.9844580613741,81.48313
124.82666851078059,81.44107
127.89429260389211,81.44041
123.80412714641011,81.440414
128.91683396826264,81.441505
140.16478897633817,81.45788
64.39447387648383,81.4782
64.39447387648383,83.68853
65.72377765016547,85.51792
73.59734615581836,86.70713
73.59734615581836,86.71171
75.02890406593707,86.71716
70.93873860845505,86.73687
70.93873860845505,86.74517
69.71168897121044,86.753624
69.71168897121044,86.70713
69.71168897121044,86.70713
69.71168897121044,86.70713
69.71168897121044,86.70713
72.2680423821367,86.70713
75.02890406593707,86.70713
75.02890406593707,86.70713
76.46046197605577,86.70713
73.59734615581836,86.70713
73.59734615581836,86.70713
73.59734615581836,86.70776
70.93873860845505,86.70852
70.93873860845505,86.70884
70.93873860845505,86.70713
70.93873860845505,86.70713
70.93873860845505,86.70713
68.38238519752878,86.70713
68.38238519752878,86.70713
68.38238519752878,86.70713
70.93873860845505,86.70713
76.86947852180397,86.70713
75.74468302099642,86.70713
73.39283788294426,86.71313
72.2680423821367,86.72073
71.24550101776619,86.724396
71.24550101776619,86.70841
71.24550101776619,86.70713
70.12070551695865,86.70713
67.97336865178059,86.707924
66.95082728741008,86.70886
65.92828592303958,86.70927
65.92828592303958,86.70713
64.80349042223202,86.70753
65.92828592303958,86.70799
65.92828592303958,86.7082
63.78094905786152,86.70713
63.78094905786152,86.70713
61.633612192683465,86.70713
61.633612192683465,86.70713
61.633612192683465,86.70713
63.78094905786152,86.70713
61.633612192683465,86.70713
60.61107082831296,86.70713
59.6907836003795,86.70713
60.61107082831296,86.70713
60.61107082831296,86.70713
58.668242236009,86.70713
57.64570087163849,86.70713
118.69142032455758,86.70713
118.69142032455758,86.70713
116.64633759581658,86.71328
110.51108940959357,86.720924
110.51108940959357,86.72448
111.53363077396405,86.709404
108.46600668085253,86.71749
105.39838258774104,86.72686
104.37584122337051,86.72677
104.37584122337051,86.70713
102.33075849462952,86.70713
102.33075849462952,86.70713
102.33075849462952,86.70713
101.30821713025904,86.70832
99.263134401518,86.709724
97.218051672777,86.71034
97.218051672777,86.70713
102.33075849462952,86.70713
97.218051672777,86.707924
95.172968944036,86.70886
94.15042757966549,86.70927
94.15042757966549,86.70713
92.10534485092447,86.70713
91.18505762299102,86.70713
89.95800798574643,86.70713
88.73095834850182,86.70713
88.73095834850182,86.70713
88.73095834850182,86.70713
79.11906952341909,86.70713
77.99427402261153,86.70713
76.86947852180397,86.70713
74.5176333837518,86.70713
73.39283788294426,86.70713
72.2680423821367,86.70713
72.2680423821367,86.70713
72.2680423821367,86.70713
70.12070551695865,86.70713
70.12070551695865,86.70713
67.97336865178059,86.70713
66.95082728741008,86.70713
66.95082728741008,86.70713
66.95082728741008,86.70713
66.95082728741008,86.70713
65.92828592303958,86.70713
63.78094905786152,86.70713
61.633612192683465,86.70713
61.633612192683465,86.70713
61.633612192683465,86.70713
59.6907836003795,86.70713
59.6907836003795,86.70713
60.61107082831296,86.70713
61.633612192683465,86.70713
61.633612192683465,86.70713
63.78094905786152,86.70713
61.633612192683465,86.711075
61.633612192683465,86.715775
66.23504833235073,86.71781
67.46209796959533,86.70713
66.23504833235073,86.70713
65.00799869510612,86.70713
63.678694921424466,86.70713
61.22459564693525,86.70768
59.99754600969065,86.70834
59.99754600969065,86.7087
59.99754600969065,86.7073
61.22459564693525,86.707344
61.22459564693525,86.70713
59.99754600969065,86.70713
59.99754600969065,86.70744
57.44119259876439,86.708694
56.2141429615198,86.709885
56.2141429615198,86.70949
54.987093324275186,86.70713
54.987093324275186,86.70713
53.86229782346763,86.70713
54.987093324275186,86.70713
59.99754600969065,86.70934
59.99754600969065,86.71678
54.987093324275186,86.72381
53.86229782346763,86.720505
52.73750232266007,86.70756
51.61270682185252,86.70713
50.48791132104497,86.70713
50.48791132104497,86.70713
50.48791132104497,86.70713
84.12952220883454,86.70713
84.12952220883454,86.70713
84.84530116389391,86.70729
82.59571016227879,86.70747
84.12952220883454,86.70764
84.12952220883454,86.7073
84.12952220883454,86.70742
82.59571016227879,86.708885
82.59571016227879,86.711044
79.73259434204138,86.71193
80.34611916066368,86.70777
79.01681538698203,86.70713
78.30103643192268,86.70713
78.30103643192268,86.70713
76.97173265824102,86.70713
75.64242888455937,86.70713
78.30103643192268,86.70713
78.30103643192268,86.70713
77.68751161330037,86.70713
76.97173265824102,86.70713
77.68751161330037,86.70713
78.30103643192268,86.70713
76.97173265824102,86.70713
75.64242888455937,86.70713
82.59571016227879,86.70713
81.87993120721943,86.70713
78.30103643192268,86.70713
78.30103643192268,86.70713
450.22969414423966,86.70713
450.22969414423966,86.70713
450.22969414423966,86.70713
450.22969414423966,86.70713
450.22969414423966,86.707214
450.22969414423966,86.7073
450.22969414423966,86.707344
450.22969414423966,86.70713
450.22969414423966,86.70713
450.22969414423966,86.70713
450.22969414423966,86.70713
118.69142032455758,86.722015
109.48854804522306,86.7531
104.37584122337051,86.77663
105.39838258774104,86.74369
110.51108940959357,86.70713
105.39838258774104,86.72382
101.30821713025904,86.74363
99.263134401518,86.75205
99.263134401518,86.70765
97.218051672777,86.70777
97.218051672777,86.70713
96.1955103084065,86.70713
93.12788621529499,86.70713
89.95800798574643,86.70713
86.58362148332375,86.70713
85.66333425539031,86.70713
85.049809436768,86.70713
112.55617213833457,86.70713
115.62379623144605,86.70713
118.69142032455758,86.70713
116.64633759581658,86.70713
116.64633759581658,86.71289
116.64633759581658,86.71975
115.62379623144605,86.72272
114.60125486707558,86.70713
114.60125486707558,86.70713
114.60125486707558,86.70713
115.62379623144605,86.70713
112.55617213833457,86.70713
112.55617213833457,86.70713
112.55617213833457,86.70713
112.55617213833457,86.70713
112.55617213833457,86.712814
112.55617213833457,86.72005
114.60125486707558,86.72433
114.60125486707558,86.710304
111.53363077396405,86.70962
109.48854804522306,86.70756
106.42092395211152,86.70713
105.39838258774104,86.70713
105.39838258774104,86.70713
103.35329985900005,86.70713
102.33075849462952,86.70713
102.33075849462952,86.70768
102.33075849462952,86.71008
88.62870421206476,86.71243
88.62870421206476,86.71183
90.16251625862051,86.70713
88.62870421206476,86.70832
87.09489216550901,86.71012
90.16251625862051,86.71159
91.69632830517627,86.70906
93.12788621529499,86.7082
91.69632830517627,86.70737
90.16251625862051,86.70781
90.16251625862051,86.7082
88.62870421206476,86.707726
88.62870421206476,86.707344
85.56108011895326,86.70713
87.09489216550901,86.70713
85.56108011895326,86.711075
85.56108011895326,86.715775
84.12952220883454,86.71781
84.12952220883454,86.70713
81.06189811572304,86.70713
81.06189811572304,86.70713
82.59571016227879,86.70713
85.56108011895326,86.70713
85.56108011895326,86.70832
88.62870421206476,86.71036
87.09489216550901,86.71424
82.59571016227879,86.71438
81.06189811572304,86.71397
82.59571016227879,86.70713
63.474186648550365,86.70713
63.474186648550365,86.70713
61.429103919809364,86.70713
60.40656255543885,86.70713
59.2817670546313,86.70713
59.2817670546313,86.70713
58.2592256902608,86.70713
54.06680609634172,86.707924
53.04426473197122,86.70886
52.12397750403777,86.70927
52.12397750403777,86.70713
51.20369027610432,86.70713
49.260861683800364,86.70713
48.340574455866914,86.70713
48.340574455866914,86.70713
47.42028722793345,86.70713
46.5,86.70713
46.5,86.70713
47.42028722793345,86.70713
54.06680609634172,86.70713
54.06680609634172,86.724525
51.20369027610432,86.75077
50.28340304817087,86.76596
49.260861683800364,86.7225
48.340574455866914,86.70713
49.260861683800364,86.70713
48.340574455866914,86.70713
49.260861683800364,86.70713
83.6182515266493,86.70713
81.98218534365648,86.70713
80.34611916066368,86.70713
76.97173265824102,86.70713
83.6182515266493,86.70713
80.34611916066368,86.70713
78.60779884123382,86.70713
76.97173265824102,86.70713
75.3356664752482,86.70713
75.3356664752482,86.70713
73.6996002922554,86.70713
73.6996002922554,86.70713
70.42746792626978,86.7143
68.9959100161511,86.722855
67.46209796959533,86.72719
66.03054005947664,86.74054
64.49672801292087,86.78217
64.49672801292087,86.795906
66.03054005947664,86.7082
66.03054005947664,86.70713
64.49672801292087,86.71352
64.49672801292087,86.72599
64.49672801292087,86.735344
66.03054005947664,86.720894
66.03054005947664,86.70777
64.49672801292087,86.71116
68.9959100161511,86.718704
70.42746792626978,86.72407
83.6182515266493,86.71461
81.98218534365648,86.70713
80.34611916066368,86.70713
76.97173265824102,86.70713
83.6182515266493,86.70713
80.34611916066368,86.70713
78.60779884123382,86.70713
76.97173265824102,86.70713
75.3356664752482,86.70713
75.3356664752482,86.70713
73.6996002922554,86.70713
73.6996002922554,86.70713
70.42746792626978,86.70713
68.9959100161511,86.70713
67.46209796959533,86.70713
66.03054005947664,86.70713
64.49672801292087,86.70713
64.49672801292087,86.70713
66.03054005947664,86.70713
66.03054005947664,86.70713
64.49672801292087,86.70713
64.49672801292087,86.70713
64.49672801292087,86.70713
66.03054005947664,86.70713
66.03054005947664,86.70713
64.49672801292087,86.70713
68.9959100161511,86.70713
81.98218534365648,86.7084
110.51108940959357,86.725006
112.55617213833457,86.74633
108.46600668085253,86.753815
106.42092395211152,86.71461
102.33075849462952,86.70713
106.42092395211152,86.70713
104.37584122337051,86.70713
118.69142032455758,86.70713
120.73650305329859,86.723114
112.55617213833457,86.74428
98.2405930371475,86.75482
102.33075849462952,86.71312
98.2405930371475,86.70713
94.15042757966549,86.70713
98.2405930371475,86.70855
96.1955103084065,86.71024
94.15042757966549,86.710976
94.15042757966549,86.70713
90.06026212218347,86.70713
88.01517939344247,86.70713
85.97009666470146,86.70713
85.97009666470146,86.70713
85.97009666470146,86.70713
83.92501393596045,86.70713
83.92501393596045,86.70713
81.87993120721943,86.70713
81.87993120721943,86.70713
81.87993120721943,86.70911
85.97009666470146,86.71146
75.74468302099642,86.71248
73.6996002922554,86.71242
71.6545175635144,86.725
70.12070551695865,86.73523
70.12070551695865,86.72421
70.12070551695865,86.70713
68.58689347040288,86.70713
67.05308142384713,86.70713
65.51926937729137,86.70713
77.78976574973743,86.70713
85.97009666470146,86.70713
73.6996002922554,86.70713
70.12070551695865,86.70713
73.6996002922554,86.70713
79.83484847847843,86.70713
79.83484847847843,86.70713
75.74468302099642,86.70713
75.74468302099642,86.70713
68.58689347040288,86.70847
67.05308142384713,86.710075
65.51926937729137,86.711
63.98545733073561,86.70765
60.9178332376241,86.70777
59.38402119106835,86.70713
57.8502091445126,86.70713
59.38402119106835,86.70713
62.45164528417987,86.70871
62.45164528417987,86.71146
83.6182515266493,86.71331
80.34611916066368,86.70949
78.60779884123382,86.70713
76.97173265824102,86.70713
75.3356664752482,86.70713
75.3356664752482,86.70713
72.0635341092626,86.70713
70.42746792626978,86.70713
78.60779884123382,86.70713
105.39838258774104,86.71005
103.35329985900005,86.73487
94.15042757966549,86.76171
86.89038389263492,86.76385
76.97173265824102,86.70713
73.6996002922554,86.70713
73.6996002922554,86.70713
72.0635341092626,86.70713
70.42746792626978,86.70713
68.9959100161511,86.70713
67.46209796959533,86.70713
66.03054005947664,86.70713
66.03054005947664,86.70713
76.97173265824102,86.70713
70.42746792626978,86.72515
70.42746792626978,86.74654
67.46209796959533,86.75523
64.49672801292087,86.70713
63.065170102802156,86.70713
73.6996002922554,86.70713
73.6996002922554,86.70713
73.6996002922554,86.70713
71.6545175635144,86.70713
70.12070551695865,86.70713
71.6545175635144,86.70713
71.6545175635144,86.70713
70.12070551695865,86.70713
68.58689347040288,86.70713
71.6545175635144,86.70713
71.6545175635144,86.70713
71.6545175635144,86.70713
71.6545175635144,86.70713
70.12070551695865,86.70713
70.12070551695865,86.70713
75.74468302099642,86.70713
83.92501393596045,86.70713
75.74468302099642,86.71328
73.6996002922554,86.72061
70.12070551695865,86.723785
68.58689347040288,86.70713
65.51926937729137,86.70713
70.12070551695865,86.70713
88.01517939344247,86.70713
88.01517939344247,86.73133
73.6996002922554,86.75999
67.05308142384713,86.770905
68.58689347040288,86.70713
85.35657184607916,86.70713
83.00472670802698,86.70713
83.00472670802698,86.70713
80.75513570641189,86.70713
78.50554470479678,86.70713
76.97173265824102,86.70713
74.82439579306295,86.70713
73.2905837465072,86.70713
73.2905837465072,86.70713
101.30821713025904,86.70713
142.20987170507917,86.70713
188.22423310175185,86.74632
141.18733034070866,86.85424
119.71396168892811,86.94724
108.46600668085253,86.86377
105.39838258774104,86.7082
100.28567576588853,86.70713
95.172968944036,86.70713
90.87829521367986,86.70713
91.69632830517627,86.70713
90.16251625862051,86.70713
86.99263802907197,86.70713
83.8227597995234,86.70713
83.00472670802698,86.70713
80.75513570641189,86.70713
100.28567576588853,86.70713
100.28567576588853,86.70871
142.20987170507917,86.718155
113.57871350270506,86.7577
81.47091466147124,86.794266
80.03935675135253,86.78658
79.22132365985613,86.70713
78.50554470479678,86.70713
80.75513570641189,86.70713
78.50554470479678,86.70713
76.97173265824102,86.70713
75.54017474812231,86.70713
74.82439579306295,86.70713
73.2905837465072,86.70713
72.57480479144786,86.70713
71.0409927448921,86.70713
69.6094348347734,86.70713
68.17787692465468,86.70713
68.17787692465468,86.70713
68.17787692465468,86.70713
65.31476110441727,86.70713
63.98545733073561,86.70713
61.32684978337231,86.70713
59.99754600969065,86.70713
59.99754600969065,86.70713
60.61107082831296,86.70918
60.61107082831296,86.71163
63.98545733073561,86.71269
62.65615355705396,86.70713
63.269678375676264,86.70713
64.59898214935792,86.70713
63.98545733073561,86.70815
101.30821713025904,86.70938
100.28567576588853,86.709915
103.35329985900005,86.70713
104.37584122337051,86.70713
102.33075849462952,86.70815
99.263134401518,86.70938
98.2405930371475,86.709915
98.2405930371475,86.70713
97.218051672777,86.70713
95.172968944036,86.70713
94.15042757966549,86.70713
94.15042757966549,86.70713
94.15042757966549,86.70713
94.15042757966549,86.70713
93.12788621529499,86.70713
90.87829521367986,86.70713
89.44673730356118,86.70713
88.01517939344247,86.70713
88.73095834850182,86.70713
94.15042757966549,86.70713
90.16251625862051,86.70713
88.01517939344247,86.70713
86.58362148332375,86.70713
84.53853875458275,86.70713
93.12788621529499,86.70713
98.2405930371475,86.70744
89.44673730356118,86.722466
93.12788621529499,86.74104
95.172968944036,86.74883
94.15042757966549,86.709915
94.15042757966549,86.70713
93.12788621529499,86.70713
101.30821713025904,86.70958
90.87829521367986,86.712494
89.34448316712411,86.71376
88.52645007562772,86.70713
87.81067112056836,86.70713
87.81067112056836,86.70713
86.17460493757557,86.70713
86.17460493757557,86.70713
84.6407928910198,86.70713
83.8227597995234,86.70713
83.00472670802698,86.70713
81.47091466147124,86.70713
82.28894775296764,86.70713
81.47091466147124,86.70713
80.03935675135253,86.70713
78.50554470479678,86.70713
79.22132365985613,86.70713
78.50554470479678,86.70713
76.97173265824102,86.70713
80.03935675135253,86.70713
79.22132365985613,86.70713
78.50554470479678,86.70713
77.78976574973743,86.70713
76.97173265824102,86.70713
84.6407928910198,86.70713
87.50390871125721,86.70713
86.78812975619785,86.70713
84.6407928910198,86.71888
83.2092349809011,86.73283
86.78812975619785,86.73889
89.03772075781296,86.70713
91.18505762299102,86.72625
88.21968766631656,86.748924
85.35657184607916,86.75804
83.2092349809011,86.70713
84.6407928910198,86.70713
91.18505762299102,86.70713
88.21968766631656,86.70713
83.92501393596045,86.70713
81.7776770707824,86.70713
80.44837329710073,86.70713
79.11906952341909,86.70713
77.07398679467806,86.70713
76.35820783961871,86.71076
75.02890406593707,86.71509
73.6996002922554,86.71696
73.6996002922554,86.70713
70.93873860845505,86.70713
69.6094348347734,86.70713
69.6094348347734,86.70713
68.28013106109174,86.70713
68.28013106109174,86.70713
69.6094348347734,86.70713
91.38956589586513,86.70713
89.44673730356118,86.70713
87.50390871125721,86.70713
83.2092349809011,86.70713
81.7776770707824,86.70713
81.36866052503419,86.70713
79.52808606916729,86.70713
79.52808606916729,86.70713
79.11906952341909,86.70713
79.93710261491549,86.70713
81.36866052503419,86.70713
84.6407928910198,86.70713
82.28894775296764,86.70713
80.44837329710073,86.70713
79.11906952341909,86.70713
79.11906952341909,86.70713
78.19878229548563,86.70713
76.86947852180397,86.71155
75.02890406593707,86.71681
75.02890406593707,86.71909
73.6996002922554,86.70713
78.60779884123382,86.70713
77.68751161330037,86.70713
76.35820783961871,86.70713
77.27849506755217,86.70713
80.44837329710073,86.70713
80.44837329710073,86.70729
79.11906952341909,86.71945
81.87993120721943,86.73377
78.60779884123382,86.73953
87.50390871125721,86.70713
72.71796058245972,86.70713
78.19878229548563,86.70713
77.99427402261153,86.70713
102.33075849462952,86.70713
103.35329985900005,86.70713
95.172968944036,86.70737
93.12788621529499,86.71246
91.38956589586513,86.718475
96.1955103084065,86.720505
450.22969414423966,86.70756
450.22969414423966,86.73551
450.22969414423966,86.770645
450.22969414423966,86.78274
450.22969414423966,86.70713
450.22969414423966,86.70713
450.22969414423966,86.70713
450.22969414423966,86.70713
450.22969414423966,86.70713
450.22969414423966,86.70713
450.22969414423966,86.70713
450.22969414423966,86.70713
450.22969414423966,86.70713
450.22969414423966,86.70713
450.22969414423966,86.719734
450.22969414423966,86.7355
450.22969414423966,86.74292
450.22969414423966,86.70935
450.22969414423966,86.733604
450.22969414423966,86.76561
450.22969414423966,86.77777
450.22969414423966,86.70927
450.22969414423966,86.70713
450.22969414423966,86.70713
450.22969414423966,86.70713
450.22969414423966,86.70713
450.22969414423966,86.70713
450.22969414423966,86.70713
89.54899143999822,86.70713
90.26477039505758,86.70713
90.67378694080577,86.70713
84.33403048170867,86.70713
83.10698084446405,86.70713
78.09652815904857,86.70713
93.12788621529499,86.70713
112.55617213833457,86.70713
123.80412714641011,86.74131
105.39838258774104,86.79303
96.1955103084065,86.81791
95.172968944036,86.72677
84.2317763452716,86.70713
74.61988752018887,86.70713
94.15042757966549,86.70713
100.28567576588853,86.70713
114.60125486707558,86.70713
112.55617213833457,86.70713
114.60125486707558,86.70713
120.73650305329859,86.70713
112.55617213833457,86.70713
111.53363077396405,86.70713
106.42092395211152,86.70713
107.44346531648205,86.70713
101.30821713025904,86.70713
105.39838258774104,86.70713
105.39838258774104,86.70713
98.2405930371475,86.70713
101.30821713025904,86.70713
98.2405930371475,86.70713
93.12788621529499,86.70713
107.44346531648205,86.70713
104.37584122337051,86.70713
89.24222903068707,86.70713
97.218051672777,86.70713
96.1955103084065,86.70713
100.28567576588853,86.70713
76.86947852180397,86.70713
99.263134401518,86.70713
105.39838258774104,86.70713
103.35329985900005,86.70713
93.12788621529499,86.70713
105.39838258774104,86.70713
113.57871350270506,86.70713
98.2405930371475,86.70713
114.60125486707558,86.70713
113.57871350270506,86.70713
103.35329985900005,86.71202
100.28567576588853,86.71785
97.218051672777,86.720375
91.59407416873923,86.70713
118.69142032455758,86.70713
115.62379623144605,86.70713
108.46600668085253,86.70713
111.53363077396405,86.70784
94.15042757966549,86.71043
101.30821713025904,86.71286
86.2768590740126,86.71183
83.92501393596045,86.70713
90.87829521367986,86.70713
99.263134401518,86.70713
107.44346531648205,86.70713
116.64633759581658,86.71352
93.12788621529499,86.72112
106.42092395211152,86.72443
103.35329985900005,86.70713
96.1955103084065,86.70713
92.00309071448743,86.70713
96.1955103084065,86.70713
100.28567576588853,86.71399
97.218051672777,86.72216
96.1955103084065,86.72571
95.172968944036,86.70713
100.28567576588853,86.70713
97.218051672777,86.70713
102.33075849462952,86.70713
100.28567576588853,86.70713
90.77604107724282,86.70713
92.10534485092447,86.70713
92.10534485092447,86.70713
92.10534485092447,86.70713
87.40165457482017,86.70713
106.42092395211152,86.70713
113.57871350270506,86.70713
101.30821713025904,86.70729
99.263134401518,86.70747
88.21968766631656,86.70756
89.65124557643527,86.70713
108.46600668085253,86.70713
101.30821713025904,86.70713
103.35329985900005,86.70713
100.28567576588853,86.70713
103.35329985900005,86.70713
99.263134401518,86.70713
99.263134401518,86.70713
100.28567576588853,86.70713
94.15042757966549,86.70713
103.35329985900005,86.70713
101.30821713025904,86.70713
100.28567576588853,86.70713
84.0272680723975,86.70713
81.5731687979083,86.70713
97.218051672777,86.70713
88.73095834850182,86.70713
91.79858244161333,86.70713
95.172968944036,86.70713
112.55617213833457,86.70713
81.98218534365648,86.70713
88.83321248493887,86.70713
98.2405930371475,86.70713
87.81067112056836,86.70832
81.98218534365648,86.709885
76.56271611249282,86.710686
81.36866052503419,86.714264
240.37384268464757,86.72378
199.47218810982739,86.72959
153.45782671315473,86.777626
120.73650305329859,86.862656
88.32194180275361,86.89741
97.218051672777,86.70713
106.42092395211152,86.70713
96.1955103084065,86.70713
96.1955103084065,86.70713
101.30821713025904,86.70713
89.95800798574643,86.70713
85.4588259825162,86.70713
95.172968944036,86.70713
90.26477039505758,86.70713
90.57153280436873,86.715096
121.7590444176691,86.72457
119.71396168892811,86.72868
110.51108940959357,86.70713
100.28567576588853,86.70713
92.00309071448743,86.70713
116.64633759581658,86.70713
99.263134401518,86.70713
97.218051672777,86.70713
95.172968944036,86.70713
95.172968944036,86.70713
98.2405930371475,86.70713
89.13997489425002,86.70713
86.78812975619785,86.70713
90.87829521367986,86.70713
89.13997489425002,86.70713
92.10534485092447,86.70713
94.15042757966549,86.70713
104.37584122337051,86.70713
113.57871350270506,86.70713
100.28567576588853,86.70713
99.263134401518,86.71301
98.2405930371475,86.72002
91.28731175942809,86.72305
94.15042757966549,86.70713
94.15042757966549,86.70713
93.12788621529499,86.70713
97.218051672777,86.70713
94.15042757966549,86.70713
92.10534485092447,86.70713
83.00472670802698,86.70713
76.66497024892988,86.70713
66.95082728741008,86.70713
74.00636270156656,86.70713
78.71005297767088,86.70713
79.11906952341909,86.70713
71.4500092906403,86.71777
60.81557910118706,86.73042
71.55226342707735,86.735916
73.18832961007016,86.70713
72.98382133719605,86.70713
80.75513570641189,86.70713
68.17787692465468,86.711235
72.98382133719605,86.71612
73.6996002922554,86.71824
63.57644078498742,86.70713
73.08607547363312,86.70713
72.98382133719605,86.70713
70.32521378983274,86.70713
72.98382133719605,86.70713
67.46209796959533,86.70713
68.58689347040288,86.70713
63.678694921424466,86.70713
65.92828592303958,86.70713
65.51926937729137,86.70713
65.51926937729137,86.70713
66.64406487809892,86.70713
51.61270682185252,86.70713
77.58525747686332,86.70713
78.19878229548563,86.70713
95.172968944036,86.70713
90.98054935011693,86.70713
82.59571016227879,86.70713
90.16251625862051,86.70713
88.83321248493887,86.70713
78.40329056835972,86.70713
87.91292525700541,86.70713
89.13997489425002,86.70713
124.82666851078059,86.71699
123.80412714641011,86.756035
107.44346531648205,86.79422
101.30821713025904,86.779305
95.172968944036,86.70713
95.172968944036,86.71186
88.52645007562772,86.71751
94.15042757966549,86.71995
89.24222903068707,86.70713
88.93546662137592,86.70713
93.12788621529499,86.70713
89.34448316712411,86.70713
83.6182515266493,86.70713
86.89038389263492,86.70713
81.5731687979083,86.70713
80.75513570641189,86.70737
80.03935675135253,86.70765
68.68914760683994,86.70777
103.35329985900005,86.70713
96.1955103084065,86.70713
111.53363077396405,86.70713
104.37584122337051,86.70713
97.218051672777,86.70713
89.34448316712411,86.70713
102.33075849462952,86.70713
89.85575384930937,86.70713
99.263134401518,86.70713
98.2405930371475,86.70713
99.263134401518,86.70713
100.28567576588853,86.70713
79.63034020560433,86.70713
99.263134401518,86.70713
101.30821713025904,86.70713
79.63034020560433,86.70713
121.7590444176691,86.70713
116.64633759581658,86.71699
110.51108940959357,86.74247
101.30821713025904,86.76397
97.218051672777,86.74452
91.90083657805037,86.70713
101.30821713025904,86.70713
102.33075849462952,86.70713
97.218051672777,86.70713
101.30821713025904,86.70713
92.10534485092447,86.70713
98.2405930371475,86.70713
75.64242888455937,86.70713
77.07398679467806,86.70713
81.5731687979083,86.70713
83.00472670802698,86.70713
84.6407928910198,86.70713
74.82439579306295,86.70713
78.60779884123382,86.70713
102.33075849462952,86.70713
91.49182003230219,86.70713
114.60125486707558,86.7354
93.12788621529499,86.79996
88.73095834850182,86.84736
79.11906952341909,86.78349
82.49345602584174,86.70713
84.74304702745685,86.70713
88.21968766631656,86.70713
90.77604107724282,86.70713
90.77604107724282,86.70713
89.75349971287233,86.70729
84.53853875458275,86.70747
78.09652815904857,86.70756
76.15369956674462,86.70713
86.0723508011385,86.70713
80.03935675135253,86.70713
82.08443948009355,86.70713
80.03935675135253,86.70713
79.11906952341909,86.70713
79.63034020560433,86.70713
76.76722438536692,86.70713
78.60779884123382,86.70713
81.16415225216008,86.70713
77.58525747686332,86.70713
75.64242888455937,86.70713
77.58525747686332,86.70713
103.35329985900005,86.70713
127.89429260389211,86.70713
113.57871350270506,86.70713
88.11743352987952,86.70713
85.56108011895326,86.70713
93.12788621529499,86.70713
83.6182515266493,86.70713
87.91292525700541,86.70713
85.66333425539031,86.70713
90.06026212218347,86.70713
78.09652815904857,86.70713
84.12952220883454,86.70713
95.172968944036,86.70713
138.11970624759718,86.70713
97.218051672777,86.70713
97.218051672777,86.70713
94.15042757966549,86.70713
99.263134401518,86.70713
89.13997489425002,86.70713
83.51599739021223,86.70713
87.81067112056836,86.70713
93.12788621529499,86.70713
97.218051672777,86.70713
102.33075849462952,86.70713
102.33075849462952,86.70713
128.91683396826264,86.70713
125.84920987515112,86.70713
124.82666851078059,86.70713
122.78158578203958,86.70713
122.78158578203958,86.70713
121.7590444176691,86.70713
121.7590444176691,86.70713
124.82666851078059,86.70713
105.39838258774104,86.70713
109.48854804522306,86.70713
93.12788621529499,86.70753
88.11743352987952,86.70799
103.35329985900005,86.7082
119.71396168892811,86.70847
126.87175123952164,86.71992
130.96191669700363,86.74834
117.6688789601871,86.78269
116.64633759581658,86.77914
103.35329985900005,86.74286
117.6688789601871,86.70713
106.42092395211152,86.70713
106.42092395211152,86.70713
96.1955103084065,86.70713
99.263134401518,86.70713
94.15042757966549,86.70713
96.1955103084065,86.70713
98.2405930371475,86.72186
109.48854804522306,86.73935
108.46600668085253,86.746796
112.55617213833457,86.70713
111.53363077396405,86.70713
113.57871350270506,86.71714
110.51108940959357,86.72905
109.48854804522306,86.734215
91.38956589586513,86.70713
104.37584122337051,86.70713
102.33075849462952,86.70713
93.12788621529499,86.70713
93.12788621529499,86.70713
93.12788621529499,86.70713
96.1955103084065,86.70713
98.2405930371475,86.70713
106.42092395211152,86.70713
96.1955103084065,86.70713
104.37584122337051,86.70713
119.71396168892811,86.70713
107.44346531648205,86.70903
102.33075849462952,86.71128
92.10534485092447,86.712265
100.28567576588853,86.70713
117.6688789601871,86.70713
115.62379623144605,86.70713
114.60125486707558,86.70713
114.60125486707558,86.71359
94.15042757966549,86.72256
96.1955103084065,86.7274
98.2405930371475,86.71055
106.42092395211152,86.70713
102.33075849462952,86.70713
100.28567576588853,86.70713
100.28567576588853,86.70713
100.28567576588853,86.70713
94.15042757966549,86.70713
100.28567576588853,86.71037
109.48854804522306,86.714226
90.87829521367986,86.71589
86.58362148332375,86.70713
77.99427402261153,86.70713
77.17624093111513,86.70713
75.02890406593707,86.70713
74.72214165662591,86.70713
99.263134401518,86.70713
81.47091466147124,86.70713
82.59571016227879,86.70713
81.7776770707824,86.70713
69.91619724408453,86.70713
64.80349042223202,86.70989
69.8139431076475,86.71319
85.049809436768,86.71461
86.89038389263492,86.70713
80.95964397928599,86.70713
72.98382133719605,86.70713
67.15533556028417,86.70713
108.46600668085253,86.70713
97.218051672777,86.70713
104.37584122337051,86.70713
112.55617213833457,86.70713
96.1955103084065,86.70713
95.172968944036,86.70713
94.15042757966549,86.70713
93.12788621529499,86.70713
99.263134401518,86.70713
98.2405930371475,86.70713
98.2405930371475,86.70713
81.36866052503419,86.70713
104.37584122337051,86.70713
79.11906952341909,86.70713
84.33403048170867,86.70713
91.59407416873923,86.70713
89.03772075781296,86.70713
92.10534485092447,86.70713
90.26477039505758,86.70713
87.40165457482017,86.70713
92.00309071448743,86.70713
97.218051672777,86.70713
94.15042757966549,86.70713
89.03772075781296,86.70713
76.25595370318166,86.70713
87.19714630194606,86.70713
93.12788621529499,86.70713
89.24222903068707,86.70713
116.64633759581658,86.70713
117.6688789601871,86.70713
114.60125486707558,86.70713
104.37584122337051,86.70713
109.48854804522306,86.70713
101.30821713025904,86.70713
105.39838258774104,86.70713
102.33075849462952,86.70713
100.28567576588853,86.70713
90.36702453149462,86.70713
94.15042757966549,86.70713
97.218051672777,86.70713
100.28567576588853,86.70713
103.35329985900005,86.70713
106.42092395211152,86.715096
94.15042757966549,86.72457
98.2405930371475,86.72868
81.87993120721943,86.70713
77.58525747686332,86.70713
84.94755530033095,86.70713
85.97009666470146,86.70713
96.1955103084065,86.70713
98.2405930371475,86.70713
99.263134401518,86.70713
84.84530116389391,86.70713
95.172968944036,86.70713
86.99263802907197,86.70713
87.50390871125721,86.70713
124.82666851078059,86.70713
123.80412714641011,86.70713
123.80412714641011,86.70713
126.87175123952164,86.70713
134.02954079011516,86.70713
127.89429260389211,86.70713
136.07462351885619,86.70713
149.36766125567272,86.70713
183.11152627989938,86.71384
216.855391304126,86.747986
155.50290944189572,86.81503
143.2324130694497,86.84691
143.2324130694497,86.79129
133.00699942574465,86.70713
160.61561626374825,86.70713
140.16478897633817,86.70713
146.30003716256118,86.71667
131.9844580613741,86.73201
135.05208215448565,86.74485
123.80412714641011,86.72494
136.07462351885619,86.717255
134.02954079011516,86.710594
131.9844580613741,86.7114
124.82666851078059,86.70713
127.89429260389211,86.70713
123.80412714641011,86.70713
128.91683396826264,86.70713
140.16478897633817,86.70713
64.39447387648383,86.71186
64.39447387648383,86.74241
65.72377765016547,86.75427
73.59734615581836,86.76337
73.59734615581836,86.76337
75.02890406593707,86.768326
70.93873860845505,86.77692
70.93873860845505,86.783844
69.71168897121044,86.77284
69.71168897121044,86.77217
69.71168897121044,86.76337
69.71168897121044,86.76337
69.71168897121044,86.76337
72.2680423821367,86.76337
75.02890406593707,86.76337
75.02890406593707,86.76337
76.46046197605577,86.77532
73.59734615581836,86.79819
73.59734615581836,86.81175
73.59734615581836,86.77889
70.93873860845505,86.780624
70.93873860845505,86.798195
70.93873860845505,86.79688
70.93873860845505,86.76831
70.93873860845505,86.7708
68.38238519752878,86.7665
68.38238519752878,86.76398
68.38238519752878,86.76495
70.93873860845505,86.76533
76.86947852180397,86.764595
75.74468302099642,86.76653
73.39283788294426,86.76728
72.2680423821367,86.76337
71.24550101776619,86.76337
71.24550101776619,86.76337
71.24550101776619,86.76337
70.12070551695865,86.76337
67.97336865178059,86.76337
66.95082728741008,86.76337
65.92828592303958,86.76337
65.92828592303958,86.764656
64.80349042223202,86.76669
65.92828592303958,86.76748
65.92828592303958,86.76337
63.78094905786152,86.76337
63.78094905786152,86.76337
61.633612192683465,86.76337
61.633612192683465,86.76337
61.633612192683465,86.76337
63.78094905786152,86.76337
61.633612192683465,86.76337
60.61107082831296,86.76337
59.6907836003795,86.76337
60.61107082831296,86.76337
60.61107082831296,86.76337
58.668242236009,86.76337
57.64570087163849,86.76337
118.69142032455758,86.76337
118.69142032455758,86.76337
116.64633759581658,86.7671
110.51108940959357,86.77302
110.51108940959357,86.7753
111.53363077396405,86.76337
108.46600668085253,86.768265
105.39838258774104,86.776024
104.37584122337051,86.779015
104.37584122337051,86.76398
102.33075849462952,86.7655
102.33075849462952,86.766754
102.33075849462952,86.76513
101.30821713025904,86.76337
99.263134401518,86.76337
97.218051672777,86.76337
97.218051672777,86.76337
102.33075849462952,86.76337
97.218051672777,86.76337
95.172968944036,86.76337
94.15042757966549,86.76337
94.15042757966549,86.76337
92.10534485092447,86.76337
91.18505762299102,86.76337
89.95800798574643,86.76337
88.73095834850182,86.76337
88.73095834850182,86.76337
88.73095834850182,86.76337
79.11906952341909,86.76337
77.99427402261153,86.76753
76.86947852180397,86.78149
74.5176333837518,86.79572
73.39283788294426,86.78701
72.2680423821367,86.76337
72.2680423821367,86.76337
72.2680423821367,86.76337
70.12070551695865,86.76337
70.12070551695865,86.76337
67.97336865178059,86.76337
66.95082728741008,86.76337
66.95082728741008,86.76337
66.95082728741008,86.76337
66.95082728741008,86.76337
65.92828592303958,86.76337
63.78094905786152,86.76337
61.633612192683465,86.76337
61.633612192683465,86.76337
61.633612192683465,86.76337
59.6907836003795,86.76337
59.6907836003795,86.76337
60.61107082831296,86.76496
61.633612192683465,86.76749
61.633612192683465,86.768456
63.78094905786152,86.76337
61.633612192683465,86.76337
61.633612192683465,86.76337
66.23504833235073,86.76337
67.46209796959533,86.76337
66.23504833235073,86.76337
65.00799869510612,86.76337
63.678694921424466,86.76337
61.22459564693525,86.76337
59.99754600969065,86.76337
59.99754600969065,86.76337
59.99754600969065,86.76337
61.22459564693525,86.76373
61.22459564693525,86.76431
59.99754600969065,86.76454
59.99754600969065,86.76337
57.44119259876439,86.76337
56.2141429615198,86.76337
56.2141429615198,86.76337
54.987093324275186,86.76337
54.987093324275186,86.76337
53.86229782346763,86.76337
54.987093324275186,86.76337
59.99754600969065,86.76337
59.99754600969065,86.76673
54.987093324275186,86.77208
53.86229782346763,86.774124
52.73750232266007,86.76337
51.61270682185252,86.76337
50.48791132104497,86.76337
50.48791132104497,86.76337
50.48791132104497,86.76337
84.12952220883454,86.76337
84.12952220883454,86.76337
84.84530116389391,86.76337
82.59571016227879,86.769485
84.12952220883454,86.77918
84.12952220883454,86.78291
84.12952220883454,86.76337
82.59571016227879,86.766556
82.59571016227879,86.7716
79.73259434204138,86.77489
80.34611916066368,86.76685
79.01681538698203,86.76767
78.30103643192268,86.76337
78.30103643192268,86.76337
76.97173265824102,86.76337
75.64242888455937,86.76337
78.30103643192268,86.76337
78.30103643192268,86.7638
77.68751161330037,86.76448
76.97173265824102,86.76474
77.68751161330037,86.76337
78.30103643192268,86.76337
76.97173265824102,86.76337
75.64242888455937,86.76337
82.59571016227879,86.76337
81.87993120721943,86.76337
78.30103643192268,86.76337
78.30103643192268,86.76337
450.22969414423966,86.76337
450.22969414423966,86.76337
450.22969414423966,86.76337
450.22969414423966,86.76337
450.22969414423966,86.76337
450.22969414423966,86.76337
450.22969414423966,86.76337
450.22969414423966,86.76337
450.22969414423966,86.76337
450.22969414423966,86.76337
450.22969414423966,86.76337
118.69142032455758,86.76343
109.48854804522306,86.77887
104.37584122337051,86.803215
105.39838258774104,86.81239
110.51108940959357,86.76355
105.39838258774104,86.775734
101.30821713025904,86.79638
99.263134401518,86.80576
99.263134401518,86.768845
97.218051672777,86.76337
97.218051672777,86.76337
96.1955103084065,86.76337
93.12788621529499,86.76337
89.95800798574643,86.76337
86.58362148332375,86.76337
85.66333425539031,86.76337
85.049809436768,86.76337
112.55617213833457,86.76337
115.62379623144605,86.76337
118.69142032455758,86.76337
116.64633759581658,86.76337
116.64633759581658,86.76337
116.64633759581658,86.76569
115.62379623144605,86.76939
114.60125486707558,86.770805
114.60125486707558,86.76337
114.60125486707558,86.76337
115.62379623144605,86.76337
112.55617213833457,86.76349
112.55617213833457,86.76369
112.55617213833457,86.763756
112.55617213833457,86.76337
112.55617213833457,86.76337
112.55617213833457,86.76337
114.60125486707558,86.76337
114.60125486707558,86.76337
111.53363077396405,86.765816
109.48854804522306,86.76971
106.42092395211152,86.771194
105.39838258774104,86.76337
105.39838258774104,86.76337
103.35329985900005,86.76337
102.33075849462952,86.76337
102.33075849462952,86.76337
102.33075849462952,86.76337
88.62870421206476,86.76337
88.62870421206476,86.76337
90.16251625862051,86.76337
88.62870421206476,86.76337
87.09489216550901,86.76337
90.16251625862051,86.76337
91.69632830517627,86.76337
93.12788621529499,86.76337
91.69632830517627,86.76337
90.16251625862051,86.76337
90.16251625862051,86.76337
88.62870421206476,86.76337
88.62870421206476,86.76337
85.56108011895326,86.76337
87.09489216550901,86.76337
85.56108011895326,86.76349
85.56108011895326,86.76797
84.12952220883454,86.77484
84.12952220883454,86.777054
81.06189811572304,86.764595
81.06189811572304,86.76653
82.59571016227879,86.76728
85.56108011895326,86.76337
85.56108011895326,86.767166
88.62870421206476,86.773186
87.09489216550901,86.777145
82.59571016227879,86.76764
81.06189811572304,86.768776
82.59571016227879,86.76369
63.474186648550365,86.763756
63.474186648550365,86.76337
61.429103919809364,86.76337
60.40656255543885,86.76337
59.2817670546313,86.76337
59.2817670546313,86.76337
58.2592256902608,86.76337
54.06680609634172,86.76337
53.04426473197122,86.76337
52.12397750403777,86.76337
52.12397750403777,86.76337
51.20369027610432,86.76337
49.260861683800364,86.76337
48.340574455866914,86.76337
48.340574455866914,86.76337
47.42028722793345,86.76337
46.5,86.76337
46.5,86.76337
47.42028722793345,86.76337
54.06680609634172,86.76337
54.06680609634172,86.765205
51.20369027610432,86.76812
50.28340304817087,86.76924
49.260861683800364,86.76337
48.340574455866914,86.76337
49.260861683800364,86.76337
48.340574455866914,86.76337
49.260861683800364,86.76337
83.6182515266493,86.76337
81.98218534365648,86.76337
80.34611916066368,86.76337
76.97173265824102,86.76337
83.6182515266493,86.77871
80.34611916066368,86.803024
78.60779884123382,86.81239
76.97173265824102,86.76337
75.3356664752482,86.76337
75.3356664752482,86.76337
73.6996002922554,86.76337
73.6996002922554,86.76337
70.42746792626978,86.7704
68.9959100161511,86.79363
67.46209796959533,86.819405
66.03054005947664,86.80814
64.49672801292087,86.77061
64.49672801292087,86.769485
66.03054005947664,86.77918
66.03054005947664,86.78656
64.49672801292087,86.781685
64.49672801292087,86.797935
64.49672801292087,86.79167
66.03054005947664,86.76337
66.03054005947664,86.76337
64.49672801292087,86.76337
68.9959100161511,86.76337
70.42746792626978,86.76337
83.6182515266493,86.76337
81.98218534365648,86.76337
80.34611916066368,86.76337
76.97173265824102,86.76337
83.6182515266493,86.76337
80.34611916066368,86.76551
78.60779884123382,86.76891
76.97173265824102,86.77022
75.3356664752482,86.76337
75.3356664752482,86.76337
73.6996002922554,86.76337
73.6996002922554,86.76337
70.42746792626978,86.76337
68.9959100161511,86.76337
67.46209796959533,86.76337
66.03054005947664,86.76337
64.49672801292087,86.76337
64.49672801292087,86.76337
66.03054005947664,86.76337
66.03054005947664,86.76337
64.49672801292087,86.76337
64.49672801292087,86.76337
64.49672801292087,86.76337
66.03054005947664,86.76337
66.03054005947664,86.76337
64.49672801292087,86.76337
68.9959100161511,86.76337
81.98218534365648,86.76337
110.51108940959357,86.77714
112.55617213833457,86.80437
108.46600668085253,86.82145
106.42092395211152,86.78096
102.33075849462952,86.76337
106.42092395211152,86.76337
104.37584122337051,86.76337
118.69142032455758,86.76337
120.73650305329859,86.77374
112.55617213833457,86.79019
98.2405930371475,86.796524
102.33075849462952,86.76337
98.2405930371475,86.76337
94.15042757966549,86.76337
98.2405930371475,86.76337
96.1955103084065,86.76337
94.15042757966549,86.76337
94.15042757966549,86.76337
90.06026212218347,86.76337
88.01517939344247,86.76337
85.97009666470146,86.76337
85.97009666470146,86.76337
85.97009666470146,86.76337
83.92501393596045,86.76337
83.92501393596045,86.76337
81.87993120721943,86.76337
81.87993120721943,86.76337
81.87993120721943,86.76337
85.97009666470146,86.76337
75.74468302099642,86.76337
73.6996002922554,86.76337
71.6545175635144,86.76673
70.12070551695865,86.77208
70.12070551695865,86.774124
70.12070551695865,86.76337
68.58689347040288,86.76337
67.05308142384713,86.76337
65.51926937729137,86.76337
77.78976574973743,86.76337
85.97009666470146,86.76337
73.6996002922554,86.76337
70.12070551695865,86.76337
73.6996002922554,86.76337
79.83484847847843,86.76337
79.83484847847843,86.76337
75.74468302099642,86.76337
75.74468302099642,86.76337
68.58689347040288,86.76337
67.05308142384713,86.76563
65.51926937729137,86.76923
63.98545733073561,86.773605
60.9178332376241,86.771126
59.38402119106835,86.77296
57.8502091445126,86.76337
59.38402119106835,86.76337
62.45164528417987,86.76337
62.45164528417987,86.76337
83.6182515266493,86.76337
80.34611916066368,86.768265
78.60779884123382,86.776024
76.97173265824102,86.779015
75.3356664752482,86.76337
75.3356664752482,86.76337
72.0635341092626,86.76337
70.42746792626978,86.76337
78.60779884123382,86.76337
105.39838258774104,86.76337
103.35329985900005,86.77465
94.15042757966549,86.793755
86.89038389263492,86.802574
76.97173265824102,86.76728
73.6996002922554,86.76337
73.6996002922554,86.76337
72.0635341092626,86.76337
70.42746792626978,86.76398
68.9959100161511,86.76495
67.46209796959533,86.76533
66.03054005947664,86.76337
66.03054005947664,86.76337
76.97173265824102,86.76337
70.42746792626978,86.767044
70.42746792626978,86.772865
67.46209796959533,86.7751
64.49672801292087,86.76337
63.065170102802156,86.76337
73.6996002922554,86.76337
73.6996002922554,86.76337
73.6996002922554,86.76337
71.6545175635144,86.76337
70.12070551695865,86.76337
71.6545175635144,86.76337
71.6545175635144,86.76337
70.12070551695865,86.76337
68.58689347040288,86.76337
71.6545175635144,86.76337
71.6545175635144,86.76337
71.6545175635144,86.76337
71.6545175635144,86.76337
70.12070551695865,86.76337
70.12070551695865,86.76337
75.74468302099642,86.76337
83.92501393596045,86.76411
75.74468302099642,86.76527
73.6996002922554,86.76572
70.12070551695865,86.76337
68.58689347040288,86.76337
65.51926937729137,86.76337
70.12070551695865,86.76337
88.01517939344247,86.76337
88.01517939344247,86.78281
73.6996002922554,86.82326
67.05308142384713,86.850685
68.58689347040288,86.794975
85.35657184607916,86.76337
83.00472670802698,86.76337
83.00472670802698,86.76337
80.75513570641189,86.76337
78.50554470479678,86.76337
76.97173265824102,86.76337
74.82439579306295,86.76337
73.2905837465072,86.76337
73.2905837465072,86.76337
101.30821713025904,86.76337
142.20987170507917,86.764595
188.22423310175185,86.77932
141.18733034070866,86.81919
119.71396168892811,86.856766
108.46600668085253,86.83363
105.39838258774104,86.77452
100.28567576588853,86.76337
95.172968944036,86.76802
90.87829521367986,86.77539
91.69632830517627,86.77823
90.16251625862051,86.76337
86.99263802907197,86.76337
83.8227597995234,86.76337
83.00472670802698,86.76624
80.75513570641189,86.77081
100.28567576588853,86.77256
100.28567576588853,86.768265
142.20987170507917,86.778885
113.57871350270506,86.793335
81.47091466147124,86.79054
80.03935675135253,86.785645
79.22132365985613,86.76337
78.50554470479678,86.76337
80.75513570641189,86.76337
78.50554470479678,86.76428
76.97173265824102,86.76575
75.54017474812231,86.766304
74.82439579306295,86.76337
73.2905837465072,86.76337
72.57480479144786,86.76337
71.0409927448921,86.76337
69.6094348347734,86.76337
68.17787692465468,86.76337
68.17787692465468,86.76337
68.17787692465468,86.76337
65.31476110441727,86.76337
63.98545733073561,86.76337
61.32684978337231,86.76337
59.99754600969065,86.76337
59.99754600969065,86.76337
60.61107082831296,86.76337
60.61107082831296,86.76337
63.98545733073561,86.76337
62.65615355705396,86.766
63.269678375676264,86.77017
64.59898214935792,86.77178
63.98545733073561,86.76337
101.30821713025904,86.76337
100.28567576588853,86.76337
103.35329985900005,86.76337
104.37584122337051,86.76337
102.33075849462952,86.76337
99.263134401518,86.76337
98.2405930371475,86.76337
98.2405930371475,86.76337
97.218051672777,86.76337
95.172968944036,86.76337
94.15042757966549,86.76337
94.15042757966549,86.76337
94.15042757966549,86.76337
94.15042757966549,86.76337
93.12788621529499,86.76337
90.87829521367986,86.76337
89.44673730356118,86.76337
88.01517939344247,86.76337
88.73095834850182,86.76337
94.15042757966549,86.76337
90.16251625862051,86.76337
88.01517939344247,86.76337
86.58362148332375,86.76337
84.53853875458275,86.76337
93.12788621529499,86.76337
98.2405930371475,86.764595
89.44673730356118,86.77301
93.12788621529499,86.78403
95.172968944036,86.78408
94.15042757966549,86.76337
94.15042757966549,86.76337
93.12788621529499,86.76337
101.30821713025904,86.76337
90.87829521367986,86.76337
89.34448316712411,86.76337
88.52645007562772,86.76337
87.81067112056836,86.76337
87.81067112056836,86.76337
86.17460493757557,86.76337
86.17460493757557,86.76337
84.6407928910198,86.76337
83.8227597995234,86.76337
83.00472670802698,86.76337
81.47091466147124,86.76337
82.28894775296764,86.76337
81.47091466147124,86.76337
80.03935675135253,86.76337
78.50554470479678,86.76337
79.22132365985613,86.76337
78.50554470479678,86.76337
76.97173265824102,86.76398
80.03935675135253,86.76495
79.22132365985613,86.76533
78.50554470479678,86.76337
77.78976574973743,86.76337
76.97173265824102,86.76337
84.6407928910198,86.76337
87.50390871125721,86.76337
86.78812975619785,86.76337
84.6407928910198,86.76337
83.2092349809011,86.76337
86.78812975619785,86.76337
89.03772075781296,86.76337
91.18505762299102,86.76337
88.21968766631656,86.76814
85.35657184607916,86.77571
83.2092349809011,86.77862
84.6407928910198,86.76337
91.18505762299102,86.76337
88.21968766631656,86.76337
83.92501393596045,86.76796
81.7776770707824,86.77524
80.44837329710073,86.77803
79.11906952341909,86.76337
77.07398679467806,86.76337
76.35820783961871,86.76337
75.02890406593707,86.76337
73.6996002922554,86.76337
73.6996002922554,86.76337
70.93873860845505,86.76337
69.6094348347734,86.76337
69.6094348347734,86.76337
68.28013106109174,86.76337
68.28013106109174,86.76337
69.6094348347734,86.76337
91.38956589586513,86.76337
89.44673730356118,86.76337
87.50390871125721,86.76337
83.2092349809011,86.76337
81.7776770707824,86.76337
81.36866052503419,86.76337
79.52808606916729,86.76337
79.52808606916729,86.76337
79.11906952341909,86.76337
79.93710261491549,86.76337
81.36866052503419,86.76337
84.6407928910198,86.76337
82.28894775296764,86.76337
80.44837329710073,86.76337
79.11906952341909,86.76337
79.11906952341909,86.76337
78.19878229548563,86.76337
76.86947852180397,86.76337
75.02890406593707,86.76337
75.02890406593707,86.76337
73.6996002922554,86.76337
78.60779884123382,86.76337
77.68751161330037,86.765816
76.35820783961871,86.76971
77.27849506755217,86.771194
80.44837329710073,86.76337
80.44837329710073,86.76496
79.11906952341909,86.77978
81.87993120721943,86.800255
78.60779884123382,86.80273
87.50390871125721,86.76337
72.71796058245972,86.76337
78.19878229548563,86.76337
77.99427402261153,86.76337
102.33075849462952,86.76337
103.35329985900005,86.76337
95.172968944036,86.76337
93.12788621529499,86.76337
91.38956589586513,86.7649
96.1955103084065,86.76733
450.22969414423966,86.768265
450.22969414423966,86.76337
450.22969414423966,86.772835
450.22969414423966,86.78784
450.22969414423966,86.79362
450.22969414423966,86.76337
450.22969414423966,86.76337
450.22969414423966,86.76337
450.22969414423966,86.76337
450.22969414423966,86.76337
450.22969414423966,86.76337
450.22969414423966,86.76337
450.22969414423966,86.76337
450.22969414423966,86.76337
450.22969414423966,86.76337
450.22969414423966,86.770584
450.22969414423966,86.78517
450.22969414423966,86.79461
450.22969414423966,86.78727
450.22969414423966,86.798965
450.22969414423966,86.80737
450.22969414423966,86.76337
450.22969414423966,86.76337
450.22969414423966,86.76337
450.22969414423966,86.76337
450.22969414423966,86.76337
450.22969414423966,86.76337
450.22969414423966,86.76337
89.54899143999822,86.76337
90.26477039505758,86.76337
90.67378694080577,86.76337
84.33403048170867,86.76337
83.10698084446405,86.76337
78.09652815904857,86.76337
93.12788621529499,86.76337
112.55617213833457,86.76337
123.80412714641011,86.78112
105.39838258774104,86.8172
96.1955103084065,86.840836
95.172968944036,86.789345
84.2317763452716,86.76337
74.61988752018887,86.76337
94.15042757966549,86.775986
100.28567576588853,86.79599
114.60125486707558,86.803696
112.55617213833457,86.76337
114.60125486707558,86.76337
120.73650305329859,86.76337
112.55617213833457,86.76337
111.53363077396405,86.76337
106.42092395211152,86.76337
107.44346531648205,86.76337
101.30821713025904,86.76398
105.39838258774104,86.76495
105.39838258774104,86.76533
98.2405930371475,86.76337
101.30821713025904,86.76337
98.2405930371475,86.76337
93.12788621529499,86.76337
107.44346531648205,86.76337
104.37584122337051,86.76337
89.24222903068707,86.76337
97.218051672777,86.76337
96.1955103084065,86.76337
100.28567576588853,86.76337
76.86947852180397,86.76673
99.263134401518,86.77208
105.39838258774104,86.774124
103.35329985900005,86.76337
93.12788621529499,86.76337
105.39838258774104,86.76337
113.57871350270506,86.76337
98.2405930371475,86.76337
114.60125486707558,86.76337
113.57871350270506,86.76337
103.35329985900005,86.76569
100.28567576588853,86.772194
97.218051672777,86.778076
91.59407416873923,86.77236
118.69142032455758,86.76337
115.62379623144605,86.76337
108.46600668085253,86.76337
111.53363077396405,86.76337
94.15042757966549,86.76337
101.30821713025904,86.76337
86.2768590740126,86.76337
83.92501393596045,86.76337
90.87829521367986,86.76337
99.263134401518,86.76337
107.44346531648205,86.76337
116.64633759581658,86.764595
93.12788621529499,86.76653
106.42092395211152,86.76728
103.35329985900005,86.76337
96.1955103084065,86.76337
92.00309071448743,86.76337
96.1955103084065,86.76337
100.28567576588853,86.76337
97.218051672777,86.76337
96.1955103084065,86.76337
95.172968944036,86.76337
100.28567576588853,86.76337
97.218051672777,86.76337
102.33075849462952,86.76337
100.28567576588853,86.76337
90.77604107724282,86.76337
92.10534485092447,86.76337
92.10534485092447,86.76337
92.10534485092447,86.76337
87.40165457482017,86.76337
106.42092395211152,86.76337
113.57871350270506,86.76337
101.30821713025904,86.76337
99.263134401518,86.76337
88.21968766631656,86.76337
89.65124557643527,86.76337
108.46600668085253,86.76337
101.30821713025904,86.76337
103.35329985900005,86.76337
100.28567576588853,86.76337
103.35329985900005,86.76337
99.263134401518,86.76337
99.263134401518,86.76337
100.28567576588853,86.76337
94.15042757966549,86.76337
103.35329985900005,86.76337
101.30821713025904,86.76337
100.28567576588853,86.76337
84.0272680723975,86.76337
81.5731687979083,86.76337
97.218051672777,86.76337
88.73095834850182,86.76337
91.79858244161333,86.76337
95.172968944036,86.76337
112.55617213833457,86.76411
81.98218534365648,86.76912
88.83321248493887,86.77569
98.2405930371475,86.77637
87.81067112056836,86.76511
81.98218534365648,86.76705
76.56271611249282,86.76733
81.36866052503419,86.768265
240.37384268464757,86.766365
199.47218810982739,86.772224
153.45782671315473,86.8144
120.73650305329859,86.87769
88.32194180275361,86.90508
97.218051672777,86.77865
106.42092395211152,86.76495
96.1955103084065,86.76533
96.1955103084065,86.76337
101.30821713025904,86.76337
89.95800798574643,86.76337
85.4588259825162,86.76337
95.172968944036,86.76337
90.26477039505758,86.76337
90.57153280436873,86.786224
121.7590444176691,86.84259
119.71396168892811,86.888115
110.51108940959357,86.82841
100.28567576588853,86.76337
92.00309071448743,86.76337
116.64633759581658,86.76337
99.263134401518,86.76337
97.218051672777,86.76337
95.172968944036,86.76337
95.172968944036,86.76337
98.2405930371475,86.76337
89.13997489425002,86.76337
86.78812975619785,86.76337
90.87829521367986,86.76337
89.13997489425002,86.76337
92.10534485092447,86.76337
94.15042757966549,86.76337
104.37584122337051,86.76337
113.57871350270506,86.76337
100.28567576588853,86.76337
99.263134401518,86.76337
98.2405930371475,86.76337
91.28731175942809,86.76337
94.15042757966549,86.76337
94.15042757966549,86.76337
93.12788621529499,86.76337
97.218051672777,86.76337
94.15042757966549,86.76337
92.10534485092447,86.76337
83.00472670802698,86.76337
76.66497024892988,86.76337
66.95082728741008,86.76337
74.00636270156656,86.76337
78.71005297767088,86.76337
79.11906952341909,86.76337
71.4500092906403,86.76337
60.81557910118706,86.76337
71.55226342707735,86.76337
73.18832961007016,86.76337
72.98382133719605,86.76337
80.75513570641189,86.76337
68.17787692465468,86.76337
72.98382133719605,86.76337
73.6996002922554,86.76337
63.57644078498742,86.76337
73.08607547363312,86.76337
72.98382133719605,86.76337
70.32521378983274,86.76337
72.98382133719605,86.76337
67.46209796959533,86.76337
68.58689347040288,86.76337
63.678694921424466,86.76337
65.92828592303958,86.76337
65.51926937729137,86.76337
65.51926937729137,86.76337
66.64406487809892,86.76337
51.61270682185252,86.76337
77.58525747686332,86.76337
78.19878229548563,86.76337
95.172968944036,86.76337
90.98054935011693,86.76337
82.59571016227879,86.76337
90.16251625862051,86.76337
88.83321248493887,86.76337
78.40329056835972,86.76337
87.91292525700541,86.76337
89.13997489425002,86.76337
124.82666851078059,86.76961
123.80412714641011,86.79262
107.44346531648205,86.81732
101.30821713025904,86.805626
95.172968944036,86.76337
95.172968944036,86.76569
88.52645007562772,86.76939
94.15042757966549,86.773865
89.24222903068707,86.77128
88.93546662137592,86.773155
93.12788621529499,86.76337
89.34448316712411,86.76337
83.6182515266493,86.76337
86.89038389263492,86.76337
81.5731687979083,86.76337
80.75513570641189,86.76337
80.03935675135253,86.76337
68.68914760683994,86.76337
103.35329985900005,86.76337
96.1955103084065,86.76337
111.53363077396405,86.76337
104.37584122337051,86.76337
97.218051672777,86.76337
89.34448316712411,86.76337
102.33075849462952,86.76337
89.85575384930937,86.76337
99.263134401518,86.76337
98.2405930371475,86.76337
99.263134401518,86.76337
100.28567576588853,86.76337
79.63034020560433,86.76337
99.263134401518,86.76337
101.30821713025904,86.76337
79.63034020560433,86.76337
121.7590444176691,86.76337
116.64633759581658,86.76337
110.51108940959357,86.76619
101.30821713025904,86.77065
97.218051672777,86.77236
91.90083657805037,86.76337
101.30821713025904,86.76337
102.33075849462952,86.76337
97.218051672777,86.76337
101.30821713025904,86.76337
92.10534485092447,86.76337
98.2405930371475,86.76337
75.64242888455937,86.76337
77.07398679467806,86.76337
81.5731687979083,86.76337
83.00472670802698,86.76337
84.6407928910198,86.76337
74.82439579306295,86.76337
78.60779884123382,86.76337
102.33075849462952,86.76337
91.49182003230219,86.76337
114.60125486707558,86.77853
93.12788621529499,86.81978
88.73095834850182,86.8567
79.11906952341909,86.81954
82.49345602584174,86.76337
84.74304702745685,86.76337
88.21968766631656,86.76337
90.77604107724282,86.76337
90.77604107724282,86.76337
89.75349971287233,86.76337
84.53853875458275,86.76337
78.09652815904857,86.76337
76.15369956674462,86.76337
86.0723508011385,86.76337
80.03935675135253,86.76337
82.08443948009355,86.76337
80.03935675135253,86.76337
79.11906952341909,86.76337
79.63034020560433,86.76337
76.76722438536692,86.76337
78.60779884123382,86.76337
81.16415225216008,86.76337
77.58525747686332,86.76337
75.64242888455937,86.76337
77.58525747686332,86.76337
103.35329985900005,86.76337
127.89429260389211,86.76814
113.57871350270506,86.79263
88.11743352987952,86.82367
85.56108011895326,86.82093
93.12788621529499,86.76728
83.6182515266493,86.76337
87.91292525700541,86.76337
85.66333425539031,86.76337
90.06026212218347,86.76337
78.09652815904857,86.76337
84.12952220883454,86.76337
95.172968944036,86.76337
138.11970624759718,86.779915
97.218051672777,86.81902
97.218051672777,86.849846
94.15042757966549,86.805435
99.263134401518,86.76569
89.13997489425002,86.76939
83.51599739021223,86.770805
87.81067112056836,86.76337
93.12788621529499,86.76337
97.218051672777,86.76337
102.33075849462952,86.76337
102.33075849462952,86.76337
128.91683396826264,86.76337
125.84920987515112,86.76337
124.82666851078059,86.76337
122.78158578203958,86.76337
122.78158578203958,86.76337
121.7590444176691,86.76337
121.7590444176691,86.76337
124.82666851078059,86.76337
105.39838258774104,86.76337
109.48854804522306,86.76337
93.12788621529499,86.76337
88.11743352987952,86.76337
103.35329985900005,86.76337
119.71396168892811,86.76337
126.87175123952164,86.76613
130.96191669700363,86.77049
117.6688789601871,86.77364
116.64633759581658,86.767166
103.35329985900005,86.76807
117.6688789601871,86.76337
106.42092395211152,86.76337
106.42092395211152,86.76337
96.1955103084065,86.76337
99.263134401518,86.76337
94.15042757966549,86.76337
96.1955103084065,86.76337
98.2405930371475,86.76594
109.48854804522306,86.77002
108.46600668085253,86.77159
112.55617213833457,86.76337
111.53363077396405,86.76337
113.57871350270506,86.76337
110.51108940959357,86.76337
109.48854804522306,86.76337
91.38956589586513,86.76337
104.37584122337051,86.76337
102.33075849462952,86.76337
93.12788621529499,86.76337
93.12788621529499,86.76337
93.12788621529499,86.76337
96.1955103084065,86.76337
98.2405930371475,86.76337
106.42092395211152,86.76337
96.1955103084065,86.76337
104.37584122337051,86.76337
119.71396168892811,86.76337
107.44346531648205,86.76337
102.33075849462952,86.76337
92.10534485092447,86.76337
100.28567576588853,86.76337
117.6688789601871,86.76337
115.62379623144605,86.76337
114.60125486707558,86.76337
114.60125486707558,86.77022
94.15042757966549,86.79003
96.1955103084065,86.808495
98.2405930371475,86.79225
106.42092395211152,86.76337
102.33075849462952,86.76337
100.28567576588853,86.76337
100.28567576588853,86.76337
100.28567576588853,86.76337
94.15042757966549,86.76337
100.28567576588853,86.7638
109.48854804522306,86.76833
90.87829521367986,86.774704
86.58362148332375,86.77569
77.99427402261153,86.76337
77.17624093111513,86.76337
75.02890406593707,86.76337
74.72214165662591,86.76337
99.263134401518,86.76337
81.47091466147124,86.76337
82.59571016227879,86.76337
81.7776770707824,86.76337
69.91619724408453,86.76337
64.80349042223202,86.76337
69.8139431076475,86.76337
85.049809436768,86.76337
86.89038389263492,86.76337
80.95964397928599,86.765144
72.98382133719605,86.76796
67.15533556028417,86.76904
108.46600668085253,86.76337
97.218051672777,86.76337
104.37584122337051,86.76337
112.55617213833457,86.76337
96.1955103084065,86.76337
95.172968944036,86.76337
94.15042757966549,86.76337
93.12788621529499,86.76337
99.263134401518,86.76337
98.2405930371475,86.76337
98.2405930371475,86.76337
81.36866052503419,86.76337
104.37584122337051,86.76337
79.11906952341909,86.76337
84.33403048170867,86.76337
91.59407416873923,86.76337
89.03772075781296,86.76337
92.10534485092447,86.76337
90.26477039505758,86.76337
87.40165457482017,86.76337
92.00309071448743,86.76337
97.218051672777,86.76337
94.15042757966549,86.76337
89.03772075781296,86.76337
76.25595370318166,86.76337
87.19714630194606,86.76337
93.12788621529499,86.76337
89.24222903068707,86.76337
116.64633759581658,86.76337
117.6688789601871,86.76337
114.60125486707558,86.76337
104.37584122337051,86.76337
109.48854804522306,86.76337
101.30821713025904,86.76337
105.39838258774104,86.76337
102.33075849462952,86.76337
100.28567576588853,86.76337
90.36702453149462,86.76337
94.15042757966549,86.76337
97.218051672777,86.76337
100.28567576588853,86.76337
103.35329985900005,86.76337
106.42092395211152,86.76337
94.15042757966549,86.76337
98.2405930371475,86.76551
81.87993120721943,86.76891
77.58525747686332,86.77022
84.94755530033095,86.76337
85.97009666470146,86.76337
96.1955103084065,86.76337
98.2405930371475,86.76337
99.263134401518,86.76337
84.84530116389391,86.76337
95.172968944036,86.76337
86.99263802907197,86.76447
87.50390871125721,86.76622
124.82666851078059,86.76689
123.80412714641011,86.76337
123.80412714641011,86.76337
126.87175123952164,86.76337
134.02954079011516,86.76337
127.89429260389211,86.76337
136.07462351885619,86.76337
149.36766125567272,86.76337
183.11152627989938,86.76778
216.855391304126,86.789536
155.50290944189572,86.83305
143.2324130694497,86.8562
143.2324130694497,86.82012
133.00699942574465,86.76337
160.61561626374825,86.76337
140.16478897633817,86.76337
146.30003716256118,86.76576
131.9844580613741,86.77193
135.05208215448565,86.790794
123.80412714641011,86.806366
136.07462351885619,86.80929
134.02954079011516,86.76891
131.9844580613741,86.77022
124.82666851078059,86.76337
127.89429260389211,86.76337
123.80412714641011,86.76337
128.91683396826264,86.76337
140.16478897633817,86.76337
64.39447387648383,86.766556
64.39447387648383,86.74686
65.72377765016547,86.71389
73.59734615581836,86.658195
73.59734615581836,86.660614
75.02890406593707,86.66413
70.93873860845505,86.66896
70.93873860845505,86.66561
69.71168897121044,86.66789
69.71168897121044,86.658195
69.71168897121044,86.658195
69.71168897121044,86.658195
69.71168897121044,86.658195
72.2680423821367,86.658195
75.02890406593707,86.658195
75.02890406593707,86.658195
76.46046197605577,86.658195
73.59734615581836,86.658195
73.59734615581836,86.658195
73.59734615581836,86.658195
70.93873860845505,86.658195
70.93873860845505,86.658195
70.93873860845505,86.658195
70.93873860845505,86.658195
70.93873860845505,86.658195
68.38238519752878,86.658195
68.38238519752878,86.658195
68.38238519752878,86.658195
70.93873860845505,86.658195
76.86947852180397,86.658195
75.74468302099642,86.658195
73.39283788294426,86.658195
72.2680423821367,86.658195
71.24550101776619,86.658195
71.24550101776619,86.658195
71.24550101776619,86.658195
70.12070551695865,86.658195
67.97336865178059,86.6591
66.95082728741008,86.660416
65.92828592303958,86.6611
65.92828592303958,86.658195
64.80349042223202,86.658195
65.92828592303958,86.658195
65.92828592303958,86.658195
63.78094905786152,86.658195
63.78094905786152,86.658195
61.633612192683465,86.658195
61.633612192683465,86.658195
61.633612192683465,86.658195
63.78094905786152,86.658195
61.633612192683465,86.658195
60.61107082831296,86.658195
59.6907836003795,86.658195
60.61107082831296,86.658195
60.61107082831296,86.658195
58.668242236009,86.658195
57.64570087163849,86.658195
118.69142032455758,86.658195
118.69142032455758,86.658195
116.64633759581658,86.664825
110.51108940959357,86.675064
110.51108940959357,86.68098
111.53363077396405,86.66013
108.46600668085253,86.658195
105.39838258774104,86.658195
104.37584122337051,86.658195
104.37584122337051,86.658195
102.33075849462952,86.658195
102.33075849462952,86.658195
102.33075849462952,86.658195
101.30821713025904,86.658195
99.263134401518,86.658195
97.218051672777,86.658195
97.218051672777,86.658195
102.33075849462952,86.658195
97.218051672777,86.658195
95.172968944036,86.658195
94.15042757966549,86.658195
94.15042757966549,86.658195
92.10534485092447,86.658195
91.18505762299102,86.658195
89.95800798574643,86.658195
88.73095834850182,86.658195
88.73095834850182,86.658195
88.73095834850182,86.658195
79.11906952341909,86.658195
77.99427402261153,86.658195
76.86947852180397,86.658195
74.5176333837518,86.658195
73.39283788294426,86.658195
72.2680423821367,86.658195
72.2680423821367,86.658195
72.2680423821367,86.658195
70.12070551695865,86.658195
70.12070551695865,86.658195
67.97336865178059,86.658195
66.95082728741008,86.658195
66.95082728741008,86.658195
66.95082728741008,86.658195
66.95082728741008,86.658195
65.92828592303958,86.658195
63.78094905786152,86.658195
61.633612192683465,86.658195
61.633612192683465,86.658195
61.633612192683465,86.658195
59.6907836003795,86.658195
59.6907836003795,86.658195
60.61107082831296,86.658195
61.633612192683465,86.658195
61.633612192683465,86.658195
63.78094905786152,86.658195
61.633612192683465,86.6594
61.633612192683465,86.66116
66.23504833235073,86.66207
67.46209796959533,86.658195
66.23504833235073,86.658195
65.00799869510612,86.658195
63.678694921424466,86.658195
61.22459564693525,86.658195
59.99754600969065,86.658195
59.99754600969065,86.658195
59.99754600969065,86.658195
61.22459564693525,86.658195
61.22459564693525,86.658195
59.99754600969065,86.658195
59.99754600969065,86.658195
57.44119259876439,86.658195
56.2141429615198,86.658195
56.2141429615198,86.658195
54.987093324275186,86.658195
54.987093324275186,86.658195
53.86229782346763,86.658195
54.987093324275186,86.658195
59.99754600969065,86.658195
59.99754600969065,86.6594
54.987093324275186,86.66448
53.86229782346763,86.67023
52.73750232266007,86.66886
51.61270682185252,86.658195
50.48791132104497,86.658195
50.48791132104497,86.658195
50.48791132104497,86.658195
84.12952220883454,86.658195
84.12952220883454,86.658195
84.84530116389391,86.658195
82.59571016227879,86.658195
84.12952220883454,86.658195
84.12952220883454,86.658195
84.12952220883454,86.658195
82.59571016227879,86.658195
82.59571016227879,86.658195
79.73259434204138,86.658195
80.34611916066368,86.658195
79.01681538698203,86.658195
78.30103643192268,86.658195
78.30103643192268,86.658195
76.97173265824102,86.658195
75.64242888455937,86.658195
78.30103643192268,86.658195
78.30103643192268,86.658195
77.68751161330037,86.658195
76.97173265824102,86.658195
77.68751161330037,86.658195
78.30103643192268,86.658195
76.97173265824102,86.658195
75.64242888455937,86.658195
82.59571016227879,86.658195
81.87993120721943,86.658195
78.30103643192268,86.658195
78.30103643192268,86.658195
450.22969414423966,86.658195
450.22969414423966,86.658195
450.22969414423966,86.658195
450.22969414423966,86.658195
450.22969414423966,86.658195
450.22969414423966,86.658195
450.22969414423966,86.658195
450.22969414423966,86.658195
450.22969414423966,86.658195
450.22969414423966,86.658195
450.22969414423966,86.658195
118.69142032455758,86.66543
109.48854804522306,86.686356
104.37584122337051,86.707054
105.39838258774104,86.69185
110.51108940959357,86.658195
105.39838258774104,86.662415
101.30821713025904,86.67458
99.263134401518,86.68648
99.263134401518,86.67757
97.218051672777,86.658195
97.218051672777,86.658195
96.1955103084065,86.658195
93.12788621529499,86.658195
89.95800798574643,86.658195
86.58362148332375,86.658195
85.66333425539031,86.658195
85.049809436768,86.658195
112.55617213833457,86.658195
115.62379623144605,86.658195
118.69142032455758,86.658195
116.64633759581658,86.658195
116.64633759581658,86.658195
116.64633759581658,86.658195
115.62379623144605,86.658195
114.60125486707558,86.658195
114.60125486707558,86.658195
114.60125486707558,86.658195
115.62379623144605,86.658195
112.55617213833457,86.658195
112.55617213833457,86.658195
112.55617213833457,86.658195
112.55617213833457,86.658195
112.55617213833457,86.658195
112.55617213833457,86.658195
114.60125486707558,86.6594
114.60125486707558,86.66116
111.53363077396405,86.67302
109.48854804522306,86.685524
106.42092395211152,86.69339
105.39838258774104,86.658195
105.39838258774104,86.658195
103.35329985900005,86.658195
102.33075849462952,86.658195
102.33075849462952,86.658195
102.33075849462952,86.658195
88.62870421206476,86.658195
88.62870421206476,86.658195
90.16251625862051,86.658195
88.62870421206476,86.658195
87.09489216550901,86.658195
90.16251625862051,86.658195
91.69632830517627,86.658195
93.12788621529499,86.658195
91.69632830517627,86.658195
90.16251625862051,86.658195
90.16251625862051,86.658195
88.62870421206476,86.658195
88.62870421206476,86.658195
85.56108011895326,86.658195
87.09489216550901,86.658195
85.56108011895326,86.66145
85.56108011895326,86.66861
84.12952220883454,86.67458
84.12952220883454,86.66595
81.06189811572304,86.658195
81.06189811572304,86.658195
82.59571016227879,86.658195
85.56108011895326,86.658195
85.56108011895326,86.658195
88.62870421206476,86.658195
87.09489216550901,86.66543
82.59571016227879,86.67595
81.06189811572304,86.68143
82.59571016227879,86.658195
63.474186648550365,86.658195
63.474186648550365,86.658195
61.429103919809364,86.658195
60.40656255543885,86.658195
59.2817670546313,86.658195
59.2817670546313,86.658195
58.2592256902608,86.658195
54.06680609634172,86.658195
53.04426473197122,86.658195
52.12397750403777,86.658195
52.12397750403777,86.658195
51.20369027610432,86.658195
49.260861683800364,86.658195
48.340574455866914,86.658195
48.340574455866914,86.658195
47.42028722793345,86.658195
46.5,86.658195
46.5,86.658195
47.42028722793345,86.658195
54.06680609634172,86.658195
54.06680609634172,86.661514
51.20369027610432,86.67056
50.28340304817087,86.67919
49.260861683800364,86.67176
48.340574455866914,86.658195
49.260861683800364,86.658195
48.340574455866914,86.658195
49.260861683800364,86.658195
83.6182515266493,86.658195
81.98218534365648,86.658195
80.34611916066368,86.658195
76.97173265824102,86.658195
83.6182515266493,86.658195
80.34611916066368,86.658195
78.60779884123382,86.658195
76.97173265824102,86.658195
75.3356664752482,86.658195
75.3356664752482,86.658195
73.6996002922554,86.658195
73.6996002922554,86.658195
70.42746792626978,86.658195
68.9959100161511,86.658195
67.46209796959533,86.658195
66.03054005947664,86.69656
64.49672801292087,86.75713
64.49672801292087,86.77694
66.03054005947664,86.66304
66.03054005947664,86.658195
64.49672801292087,86.658195
64.49672801292087,86.658195
64.49672801292087,86.658195
66.03054005947664,86.658195
66.03054005947664,86.658195
64.49672801292087,86.658195
68.9959100161511,86.659706
70.42746792626978,86.6619
83.6182515266493,86.66304
81.98218534365648,86.658195
80.34611916066368,86.658195
76.97173265824102,86.658195
83.6182515266493,86.658195
80.34611916066368,86.658195
78.60779884123382,86.658195
76.97173265824102,86.658195
75.3356664752482,86.658195
75.3356664752482,86.658195
73.6996002922554,86.658195
73.6996002922554,86.658195
70.42746792626978,86.658195
68.9959100161511,86.658195
67.46209796959533,86.658195
66.03054005947664,86.658195
64.49672801292087,86.658195
64.49672801292087,86.658195
66.03054005947664,86.658195
66.03054005947664,86.658195
64.49672801292087,86.658195
64.49672801292087,86.658195
64.49672801292087,86.658195
66.03054005947664,86.658195
66.03054005947664,86.658195
64.49672801292087,86.658195
68.9959100161511,86.658195
81.98218534365648,86.66181
110.51108940959357,86.68177
112.55617213833457,86.706985
108.46600668085253,86.705444
106.42092395211152,86.658195
102.33075849462952,86.658195
106.42092395211152,86.658195
104.37584122337051,86.658195
118.69142032455758,86.66723
120.73650305329859,86.68398
112.55617213833457,86.69601
98.2405930371475,86.66982
102.33075849462952,86.658195
98.2405930371475,86.658195
94.15042757966549,86.658195
98.2405930371475,86.658195
96.1955103084065,86.658195
94.15042757966549,86.658195
94.15042757966549,86.658195
90.06026212218347,86.658195
88.01517939344247,86.658195
85.97009666470146,86.658195
85.97009666470146,86.658195
85.97009666470146,86.658195
83.92501393596045,86.658195
83.92501393596045,86.658195
81.87993120721943,86.658195
81.87993120721943,86.658195
81.87993120721943,86.658195
85.97009666470146,86.658195
75.74468302099642,86.658195
73.6996002922554,86.658195
71.6545175635144,86.658195
70.12070551695865,86.658195
70.12070551695865,86.658195
70.12070551695865,86.658195
68.58689347040288,86.658195
67.05308142384713,86.658195
65.51926937729137,86.658195
77.78976574973743,86.658195
85.97009666470146,86.658195
73.6996002922554,86.658195
70.12070551695865,86.658195
73.6996002922554,86.658195
79.83484847847843,86.658195
79.83484847847843,86.658195
75.74468302099642,86.658195
75.74468302099642,86.658195
68.58689347040288,86.658195
67.05308142384713,86.658195
65.51926937729137,86.66212
63.98545733073561,86.66784
60.9178332376241,86.67079
59.38402119106835,86.658195
57.8502091445126,86.658195
59.38402119106835,86.658195
62.45164528417987,86.65879
62.45164528417987,86.659676
83.6182515266493,86.66013
80.34611916066368,86.658195
78.60779884123382,86.658195
76.97173265824102,86.658195
75.3356664752482,86.658195
75.3356664752482,86.658195
72.0635341092626,86.658195
70.42746792626978,86.658195
78.60779884123382,86.658195
105.39838258774104,86.658195
103.35329985900005,86.67047
94.15042757966549,86.68904
86.89038389263492,86.697624
76.97173265824102,86.658195
73.6996002922554,86.658195
73.6996002922554,86.658195
72.0635341092626,86.658195
70.42746792626978,86.658195
68.9959100161511,86.658195
67.46209796959533,86.658195
66.03054005947664,86.658195
66.03054005947664,86.658195
76.97173265824102,86.658195
70.42746792626978,86.66272
70.42746792626978,86.66932
67.46209796959533,86.67273
64.49672801292087,86.658195
63.065170102802156,86.658195
73.6996002922554,86.658195
73.6996002922554,86.658195
73.6996002922554,86.658195
71.6545175635144,86.658195
70.12070551695865,86.658195
71.6545175635144,86.658195
71.6545175635144,86.658195
70.12070551695865,86.658195
68.58689347040288,86.658195
71.6545175635144,86.658195
71.6545175635144,86.658195
71.6545175635144,86.658195
71.6545175635144,86.658195
70.12070551695865,86.658195
70.12070551695865,86.658195
75.74468302099642,86.658195
83.92501393596045,86.66302
75.74468302099642,86.676056
73.6996002922554,86.6884
70.12070551695865,86.67757
68.58689347040288,86.658195
65.51926937729137,86.658195
70.12070551695865,86.658195
88.01517939344247,86.658195
88.01517939344247,86.669334
73.6996002922554,86.686005
67.05308142384713,86.69397
68.58689347040288,86.658195
85.35657184607916,86.658195
83.00472670802698,86.658195
83.00472670802698,86.658195
80.75513570641189,86.658195
78.50554470479678,86.658195
76.97173265824102,86.658195
74.82439579306295,86.658195
73.2905837465072,86.658195
73.2905837465072,86.658195
101.30821713025904,86.658195
142.20987170507917,86.658195
188.22423310175185,86.68127
141.18733034070866,86.741234
119.71396168892811,86.79209
108.46600668085253,86.735825
105.39838258774104,86.658195
100.28567576588853,86.658195
95.172968944036,86.66639
90.87829521367986,86.67832
91.69632830517627,86.68452
90.16251625862051,86.658195
86.99263802907197,86.658195
83.8227597995234,86.658195
83.00472670802698,86.658195
80.75513570641189,86.658195
100.28567576588853,86.658195
100.28567576588853,86.658195
142.20987170507917,86.66513
113.57871350270506,86.68209
81.47091466147124,86.69734
80.03935675135253,86.680466
79.22132365985613,86.658195
78.50554470479678,86.658195
80.75513570641189,86.658195
78.50554470479678,86.658195
76.97173265824102,86.66091
75.54017474812231,86.66487
74.82439579306295,86.666916
73.2905837465072,86.658195
72.57480479144786,86.658195
71.0409927448921,86.658195
69.6094348347734,86.658195
68.17787692465468,86.658195
68.17787692465468,86.658195
68.17787692465468,86.658195
65.31476110441727,86.658195
63.98545733073561,86.658195
61.32684978337231,86.658195
59.99754600969065,86.658195
59.99754600969065,86.658195
60.61107082831296,86.658195
60.61107082831296,86.658195
63.98545733073561,86.658195
62.65615355705396,86.658195
63.269678375676264,86.658195
64.59898214935792,86.658195
63.98545733073561,86.658195
101.30821713025904,86.658195
100.28567576588853,86.658195
103.35329985900005,86.658195
104.37584122337051,86.658195
102.33075849462952,86.658195
99.263134401518,86.658195
98.2405930371475,86.658195
98.2405930371475,86.658195
97.218051672777,86.658195
95.172968944036,86.658195
94.15042757966549,86.658195
94.15042757966549,86.658195
94.15042757966549,86.658195
94.15042757966549,86.658195
93.12788621529499,86.658195
90.87829521367986,86.658195
89.44673730356118,86.658195
88.01517939344247,86.658195
88.73095834850182,86.658195
94.15042757966549,86.658195
90.16251625862051,86.658195
88.01517939344247,86.658195
86.58362148332375,86.658195
84.53853875458275,86.658195
93.12788621529499,86.658195
98.2405930371475,86.658195
89.44673730356118,86.66693
93.12788621529499,86.68772
95.172968944036,86.70604
94.15042757966549,86.684326
94.15042757966549,86.658195
93.12788621529499,86.658195
101.30821713025904,86.659164
90.87829521367986,86.66057
89.34448316712411,86.66129
88.52645007562772,86.658195
87.81067112056836,86.658195
87.81067112056836,86.658195
86.17460493757557,86.658195
86.17460493757557,86.658195
84.6407928910198,86.658195
83.8227597995234,86.658195
83.00472670802698,86.658195
81.47091466147124,86.658195
82.28894775296764,86.658195
81.47091466147124,86.658195
80.03935675135253,86.658195
78.50554470479678,86.658195
79.22132365985613,86.658195
78.50554470479678,86.658195
76.97173265824102,86.658195
80.03935675135253,86.658195
79.22132365985613,86.658195
78.50554470479678,86.658195
77.78976574973743,86.658195
76.97173265824102,86.658195
84.6407928910198,86.658195
87.50390871125721,86.658195
86.78812975619785,86.658195
84.6407928910198,86.658195
83.2092349809011,86.658195
86.78812975619785,86.658195
89.03772075781296,86.663925
91.18505762299102,86.67225
88.21968766631656,86.6766
85.35657184607916,86.658195
83.2092349809011,86.658195
84.6407928910198,86.658195
91.18505762299102,86.658195
88.21968766631656,86.66073
83.92501393596045,86.66443
81.7776770707824,86.666336
80.44837329710073,86.658195
79.11906952341909,86.658195
77.07398679467806,86.658195
76.35820783961871,86.658195
75.02890406593707,86.658195
73.6996002922554,86.658195
73.6996002922554,86.658195
70.93873860845505,86.658195
69.6094348347734,86.658195
69.6094348347734,86.658195
68.28013106109174,86.658195
68.28013106109174,86.658195
69.6094348347734,86.658195
91.38956589586513,86.658195
89.44673730356118,86.658195
87.50390871125721,86.658195
83.2092349809011,86.658195
81.7776770707824,86.658195
81.36866052503419,86.658195
79.52808606916729,86.658195
79.52808606916729,86.658195
79.11906952341909,86.658195
79.93710261491549,86.658195
81.36866052503419,86.658195
84.6407928910198,86.658195
82.28894775296764,86.658195
80.44837329710073,86.658195
79.11906952341909,86.658195
79.11906952341909,86.658195
78.19878229548563,86.658195
76.86947852180397,86.658195
75.02890406593707,86.658195
75.02890406593707,86.658195
73.6996002922554,86.658195
78.60779884123382,86.658195
77.68751161330037,86.6591
76.35820783961871,86.66945
77.27849506755217,86.68328
80.44837329710073,86.68722
80.44837329710073,86.658195
79.11906952341909,86.66573
81.87993120721943,86.67669
78.60779884123382,86.682396
87.50390871125721,86.658195
72.71796058245972,86.658195
78.19878229548563,86.658195
77.99427402261153,86.658195
102.33075849462952,86.658195
103.35329985900005,86.658195
95.172968944036,86.658195
93.12788621529499,86.658195
91.38956589586513,86.658195
96.1955103084065,86.658195
450.22969414423966,86.658195
450.22969414423966,86.66963
450.22969414423966,86.686806
450.22969414423966,86.69493
450.22969414423966,86.658195
450.22969414423966,86.658195
450.22969414423966,86.658195
450.22969414423966,86.658195
450.22969414423966,86.658195
450.22969414423966,86.658195
450.22969414423966,86.658195
450.22969414423966,86.658195
450.22969414423966,86.658195
450.22969414423966,86.658195
450.22969414423966,86.666626
450.22969414423966,86.681305
450.22969414423966,86.69117
450.22969414423966,86.66595
450.22969414423966,86.66602
450.22969414423966,86.67743
450.22969414423966,86.683365
450.22969414423966,86.658195
450.22969414423966,86.658195
450.22969414423966,86.658195
450.22969414423966,86.658195
450.22969414423966,86.658195
450.22969414423966,86.658195
450.22969414423966,86.658195
89.54899143999822,86.658195
90.26477039505758,86.658195
90.67378694080577,86.658195
84.33403048170867,86.658195
83.10698084446405,86.658195
78.09652815904857,86.658195
93.12788621529499,86.658195
112.55617213833457,86.658195
123.80412714641011,86.67472
105.39838258774104,86.71191
96.1955103084065,86.739456
95.172968944036,86.69589
84.2317763452716,86.658195
74.61988752018887,86.658195
94.15042757966549,86.6591
100.28567576588853,86.660416
114.60125486707558,86.6611
112.55617213833457,86.658195
114.60125486707558,86.658195
120.73650305329859,86.658195
112.55617213833457,86.658195
111.53363077396405,86.658195
106.42092395211152,86.658195
107.44346531648205,86.658195
101.30821713025904,86.658195
105.39838258774104,86.658195
105.39838258774104,86.658195
98.2405930371475,86.658195
101.30821713025904,86.658195
98.2405930371475,86.658195
93.12788621529499,86.658195
107.44346531648205,86.658195
104.37584122337051,86.658195
89.24222903068707,86.658195
97.218051672777,86.658195
96.1955103084065,86.658195
100.28567576588853,86.658195
76.86947852180397,86.658195
99.263134401518,86.658195
105.39838258774104,86.658195
103.35329985900005,86.658195
93.12788621529499,86.658195
105.39838258774104,86.658195
113.57871350270506,86.658195
98.2405930371475,86.658195
114.60125486707558,86.658195
113.57871350270506,86.658195
103.35329985900005,86.661934
100.28567576588853,86.66739
97.218051672777,86.67021
91.59407416873923,86.658195
118.69142032455758,86.658195
115.62379623144605,86.658195
108.46600668085253,86.658195
111.53363077396405,86.658195
94.15042757966549,86.658195
101.30821713025904,86.658195
86.2768590740126,86.658195
83.92501393596045,86.658195
90.87829521367986,86.658195
99.263134401518,86.658195
107.44346531648205,86.658195
116.64633759581658,86.66073
93.12788621529499,86.66443
106.42092395211152,86.666336
103.35329985900005,86.658195
96.1955103084065,86.658195
92.00309071448743,86.658195
96.1955103084065,86.658195
100.28567576588853,86.66181
97.218051672777,86.6671
96.1955103084065,86.66982
95.172968944036,86.658195
100.28567576588853,86.658195
97.218051672777,86.658195
102.33075849462952,86.658195
100.28567576588853,86.658195
90.77604107724282,86.658195
92.10534485092447,86.658195
92.10534485092447,86.658195
92.10534485092447,86.658195
87.40165457482017,86.658195
106.42092395211152,86.658195
113.57871350270506,86.658195
101.30821713025904,86.658195
99.263134401518,86.658195
88.21968766631656,86.658195
89.65124557643527,86.658195
108.46600668085253,86.658195
101.30821713025904,86.658195
103.35329985900005,86.658195
100.28567576588853,86.658195
103.35329985900005,86.658195
99.263134401518,86.658195
99.263134401518,86.658195
100.28567576588853,86.658195
94.15042757966549,86.658195
103.35329985900005,86.658195
101.30821713025904,86.658195
100.28567576588853,86.658195
84.0272680723975,86.658195
81.5731687979083,86.658195
97.218051672777,86.658195
88.73095834850182,86.658195
91.79858244161333,86.658195
95.172968944036,86.658195
112.55617213833457,86.658195
81.98218534365648,86.658195
88.83321248493887,86.658195
98.2405930371475,86.658195
87.81067112056836,86.66181
81.98218534365648,86.6671
76.56271611249282,86.66982
81.36866052503419,86.658195
240.37384268464757,86.6603
199.47218810982739,86.66339
153.45782671315473,86.69299
120.73650305329859,86.73105
88.32194180275361,86.74801
97.218051672777,86.66304
106.42092395211152,86.658195
96.1955103084065,86.658195
96.1955103084065,86.658195
101.30821713025904,86.658195
89.95800798574643,86.658195
85.4588259825162,86.658195
95.172968944036,86.658195
90.26477039505758,86.658195
90.57153280436873,86.65891
121.7590444176691,86.65997
119.71396168892811,86.66052
110.51108940959357,86.658195
100.28567576588853,86.658195
92.00309071448743,86.658195
116.64633759581658,86.658195
99.263134401518,86.658195
97.218051672777,86.658195
95.172968944036,86.658195
95.172968944036,86.658195
98.2405930371475,86.658195
89.13997489425002,86.658195
86.78812975619785,86.658195
90.87829521367986,86.658195
89.13997489425002,86.658195
92.10534485092447,86.658195
94.15042757966549,86.658195
104.37584122337051,86.658195
113.57871350270506,86.658195
100.28567576588853,86.658195
99.263134401518,86.658195
98.2405930371475,86.658195
91.28731175942809,86.658195
94.15042757966549,86.658195
94.15042757966549,86.658195
93.12788621529499,86.658195
97.218051672777,86.658195
94.15042757966549,86.658195
92.10534485092447,86.658195
83.00472670802698,86.658195
76.66497024892988,86.658195
66.95082728741008,86.658195
74.00636270156656,86.658195
78.71005297767088,86.658195
79.11906952341909,86.658195
71.4500092906403,86.658195
60.81557910118706,86.658195
71.55226342707735,86.658195
73.18832961007016,86.658195
72.98382133719605,86.658195
80.75513570641189,86.658195
68.17787692465468,86.658195
72.98382133719605,86.658195
73.6996002922554,86.658195
63.57644078498742,86.658195
73.08607547363312,86.658195
72.98382133719605,86.658195
70.32521378983274,86.658195
72.98382133719605,86.658195
67.46209796959533,86.658195
68.58689347040288,86.658195
63.678694921424466,86.658195
65.92828592303958,86.658195
65.51926937729137,86.658195
65.51926937729137,86.658195
66.64406487809892,86.658195
51.61270682185252,86.658195
77.58525747686332,86.658195
78.19878229548563,86.658195
95.172968944036,86.658195
90.98054935011693,86.658195
82.59571016227879,86.658195
90.16251625862051,86.658195
88.83321248493887,86.658195
78.40329056835972,86.658195
87.91292525700541,86.658195
89.13997489425002,86.658195
124.82666851078059,86.663506
123.80412714641011,86.6892
107.44346531648205,86.72118
101.30821713025904,86.715836
95.172968944036,86.66085
95.172968944036,86.66473
88.52645007562772,86.666725
94.15042757966549,86.658195
89.24222903068707,86.658195
88.93546662137592,86.658195
93.12788621529499,86.658195
89.34448316712411,86.658195
83.6182515266493,86.658195
86.89038389263492,86.658195
81.5731687979083,86.658195
80.75513570641189,86.660065
80.03935675135253,86.662796
68.68914760683994,86.6642
103.35329985900005,86.658195
96.1955103084065,86.658195
111.53363077396405,86.658195
104.37584122337051,86.658195
97.218051672777,86.658195
89.34448316712411,86.658195
102.33075849462952,86.658195
89.85575384930937,86.658195
99.263134401518,86.658195
98.2405930371475,86.658195
99.263134401518,86.658195
100.28567576588853,86.658195
79.63034020560433,86.658195
99.263134401518,86.658195
101.30821713025904,86.658195
79.63034020560433,86.658195
121.7590444176691,86.65886
116.64633759581658,86.664955
110.51108940959357,86.6804
101.30821713025904,86.69305
97.218051672777,86.682396
91.90083657805037,86.658195
101.30821713025904,86.658195
102.33075849462952,86.658195
97.218051672777,86.658195
101.30821713025904,86.658195
92.10534485092447,86.658195
98.2405930371475,86.658195
75.64242888455937,86.658195
77.07398679467806,86.658195
81.5731687979083,86.658195
83.00472670802698,86.658195
84.6407928910198,86.658195
74.82439579306295,86.658195
78.60779884123382,86.658195
102.33075849462952,86.658195
91.49182003230219,86.658195
114.60125486707558,86.68412
93.12788621529499,86.7437
88.73095834850182,86.78824
79.11906952341909,86.7219
82.49345602584174,86.658195
84.74304702745685,86.658195
88.21968766631656,86.659706
90.77604107724282,86.6619
90.77604107724282,86.66304
89.75349971287233,86.658195
84.53853875458275,86.658195
78.09652815904857,86.658195
76.15369956674462,86.658195
86.0723508011385,86.658195
80.03935675135253,86.658195
82.08443948009355,86.658195
80.03935675135253,86.658195
79.11906952341909,86.658195
79.63034020560433,86.658195
76.76722438536692,86.658195
78.60779884123382,86.658195
81.16415225216008,86.658195
77.58525747686332,86.658195
75.64242888455937,86.658195
77.58525747686332,86.658195
103.35329985900005,86.658195
127.89429260389211,86.66825
113.57871350270506,86.70024
88.11743352987952,86.738434
85.56108011895326,86.7243
93.12788621529499,86.67273
83.6182515266493,86.658195
87.91292525700541,86.658195
85.66333425539031,86.658195
90.06026212218347,86.658195
78.09652815904857,86.658195
84.12952220883454,86.658195
95.172968944036,86.658195
138.11970624759718,86.676506
97.218051672777,86.71937
97.218051672777,86.75218
94.15042757966549,86.704704
99.263134401518,86.67639
89.13997489425002,86.70484
83.51599739021223,86.71621
87.81067112056836,86.658195
93.12788621529499,86.658195
97.218051672777,86.658195
102.33075849462952,86.658195
102.33075849462952,86.658195
128.91683396826264,86.658195
125.84920987515112,86.658195
124.82666851078059,86.658195
122.78158578203958,86.658195
122.78158578203958,86.658195
121.7590444176691,86.658195
121.7590444176691,86.658195
124.82666851078059,86.658195
105.39838258774104,86.658195
109.48854804522306,86.658195
93.12788621529499,86.658195
88.11743352987952,86.658195
103.35329985900005,86.658195
119.71396168892811,86.658195
126.87175123952164,86.66573
130.96191669700363,86.68238
117.6688789601871,86.70375
116.64633759581658,86.69498
103.35329985900005,86.682396
117.6688789601871,86.658195
106.42092395211152,86.658195
106.42092395211152,86.658195
96.1955103084065,86.658195
99.263134401518,86.658195
94.15042757966549,86.658195
96.1955103084065,86.658195
98.2405930371475,86.65946
109.48854804522306,86.66131
108.46600668085253,86.66226
112.55617213833457,86.658195
111.53363077396405,86.658195
113.57871350270506,86.66513
110.51108940959357,86.67521
109.48854804522306,86.680466
91.38956589586513,86.658195
104.37584122337051,86.658195
102.33075849462952,86.658195
93.12788621529499,86.658195
93.12788621529499,86.658195
93.12788621529499,86.658195
96.1955103084065,86.658195
98.2405930371475,86.658195
106.42092395211152,86.658195
96.1955103084065,86.658195
104.37584122337051,86.658195
119.71396168892811,86.658195
107.44346531648205,86.66145
102.33075849462952,86.66621
92.10534485092447,86.66866
100.28567576588853,86.658195
117.6688789601871,86.658195
115.62379623144605,86.658195
114.60125486707558,86.658195
114.60125486707558,86.65946
94.15042757966549,86.665596
96.1955103084065,86.67278
98.2405930371475,86.67195
106.42092395211152,86.658195
102.33075849462952,86.658195
100.28567576588853,86.658195
100.28567576588853,86.658195
100.28567576588853,86.658195
94.15042757966549,86.658195
100.28567576588853,86.65928
109.48854804522306,86.660866
90.87829521367986,86.66169
86.58362148332375,86.658195
77.99427402261153,86.658195
77.17624093111513,86.658195
75.02890406593707,86.658195
74.72214165662591,86.658195
99.263134401518,86.658195
81.47091466147124,86.658195
82.59571016227879,86.658195
81.7776770707824,86.658195
69.91619724408453,86.658195
64.80349042223202,86.658195
69.8139431076475,86.658195
85.049809436768,86.658195
86.89038389263492,86.658195
80.95964397928599,86.658195
72.98382133719605,86.658195
67.15533556028417,86.658195
108.46600668085253,86.658195
97.218051672777,86.658195
104.37584122337051,86.658195
112.55617213833457,86.658195
96.1955103084065,86.658195
95.172968944036,86.658195
94.15042757966549,86.658195
93.12788621529499,86.658195
99.263134401518,86.658195
98.2405930371475,86.658195
98.2405930371475,86.658195
81.36866052503419,86.658195
104.37584122337051,86.658195
79.11906952341909,86.658195
84.33403048170867,86.658195
91.59407416873923,86.658195
89.03772075781296,86.658195
92.10534485092447,86.658195
90.26477039505758,86.658195
87.40165457482017,86.658195
92.00309071448743,86.658195
97.218051672777,86.658195
94.15042757966549,86.658195
89.03772075781296,86.658195
76.25595370318166,86.658195
87.19714630194606,86.658195
93.12788621529499,86.658195
89.24222903068707,86.658195
116.64633759581658,86.658195
117.6688789601871,86.658195
114.60125486707558,86.658195
104.37584122337051,86.658195
109.48854804522306,86.658195
101.30821713025904,86.658195
105.39838258774104,86.658195
102.33075849462952,86.658195
100.28567576588853,86.658195
90.36702453149462,86.658195
94.15042757966549,86.658195
97.218051672777,86.658195
100.28567576588853,86.658195
103.35329985900005,86.658195
106.42092395211152,86.659706
94.15042757966549,86.6619
98.2405930371475,86.66304
81.87993120721943,86.658195
77.58525747686332,86.658195
84.94755530033095,86.658195
85.97009666470146,86.658195
96.1955103084065,86.658195
98.2405930371475,86.658195
99.263134401518,86.658195
84.84530116389391,86.658195
95.172968944036,86.658195
86.99263802907197,86.658195
87.50390871125721,86.658195
124.82666851078059,86.658195
123.80412714641011,86.658195
123.80412714641011,86.658195
126.87175123952164,86.658195
134.02954079011516,86.658195
127.89429260389211,86.658195
136.07462351885619,86.658195
149.36766125567272,86.658195
183.11152627989938,86.66127
216.855391304126,86.69505
155.50290944189572,86.75914
143.2324130694497,86.790215
143.2324130694497,86.71324
133.00699942574465,86.658195
160.61561626374825,86.658195
140.16478897633817,86.658615
146.30003716256118,86.65923
131.9844580613741,86.65955
135.05208215448565,86.66308
123.80412714641011,86.6702
136.07462351885619,86.67581
134.02954079011516,86.66295
131.9844580613741,86.6644
124.82666851078059,86.658195
127.89429260389211,86.658195
123.80412714641011,86.658195
128.91683396826264,86.658195
140.16478897633817,86.658195
64.39447387648383,86.659035
64.39447387648383,86.64267
65.72377765016547,86.629326
73.59734615581836,86.634224
73.59734615581836,86.64285
75.02890406593707,86.65421
70.93873860845505,86.6577
70.93873860845505,86.637825
69.71168897121044,86.63509
69.71168897121044,86.634224
69.71168897121044,86.634224
69.71168897121044,86.63615
69.71168897121044,86.63915
72.2680423821367,86.64051
75.02890406593707,86.63632
75.02890406593707,86.634224
76.46046197605577,86.634224
73.59734615581836,86.63523
73.59734615581836,86.63846
73.59734615581836,86.64282
70.93873860845505,86.645256
70.93873860845505,86.64322
70.93873860845505,86.64208
70.93873860845505,86.63967
70.93873860845505,86.64016
68.38238519752878,86.634224
68.38238519752878,86.634224
68.38238519752878,86.634224
70.93873860845505,86.634224
76.86947852180397,86.634224
75.74468302099642,86.63554
73.39283788294426,86.63695
72.2680423821367,86.6372
71.24550101776619,86.634224
71.24550101776619,86.634224
71.24550101776619,86.634224
70.12070551695865,86.634224
67.97336865178059,86.63623
66.95082728741008,86.63839
65.92828592303958,86.63876
65.92828592303958,86.63646
64.80349042223202,86.63887
65.92828592303958,86.64014
65.92828592303958,86.64019
63.78094905786152,86.64502
63.78094905786152,86.64386
61.633612192683465,86.634224
61.633612192683465,86.634224
61.633612192683465,86.634224
63.78094905786152,86.634224
61.633612192683465,86.634224
60.61107082831296,86.634224
59.6907836003795,86.634224
60.61107082831296,86.634224
60.61107082831296,86.634224
58.668242236009,86.634224
57.64570087163849,86.634224
118.69142032455758,86.634224
118.69142032455758,86.634224
116.64633759581658,86.6436
110.51108940959357,86.65589
110.51108940959357,86.659164
111.53363077396405,86.63748
108.46600668085253,86.64116
105.39838258774104,86.64826
104.37584122337051,86.64855
104.37584122337051,86.63504
102.33075849462952,86.63842
102.33075849462952,86.642
102.33075849462952,86.64152
101.30821713025904,86.634224
99.263134401518,86.634224
97.218051672777,86.634224
97.218051672777,86.634224
102.33075849462952,86.63453
97.218051672777,86.63893
95.172968944036,86.643486
94.15042757966549,86.645065
94.15042757966549,86.63743
92.10534485092447,86.63772
91.18505762299102,86.634224
89.95800798574643,86.634224
88.73095834850182,86.634224
88.73095834850182,86.634224
88.73095834850182,86.634224
79.11906952341909,86.634224
77.99427402261153,86.645905
76.86947852180397,86.65983
74.5176333837518,86.6623
73.39283788294426,86.634224
72.2680423821367,86.634224
72.2680423821367,86.63446
72.2680423821367,86.634705
70.12070551695865,86.63475
70.12070551695865,86.634224
67.97336865178059,86.634224
66.95082728741008,86.634224
66.95082728741008,86.634224
66.95082728741008,86.634224
66.95082728741008,86.634224
65.92828592303958,86.634224
63.78094905786152,86.634224
61.633612192683465,86.634224
61.633612192683465,86.634224
61.633612192683465,86.634224
59.6907836003795,86.634224
59.6907836003795,86.634224
60.61107082831296,86.635376
61.633612192683465,86.63778
61.633612192683465,86.641014
63.78094905786152,86.640526
61.633612192683465,86.639786
61.633612192683465,86.63758
66.23504833235073,86.63873
67.46209796959533,86.63602
66.23504833235073,86.6358
65.00799869510612,86.634224
63.678694921424466,86.634224
61.22459564693525,86.634224
59.99754600969065,86.634224
59.99754600969065,86.634224
59.99754600969065,86.634224
61.22459564693525,86.634224
61.22459564693525,86.634224
59.99754600969065,86.634224
59.99754600969065,86.63561
57.44119259876439,86.63865
56.2141429615198,86.64057
56.2141429615198,86.63772
54.987093324275186,86.634224
54.987093324275186,86.634224
53.86229782346763,86.634224
54.987093324275186,86.634224
59.99754600969065,86.634224
59.99754600969065,86.6387
54.987093324275186,86.64371
53.86229782346763,86.64454
52.73750232266007,86.634224
51.61270682185252,86.634224
50.48791132104497,86.634224
50.48791132104497,86.634224
50.48791132104497,86.634224
84.12952220883454,86.634224
84.12952220883454,86.634224
84.84530116389391,86.634224
82.59571016227879,86.636536
84.12952220883454,86.63903
84.12952220883454,86.64008
84.12952220883454,86.635895
82.59571016227879,86.63773
82.59571016227879,86.638596
79.73259434204138,86.63972
80.34611916066368,86.63997
79.01681538698203,86.64103
78.30103643192268,86.63974
78.30103643192268,86.63509
76.97173265824102,86.634224
75.64242888455937,86.634224
78.30103643192268,86.634224
78.30103643192268,86.64374
77.68751161330037,86.65635
76.97173265824102,86.65981
77.68751161330037,86.63737
78.30103643192268,86.634224
76.97173265824102,86.634224
75.64242888455937,86.634224
82.59571016227879,86.634224
81.87993120721943,86.634224
78.30103643192268,86.634224
78.30103643192268,86.634224
450.22969414423966,86.634224
450.22969414423966,86.634224
450.22969414423966,86.634224
450.22969414423966,86.634224
450.22969414423966,86.634224
450.22969414423966,86.634224
450.22969414423966,86.634224
450.22969414423966,86.634224
450.22969414423966,86.634224
450.22969414423966,86.634224
450.22969414423966,86.634224
118.69142032455758,86.634224
109.48854804522306,86.64652
104.37584122337051,86.66119
105.39838258774104,86.6638
110.51108940959357,86.63461
105.39838258774104,86.644875
101.30821713025904,86.65865
99.263134401518,86.66209
99.263134401518,86.63894
97.218051672777,86.634224
97.218051672777,86.634224
96.1955103084065,86.634224
93.12788621529499,86.634224
89.95800798574643,86.634224
86.58362148332375,86.634224
85.66333425539031,86.634224
85.049809436768,86.634224
112.55617213833457,86.634224
115.62379623144605,86.634224
118.69142032455758,86.634224
116.64633759581658,86.646454
116.64633759581658,86.66104
116.64633759581658,86.66433
115.62379623144605,86.635666
114.60125486707558,86.6358
114.60125486707558,86.634224
114.60125486707558,86.634224
115.62379623144605,86.634224
112.55617213833457,86.634224
112.55617213833457,86.634224
112.55617213833457,86.634224
112.55617213833457,86.634224
112.55617213833457,86.634224
112.55617213833457,86.634224
114.60125486707558,86.635765
114.60125486707558,86.63982
111.53363077396405,86.64268
109.48854804522306,86.63964
106.42092395211152,86.634224
105.39838258774104,86.634224
105.39838258774104,86.634224
103.35329985900005,86.634224
102.33075849462952,86.634224
102.33075849462952,86.634995
102.33075849462952,86.64207
88.62870421206476,86.64941
88.62870421206476,86.648895
90.16251625862051,86.634224
88.62870421206476,86.634224
87.09489216550901,86.634224
90.16251625862051,86.634224
91.69632830517627,86.634224
93.12788621529499,86.634224
91.69632830517627,86.634224
90.16251625862051,86.634224
90.16251625862051,86.634224
88.62870421206476,86.634224
88.62870421206476,86.634224
85.56108011895326,86.634224
87.09489216550901,86.63561
85.56108011895326,86.63749
85.56108011895326,86.64434
84.12952220883454,86.648384
84.12952220883454,86.64873
81.06189811572304,86.634224
81.06189811572304,86.634224
82.59571016227879,86.635376
85.56108011895326,86.63855
85.56108011895326,86.64477
88.62870421206476,86.64684
87.09489216550901,86.65329
82.59571016227879,86.65981
81.06189811572304,86.66888
82.59571016227879,86.648735
63.474186648550365,86.64135
63.474186648550365,86.634224
61.429103919809364,86.634224
60.40656255543885,86.634224
59.2817670546313,86.634224
59.2817670546313,86.634224
58.2592256902608,86.634224
54.06680609634172,86.634224
53.04426473197122,86.634224
52.12397750403777,86.634224
52.12397750403777,86.634224
51.20369027610432,86.634224
49.260861683800364,86.634224
48.340574455866914,86.634224
48.340574455866914,86.634224
47.42028722793345,86.634224
46.5,86.634224
46.5,86.634224
47.42028722793345,86.634224
54.06680609634172,86.634224
54.06680609634172,86.64245
51.20369027610432,86.663734
50.28340304817087,86.67939
49.260861683800364,86.66285
48.340574455866914,86.63526
49.260861683800364,86.63558
48.340574455866914,86.63475
49.260861683800364,86.634224
83.6182515266493,86.634224
81.98218534365648,86.634224
80.34611916066368,86.634224
76.97173265824102,86.634224
83.6182515266493,86.634224
80.34611916066368,86.634224
78.60779884123382,86.634224
76.97173265824102,86.634224
75.3356664752482,86.634995
75.3356664752482,86.63775
73.6996002922554,86.63998
73.6996002922554,86.64469
70.42746792626978,86.68687
68.9959100161511,86.7382
67.46209796959533,86.73535
66.03054005947664,86.66001
64.49672801292087,86.69023
64.49672801292087,86.6945
66.03054005947664,86.63772
66.03054005947664,86.634224
64.49672801292087,86.63836
64.49672801292087,86.642944
64.49672801292087,86.64377
66.03054005947664,86.634384
66.03054005947664,86.65109
64.49672801292087,86.68844
68.9959100161511,86.71344
70.42746792626978,86.67741
83.6182515266493,86.63985
81.98218534365648,86.645706
80.34611916066368,86.64655
76.97173265824102,86.634224
83.6182515266493,86.634224
80.34611916066368,86.64095
78.60779884123382,86.648735
76.97173265824102,86.65008
75.3356664752482,86.634224
75.3356664752482,86.634224
73.6996002922554,86.634224
73.6996002922554,86.634224
70.42746792626978,86.634224
68.9959100161511,86.6343
67.46209796959533,86.634384
66.03054005947664,86.6344
64.49672801292087,86.634224
64.49672801292087,86.634224
66.03054005947664,86.634224
66.03054005947664,86.634224
64.49672801292087,86.634224
64.49672801292087,86.634224
64.49672801292087,86.634224
66.03054005947664,86.634224
66.03054005947664,86.634224
64.49672801292087,86.634224
68.9959100161511,86.634224
81.98218534365648,86.634384
110.51108940959357,86.65056
112.55617213833457,86.673256
108.46600668085253,86.68202
106.42092395211152,86.647934
102.33075849462952,86.64603
106.42092395211152,86.64578
104.37584122337051,86.64202
118.69142032455758,86.634224
120.73650305329859,86.64787
112.55617213833457,86.66666
98.2405930371475,86.67223
102.33075849462952,86.63982
98.2405930371475,86.63446
94.15042757966549,86.63771
98.2405930371475,86.6413
96.1955103084065,86.641655
94.15042757966549,86.634926
94.15042757966549,86.634224
90.06026212218347,86.634224
88.01517939344247,86.634995
85.97009666470146,86.63583
85.97009666470146,86.63598
85.97009666470146,86.63561
83.92501393596045,86.63711
83.92501393596045,86.63737
81.87993120721943,86.634224
81.87993120721943,86.634224
81.87993120721943,86.634224
85.97009666470146,86.634224
75.74468302099642,86.6343
73.6996002922554,86.634384
71.6545175635144,86.63502
70.12070551695865,86.635506
70.12070551695865,86.63563
70.12070551695865,86.634224
68.58689347040288,86.634224
67.05308142384713,86.634224
65.51926937729137,86.634224
77.78976574973743,86.634224
85.97009666470146,86.634224
73.6996002922554,86.634224
70.12070551695865,86.634224
73.6996002922554,86.634224
79.83484847847843,86.634224
79.83484847847843,86.634224
75.74468302099642,86.634224
75.74468302099642,86.63569
68.58689347040288,86.63727
67.05308142384713,86.63754
65.51926937729137,86.64095
63.98545733073561,86.6495
60.9178332376241,86.65167
59.38402119106835,86.63598
57.8502091445126,86.634384
59.38402119106835,86.634544
62.45164528417987,86.634575
62.45164528417987,86.634224
83.6182515266493,86.634224
80.34611916066368,86.63938
78.60779884123382,86.64523
76.97173265824102,86.64622
75.3356664752482,86.634224
75.3356664752482,86.634224
72.0635341092626,86.634224
70.42746792626978,86.634224
78.60779884123382,86.634224
105.39838258774104,86.634224
103.35329985900005,86.65058
94.15042757966549,86.67339
86.89038389263492,86.680336
76.97173265824102,86.641426
73.6996002922554,86.634384
73.6996002922554,86.6344
72.0635341092626,86.634995
70.42746792626978,86.6359
68.9959100161511,86.64977
67.46209796959533,86.6644
66.03054005947664,86.66715
66.03054005947664,86.634224
76.97173265824102,86.634224
70.42746792626978,86.64061
70.42746792626978,86.656006
67.46209796959533,86.66672
64.49672801292087,86.65343
63.065170102802156,86.634224
73.6996002922554,86.634224
73.6996002922554,86.634224
73.6996002922554,86.634995
71.6545175635144,86.63583
70.12070551695865,86.63598
71.6545175635144,86.634224
71.6545175635144,86.6343
70.12070551695865,86.65162
68.58689347040288,86.67242
71.6545175635144,86.676
71.6545175635144,86.6387
71.6545175635144,86.64409
71.6545175635144,86.64534
70.12070551695865,86.63509
70.12070551695865,86.634224
75.74468302099642,86.634224
83.92501393596045,86.63723
75.74468302099642,86.645195
73.6996002922554,86.651085
70.12070551695865,86.65644
68.58689347040288,86.659676
65.51926937729137,86.66289
70.12070551695865,86.63598
88.01517939344247,86.6343
88.01517939344247,86.64938
73.6996002922554,86.66758
67.05308142384713,86.670815
68.58689347040288,86.634575
85.35657184607916,86.64313
83.00472670802698,86.6536
83.00472670802698,86.65543
80.75513570641189,86.634224
78.50554470479678,86.63615
76.97173265824102,86.63823
74.82439579306295,86.638596
73.2905837465072,86.634224
73.2905837465072,86.634224
101.30821713025904,86.634224
142.20987170507917,86.645164
188.22423310175185,86.66696
141.18733034070866,86.69332
119.71396168892811,86.69305
108.46600668085253,86.6837
105.39838258774104,86.65192
100.28567576588853,86.634224
95.172968944036,86.6343
90.87829521367986,86.634384
91.69632830517627,86.6344
90.16251625862051,86.634224
86.99263802907197,86.63446
83.8227597995234,86.63509
83.00472670802698,86.63763
80.75513570641189,86.63942
100.28567576588853,86.63894
100.28567576588853,86.63615
142.20987170507917,86.644875
113.57871350270506,86.66916
81.47091466147124,86.68582
80.03935675135253,86.673836
79.22132365985613,86.63461
78.50554470479678,86.636566
80.75513570641189,86.63946
78.50554470479678,86.64296
76.97173265824102,86.64391
75.54017474812231,86.64461
74.82439579306295,86.641205
73.2905837465072,86.644585
72.57480479144786,86.646324
71.0409927448921,86.64454
69.6094348347734,86.634224
68.17787692465468,86.634224
68.17787692465468,86.634224
68.17787692465468,86.634224
65.31476110441727,86.634224
63.98545733073561,86.634224
61.32684978337231,86.634224
59.99754600969065,86.634224
59.99754600969065,86.634224
60.61107082831296,86.64353
60.61107082831296,86.65451
63.98545733073561,86.65652
62.65615355705396,86.64159
63.269678375676264,86.64997
64.59898214935792,86.6514
63.98545733073561,86.63532
101.30821713025904,86.636406
100.28567576588853,86.63646
103.35329985900005,86.63475
104.37584122337051,86.634224
102.33075849462952,86.63723
99.263134401518,86.64047
98.2405930371475,86.64548
98.2405930371475,86.64371
97.218051672777,86.64684
95.172968944036,86.640724
94.15042757966549,86.64298
94.15042757966549,86.63807
94.15042757966549,86.634224
94.15042757966549,86.634224
93.12788621529499,86.634224
90.87829521367986,86.634224
89.44673730356118,86.634224
88.01517939344247,86.634224
88.73095834850182,86.634224
94.15042757966549,86.634224
90.16251625862051,86.64006
88.01517939344247,86.646904
86.58362148332375,86.64821
84.53853875458275,86.63512
93.12788621529499,86.63535
98.2405930371475,86.63552
89.44673730356118,86.642746
93.12788621529499,86.652565
95.172968944036,86.6541
94.15042757966549,86.634224
94.15042757966549,86.634224
93.12788621529499,86.634224
101.30821713025904,86.634224
90.87829521367986,86.634224
89.34448316712411,86.634224
88.52645007562772,86.634224
87.81067112056836,86.634224
87.81067112056836,86.634224
86.17460493757557,86.634224
86.17460493757557,86.634224
84.6407928910198,86.634224
83.8227597995234,86.634224
83.00472670802698,86.634224
81.47091466147124,86.634224
82.28894775296764,86.634224
81.47091466147124,86.634224
80.03935675135253,86.634224
78.50554470479678,86.634224
79.22132365985613,86.634224
78.50554470479678,86.634224
76.97173265824102,86.634224
80.03935675135253,86.64747
79.22132365985613,86.663315
78.50554470479678,86.66615
77.78976574973743,86.634224
76.97173265824102,86.634995
84.6407928910198,86.636444
87.50390871125721,86.63726
86.78812975619785,86.63563
84.6407928910198,86.635765
83.2092349809011,86.63743
86.78812975619785,86.63772
89.03772075781296,86.634224
91.18505762299102,86.64177
88.21968766631656,86.65132
85.35657184607916,86.65414
83.2092349809011,86.64222
84.6407928910198,86.64658
91.18505762299102,86.64655
88.21968766631656,86.642784
83.92501393596045,86.65284
81.7776770707824,86.6546
80.44837329710073,86.634224
79.11906952341909,86.634224
77.07398679467806,86.634224
76.35820783961871,86.634224
75.02890406593707,86.634224
73.6996002922554,86.634224
73.6996002922554,86.634224
70.93873860845505,86.634224
69.6094348347734,86.634224
69.6094348347734,86.634224
68.28013106109174,86.634224
68.28013106109174,86.634224
69.6094348347734,86.63925
91.38956589586513,86.64493
89.44673730356118,86.645874
87.50390871125721,86.634224
83.2092349809011,86.634224
81.7776770707824,86.634224
81.36866052503419,86.634224
79.52808606916729,86.634224
79.52808606916729,86.634224
79.11906952341909,86.634224
79.93710261491549,86.634224
81.36866052503419,86.634224
84.6407928910198,86.634224
82.28894775296764,86.634224
80.44837329710073,86.634224
79.11906952341909,86.634224
79.11906952341909,86.634224
78.19878229548563,86.63446
76.86947852180397,86.634705
75.02890406593707,86.63475
75.02890406593707,86.634224
73.6996002922554,86.64108
78.60779884123382,86.65003
77.68751161330037,86.65248
76.35820783961871,86.64199
77.27849506755217,86.64599
80.44837329710073,86.64821
80.44837329710073,86.63817
79.11906952341909,86.64158
81.87993120721943,86.64323
78.60779884123382,86.64252
87.50390871125721,86.639465
72.71796058245972,86.634224
78.19878229548563,86.634224
77.99427402261153,86.634224
102.33075849462952,86.634224
103.35329985900005,86.634224
95.172968944036,86.634384
93.12788621529499,86.634544
91.38956589586513,86.634575
96.1955103084065,86.634224
450.22969414423966,86.634224
450.22969414423966,86.647125
450.22969414423966,86.66255
450.22969414423966,86.66531
450.22969414423966,86.634224
450.22969414423966,86.634224
450.22969414423966,86.634224
450.22969414423966,86.634224
450.22969414423966,86.64774
450.22969414423966,86.66392
450.22969414423966,86.6672
450.22969414423966,86.641815
450.22969414423966,86.64976
450.22969414423966,86.65024
450.22969414423966,86.64659
450.22969414423966,86.667984
450.22969414423966,86.67837
450.22969414423966,86.65122
450.22969414423966,86.65584
450.22969414423966,86.68051
450.22969414423966,86.68339
450.22969414423966,86.63685
450.22969414423966,86.634224
450.22969414423966,86.634224
450.22969414423966,86.634224
450.22969414423966,86.634224
450.22969414423966,86.634224
450.22969414423966,86.634224
89.54899143999822,86.634224
90.26477039505758,86.634224
90.67378694080577,86.634224
84.33403048170867,86.634224
83.10698084446405,86.634224
78.09652815904857,86.634224
93.12788621529499,86.63561
112.55617213833457,86.63711
123.80412714641011,86.66058
105.39838258774104,86.69236
96.1955103084065,86.70489
95.172968944036,86.64923
84.2317763452716,86.634224
74.61988752018887,86.634224
94.15042757966549,86.63638
100.28567576588853,86.63871
114.60125486707558,86.64651
112.55617213833457,86.65026
114.60125486707558,86.65175
120.73650305329859,86.634224
112.55617213833457,86.634224
111.53363077396405,86.634224
106.42092395211152,86.634224
107.44346531648205,86.64618
101.30821713025904,86.661194
105.39838258774104,86.664566
105.39838258774104,86.63636
98.2405930371475,86.635025
101.30821713025904,86.63509
98.2405930371475,86.636536
93.12788621529499,86.63903
107.44346531648205,86.639465
104.37584122337051,86.64006
89.24222903068707,86.64676
97.218051672777,86.647896
96.1955103084065,86.634224
100.28567576588853,86.64821
76.86947852180397,86.66498
99.263134401518,86.667984
105.39838258774104,86.634224
103.35329985900005,86.634224
93.12788621529499,86.634224
105.39838258774104,86.63484
113.57871350270506,86.635506
98.2405930371475,86.63563
114.60125486707558,86.634224
113.57871350270506,86.634224
103.35329985900005,86.638016
100.28567576588853,86.64596
97.218051672777,86.6508
91.59407416873923,86.64286
118.69142032455758,86.634224
115.62379623144605,86.634224
108.46600668085253,86.634224
111.53363077396405,86.634224
94.15042757966549,86.63446
101.30821713025904,86.634705
86.2768590740126,86.63475
83.92501393596045,86.634224
90.87829521367986,86.634224
99.263134401518,86.634224
107.44346531648205,86.634224
116.64633759581658,86.634384
93.12788621529499,86.634544
106.42092395211152,86.634575
103.35329985900005,86.634224
96.1955103084065,86.634224
92.00309071448743,86.634224
96.1955103084065,86.634224
100.28567576588853,86.63461
97.218051672777,86.635025
96.1955103084065,86.63509
95.172968944036,86.634224
100.28567576588853,86.634224
97.218051672777,86.634224
102.33075849462952,86.634224
100.28567576588853,86.634224
90.77604107724282,86.634224
92.10534485092447,86.634224
92.10534485092447,86.634224
92.10534485092447,86.634224
87.40165457482017,86.634224
106.42092395211152,86.634224
113.57871350270506,86.634224
101.30821713025904,86.64381
99.263134401518,86.65512
88.21968766631656,86.65711
89.65124557643527,86.634224
108.46600668085253,86.634224
101.30821713025904,86.634224
103.35329985900005,86.634224
100.28567576588853,86.63453
103.35329985900005,86.634865
99.263134401518,86.634926
99.263134401518,86.63461
100.28567576588853,86.636566
94.15042757966549,86.638306
103.35329985900005,86.63772
101.30821713025904,86.634224
100.28567576588853,86.634224
84.0272680723975,86.634224
81.5731687979083,86.634224
97.218051672777,86.634224
88.73095834850182,86.634224
91.79858244161333,86.634224
95.172968944036,86.634224
112.55617213833457,86.635765
81.98218534365648,86.64903
88.83321248493887,86.66353
98.2405930371475,86.66871
87.81067112056836,86.64763
81.98218534365648,86.65004
76.56271611249282,86.63871
81.36866052503419,86.640656
240.37384268464757,86.64475
199.47218810982739,86.66206
153.45782671315473,86.739174
120.73650305329859,86.813446
88.32194180275361,86.81209
97.218051672777,86.64061
106.42092395211152,86.648895
96.1955103084065,86.651146
96.1955103084065,86.63632
101.30821713025904,86.634224
89.95800798574643,86.634224
85.4588259825162,86.634224
95.172968944036,86.634224
90.26477039505758,86.634224
90.57153280436873,86.64313
121.7590444176691,86.66073
119.71396168892811,86.67305
110.51108940959357,86.65724
100.28567576588853,86.64232
92.00309071448743,86.63772
116.64633759581658,86.634224
99.263134401518,86.634224
97.218051672777,86.634224
95.172968944036,86.634224
95.172968944036,86.634224
98.2405930371475,86.634224
89.13997489425002,86.634224
86.78812975619785,86.634224
90.87829521367986,86.634224
89.13997489425002,86.634224
92.10534485092447,86.634224
94.15042757966549,86.634224
104.37584122337051,86.634224
113.57871350270506,86.634224
100.28567576588853,86.634224
99.263134401518,86.63731
98.2405930371475,86.644066
91.28731175942809,86.64836
94.15042757966549,86.64202
94.15042757966549,86.634224
93.12788621529499,86.634224
97.218051672777,86.634224
94.15042757966549,86.634224
92.10534485092447,86.63461
83.00472670802698,86.635025
76.66497024892988,86.63509
66.95082728741008,86.634224
74.00636270156656,86.634224
78.71005297767088,86.634384
79.11906952341909,86.634544
71.4500092906403,86.634575
60.81557910118706,86.634224
71.55226342707735,86.634224
73.18832961007016,86.634224
72.98382133719605,86.634224
80.75513570641189,86.634224
68.17787692465468,86.63767
72.98382133719605,86.64142
73.6996002922554,86.64202
63.57644078498742,86.634224
73.08607547363312,86.634224
72.98382133719605,86.634224
70.32521378983274,86.634224
72.98382133719605,86.634224
67.46209796959533,86.634224
68.58689347040288,86.634224
63.678694921424466,86.634224
65.92828592303958,86.634224
65.51926937729137,86.634224
65.51926937729137,86.634224
66.64406487809892,86.634224
51.61270682185252,86.634224
77.58525747686332,86.634224
78.19878229548563,86.634224
95.172968944036,86.634224
90.98054935011693,86.634224
82.59571016227879,86.634224
90.16251625862051,86.634224
88.83321248493887,86.634224
78.40329056835972,86.634224
87.91292525700541,86.634224
89.13997489425002,86.634224
124.82666851078059,86.65888
123.80412714641011,86.69819
107.44346531648205,86.71423
101.30821713025904,86.65561
95.172968944036,86.63925
95.172968944036,86.64493
88.52645007562772,86.645874
94.15042757966549,86.634224
89.24222903068707,86.634224
88.93546662137592,86.634224
93.12788621529499,86.634224
89.34448316712411,86.634224
83.6182515266493,86.634224
86.89038389263492,86.634384
81.5731687979083,86.634544
80.75513570641189,86.638504
80.03935675135253,86.642494
68.68914760683994,86.643196
103.35329985900005,86.634384
96.1955103084065,86.634544
111.53363077396405,86.634575
104.37584122337051,86.634224
97.218051672777,86.634224
89.34448316712411,86.634224
102.33075849462952,86.634224
89.85575384930937,86.634224
99.263134401518,86.634224
98.2405930371475,86.634224
99.263134401518,86.634224
100.28567576588853,86.634224
79.63034020560433,86.634224
99.263134401518,86.634224
101.30821713025904,86.634224
79.63034020560433,86.634766
121.7590444176691,86.635735
116.64633759581658,86.65239
110.51108940959357,86.678444
101.30821713025904,86.69026
97.218051672777,86.65292
91.90083657805037,86.634224
101.30821713025904,86.635765
102.33075849462952,86.63743
97.218051672777,86.63772
101.30821713025904,86.635765
92.10534485092447,86.64087
98.2405930371475,86.64491
75.64242888455937,86.64202
77.07398679467806,86.634224
81.5731687979083,86.634224
83.00472670802698,86.634224
84.6407928910198,86.634224
74.82439579306295,86.634224
78.60779884123382,86.634224
102.33075849462952,86.634224
91.49182003230219,86.634224
114.60125486707558,86.662285
93.12788621529499,86.70791
88.73095834850182,86.727325
79.11906952341909,86.66046
82.49345602584174,86.634224
84.74304702745685,86.634224
88.21968766631656,86.634224
90.77604107724282,86.634224
90.77604107724282,86.634224
89.75349971287233,86.634224
84.53853875458275,86.634224
78.09652815904857,86.634224
76.15369956674462,86.634224
86.0723508011385,86.634224
80.03935675135253,86.634224
82.08443948009355,86.634224
80.03935675135253,86.634224
79.11906952341909,86.634224
79.63034020560433,86.634224
76.76722438536692,86.634224
78.60779884123382,86.634224
81.16415225216008,86.634224
77.58525747686332,86.634224
75.64242888455937,86.63708
77.58525747686332,86.640686
103.35329985900005,86.64179
127.89429260389211,86.64169
113.57871350270506,86.66198
88.11743352987952,86.681206
85.56108011895326,86.67058
93.12788621529499,86.63598
83.6182515266493,86.634224
87.91292525700541,86.634224
85.66333425539031,86.634224
90.06026212218347,86.634224
78.09652815904857,86.634224
84.12952220883454,86.634224
95.172968944036,86.634995
138.11970624759718,86.655495
97.218051672777,86.68695
97.218051672777,86.69869
94.15042757966549,86.65288
99.263134401518,86.63509
89.13997489425002,86.634224
83.51599739021223,86.634224
87.81067112056836,86.64231
93.12788621529499,86.65858
97.218051672777,86.66817
102.33075849462952,86.650406
102.33075849462952,86.634224
128.91683396826264,86.634224
125.84920987515112,86.634224
124.82666851078059,86.634224
122.78158578203958,86.634224
122.78158578203958,86.634224
121.7590444176691,86.634224
121.7590444176691,86.634224
124.82666851078059,86.634224
105.39838258774104,86.634224
109.48854804522306,86.634224
93.12788621529499,86.634224
88.11743352987952,86.634224
103.35329985900005,86.634224
119.71396168892811,86.635376
126.87175123952164,86.64218
130.96191669700363,86.6532
117.6688789601871,86.6611
116.64633759581658,86.65399
103.35329985900005,86.64454
117.6688789601871,86.634224
106.42092395211152,86.634224
106.42092395211152,86.634224
96.1955103084065,86.634224
99.263134401518,86.634224
94.15042757966549,86.634224
96.1955103084065,86.634224
98.2405930371475,86.63746
109.48854804522306,86.64452
108.46600668085253,86.649
112.55617213833457,86.64235
111.53363077396405,86.634224
113.57871350270506,86.6376
110.51108940959357,86.641266
109.48854804522306,86.64185
91.38956589586513,86.634224
104.37584122337051,86.634224
102.33075849462952,86.634224
93.12788621529499,86.634224
93.12788621529499,86.634224
93.12788621529499,86.634224
96.1955103084065,86.634224
98.2405930371475,86.634224
106.42092395211152,86.63461
96.1955103084065,86.635025
104.37584122337051,86.63509
119.71396168892811,86.63731
107.44346531648205,86.65241
102.33075849462952,86.66704
92.10534485092447,86.662636
100.28567576588853,86.634224
117.6688789601871,86.634224
115.62379623144605,86.634224
114.60125486707558,86.63993
114.60125486707558,86.64645
94.15042757966549,86.65024
96.1955103084065,86.63983
98.2405930371475,86.640335
106.42092395211152,86.634224
102.33075849462952,86.634224
100.28567576588853,86.634224
100.28567576588853,86.634224
100.28567576588853,86.634224
94.15042757966549,86.634224
100.28567576588853,86.635155
109.48854804522306,86.63884
90.87829521367986,86.64192
86.58362148332375,86.640335
77.99427402261153,86.634224
77.17624093111513,86.634224
75.02890406593707,86.634224
74.72214165662591,86.634224
99.263134401518,86.634224
81.47091466147124,86.634224
82.59571016227879,86.634224
81.7776770707824,86.634224
69.91619724408453,86.634224
64.80349042223202,86.634224
69.8139431076475,86.634224
85.049809436768,86.634224
86.89038389263492,86.634224
80.95964397928599,86.634766
72.98382133719605,86.63535
67.15533556028417,86.636986
108.46600668085253,86.640274
97.218051672777,86.64364
104.37584122337051,86.64067
112.55617213833457,86.6343
96.1955103084065,86.634384
95.172968944036,86.6344
94.15042757966549,86.634224
93.12788621529499,86.634224
99.263134401518,86.634224
98.2405930371475,86.634224
98.2405930371475,86.634224
81.36866052503419,86.634224
104.37584122337051,86.634224
79.11906952341909,86.634224
84.33403048170867,86.634224
91.59407416873923,86.634224
89.03772075781296,86.634224
92.10534485092447,86.634224
90.26477039505758,86.634224
87.40165457482017,86.634224
92.00309071448743,86.634224
97.218051672777,86.634224
94.15042757966549,86.634224
89.03772075781296,86.634224
76.25595370318166,86.634224
87.19714630194606,86.634224
93.12788621529499,86.634224
89.24222903068707,86.634224
116.64633759581658,86.634224
117.6688789601871,86.634224
114.60125486707558,86.634224
104.37584122337051,86.634224
109.48854804522306,86.634224
101.30821713025904,86.634224
105.39838258774104,86.634224
102.33075849462952,86.634224
100.28567576588853,86.634224
90.36702453149462,86.634224
94.15042757966549,86.634224
97.218051672777,86.634224
100.28567576588853,86.634224
103.35329985900005,86.63904
106.42092395211152,86.64447
94.15042757966549,86.64538
98.2405930371475,86.634224
81.87993120721943,86.634224
77.58525747686332,86.634224
84.94755530033095,86.634224
85.97009666470146,86.634224
96.1955103084065,86.634224
98.2405930371475,86.634224
99.263134401518,86.64821
84.84530116389391,86.66498
95.172968944036,86.66875
86.99263802907197,86.63583
87.50390871125721,86.6389
124.82666851078059,86.641075
123.80412714641011,86.64244
123.80412714641011,86.63598
126.87175123952164,86.634224
134.02954079011516,86.634224
127.89429260389211,86.634224
136.07462351885619,86.634224
149.36766125567272,86.634224
183.11152627989938,86.642784
216.855391304126,86.66772
155.50290944189572,86.71832
143.2324130694497,86.74095
143.2324130694497,86.712944
133.00699942574465,86.634224
160.61561626374825,86.634224
140.16478897633817,86.634224
146.30003716256118,86.63815
131.9844580613741,86.65811
135.05208215448565,86.67804
123.80412714641011,86.67296
136.07462351885619,86.63771
134.02954079011516,86.63967
131.9844580613741,86.64016
124.82666851078059,86.634224
127.89429260389211,86.634224
123.80412714641011,86.634224
128.91683396826264,86.63615
140.16478897633817,86.63823
64.39447387648383,86.64748
64.39447387648383,86.676186
65.72377765016547,86.676285
73.59734615581836,86.625626
73.59734615581836,86.62642
75.02890406593707,86.627
70.93873860845505,86.62749
70.93873860845505,86.62769
69.71168897121044,86.62849
69.71168897121044,86.62889
69.71168897121044,86.62787
69.71168897121044,86.62714
69.71168897121044,86.628914
72.2680423821367,86.62977
75.02890406593707,86.62971
75.02890406593707,86.63162
76.46046197605577,86.63278
73.59734615581836,86.632195
73.59734615581836,86.63064
73.59734615581836,86.63012
70.93873860845505,86.62969
70.93873860845505,86.630554
70.93873860845505,86.632164
70.93873860845505,86.633514
70.93873860845505,86.63407
68.38238519752878,86.6343
68.38238519752878,86.63442
68.38238519752878,86.63456
70.93873860845505,86.63446
76.86947852180397,86.63479
75.74468302099642,86.63422
73.39283788294426,86.62866
72.2680423821367,86.62225
71.24550101776619,86.625404
71.24550101776619,86.6349
71.24550101776619,86.63617
70.12070551695865,86.63442
67.97336865178059,86.63072
66.95082728741008,86.62506
65.92828592303958,86.62365
65.92828592303958,86.62119
64.80349042223202,86.62438
65.92828592303958,86.63679
65.92828592303958,86.643394
63.78094905786152,86.6413
63.78094905786152,86.639595
61.633612192683465,86.64146
61.633612192683465,86.64275
61.633612192683465,86.64613
63.78094905786152,86.64874
61.633612192683465,86.650894
60.61107082831296,86.65103
59.6907836003795,86.650604
60.61107082831296,86.65168
60.61107082831296,86.65173
58.668242236009,86.64749
57.64570087163849,86.6432
118.69142032455758,86.64003
118.69142032455758,86.63165
116.64633759581658,86.6165
110.51108940959357,86.604965
110.51108940959357,86.60707
111.53363077396405,86.60139
108.46600668085253,86.6011
105.39838258774104,86.59937
104.37584122337051,86.601074
104.37584122337051,86.60537
102.33075849462952,86.61304
102.33075849462952,86.6168
102.33075849462952,86.6202
101.30821713025904,86.62109
99.263134401518,86.619736
97.218051672777,86.62161
97.218051672777,86.625534
102.33075849462952,86.623886
97.218051672777,86.61842
95.172968944036,86.61452
94.15042757966549,86.6221
94.15042757966549,86.62694
92.10534485092447,86.627144
91.18505762299102,86.62599
89.95800798574643,86.62538
88.73095834850182,86.628555
88.73095834850182,86.63188
88.73095834850182,86.634544
79.11906952341909,86.63669
77.99427402261153,86.634384
76.86947852180397,86.62502
74.5176333837518,86.61353
73.39283788294426,86.61324
72.2680423821367,86.61333
72.2680423821367,86.61048
72.2680423821367,86.60758
70.12070551695865,86.60888
70.12070551695865,86.61308
67.97336865178059,86.61736
66.95082728741008,86.62001
66.95082728741008,86.62289
66.95082728741008,86.624664
66.95082728741008,86.62588
65.92828592303958,86.62627
63.78094905786152,86.627426
61.633612192683465,86.62804
61.633612192683465,86.62932
61.633612192683465,86.63063
59.6907836003795,86.63303
59.6907836003795,86.63441
60.61107082831296,86.63645
61.633612192683465,86.6346
61.633612192683465,86.630264
63.78094905786152,86.625534
61.633612192683465,86.627075
61.633612192683465,86.62992
66.23504833235073,86.63324
67.46209796959533,86.634514
66.23504833235073,86.62771
65.00799869510612,86.61514
63.678694921424466,86.617424
61.22459564693525,86.62289
59.99754600969065,86.62497
59.99754600969065,86.626785
59.99754600969065,86.62817
61.22459564693525,86.63004
61.22459564693525,86.63202
59.99754600969065,86.63228
59.99754600969065,86.63014
57.44119259876439,86.62755
56.2141429615198,86.62766
56.2141429615198,86.63006
54.987093324275186,86.63269
54.987093324275186,86.638054
53.86229782346763,86.64385
54.987093324275186,86.64245
59.99754600969065,86.64095
59.99754600969065,86.64284
54.987093324275186,86.639534
53.86229782346763,86.6346
52.73750232266007,86.63014
51.61270682185252,86.62584
50.48791132104497,86.62875
50.48791132104497,86.6335
50.48791132104497,86.636154
84.12952220883454,86.64138
84.12952220883454,86.64033
84.84530116389391,86.627556
82.59571016227879,86.611824
84.12952220883454,86.616066
84.12952220883454,86.6221
84.12952220883454,86.62616
82.59571016227879,86.62564
82.59571016227879,86.62538
79.73259434204138,86.628555
80.34611916066368,86.63151
79.01681538698203,86.630486
78.30103643192268,86.62572
78.30103643192268,86.623604
76.97173265824102,86.63039
75.64242888455937,86.63216
78.30103643192268,86.62756
78.30103643192268,86.6252
77.68751161330037,86.62329
76.97173265824102,86.62381
77.68751161330037,86.62874
78.30103643192268,86.63459
76.97173265824102,86.63799
75.64242888455937,86.63629
82.59571016227879,86.63657
81.87993120721943,86.63857
78.30103643192268,86.64357
78.30103643192268,86.64917
450.22969414423966,86.65117
450.22969414423966,86.647446
450.22969414423966,86.63234
450.22969414423966,86.61494
450.22969414423966,86.614334
450.22969414423966,86.61347
450.22969414423966,86.61109
450.22969414423966,86.6098
450.22969414423966,86.61293
450.22969414423966,86.61619
450.22969414423966,86.61736
118.69142032455758,86.62001
109.48854804522306,86.62289
104.37584122337051,86.62648
105.39838258774104,86.63195
110.51108940959357,86.63494
105.39838258774104,86.630264
101.30821713025904,86.625534
99.263134401518,86.627075
99.263134401518,86.62872
97.218051672777,86.6256
97.218051672777,86.62241
96.1955103084065,86.625565
93.12788621529499,86.63507
89.95800798574643,86.63411
86.58362148332375,86.62949
85.66333425539031,86.62547
85.049809436768,86.62575
112.55617213833457,86.627716
115.62379623144605,86.62992
118.69142032455758,86.628845
116.64633759581658,86.62005
116.64633759581658,86.62173
116.64633759581658,86.62301
115.62379623144605,86.62496
114.60125486707558,86.62616
114.60125486707558,86.62373
114.60125486707558,86.61905
115.62379623144605,86.61241
112.55617213833457,86.611374
112.55617213833457,86.60907
112.55617213833457,86.61242
112.55617213833457,86.61934
112.55617213833457,86.62804
112.55617213833457,86.62902
114.60125486707558,86.63004
114.60125486707558,86.6319
111.53363077396405,86.63319
109.48854804522306,86.634575
106.42092395211152,86.63645
105.39838258774104,86.635796
105.39838258774104,86.63316
103.35329985900005,86.62867
102.33075849462952,86.62673
102.33075849462952,86.62992
102.33075849462952,86.63324
88.62870421206476,86.639175
88.62870421206476,86.64262
90.16251625862051,86.63837
88.62870421206476,86.63287
87.09489216550901,86.63275
90.16251625862051,86.632935
91.69632830517627,86.633705
93.12788621529499,86.63453
91.69632830517627,86.63362
90.16251625862051,86.63377
90.16251625862051,86.63552
88.62870421206476,86.636
88.62870421206476,86.63204
85.56108011895326,86.627594
87.09489216550901,86.627075
85.56108011895326,86.62872
85.56108011895326,86.62861
84.12952220883454,86.629875
84.12952220883454,86.63305
81.06189811572304,86.62959
81.06189811572304,86.62422
82.59571016227879,86.62161
85.56108011895326,86.62397
85.56108011895326,86.62201
88.62870421206476,86.62213
87.09489216550901,86.62867
82.59571016227879,86.6338
81.06189811572304,86.63326
82.59571016227879,86.63424
63.474186648550365,86.629
63.474186648550365,86.62522
61.429103919809364,86.62503
60.40656255543885,86.62183
59.2817670546313,86.61614
59.2817670546313,86.61589
58.2592256902608,86.61828
54.06680609634172,86.61985
53.04426473197122,86.6216
52.12397750403777,86.62233
52.12397750403777,86.625084
51.20369027610432,86.62949
49.260861683800364,86.63265
48.340574455866914,86.6352
48.340574455866914,86.63685
47.42028722793345,86.63559
46.5,86.62892
46.5,86.61947
47.42028722793345,86.615234
54.06680609634172,86.616745
54.06680609634172,86.61893
51.20369027610432,86.62377
50.28340304817087,86.62656
49.260861683800364,86.62555
48.340574455866914,86.62544
49.260861683800364,86.6294
48.340574455866914,86.63396
49.260861683800364,86.63735
83.6182515266493,86.64367
81.98218534365648,86.64989
80.34611916066368,86.64604
76.97173265824102,86.63962
83.6182515266493,86.6358
80.34611916066368,86.63688
78.60779884123382,86.6338
76.97173265824102,86.627235
75.3356664752482,86.62319
75.3356664752482,86.624916
73.6996002922554,86.62609
73.6996002922554,86.62714
70.42746792626978,86.63271
68.9959100161511,86.63578
67.46209796959533,86.63432
66.03054005947664,86.62675
64.49672801292087,86.6207
64.49672801292087,86.62576
66.03054005947664,86.62736
66.03054005947664,86.62603
64.49672801292087,86.620255
64.49672801292087,86.61325
64.49672801292087,86.61963
66.03054005947664,86.6211
66.03054005947664,86.62171
64.49672801292087,86.620735
68.9959100161511,86.61911
70.42746792626978,86.6208
83.6182515266493,86.62133
81.98218534365648,86.62251
80.34611916066368,86.62566
76.97173265824102,86.6276
83.6182515266493,86.621
80.34611916066368,86.613655
78.60779884123382,86.61447
76.97173265824102,86.62053
75.3356664752482,86.63004
75.3356664752482,86.63209
73.6996002922554,86.63403
73.6996002922554,86.64154
70.42746792626978,86.64349
68.9959100161511,86.63713
67.46209796959533,86.63525
66.03054005947664,86.63396
64.49672801292087,86.6355
64.49672801292087,86.638245
66.03054005947664,86.64072
66.03054005947664,86.63746
64.49672801292087,86.63189
64.49672801292087,86.6372
64.49672801292087,86.648895
66.03054005947664,86.65551
66.03054005947664,86.658394
64.49672801292087,86.65595
68.9959100161511,86.64734
81.98218534365648,86.64033
110.51108940959357,86.626015
112.55617213833457,86.6098
108.46600668085253,86.615845
106.42092395211152,86.62147
102.33075849462952,86.624275
106.42092395211152,86.61423
104.37584122337051,86.616356
118.69142032455758,86.62468
120.73650305329859,86.622635
112.55617213833457,86.61743
98.2405930371475,86.61629
102.33075849462952,86.61945
98.2405930371475,86.62462
94.15042757966549,86.62599
98.2405930371475,86.62584
96.1955103084065,86.630196
94.15042757966549,86.6292
94.15042757966549,86.62652
90.06026212218347,86.62548
88.01517939344247,86.62265
85.97009666470146,86.62585
85.97009666470146,86.6276
85.97009666470146,86.62342
83.92501393596045,86.619705
83.92501393596045,86.61922
81.87993120721943,86.61963
81.87993120721943,86.61414
81.87993120721943,86.619255
85.97009666470146,86.63448
75.74468302099642,86.638824
73.6996002922554,86.6337
71.6545175635144,86.63141
70.12070551695865,86.63006
70.12070551695865,86.632614
70.12070551695865,86.62974
68.58689347040288,86.632095
67.05308142384713,86.64217
65.51926937729137,86.65178
77.78976574973743,86.64412
85.97009666470146,86.631195
73.6996002922554,86.63661
70.12070551695865,86.64273
73.6996002922554,86.639366
79.83484847847843,86.64232
79.83484847847843,86.647896
75.74468302099642,86.65159
75.74468302099642,86.65017
68.58689347040288,86.63973
67.05308142384713,86.63491
65.51926937729137,86.627525
63.98545733073561,86.623375
60.9178332376241,86.617294
59.38402119106835,86.61441
57.8502091445126,86.616455
59.38402119106835,86.62029
62.45164528417987,86.62232
62.45164528417987,86.623886
83.6182515266493,86.62444
80.34611916066368,86.62347
78.60779884123382,86.61775
76.97173265824102,86.615036
75.3356664752482,86.61399
75.3356664752482,86.620636
72.0635341092626,86.618126
70.42746792626978,86.620384
78.60779884123382,86.62705
105.39838258774104,86.63117
103.35329985900005,86.626045
94.15042757966549,86.61724
86.89038389263492,86.62445
76.97173265824102,86.62654
73.6996002922554,86.62025
73.6996002922554,86.620155
72.0635341092626,86.62667
70.42746792626978,86.6247
68.9959100161511,86.62672
67.46209796959533,86.627426
66.03054005947664,86.62822
66.03054005947664,86.63407
76.97173265824102,86.64281
70.42746792626978,86.63789
70.42746792626978,86.62813
67.46209796959533,86.62653
64.49672801292087,86.63373
63.065170102802156,86.63343
73.6996002922554,86.634285
73.6996002922554,86.6307
73.6996002922554,86.62904
71.6545175635144,86.62858
70.12070551695865,86.625984
71.6545175635144,86.62741
71.6545175635144,86.622925
70.12070551695865,86.620926
68.58689347040288,86.62511
71.6545175635144,86.63447
71.6545175635144,86.636925
71.6545175635144,86.62778
71.6545175635144,86.621994
70.12070551695865,86.62355
70.12070551695865,86.627014
75.74468302099642,86.63267
83.92501393596045,86.63109
75.74468302099642,86.623314
73.6996002922554,86.61969
70.12070551695865,86.622116
68.58689347040288,86.61823
65.51926937729137,86.61162
70.12070551695865,86.612236
88.01517939344247,86.61494
88.01517939344247,86.61507
73.6996002922554,86.611565
67.05308142384713,86.61151
68.58689347040288,86.62123
85.35657184607916,86.62544
83.00472670802698,86.621605
83.00472670802698,86.62289
80.75513570641189,86.62884
78.50554470479678,86.630745
76.97173265824102,86.63221
74.82439579306295,86.63754
73.2905837465072,86.63597
73.2905837465072,86.63214
101.30821713025904,86.627174
142.20987170507917,86.6149
188.22423310175185,86.60629
141.18733034070866,86.608536
119.71396168892811,86.610466
108.46600668085253,86.61669
105.39838258774104,86.62616
100.28567576588853,86.628815
95.172968944036,86.62596
90.87829521367986,86.624596
91.69632830517627,86.632904
90.16251625862051,86.63248
86.99263802907197,86.62361
83.8227597995234,86.615105
83.00472670802698,86.618324
80.75513570641189,86.623726
100.28567576588853,86.62915
100.28567576588853,86.6306
142.20987170507917,86.62617
113.57871350270506,86.62337
81.47091466147124,86.61968
80.03935675135253,86.624825
79.22132365985613,86.62545
78.50554470479678,86.625626
80.75513570641189,86.62642
78.50554470479678,86.627
76.97173265824102,86.62749
75.54017474812231,86.62769
74.82439579306295,86.62849
73.2905837465072,86.62889
72.57480479144786,86.62787
71.0409927448921,86.62714
69.6094348347734,86.628914
68.17787692465468,86.62931
68.17787692465468,86.628685
68.17787692465468,86.63062
65.31476110441727,86.63314
63.98545733073561,86.632195
61.32684978337231,86.63064
59.99754600969065,86.63012
59.99754600969065,86.62969
60.61107082831296,86.630554
60.61107082831296,86.632164
63.98545733073561,86.633514
62.65615355705396,86.634
63.269678375676264,86.63288
64.59898214935792,86.62822
63.98545733073561,86.6224
101.30821713025904,86.62025
100.28567576588853,86.62414
103.35329985900005,86.6271
104.37584122337051,86.63091
102.33075849462952,86.62693
99.263134401518,86.62059
98.2405930371475,86.619125
98.2405930371475,86.61705
97.218051672777,86.61848
95.172968944036,86.620636
94.15042757966549,86.622375
94.15042757966549,86.623
94.15042757966549,86.62209
94.15042757966549,86.619995
93.12788621529499,86.61876
90.87829521367986,86.619194
89.44673730356118,86.620834
88.01517939344247,86.62226
88.73095834850182,86.62296
94.15042757966549,86.62368
90.16251625862051,86.62414
88.01517939344247,86.625275
86.58362148332375,86.62659
84.53853875458275,86.62787
93.12788621529499,86.629265
98.2405930371475,86.63153
89.44673730356118,86.635796
93.12788621529499,86.63859
95.172968944036,86.63916
94.15042757966549,86.6374
94.15042757966549,86.63187
93.12788621529499,86.62673
101.30821713025904,86.631165
90.87829521367986,86.635025
89.34448316712411,86.63361
88.52645007562772,86.63486
87.81067112056836,86.64152
87.81067112056836,86.648254
86.17460493757557,86.642334
86.17460493757557,86.63185
84.6407928910198,86.632454
83.8227597995234,86.64406
83.00472670802698,86.64941
81.47091466147124,86.65319
82.28894775296764,86.655655
81.47091466147124,86.65775
80.03935675135253,86.65694
78.50554470479678,86.6558
79.22132365985613,86.65372
78.50554470479678,86.65186
76.97173265824102,86.64901
80.03935675135253,86.648285
79.22132365985613,86.65023
78.50554470479678,86.65143
77.78976574973743,86.63705
76.97173265824102,86.63028
84.6407928910198,86.63003
87.50390871125721,86.627075
86.78812975619785,86.62101
84.6407928910198,86.611115
83.2092349809011,86.61114
86.78812975619785,86.61632
89.03772075781296,86.62012
91.18505762299102,86.61468
88.21968766631656,86.608795
85.35657184607916,86.61555
83.2092349809011,86.61806
84.6407928910198,86.62108
91.18505762299102,86.62417
88.21968766631656,86.62428
83.92501393596045,86.61979
81.7776770707824,86.620865
80.44837329710073,86.62577
79.11906952341909,86.630745
77.07398679467806,86.63005
76.35820783961871,86.619606
75.02890406593707,86.61151
73.6996002922554,86.610405
73.6996002922554,86.612236
70.93873860845505,86.61566
69.6094348347734,86.62051
69.6094348347734,86.626144
68.28013106109174,86.63002
68.28013106109174,86.62825
69.6094348347734,86.6222
91.38956589586513,86.61824
89.44673730356118,86.62592
87.50390871125721,86.63842
83.2092349809011,86.65385
81.7776770707824,86.64604
81.36866052503419,86.63952
79.52808606916729,86.63274
79.52808606916729,86.626
79.11906952341909,86.62993
79.93710261491549,86.63749
81.36866052503419,86.64294
84.6407928910198,86.638916
82.28894775296764,86.63548
80.44837329710073,86.63558
79.11906952341909,86.635666
79.11906952341909,86.63824
78.19878229548563,86.64218
76.86947852180397,86.64278
75.02890406593707,86.64344
75.02890406593707,86.63988
73.6996002922554,86.63605
78.60779884123382,86.63544
77.68751161330037,86.63106
76.35820783961871,86.62538
77.27849506755217,86.62609
80.44837329710073,86.63595
80.44837329710073,86.627975
79.11906952341909,86.62565
81.87993120721943,86.625015
78.60779884123382,86.629135
87.50390871125721,86.63012
72.71796058245972,86.62875
78.19878229548563,86.63413
77.99427402261153,86.6394
102.33075849462952,86.63871
103.35329985900005,86.63764
95.172968944036,86.63378
93.12788621529499,86.63109
91.38956589586513,86.631165
96.1955103084065,86.632645
450.22969414423966,86.635025
450.22969414423966,86.631004
450.22969414423966,86.622345
450.22969414423966,86.625595
450.22969414423966,86.63369
450.22969414423966,86.6384
450.22969414423966,86.63684
450.22969414423966,86.63379
450.22969414423966,86.633354
450.22969414423966,86.63566
450.22969414423966,86.63621
450.22969414423966,86.63482
450.22969414423966,86.63622
450.22969414423966,86.63603
450.22969414423966,86.62761
450.22969414423966,86.62226
450.22969414423966,86.621704
450.22969414423966,86.62269
450.22969414423966,86.616776
450.22969414423966,86.61046
450.22969414423966,86.61786
450.22969414423966,86.625626
450.22969414423966,86.63144
450.22969414423966,86.63481
450.22969414423966,86.63775
450.22969414423966,86.63265
450.22969414423966,86.62414
450.22969414423966,86.62744
89.54899143999822,86.62609
90.26477039505758,86.62226
90.67378694080577,86.619545
84.33403048170867,86.618454
83.10698084446405,86.62479
78.09652815904857,86.62911
93.12788621529499,86.62952
112.55617213833457,86.6302
123.80412714641011,86.63076
105.39838258774104,86.627235
96.1955103084065,86.623405
95.172968944036,86.62302
84.2317763452716,86.63097
74.61988752018887,86.63219
94.15042757966549,86.6307
100.28567576588853,86.63212
114.60125486707558,86.63412
112.55617213833457,86.63563
114.60125486707558,86.63322
120.73650305329859,86.62321
112.55617213833457,86.62278
111.53363077396405,86.62546
106.42092395211152,86.62517
107.44346531648205,86.61654
101.30821713025904,86.611755
105.39838258774104,86.62035
105.39838258774104,86.63154
98.2405930371475,86.6302
101.30821713025904,86.63692
98.2405930371475,86.63722
93.12788621529499,86.63734
107.44346531648205,86.63461
104.37584122337051,86.62709
89.24222903068707,86.62807
97.218051672777,86.63396
96.1955103084065,86.64019
100.28567576588853,86.6338
76.86947852180397,86.62835
99.263134401518,86.627075
105.39838258774104,86.63456
103.35329985900005,86.640785
93.12788621529499,86.647484
105.39838258774104,86.6593
113.57871350270506,86.66045
98.2405930371475,86.65689
114.60125486707558,86.65091
113.57871350270506,86.64379
103.35329985900005,86.62698
100.28567576588853,86.61351
97.218051672777,86.616554
91.59407416873923,86.619705
118.69142032455758,86.61937
115.62379623144605,86.61537
108.46600668085253,86.61522
111.53363077396405,86.612114
94.15042757966549,86.61439
101.30821713025904,86.62068
86.2768590740126,86.63595
83.92501393596045,86.64028
90.87829521367986,86.63422
99.263134401518,86.63811
107.44346531648205,86.6346
116.64633759581658,86.62884
93.12788621529499,86.621864
106.42092395211152,86.62619
103.35329985900005,86.62786
96.1955103084065,86.63188
92.00309071448743,86.63782
96.1955103084065,86.63569
100.28567576588853,86.6331
97.218051672777,86.63304
96.1955103084065,86.641464
95.172968944036,86.64343
100.28567576588853,86.64365
97.218051672777,86.64659
102.33075849462952,86.65105
100.28567576588853,86.65174
90.77604107724282,86.64582
92.10534485092447,86.64169
92.10534485092447,86.64789
92.10534485092447,86.65259
87.40165457482017,86.65443
106.42092395211152,86.64632
113.57871350270506,86.636856
101.30821713025904,86.63412
99.263134401518,86.639656
88.21968766631656,86.64535
89.65124557643527,86.64087
108.46600668085253,86.63831
101.30821713025904,86.63777
103.35329985900005,86.63459
100.28567576588853,86.63361
103.35329985900005,86.64518
99.263134401518,86.65159
99.263134401518,86.64931
100.28567576588853,86.64952
94.15042757966549,86.65615
103.35329985900005,86.65742
101.30821713025904,86.65428
100.28567576588853,86.6593
84.0272680723975,86.665085
81.5731687979083,86.66464
97.218051672777,86.65835
88.73095834850182,86.64864
91.79858244161333,86.64373
95.172968944036,86.64414
112.55617213833457,86.633575
81.98218534365648,86.62328
88.83321248493887,86.61999
98.2405930371475,86.61741
87.81067112056836,86.61628
81.98218534365648,86.619194
76.56271611249282,86.62747
81.36866052503419,86.629166
240.37384268464757,86.62027
199.47218810982739,86.61026
153.45782671315473,86.61842
120.73650305329859,86.61729
88.32194180275361,86.61441
97.218051672777,86.6083
106.42092395211152,86.60316
96.1955103084065,86.60872
96.1955103084065,86.61803
101.30821713025904,86.63102
89.95800798574643,86.63969
85.4588259825162,86.63959
95.172968944036,86.63498
90.26477039505758,86.6305
90.57153280436873,86.621155
121.7590444176691,86.615776
119.71396168892811,86.61649
110.51108940959357,86.6112
100.28567576588853,86.605316
92.00309071448743,86.61617
116.64633759581658,86.61712
99.263134401518,86.62203
97.218051672777,86.624466
95.172968944036,86.62882
95.172968944036,86.6325
98.2405930371475,86.63263
89.13997489425002,86.63003
86.78812975619785,86.62709
90.87829521367986,86.629135
89.13997489425002,86.63014
92.10534485092447,86.627754
94.15042757966549,86.62619
104.37584122337051,86.63001
113.57871350270506,86.63164
100.28567576588853,86.63336
99.263134401518,86.61515
98.2405930371475,86.61291
91.28731175942809,86.62133
94.15042757966549,86.63812
94.15042757966549,86.63934
93.12788621529499,86.63309
97.218051672777,86.63162
94.15042757966549,86.62989
92.10534485092447,86.6312
83.00472670802698,86.64049
76.66497024892988,86.65238
66.95082728741008,86.651794
74.00636270156656,86.6427
78.71005297767088,86.64339
79.11906952341909,86.639656
71.4500092906403,86.63797
60.81557910118706,86.64388
71.55226342707735,86.642944
73.18832961007016,86.64535
72.98382133719605,86.64804
80.75513570641189,86.65222
68.17787692465468,86.65333
72.98382133719605,86.65015
73.6996002922554,86.65043
63.57644078498742,86.65478
73.08607547363312,86.6595
72.98382133719605,86.65754
70.32521378983274,86.65377
72.98382133719605,86.64767
67.46209796959533,86.64811
68.58689347040288,86.64597
63.678694921424466,86.64366
65.92828592303958,86.64027
65.51926937729137,86.640274
65.51926937729137,86.63773
66.64406487809892,86.63666
51.61270682185252,86.63544
77.58525747686332,86.63502
78.19878229548563,86.63245
95.172968944036,86.62813
90.98054935011693,86.62621
82.59571016227879,86.62407
90.16251625862051,86.62449
88.83321248493887,86.62619
78.40329056835972,86.632286
87.91292525700541,86.63908
89.13997489425002,86.6386
124.82666851078059,86.63034
123.80412714641011,86.61891
107.44346531648205,86.617195
101.30821713025904,86.62275
95.172968944036,86.62323
95.172968944036,86.62153
88.52645007562772,86.63459
94.15042757966549,86.632935
89.24222903068707,86.63213
88.93546662137592,86.63188
93.12788621529499,86.63413
89.34448316712411,86.639824
83.6182515266493,86.64227
86.89038389263492,86.64824
81.5731687979083,86.64796
80.75513570641189,86.63506
80.03935675135253,86.6254
68.68914760683994,86.636894
103.35329985900005,86.64047
96.1955103084065,86.63896
111.53363077396405,86.63609
104.37584122337051,86.63614
97.218051672777,86.64531
89.34448316712411,86.64884
102.33075849462952,86.650604
89.85575384930937,86.64975
99.263134401518,86.6518
98.2405930371475,86.65259
99.263134401518,86.6502
100.28567576588853,86.64825
79.63034020560433,86.64816
99.263134401518,86.64901
101.30821713025904,86.64738
79.63034020560433,86.64233
121.7590444176691,86.63431
116.64633759581658,86.62379
110.51108940959357,86.612305
101.30821713025904,86.61184
97.218051672777,86.61735
91.90083657805037,86.62079
101.30821713025904,86.627304
102.33075849462952,86.62898
97.218051672777,86.6303
101.30821713025904,86.633736
92.10534485092447,86.6322
98.2405930371475,86.624565
75.64242888455937,86.61837
77.07398679467806,86.62079
81.5731687979083,86.623344
83.00472670802698,86.62448
84.6407928910198,86.623886
74.82439579306295,86.62726
78.60779884123382,86.62841
102.33075849462952,86.634895
91.49182003230219,86.64078
114.60125486707558,86.642265
93.12788621529499,86.63412
88.73095834850182,86.6229
79.11906952341909,86.6204
82.49345602584174,86.61989
84.74304702745685,86.61828
88.21968766631656,86.621635
90.77604107724282,86.62462
90.77604107724282,86.62735
89.75349971287233,86.62632
84.53853875458275,86.62599
78.09652815904857,86.62951
76.15369956674462,86.63521
86.0723508011385,86.63853
80.03935675135253,86.63542
82.08443948009355,86.633835
80.03935675135253,86.64235
79.11906952341909,86.646736
79.63034020560433,86.64535
76.76722438536692,86.647865
78.60779884123382,86.651085
81.16415225216008,86.640335
77.58525747686332,86.6293
75.64242888455937,86.62458
77.58525747686332,86.62183
103.35329985900005,86.6239
127.89429260389211,86.624054
113.57871350270506,86.622444
88.11743352987952,86.62033
85.56108011895326,86.62162
93.12788621529499,86.62237
83.6182515266493,86.61955
87.91292525700541,86.62515
85.66333425539031,86.634415
90.06026212218347,86.63473
78.09652815904857,86.63049
84.12952220883454,86.632286
95.172968944036,86.62872
138.11970624759718,86.61332
97.218051672777,86.60782
97.218051672777,86.60919
94.15042757966549,86.61566
99.263134401518,86.618454
89.13997489425002,86.62698
83.51599739021223,86.63244
87.81067112056836,86.631386
93.12788621529499,86.62772
97.218051672777,86.631966
102.33075849462952,86.645164
102.33075849462952,86.64753
128.91683396826264,86.641525
125.84920987515112,86.63674
124.82666851078059,86.641655
122.78158578203958,86.64457
122.78158578203958,86.64271
121.7590444176691,86.6364
121.7590444176691,86.63287
124.82666851078059,86.633995
105.39838258774104,86.63134
109.48854804522306,86.63178
93.12788621529499,86.63262
88.11743352987952,86.628914
103.35329985900005,86.624825
119.71396168892811,86.63006
126.87175123952164,86.6343
130.96191669700363,86.63069
117.6688789601871,86.62107
116.64633759581658,86.613335
103.35329985900005,86.6211
117.6688789601871,86.62958
106.42092395211152,86.63577
106.42092395211152,86.63748
96.1955103084065,86.62861
99.263134401518,86.626076
94.15042757966549,86.64292
96.1955103084065,86.64477
98.2405930371475,86.63617
109.48854804522306,86.62628
108.46600668085253,86.624825
112.55617213833457,86.62932
111.53363077396405,86.62937
113.57871350270506,86.62606
110.51108940959357,86.62651
109.48854804522306,86.63771
91.38956589586513,86.638565
104.37584122337051,86.63475
102.33075849462952,86.62693
93.12788621529499,86.625114
93.12788621529499,86.63151
93.12788621529499,86.62934
96.1955103084065,86.629944
98.2405930371475,86.634766
106.42092395211152,86.63777
96.1955103084065,86.63877
104.37584122337051,86.64094
119.71396168892811,86.636856
107.44346531648205,86.62922
102.33075849462952,86.6275
92.10534485092447,86.63808
100.28567576588853,86.64821
117.6688789601871,86.65683
115.62379623144605,86.66122
114.60125486707558,86.65969
114.60125486707558,86.653275
94.15042757966549,86.64245
96.1955103084065,86.63447
98.2405930371475,86.63038
106.42092395211152,86.62698
102.33075849462952,86.629295
100.28567576588853,86.63595
100.28567576588853,86.64569
100.28567576588853,86.653015
94.15042757966549,86.653984
100.28567576588853,86.64355
109.48854804522306,86.63401
90.87829521367986,86.62895
86.58362148332375,86.630684
77.99427402261153,86.63192
77.17624093111513,86.63236
75.02890406593707,86.63499
74.72214165662591,86.63832
99.263134401518,86.64092
81.47091466147124,86.645676
82.59571016227879,86.64994
81.7776770707824,86.65497
69.91619724408453,86.65575
64.80349042223202,86.65066
69.8139431076475,86.64824
85.049809436768,86.65217
86.89038389263492,86.6471
80.95964397928599,86.64263
72.98382133719605,86.64371
67.15533556028417,86.640976
108.46600668085253,86.63512
97.218051672777,86.63404
104.37584122337051,86.632095
112.55617213833457,86.62986
96.1955103084065,86.63337
95.172968944036,86.63991
94.15042757966549,86.649414
93.12788621529499,86.64639
99.263134401518,86.64022
98.2405930371475,86.63899
98.2405930371475,86.642654
81.36866052503419,86.64036
104.37584122337051,86.63931
79.11906952341909,86.639565
84.33403048170867,86.63912
91.59407416873923,86.64113
89.03772075781296,86.64645
92.10534485092447,86.64852
90.26477039505758,86.64241
87.40165457482017,86.64204
92.00309071448743,86.64138
97.218051672777,86.642204
94.15042757966549,86.63722
89.03772075781296,86.63684
76.25595370318166,86.63615
87.19714630194606,86.63861
93.12788621529499,86.64114
89.24222903068707,86.6405
116.64633759581658,86.63477
117.6688789601871,86.62989
114.60125486707558,86.62858
104.37584122337051,86.62542
109.48854804522306,86.62631
101.30821713025904,86.627205
105.39838258774104,86.62809
102.33075849462952,86.628555
100.28567576588853,86.629135
90.36702453149462,86.6292
94.15042757966549,86.6279
97.218051672777,86.626976
100.28567576588853,86.62875
103.35329985900005,86.63009
106.42092395211152,86.630585
94.15042757966549,86.6324
98.2405930371475,86.63331
81.87993120721943,86.63228
77.58525747686332,86.63065
84.94755530033095,86.630104
85.97009666470146,86.629875
96.1955103084065,86.63069
98.2405930371475,86.63189
99.263134401518,86.63309
84.84530116389391,86.63355
95.172968944036,86.63409
86.99263802907197,86.63415
87.50390871125721,86.63396
124.82666851078059,86.63355
123.80412714641011,86.63037
123.80412714641011,86.56368
126.87175123952164,86.464264
134.02954079011516,86.428925
127.89429260389211,86.63258
136.07462351885619,86.637665
149.36766125567272,86.639305
183.11152627989938,86.632675
216.855391304126,86.62371
155.50290944189572,86.61557
143.2324130694497,86.60753
143.2324130694497,86.60433
133.00699942574465,86.61887
160.61561626374825,86.63324
140.16478897633817,86.63794
146.30003716256118,86.63408
131.9844580613741,86.62112
135.05208215448565,86.61667
123.80412714641011,86.617035
136.07462351885619,86.62351
134.02954079011516,86.62288
131.9844580613741,86.62417
124.82666851078059,86.6307
127.89429260389211,86.63298
123.80412714641011,86.6336
128.91683396826264,86.62946
140.16478897633817,86.619705
64.39447387648383,86.60642
64.39447387648383,86.733475
65.72377765016547,86.93587
73.59734615581836,87.13232
73.59734615581836,87.13131
75.02890406593707,87.12983
70.93873860845505,87.1306
70.93873860845505,87.13237
69.71168897121044,87.13437
69.71168897121044,87.13566
69.71168897121044,87.135345
69.71168897121044,87.13394
69.71168897121044,87.132454
72.2680423821367,87.13207
75.02890406593707,87.13281
75.02890406593707,87.13358
76.46046197605577,87.134926
73.59734615581836,87.13592
73.59734615581836,87.13626
73.59734615581836,87.13575
70.93873860845505,87.135605
70.93873860845505,87.13487
70.93873860845505,87.13537
70.93873860845505,87.13689
70.93873860845505,87.13717
68.38238519752878,87.13776
68.38238519752878,87.13885
68.38238519752878,87.14026
70.93873860845505,87.141205
76.86947852180397,87.14116
75.74468302099642,87.1399
73.39283788294426,87.1374
72.2680423821367,87.13418
71.24550101776619,87.134094
71.24550101776619,87.131424
71.24550101776619,87.13287
70.12070551695865,87.13382
67.97336865178059,87.135574
66.95082728741008,87.1306
65.92828592303958,87.12179
65.92828592303958,87.12102
64.80349042223202,87.122314
65.92828592303958,87.12936
65.92828592303958,87.13529
63.78094905786152,87.13723
63.78094905786152,87.13608
61.633612192683465,87.13353
61.633612192683465,87.13555
61.633612192683465,87.13774
63.78094905786152,87.14221
61.633612192683465,87.14401
60.61107082831296,87.142
59.6907836003795,87.14121
60.61107082831296,87.14462
60.61107082831296,87.14604
58.668242236009,87.144394
57.64570087163849,87.14382
118.69142032455758,87.14384
118.69142032455758,87.14301
116.64633759581658,87.13552
110.51108940959357,87.125275
110.51108940959357,87.12246
111.53363077396405,87.119804
108.46600668085253,87.11634
105.39838258774104,87.115005
104.37584122337051,87.1124
104.37584122337051,87.114746
102.33075849462952,87.11606
102.33075849462952,87.118065
102.33075849462952,87.11784
101.30821713025904,87.12095
99.263134401518,87.12194
97.218051672777,87.12291
97.218051672777,87.12501
102.33075849462952,87.1299
97.218051672777,87.13391
95.172968944036,87.13671
94.15042757966549,87.13546
94.15042757966549,87.12807
92.10534485092447,87.1286
91.18505762299102,87.12836
89.95800798574643,87.12819
88.73095834850182,87.12858
88.73095834850182,87.12949
88.73095834850182,87.13106
79.11906952341909,87.13209
77.99427402261153,87.12941
76.86947852180397,87.11765
74.5176333837518,87.10606
73.39283788294426,87.104
72.2680423821367,87.10156
72.2680423821367,87.0991
72.2680423821367,87.096085
70.12070551695865,87.09534
70.12070551695865,87.09842
67.97336865178059,87.10519
66.95082728741008,87.11
66.95082728741008,87.115234
66.95082728741008,87.11819
66.95082728741008,87.11911
65.92828592303958,87.11842
63.78094905786152,87.11836
61.633612192683465,87.11925
61.633612192683465,87.12052
61.633612192683465,87.12135
59.6907836003795,87.12173
59.6907836003795,87.122025
60.61107082831296,87.12249
61.633612192683465,87.1231
61.633612192683465,87.12286
63.78094905786152,87.123535
61.633612192683465,87.126976
61.633612192683465,87.13054
66.23504833235073,87.13381
67.46209796959533,87.13346
66.23504833235073,87.127975
65.00799869510612,87.11604
63.678694921424466,87.11156
61.22459564693525,87.11137
59.99754600969065,87.11819
59.99754600969065,87.11939
59.99754600969065,87.11953
61.22459564693525,87.1205
61.22459564693525,87.12152
59.99754600969065,87.122505
59.99754600969065,87.12175
57.44119259876439,87.119095
56.2141429615198,87.115585
56.2141429615198,87.115585
54.987093324275186,87.118576
54.987093324275186,87.12407
53.86229782346763,87.1285
54.987093324275186,87.126976
59.99754600969065,87.130394
59.99754600969065,87.13149
54.987093324275186,87.129105
53.86229782346763,87.12534
52.73750232266007,87.1232
51.61270682185252,87.123886
50.48791132104497,87.126976
50.48791132104497,87.13054
50.48791132104497,87.13381
84.12952220883454,87.13565
84.12952220883454,87.132675
84.84530116389391,87.120865
82.59571016227879,87.114784
84.12952220883454,87.12161
84.12952220883454,87.13108
84.12952220883454,87.12807
82.59571016227879,87.12853
82.59571016227879,87.12819
79.73259434204138,87.12858
80.34611916066368,87.12949
79.01681538698203,87.13155
78.30103643192268,87.1315
78.30103643192268,87.13145
76.97173265824102,87.12938
75.64242888455937,87.13244
78.30103643192268,87.1276
78.30103643192268,87.12613
77.68751161330037,87.129524
76.97173265824102,87.132195
77.68751161330037,87.13149
78.30103643192268,87.129105
76.97173265824102,87.127045
75.64242888455937,87.12865
82.59571016227879,87.13234
81.87993120721943,87.13395
78.30103643192268,87.13873
78.30103643192268,87.1455
450.22969414423966,87.149605
450.22969414423966,87.14298
450.22969414423966,87.1257
450.22969414423966,87.10677
450.22969414423966,87.10661
450.22969414423966,87.106224
450.22969414423966,87.1051
450.22969414423966,87.10519
450.22969414423966,87.106926
450.22969414423966,87.107994
450.22969414423966,87.109825
118.69142032455758,87.112625
109.48854804522306,87.115234
104.37584122337051,87.11833
105.39838258774104,87.12002
110.51108940959357,87.120834
105.39838258774104,87.12215
101.30821713025904,87.123886
99.263134401518,87.126976
99.263134401518,87.13273
97.218051672777,87.13879
97.218051672777,87.14016
96.1955103084065,87.13395
93.12788621529499,87.13109
89.95800798574643,87.1325
86.58362148332375,87.13049
85.66333425539031,87.12777
85.049809436768,87.12233
112.55617213833457,87.12197
115.62379623144605,87.12031
118.69142032455758,87.11601
116.64633759581658,87.112564
116.64633759581658,87.11
116.64633759581658,87.115234
115.62379623144605,87.11819
114.60125486707558,87.11911
114.60125486707558,87.11657
114.60125486707558,87.11256
115.62379623144605,87.10896
112.55617213833457,87.10761
112.55617213833457,87.10248
112.55617213833457,87.09966
112.55617213833457,87.10421
112.55617213833457,87.11293
112.55617213833457,87.12052
114.60125486707558,87.121216
114.60125486707558,87.12153
111.53363077396405,87.121864
109.48854804522306,87.122505
106.42092395211152,87.12317
105.39838258774104,87.12345
105.39838258774104,87.12286
103.35329985900005,87.123535
102.33075849462952,87.126976
102.33075849462952,87.13054
102.33075849462952,87.13381
88.62870421206476,87.13565
88.62870421206476,87.13494
90.16251625862051,87.12978
88.62870421206476,87.12751
87.09489216550901,87.127495
90.16251625862051,87.12809
91.69632830517627,87.12818
93.12788621529499,87.12748
91.69632830517627,87.127045
90.16251625862051,87.127235
90.16251625862051,87.12721
88.62870421206476,87.124794
88.62870421206476,87.12812
85.56108011895326,87.13149
87.09489216550901,87.13052
85.56108011895326,87.13097
85.56108011895326,87.13297
84.12952220883454,87.132675
84.12952220883454,87.13123
81.06189811572304,87.13015
81.06189811572304,87.12483
82.59571016227879,87.12183
85.56108011895326,87.12178
85.56108011895326,87.11782
88.62870421206476,87.11438
87.09489216550901,87.11552
82.59571016227879,87.12113
81.06189811572304,87.12704
82.59571016227879,87.13228
63.474186648550365,87.135864
63.474186648550365,87.143555
61.429103919809364,87.147514
60.40656255543885,87.147415
59.2817670546313,87.13841
59.2817670546313,87.13364
58.2592256902608,87.1391
54.06680609634172,87.14948
53.04426473197122,87.14672
52.12397750403777,87.13839
52.12397750403777,87.13358
51.20369027610432,87.142685
49.260861683800364,87.14703
48.340574455866914,87.13863
48.340574455866914,87.13235
47.42028722793345,87.13224
46.5,87.136696
46.5,87.136215
47.42028722793345,87.128494
54.06680609634172,87.12442
54.06680609634172,87.12424
51.20369027610432,87.12938
50.28340304817087,87.13539
49.260861683800364,87.13425
48.340574455866914,87.12679
49.260861683800364,87.134575
48.340574455866914,87.14542
49.260861683800364,87.143456
83.6182515266493,87.142265
81.98218534365648,87.14734
80.34611916066368,87.14246
76.97173265824102,87.13866
83.6182515266493,87.13539
80.34611916066368,87.12899
78.60779884123382,87.133705
76.97173265824102,87.13721
75.3356664752482,87.135826
75.3356664752482,87.13384
73.6996002922554,87.1375
73.6996002922554,87.14331
70.42746792626978,87.14243
68.9959100161511,87.141685
67.46209796959533,87.145615
66.03054005947664,87.15066
64.49672801292087,87.15202
64.49672801292087,87.13902
66.03054005947664,87.12706
66.03054005947664,87.126854
64.49672801292087,87.12937
64.49672801292087,87.122955
64.49672801292087,87.11676
66.03054005947664,87.1229
66.03054005947664,87.12646
64.49672801292087,87.1315
68.9959100161511,87.12988
70.42746792626978,87.12576
83.6182515266493,87.13205
81.98218534365648,87.137764
80.34611916066368,87.13304
76.97173265824102,87.12559
83.6182515266493,87.121475
80.34611916066368,87.1147
78.60779884123382,87.11
76.97173265824102,87.11061
75.3356664752482,87.1193
75.3356664752482,87.12297
73.6996002922554,87.13135
73.6996002922554,87.13729
70.42746792626978,87.14317
68.9959100161511,87.143585
67.46209796959533,87.14404
66.03054005947664,87.138664
64.49672801292087,87.13084
64.49672801292087,87.127266
66.03054005947664,87.127625
66.03054005947664,87.138115
64.49672801292087,87.14982
64.49672801292087,87.15182
64.49672801292087,87.14396
66.03054005947664,87.13962
66.03054005947664,87.14155
64.49672801292087,87.14472
68.9959100161511,87.141396
81.98218534365648,87.13995
110.51108940959357,87.13948
112.55617213833457,87.1424
108.46600668085253,87.14249
106.42092395211152,87.14171
102.33075849462952,87.13518
106.42092395211152,87.12718
104.37584122337051,87.123276
118.69142032455758,87.13048
120.73650305329859,87.13375
112.55617213833457,87.13819
98.2405930371475,87.13563
102.33075849462952,87.12335
98.2405930371475,87.120155
94.15042757966549,87.12325
98.2405930371475,87.12902
96.1955103084065,87.134705
94.15042757966549,87.1328
94.15042757966549,87.13318
90.06026212218347,87.13523
88.01517939344247,87.13159
85.97009666470146,87.12633
85.97009666470146,87.12479
85.97009666470146,87.1351
83.92501393596045,87.137215
83.92501393596045,87.12764
81.87993120721943,87.116035
81.87993120721943,87.1116
81.87993120721943,87.117
85.97009666470146,87.132744
75.74468302099642,87.132614
73.6996002922554,87.13208
71.6545175635144,87.13276
70.12070551695865,87.12419
70.12070551695865,87.11938
70.12070551695865,87.121
68.58689347040288,87.12466
67.05308142384713,87.13111
65.51926937729137,87.141045
77.78976574973743,87.15617
85.97009666470146,87.15723
73.6996002922554,87.15299
70.12070551695865,87.14124
73.6996002922554,87.13844
79.83484847847843,87.13964
79.83484847847843,87.14348
75.74468302099642,87.14581
75.74468302099642,87.14726
68.58689347040288,87.14307
67.05308142384713,87.141304
65.51926937729137,87.136925
63.98545733073561,87.12532
60.9178332376241,87.12263
59.38402119106835,87.120445
57.8502091445126,87.11962
59.38402119106835,87.11168
62.45164528417987,87.120155
62.45164528417987,87.131775
83.6182515266493,87.13828
80.34611916066368,87.13731
78.60779884123382,87.13538
76.97173265824102,87.13095
75.3356664752482,87.12946
75.3356664752482,87.12243
72.0635341092626,87.12611
70.42746792626978,87.1324
78.60779884123382,87.13317
105.39838258774104,87.13001
103.35329985900005,87.14104
94.15042757966549,87.141754
86.89038389263492,87.13375
76.97173265824102,87.12668
73.6996002922554,87.124084
73.6996002922554,87.124725
72.0635341092626,87.12073
70.42746792626978,87.11706
68.9959100161511,87.11839
67.46209796959533,87.12078
66.03054005947664,87.12301
66.03054005947664,87.12556
76.97173265824102,87.130936
70.42746792626978,87.13811
70.42746792626978,87.14042
67.46209796959533,87.125786
64.49672801292087,87.12222
63.065170102802156,87.12751
73.6996002922554,87.13241
73.6996002922554,87.13777
73.6996002922554,87.13995
71.6545175635144,87.13893
70.12070551695865,87.1389
71.6545175635144,87.14189
71.6545175635144,87.143166
70.12070551695865,87.14
68.58689347040288,87.139984
71.6545175635144,87.14273
71.6545175635144,87.14566
71.6545175635144,87.14292
71.6545175635144,87.147964
70.12070551695865,87.14834
70.12070551695865,87.14783
75.74468302099642,87.14452
83.92501393596045,87.139984
75.74468302099642,87.13715
73.6996002922554,87.134285
70.12070551695865,87.134
68.58689347040288,87.13372
65.51926937729137,87.12919
70.12070551695865,87.1294
88.01517939344247,87.13915
88.01517939344247,87.144035
73.6996002922554,87.14668
67.05308142384713,87.14162
68.58689347040288,87.13803
85.35657184607916,87.13723
83.00472670802698,87.14015
83.00472670802698,87.13904
80.75513570641189,87.14163
78.50554470479678,87.141365
76.97173265824102,87.144
74.82439579306295,87.141815
73.2905837465072,87.14239
73.2905837465072,87.14204
101.30821713025904,87.143486
142.20987170507917,87.141
188.22423310175185,87.13636
141.18733034070866,87.12473
119.71396168892811,87.12087
108.46600668085253,87.12256
105.39838258774104,87.130066
100.28567576588853,87.137505
95.172968944036,87.14314
90.87829521367986,87.143364
91.69632830517627,87.13632
90.16251625862051,87.13986
86.99263802907197,87.14123
83.8227597995234,87.13982
83.00472670802698,87.13559
80.75513570641189,87.13267
100.28567576588853,87.137314
100.28567576588853,87.14924
142.20987170507917,87.15835
113.57871350270506,87.15208
81.47091466147124,87.14179
80.03935675135253,87.13856
79.22132365985613,87.13737
78.50554470479678,87.13232
80.75513570641189,87.13131
78.50554470479678,87.12983
76.97173265824102,87.1306
75.54017474812231,87.13237
74.82439579306295,87.13437
73.2905837465072,87.13566
72.57480479144786,87.135345
71.0409927448921,87.13394
69.6094348347734,87.132454
68.17787692465468,87.13207
68.17787692465468,87.13281
68.17787692465468,87.13358
65.31476110441727,87.134926
63.98545733073561,87.13592
61.32684978337231,87.13626
59.99754600969065,87.13575
59.99754600969065,87.135605
60.61107082831296,87.13487
60.61107082831296,87.13537
63.98545733073561,87.13689
62.65615355705396,87.13717
63.269678375676264,87.13776
64.59898214935792,87.13885
63.98545733073561,87.14026
101.30821713025904,87.141205
100.28567576588853,87.139786
103.35329985900005,87.1374
104.37584122337051,87.13678
102.33075849462952,87.139465
99.263134401518,87.137665
98.2405930371475,87.12977
98.2405930371475,87.12745
97.218051672777,87.12776
95.172968944036,87.13174
94.15042757966549,87.132195
94.15042757966549,87.13549
94.15042757966549,87.1348
94.15042757966549,87.133644
93.12788621529499,87.13474
90.87829521367986,87.13626
89.44673730356118,87.13912
88.01517939344247,87.13713
88.73095834850182,87.14139
94.15042757966549,87.146706
90.16251625862051,87.14746
88.01517939344247,87.14756
86.58362148332375,87.15151
84.53853875458275,87.15561
93.12788621529499,87.15797
98.2405930371475,87.1588
89.44673730356118,87.15984
93.12788621529499,87.16192
95.172968944036,87.16443
94.15042757966549,87.15825
94.15042757966549,87.14877
93.12788621529499,87.13959
101.30821713025904,87.15092
90.87829521367986,87.15206
89.34448316712411,87.14886
88.52645007562772,87.138176
87.81067112056836,87.13847
87.81067112056836,87.14132
86.17460493757557,87.144905
86.17460493757557,87.14827
84.6407928910198,87.15407
83.8227597995234,87.147514
83.00472670802698,87.14601
81.47091466147124,87.151695
82.28894775296764,87.154434
81.47091466147124,87.15394
80.03935675135253,87.153854
78.50554470479678,87.15301
79.22132365985613,87.15244
78.50554470479678,87.1488
76.97173265824102,87.14631
80.03935675135253,87.146194
79.22132365985613,87.14969
78.50554470479678,87.15132
77.78976574973743,87.15514
76.97173265824102,87.159615
84.6407928910198,87.15703
87.50390871125721,87.1481
86.78812975619785,87.136894
84.6407928910198,87.129196
83.2092349809011,87.12996
86.78812975619785,87.12594
89.03772075781296,87.132774
91.18505762299102,87.13685
88.21968766631656,87.136284
85.35657184607916,87.12996
83.2092349809011,87.124344
84.6407928910198,87.12448
91.18505762299102,87.12719
88.21968766631656,87.13757
83.92501393596045,87.14424
81.7776770707824,87.13543
80.44837329710073,87.12717
79.11906952341909,87.13566
77.07398679467806,87.14743
76.35820783961871,87.14382
75.02890406593707,87.13438
73.6996002922554,87.11984
73.6996002922554,87.11318
70.93873860845505,87.11842
69.6094348347734,87.122116
69.6094348347734,87.12076
68.28013106109174,87.12156
68.28013106109174,87.12149
69.6094348347734,87.12378
91.38956589586513,87.129524
89.44673730356118,87.13996
87.50390871125721,87.14699
83.2092349809011,87.15235
81.7776770707824,87.14275
81.36866052503419,87.13752
79.52808606916729,87.13713
79.52808606916729,87.142265
79.11906952341909,87.1461
79.93710261491549,87.139496
81.36866052503419,87.1361
84.6407928910198,87.13567
82.28894775296764,87.13727
80.44837329710073,87.1366
79.11906952341909,87.13698
79.11906952341909,87.13969
78.19878229548563,87.14311
76.86947852180397,87.142715
75.02890406593707,87.14383
75.02890406593707,87.142456
73.6996002922554,87.13868
78.60779884123382,87.13831
77.68751161330037,87.142204
76.35820783961871,87.144615
77.27849506755217,87.143936
80.44837329710073,87.144
80.44837329710073,87.15022
79.11906952341909,87.15389
81.87993120721943,87.14779
78.60779884123382,87.13541
87.50390871125721,87.134186
72.71796058245972,87.13341
78.19878229548563,87.13176
77.99427402261153,87.13145
102.33075849462952,87.134094
103.35329985900005,87.138626
95.172968944036,87.14773
93.12788621529499,87.158646
91.38956589586513,87.15575
96.1955103084065,87.14994
450.22969414423966,87.14281
450.22969414423966,87.132645
450.22969414423966,87.13281
450.22969414423966,87.133865
450.22969414423966,87.13518
450.22969414423966,87.14121
450.22969414423966,87.14716
450.22969414423966,87.14667
450.22969414423966,87.14501
450.22969414423966,87.14484
450.22969414423966,87.145134
450.22969414423966,87.144875
450.22969414423966,87.142006
450.22969414423966,87.144165
450.22969414423966,87.1401
450.22969414423966,87.13514
450.22969414423966,87.129814
450.22969414423966,87.1317
450.22969414423966,87.1399
450.22969414423966,87.14557
450.22969414423966,87.136826
450.22969414423966,87.128624
450.22969414423966,87.128494
450.22969414423966,87.13365
450.22969414423966,87.1372
450.22969414423966,87.13972
450.22969414423966,87.13269
450.22969414423966,87.12783
89.54899143999822,87.12556
90.26477039505758,87.12335
90.67378694080577,87.122505
84.33403048170867,87.12394
83.10698084446405,87.1284
78.09652815904857,87.13261
93.12788621529499,87.13335
112.55617213833457,87.13657
123.80412714641011,87.13692
105.39838258774104,87.132645
96.1955103084065,87.13367
95.172968944036,87.13795
84.2317763452716,87.140396
74.61988752018887,87.14284
94.15042757966549,87.14419
100.28567576588853,87.14517
114.60125486707558,87.14805
112.55617213833457,87.14994
114.60125486707558,87.14594
120.73650305329859,87.140526
112.55617213833457,87.13404
111.53363077396405,87.13076
106.42092395211152,87.13365
107.44346531648205,87.1337
101.30821713025904,87.1329
105.39838258774104,87.137024
105.39838258774104,87.134926
98.2405930371475,87.13506
101.30821713025904,87.135086
98.2405930371475,87.13709
93.12788621529499,87.13725
107.44346531648205,87.135414
104.37584122337051,87.13439
89.24222903068707,87.13857
97.218051672777,87.144646
96.1955103084065,87.14526
100.28567576588853,87.146675
76.86947852180397,87.14876
99.263134401518,87.14551
105.39838258774104,87.14454
103.35329985900005,87.14599
93.12788621529499,87.151665
105.39838258774104,87.157326
113.57871350270506,87.15624
98.2405930371475,87.15791
114.60125486707558,87.15421
113.57871350270506,87.15193
103.35329985900005,87.14662
100.28567576588853,87.14248
97.218051672777,87.1366
91.59407416873923,87.13094
118.69142032455758,87.13127
115.62379623144605,87.1322
108.46600668085253,87.13421
111.53363077396405,87.143684
94.15042757966549,87.146164
101.30821713025904,87.139725
86.2768590740126,87.13487
83.92501393596045,87.13911
90.87829521367986,87.13917
99.263134401518,87.1378
107.44346531648205,87.1446
116.64633759581658,87.15285
93.12788621529499,87.15305
106.42092395211152,87.1432
103.35329985900005,87.135765
96.1955103084065,87.138306
92.00309071448743,87.13976
96.1955103084065,87.141945
100.28567576588853,87.138275
97.218051672777,87.14257
96.1955103084065,87.14371
95.172968944036,87.146805
100.28567576588853,87.148766
97.218051672777,87.14749
102.33075849462952,87.14933
100.28567576588853,87.14992
90.77604107724282,87.148994
92.10534485092447,87.14608
92.10534485092447,87.144104
92.10534485092447,87.1497
87.40165457482017,87.15461
106.42092395211152,87.15087
113.57871350270506,87.14806
101.30821713025904,87.14559
99.263134401518,87.14459
88.21968766631656,87.14236
89.65124557643527,87.144394
108.46600668085253,87.14542
101.30821713025904,87.146164
103.35329985900005,87.14705
100.28567576588853,87.14676
103.35329985900005,87.14482
99.263134401518,87.1483
99.263134401518,87.149475
100.28567576588853,87.152275
94.15042757966549,87.15516
103.35329985900005,87.15721
101.30821713025904,87.16243
100.28567576588853,87.1622
84.0272680723975,87.1598
81.5731687979083,87.15372
97.218051672777,87.151306
88.73095834850182,87.14592
91.79858244161333,87.14361
95.172968944036,87.14879
112.55617213833457,87.15135
81.98218534365648,87.1528
88.83321248493887,87.150246
98.2405930371475,87.14536
87.81067112056836,87.14026
81.98218534365648,87.137024
76.56271611249282,87.132904
81.36866052503419,87.13385
240.37384268464757,87.13751
199.47218810982739,87.13404
153.45782671315473,87.12652
120.73650305329859,87.11993
88.32194180275361,87.11669
97.218051672777,87.11559
106.42092395211152,87.11364
96.1955103084065,87.11051
96.1955103084065,87.12011
101.30821713025904,87.13287
89.95800798574643,87.14231
85.4588259825162,87.14049
95.172968944036,87.13819
90.26477039505758,87.13647
90.57153280436873,87.13563
121.7590444176691,87.13479
119.71396168892811,87.12995
110.51108940959357,87.125175
100.28567576588853,87.118835
92.00309071448743,87.11779
116.64633759581658,87.12009
99.263134401518,87.123566
97.218051672777,87.12144
95.172968944036,87.1313
95.172968944036,87.15278
98.2405930371475,87.16486
89.13997489425002,87.15674
86.78812975619785,87.13865
90.87829521367986,87.13051
89.13997489425002,87.12788
92.10534485092447,87.12506
94.15042757966549,87.12628
104.37584122337051,87.13067
113.57871350270506,87.12936
100.28567576588853,87.13529
99.263134401518,87.135254
98.2405930371475,87.1294
91.28731175942809,87.12496
94.15042757966549,87.13293
94.15042757966549,87.140495
93.12788621529499,87.141136
97.218051672777,87.14061
94.15042757966549,87.134155
92.10534485092447,87.13179
83.00472670802698,87.13421
76.66497024892988,87.140144
66.95082728741008,87.14162
74.00636270156656,87.13766
78.71005297767088,87.14104
79.11906952341909,87.13885
71.4500092906403,87.13611
60.81557910118706,87.13388
71.55226342707735,87.13452
73.18832961007016,87.13571
72.98382133719605,87.13529
80.75513570641189,87.13974
68.17787692465468,87.14166
72.98382133719605,87.13824
73.6996002922554,87.13729
63.57644078498742,87.1374
73.08607547363312,87.14114
72.98382133719605,87.13824
70.32521378983274,87.13677
72.98382133719605,87.14151
67.46209796959533,87.146904
68.58689347040288,87.14565
63.678694921424466,87.139755
65.92828592303958,87.141495
65.51926937729137,87.13999
65.51926937729137,87.13901
66.64406487809892,87.14187
51.61270682185252,87.14523
77.58525747686332,87.14577
78.19878229548563,87.13612
95.172968944036,87.1335
90.98054935011693,87.1318
82.59571016227879,87.129715
90.16251625862051,87.12011
88.83321248493887,87.11934
78.40329056835972,87.12334
87.91292525700541,87.131546
89.13997489425002,87.13734
124.82666851078059,87.1381
123.80412714641011,87.136086
107.44346531648205,87.130264
101.30821713025904,87.12815
95.172968944036,87.13435
95.172968944036,87.13394
88.52645007562772,87.12985
94.15042757966549,87.130264
89.24222903068707,87.1346
88.93546662137592,87.13722
93.12788621529499,87.13766
89.34448316712411,87.13593
83.6182515266493,87.13547
86.89038389263492,87.13907
81.5731687979083,87.14249
80.75513570641189,87.14095
80.03935675135253,87.13663
68.68914760683994,87.134026
103.35329985900005,87.13851
96.1955103084065,87.13701
111.53363077396405,87.13111
104.37584122337051,87.12639
97.218051672777,87.13401
89.34448316712411,87.13492
102.33075849462952,87.13397
89.85575384930937,87.13411
99.263134401518,87.133545
98.2405930371475,87.13488
99.263134401518,87.13589
100.28567576588853,87.13625
79.63034020560433,87.13618
99.263134401518,87.13695
101.30821713025904,87.13833
79.63034020560433,87.14192
121.7590444176691,87.14921
116.64633759581658,87.15226
110.51108940959357,87.14465
101.30821713025904,87.127556
97.218051672777,87.12199
91.90083657805037,87.12412
101.30821713025904,87.12649
102.33075849462952,87.12957
97.218051672777,87.13451
101.30821713025904,87.138374
92.10534485092447,87.14103
98.2405930371475,87.1438
75.64242888455937,87.13927
77.07398679467806,87.12812
81.5731687979083,87.12195
83.00472670802698,87.120926
84.6407928910198,87.125435
74.82439579306295,87.12988
78.60779884123382,87.138756
102.33075849462952,87.14548
91.49182003230219,87.14771
114.60125486707558,87.13583
93.12788621529499,87.137695
88.73095834850182,87.130356
79.11906952341909,87.1231
82.49345602584174,87.119255
84.74304702745685,87.122375
88.21968766631656,87.12776
90.77604107724282,87.13238
90.77604107724282,87.134605
89.75349971287233,87.12898
84.53853875458275,87.12611
78.09652815904857,87.13154
76.15369956674462,87.13565
86.0723508011385,87.14007
80.03935675135253,87.14527
82.08443948009355,87.14114
80.03935675135253,87.136086
79.11906952341909,87.13618
79.63034020560433,87.13993
76.76722438536692,87.14579
78.60779884123382,87.14937
81.16415225216008,87.14462
77.58525747686332,87.13859
75.64242888455937,87.13959
77.58525747686332,87.13771
103.35329985900005,87.1351
127.89429260389211,87.13647
113.57871350270506,87.13969
88.11743352987952,87.14648
85.56108011895326,87.15017
93.12788621529499,87.147354
83.6182515266493,87.13561
87.91292525700541,87.13524
85.66333425539031,87.13856
90.06026212218347,87.14479
78.09652815904857,87.14569
84.12952220883454,87.14152
95.172968944036,87.13931
138.11970624759718,87.13994
97.218051672777,87.13379
97.218051672777,87.12518
94.15042757966549,87.12289
99.263134401518,87.1325
89.13997489425002,87.13698
83.51599739021223,87.14157
87.81067112056836,87.14461
93.12788621529499,87.144936
97.218051672777,87.143265
102.33075849462952,87.14044
102.33075849462952,87.13986
128.91683396826264,87.13913
125.84920987515112,87.13916
124.82666851078059,87.14157
122.78158578203958,87.1424
122.78158578203958,87.14107
121.7590444176691,87.13919
121.7590444176691,87.13877
124.82666851078059,87.136986
105.39838258774104,87.13506
109.48854804522306,87.13506
93.12788621529499,87.1398
88.11743352987952,87.14194
103.35329985900005,87.136055
119.71396168892811,87.132256
126.87175123952164,87.14479
130.96191669700363,87.15094
117.6688789601871,87.13796
116.64633759581658,87.13305
103.35329985900005,87.13269
117.6688789601871,87.13558
106.42092395211152,87.13611
106.42092395211152,87.138405
96.1955103084065,87.13916
99.263134401518,87.13807
94.15042757966549,87.13475
96.1955103084065,87.140236
98.2405930371475,87.143974
109.48854804522306,87.14143
108.46600668085253,87.1392
112.55617213833457,87.1372
111.53363077396405,87.13715
113.57871350270506,87.13261
110.51108940959357,87.130615
109.48854804522306,87.134895
91.38956589586513,87.14232
104.37584122337051,87.139015
102.33075849462952,87.13284
93.12788621529499,87.13067
93.12788621529499,87.13298
93.12788621529499,87.13615
96.1955103084065,87.134834
98.2405930371475,87.13433
106.42092395211152,87.13796
96.1955103084065,87.1399
104.37584122337051,87.14612
119.71396168892811,87.14736
107.44346531648205,87.145164
102.33075849462952,87.14021
92.10534485092447,87.1378
100.28567576588853,87.138824
117.6688789601871,87.145226
115.62379623144605,87.1539
114.60125486707558,87.15765
114.60125486707558,87.15427
94.15042757966549,87.15216
96.1955103084065,87.1504
98.2405930371475,87.145355
106.42092395211152,87.1308
102.33075849462952,87.12687
100.28567576588853,87.1275
100.28567576588853,87.13364
100.28567576588853,87.14024
94.15042757966549,87.14576
100.28567576588853,87.15028
109.48854804522306,87.148766
90.87829521367986,87.14037
86.58362148332375,87.13518
77.99427402261153,87.138985
77.17624093111513,87.142
75.02890406593707,87.13887
74.72214165662591,87.143234
99.263134401518,87.1424
81.47091466147124,87.15139
82.59571016227879,87.15035
81.7776770707824,87.15017
69.91619724408453,87.153786
64.80349042223202,87.162
69.8139431076475,87.15794
85.049809436768,87.14545
86.89038389263492,87.14611
80.95964397928599,87.147804
72.98382133719605,87.1498
67.15533556028417,87.14593
108.46600668085253,87.142426
97.218051672777,87.14388
104.37584122337051,87.14082
112.55617213833457,87.13717
96.1955103084065,87.14006
95.172968944036,87.143364
94.15042757966549,87.14929
93.12788621529499,87.15239
99.263134401518,87.152405
98.2405930371475,87.15118
98.2405930371475,87.14103
81.36866052503419,87.13812
104.37584122337051,87.132355
79.11906952341909,87.130615
84.33403048170867,87.13196
91.59407416873923,87.13584
89.03772075781296,87.14117
92.10534485092447,87.14539
90.26477039505758,87.144485
87.40165457482017,87.14612
92.00309071448743,87.1488
97.218051672777,87.15392
94.15042757966549,87.15258
89.03772075781296,87.15044
76.25595370318166,87.14803
87.19714630194606,87.14599
93.12788621529499,87.13715
89.24222903068707,87.14016
116.64633759581658,87.143234
117.6688789601871,87.14094
114.60125486707558,87.135
104.37584122337051,87.13232
109.48854804522306,87.1313
101.30821713025904,87.12983
105.39838258774104,87.1306
102.33075849462952,87.13236
100.28567576588853,87.13438
90.36702453149462,87.13566
94.15042757966549,87.13535
97.218051672777,87.13396
100.28567576588853,87.13247
103.35329985900005,87.13208
106.42092395211152,87.13281
94.15042757966549,87.133575
98.2405930371475,87.13492
81.87993120721943,87.135925
77.58525747686332,87.13627
84.94755530033095,87.13575
85.97009666470146,87.135605
96.1955103084065,87.134865
98.2405930371475,87.13535
99.263134401518,87.13688
84.84530116389391,87.13717
95.172968944036,87.13776
86.99263802907197,87.138855
87.50390871125721,87.14027
124.82666851078059,87.14121
123.80412714641011,87.13851
123.80412714641011,87.133606
126.87175123952164,87.13023
134.02954079011516,87.13281
127.89429260389211,87.13151
136.07462351885619,87.12988
149.36766125567272,87.13268
183.11152627989938,87.13298
216.855391304126,87.133316
155.50290944189572,87.133095
143.2324130694497,87.12644
143.2324130694497,87.11977
133.00699942574465,87.11993
160.61561626374825,87.12509
140.16478897633817,87.132965
146.30003716256118,87.138565
131.9844580613741,87.1378
135.05208215448565,87.13191
123.80412714641011,87.127304
136.07462351885619,87.125305
134.02954079011516,87.13089
131.9844580613741,87.13642
124.82666851078059,87.13899
127.89429260389211,87.142334
123.80412714641011,87.14293
128.91683396826264,87.13821
140.16478897633817,87.13548
