actual_runoff,predicted_runoff
1234.5544472284462,852.7749
1211.0011513400316,852.7891
1234.5544472284462,852.6467
1305.2143348936902,852.64685
1211.0011513400316,852.6296
1199.2245033958243,852.6296
1140.3412636747878,852.6296
1152.117911618995,852.6296
1081.4580239537513,852.6296
1128.5646157305805,852.6296
1128.5646157305805,852.6296
1046.1280801211292,852.6296
1081.4580239537513,852.6296
1046.1280801211292,852.6296
987.2448404000929,852.6296
1152.117911618995,852.64886
1116.7879677863732,852.71686
942.4935782121053,852.7505
1034.351432176922,852.72955
1022.5747842327147,852.6482
1069.681376009544,852.6467
799.9961380871965,852.65186
1057.9047280653365,852.6503
1128.5646157305805,852.6296
1105.011319842166,852.6296
987.2448404000929,852.6296
1128.5646157305805,852.6296
1222.7777992842389,852.6296
1046.1280801211292,852.6296
1234.5544472284462,852.6296
1222.7777992842389,852.6296
1105.011319842166,852.64496
1069.681376009544,852.69507
1034.351432176922,852.71027
969.5798684837819,852.69006
1281.6610390052756,852.6296
1246.3310951726535,852.6296
1163.8945595632024,852.6296
1199.2245033958243,852.6296
999.0214883443001,852.6745
1081.4580239537513,852.68945
908.3412991739037,852.69006
881.2550089022271,852.6296
961.3362149228366,852.6296
1057.9047280653365,852.6296
1152.117911618995,852.6296
1258.107743116861,852.6296
987.2448404000929,852.6296
1140.3412636747878,852.6296
1105.011319842166,852.6296
1022.5747842327147,852.6296
974.2905276614647,852.6296
1022.5747842327147,852.6296
1069.681376009544,852.71295
1034.351432176922,852.7407
1022.5747842327147,852.7418
1010.7981362885074,852.6296
1069.681376009544,852.6296
1034.351432176922,852.6296
1093.2346718979586,852.6296
1069.681376009544,852.6296
960.158550128416,852.6296
975.4681924558854,852.6296
975.4681924558854,852.6296
975.4681924558854,852.6296
921.2956119125319,852.6296
1140.3412636747878,852.6296
1222.7777992842389,852.6296
1081.4580239537513,852.79987
1057.9047280653365,852.85675
930.7169302678977,852.8589
947.2042373897879,852.6296
1163.8945595632024,852.6296
1081.4580239537513,852.6296
1105.011319842166,852.6296
1069.681376009544,852.6296
1105.011319842166,852.6296
1057.9047280653365,852.6296
1057.9047280653365,852.6296
1069.681376009544,852.6296
999.0214883443001,852.6296
1105.011319842166,852.6296
1081.4580239537513,852.6296
1069.681376009544,852.6296
882.4326736966477,852.6296
854.1687186305503,852.6296
1034.351432176922,852.7385
936.6052542400015,852.7749
971.9351980726233,852.7763
1010.7981362885074,852.6296
1211.0011513400316,852.6296
858.8793778082331,852.72186
937.7829190344221,852.75275
1046.1280801211292,852.80774
926.0062710902148,852.71686
858.8793778082331,852.72656
796.4631437039345,852.65546
851.8133890417088,852.66174
2683.0821443659456,852.71045
2212.016226597653,852.77325
1682.067069108324,854.52936
1305.2143348936902,855.224
931.8945950623186,855.08154
1034.351432176922,852.8365
1140.3412636747878,852.6296
1022.5747842327147,852.6296
1022.5747842327147,852.6296
1081.4580239537513,852.6296
950.7372317730502,852.6296
898.919980818538,852.64886
1010.7981362885074,852.6552
954.2702261563126,852.6555
957.8032205395746,852.76154
1316.9909828378975,852.9272
1293.437686949483,852.96954
1187.447855451617,852.7935
1069.681376009544,852.6296
974.2905276614647,852.6296
1258.107743116861,852.6296
1057.9047280653365,852.6296
1034.351432176922,852.6296
1010.7981362885074,852.6296
1010.7981362885074,852.6296
1046.1280801211292,852.6296
941.3159134176843,852.6296
914.2296231460075,852.6296
961.3362149228366,852.6296
941.3159134176843,852.6296
975.4681924558854,852.6296
999.0214883443001,852.6296
1116.7879677863732,852.6296
1222.7777992842389,852.6296
1069.681376009544,852.6296
1057.9047280653365,852.6296
1046.1280801211292,852.6296
966.0468741005197,852.6296
999.0214883443001,852.6296
999.0214883443001,852.6296
987.2448404000929,852.6296
1034.351432176922,852.6296
999.0214883443001,852.6296
975.4681924558854,852.6296
870.6560257524404,852.6296
797.6408084983553,852.6296
685.7626530283858,852.6296
767.0215238434162,852.6296
821.1941043867699,852.6296
825.9047635644528,852.6296
737.5799039828978,852.6296
615.1027653631419,852.6296
738.7575687773187,852.6296
757.6002054880504,852.6296
755.2448758992089,852.6296
844.7474002751844,852.6296
699.8946305614346,852.6296
755.2448758992089,852.72064
763.4885294601538,852.751
646.8997148125017,852.7522
756.4225406936298,852.6296
755.2448758992089,852.6296
724.62559124427,852.6296
755.2448758992089,852.6296
691.6509770004893,852.6296
704.6052897391174,852.6296
648.0773796069222,852.6296
673.9860050841786,852.6296
669.2753459064954,852.6296
669.2753459064954,852.6296
682.2296586451235,852.6296
509.1129338652761,852.6296
808.2397916481418,852.6296
815.3057804146662,852.6296
1010.7981362885074,852.6296
962.5138797172575,852.6296
865.9453665747576,852.6296
953.0925613618916,852.6296
937.7829190344221,852.6296
817.6611100035076,852.6296
927.1839358846356,852.6296
941.3159134176843,852.6296
1352.3209266705192,852.82153
1340.5442787263119,853.24384
1152.117911618995,853.3337
1081.4580239537513,853.07996
1010.7981362885074,852.6296
1010.7981362885074,852.6296
934.24992465116,852.6296
999.0214883443001,852.6296
942.4935782121053,852.6296
938.9605838288429,852.6296
987.2448404000929,852.6296
943.6712430065259,852.6296
877.7220145189648,852.6296
915.4072879404283,852.6296
854.1687186305503,852.6873
844.7474002751844,852.7066
836.5037467142392,852.70734
705.782954533538,852.6296
1105.011319842166,852.83295
1022.5747842327147,852.94574
1199.2245033958243,852.9634
1116.7879677863732,852.69006
1034.351432176922,852.6296
943.6712430065259,852.6296
1093.2346718979586,852.6296
949.5595669786294,852.6296
1057.9047280653365,852.6296
1046.1280801211292,852.6296
1057.9047280653365,852.6296
1069.681376009544,852.6296
831.7930875365563,852.6296
1057.9047280653365,852.6296
1081.4580239537513,852.6296
831.7930875365563,852.6296
1316.9909828378975,852.63855
1258.107743116861,852.91235
1187.447855451617,853.05035
1081.4580239537513,853.0577
1034.351432176922,852.6935
973.1128628670439,852.6296
1081.4580239537513,852.6296
1093.2346718979586,852.6296
1034.351432176922,852.6296
1081.4580239537513,852.6296
975.4681924558854,852.6296
1046.1280801211292,852.6296
785.8641605541478,852.6296
802.351467676038,852.6296
854.1687186305503,852.6296
870.6560257524404,852.6296
889.4986624631721,852.6296
776.442842198782,852.6296
820.016439592349,852.6296
1093.2346718979586,852.6296
968.4022036893613,852.6296
1234.5544472284462,852.90674
987.2448404000929,853.29364
936.6052542400015,853.396
825.9047635644528,853.027
864.7677017803367,852.6296
890.6763272575929,852.6296
930.7169302678977,852.6296
960.158550128416,852.6296
960.158550128416,852.6296
948.3819021842088,852.6296
888.3209976687515,852.6296
814.1281156202452,852.6296
791.7524845262516,852.6296
905.9859695850623,852.6296
836.5037467142392,852.6296
860.0570426026541,852.6296
836.5037467142392,852.6296
825.9047635644528,852.6296
831.7930875365563,852.6296
798.8184732927759,852.6296
820.016439592349,852.6296
849.4580594528674,852.6296
808.2397916481418,852.6296
785.8641605541478,852.63214
808.2397916481418,852.678
1105.011319842166,852.69293
1387.6508705031413,852.78107
1222.7777992842389,853.24243
929.5392654734771,853.34375
900.0976456129588,853.2013
987.2448404000929,852.64856
877.7220145189648,852.6296
927.1839358846356,852.6296
901.2753104073796,852.6296
951.9148965674708,852.6296
814.1281156202452,852.6296
883.6103384910685,852.6296
1010.7981362885074,852.63086
1505.4173499452143,852.7518
1034.351432176922,852.87524
1034.351432176922,852.9029
999.0214883443001,852.7418
1057.9047280653365,852.6296
941.3159134176843,852.6296
876.544349724544,852.6296
926.0062710902148,852.6296
987.2448404000929,852.796
1034.351432176922,852.8516
1093.2346718979586,852.85376
1093.2346718979586,852.6296
1399.4275184473486,852.6296
1364.0975746147267,852.6296
1352.3209266705192,852.6296
1328.7676307821046,852.6296
1328.7676307821046,852.6296
1316.9909828378975,852.6296
1316.9909828378975,852.6296
1352.3209266705192,852.6296
1128.5646157305805,852.6296
1175.67120750741,852.6296
987.2448404000929,852.6296
929.5392654734771,852.6296
1105.011319842166,852.6296
1293.437686949483,852.6552
1375.874222558934,852.72925
1422.9808143357632,852.8552
1269.8843910610683,852.9022
1258.107743116861,852.83093
1105.011319842166,852.6918
1269.8843910610683,852.6296
1140.3412636747878,852.6296
1140.3412636747878,852.6296
1022.5747842327147,852.6296
1057.9047280653365,852.6296
999.0214883443001,852.6296
1022.5747842327147,852.6296
1046.1280801211292,852.63727
1175.67120750741,852.63983
1163.8945595632024,852.63995
1211.0011513400316,852.6296
1199.2245033958243,852.6296
1222.7777992842389,852.64496
1187.447855451617,852.6501
1175.67120750741,852.6503
967.2245388949403,852.6296
1116.7879677863732,852.6296
1093.2346718979586,852.6296
987.2448404000929,852.6296
987.2448404000929,852.6296
987.2448404000929,852.6296
1022.5747842327147,852.6296
1046.1280801211292,852.6296
1140.3412636747878,852.7718
1022.5747842327147,852.8192
1116.7879677863732,852.82104
1293.437686949483,852.6899
1152.117911618995,852.8215
1093.2346718979586,852.85944
975.4681924558854,852.7797
1069.681376009544,852.6296
1269.8843910610683,852.6296
1246.3310951726535,852.6296
1234.5544472284462,852.6296
1234.5544472284462,852.72186
999.0214883443001,852.7642
1022.5747842327147,852.7693
1046.1280801211292,852.64514
1140.3412636747878,852.6296
1093.2346718979586,852.6296
1069.681376009544,852.6296
1069.681376009544,852.6296
1069.681376009544,852.6296
999.0214883443001,852.6296
1069.681376009544,852.6296
1175.67120750741,852.6296
961.3362149228366,852.6296
911.8742935571661,852.6296
812.9504508258246,852.6296
803.5291324704589,852.6296
778.7981717876235,852.6296
775.2651774043613,852.6296
1057.9047280653365,852.6296
852.9910538361294,852.6296
865.9453665747576,852.6296
856.5240482193917,852.6296
719.9149320665869,852.6296
661.0316923455505,852.6296
718.7372672721663,852.6296
894.209321640855,852.6296
915.4072879404283,852.6296
847.102729864026,852.6296
755.2448758992089,852.6296
688.1179826172271,852.6296
1163.8945595632024,852.6296
1034.351432176922,852.6296
1116.7879677863732,852.6296
1211.0011513400316,852.6296
1022.5747842327147,852.6296
1010.7981362885074,852.6296
999.0214883443001,852.6296
987.2448404000929,852.6296
1057.9047280653365,852.64886
1046.1280801211292,852.6552
1046.1280801211292,852.6555
851.8133890417088,852.6296
1116.7879677863732,852.6296
825.9047635644528,852.6296
885.9656680799101,852.6296
969.5798684837819,852.6296
940.1382486232635,852.6296
975.4681924558854,852.6296
954.2702261563126,852.6296
921.2956119125319,852.6296
974.2905276614647,852.6296
1034.351432176922,852.6296
999.0214883443001,852.6296
940.1382486232635,852.6296
792.9301493206722,852.6296
918.9402823236904,852.6296
987.2448404000929,852.6296
942.4935782121053,852.6296
1258.107743116861,852.6296
1269.8843910610683,852.6296
1234.5544472284462,852.6296
1116.7879677863732,852.6296
1175.67120750741,852.6296
1081.4580239537513,852.6296
1128.5646157305805,852.6296
1093.2346718979586,852.6296
1069.681376009544,852.6296
955.4478909507332,852.6296
999.0214883443001,852.6296
1034.351432176922,852.6296
1069.681376009544,852.6296
1105.011319842166,852.6296
1140.3412636747878,852.6617
999.0214883443001,852.67236
1046.1280801211292,852.6728
857.7017130138123,852.6296
808.2397916481418,852.6296
893.0316568464344,852.6296
904.8083047906417,852.6296
1022.5747842327147,852.6296
1046.1280801211292,852.64886
1057.9047280653365,852.6552
891.8539920520138,852.6555
1010.7981362885074,852.6296
916.5849527348489,852.6296
922.4732767069528,852.72577
1352.3209266705192,852.7579
1340.5442787263119,852.75903
1340.5442787263119,852.6296
1375.874222558934,852.6296
1458.3107581683853,852.6296
1387.6508705031413,852.6296
1481.8640540568,852.6296
1634.960477331495,852.6296
2023.589859490336,852.8257
2412.2192416491775,855.47095
1705.6203649967385,856.93805
1564.300589666251,856.7284
1564.300589666251,853.216
1446.534110224178,852.6296
1764.5036047177753,852.6296
1528.9706458336289,852.6296
1599.6305334988729,852.7309
1434.7574622799705,852.98315
1470.0874061125926,853.0727
1340.5442787263119,852.9443
1481.8640540568,853.0648
1458.3107581683853,853.1211
1434.7574622799705,853.1317
1352.3209266705192,852.64734
1387.6508705031413,852.6397
1340.5442787263119,852.6398
1399.4275184473486,852.65234
1528.9706458336289,852.84094
656.3210331678675,853.0751
656.3210331678675,878.53143
671.6306754953371,899.6006
762.3108646657332,913.2968
762.3108646657332,913.3494
778.7981717876235,913.4123
731.6915800107944,913.6393
731.6915800107944,913.7349
717.5596024777453,913.8322
717.5596024777453,913.2968
717.5596024777453,913.2968
717.5596024777453,913.2968
717.5596024777453,913.2968
747.0012223382637,913.2968
778.7981717876235,913.2968
778.7981717876235,913.2968
795.2854789095136,913.2968
762.3108646657332,913.2968
762.3108646657332,913.2968
762.3108646657332,913.3041
731.6915800107944,913.31274
731.6915800107944,913.31647
731.6915800107944,913.2968
731.6915800107944,913.2968
731.6915800107944,913.2968
702.249960150276,913.2968
702.249960150276,913.2968
702.249960150276,913.2968
731.6915800107944,913.2968
799.9961380871965,913.2968
787.0418253485686,913.2968
759.9555350768918,913.3658
747.0012223382637,913.4534
735.2245743940564,913.4956
735.2245743940564,913.3115
735.2245743940564,913.2968
722.2702616554285,913.2968
697.5393009725931,913.30585
685.7626530283858,913.31665
673.9860050841786,913.3214
673.9860050841786,913.2968
661.0316923455505,913.3013
673.9860050841786,913.3067
673.9860050841786,913.3091
649.2550444013432,913.2968
649.2550444013432,913.2968
624.5240837185078,913.2968
624.5240837185078,913.2968
624.5240837185078,913.2968
649.2550444013432,913.2968
624.5240837185078,913.2968
612.7474357743005,913.2968
602.1484526245138,913.2968
612.7474357743005,913.2968
612.7474357743005,913.2968
590.3718046803065,913.2968
578.5951567360992,913.2968
1281.6610390052756,913.2968
1281.6610390052756,913.2968
1258.107743116861,913.3676
1187.447855451617,913.4557
1187.447855451617,913.4965
1199.2245033958243,913.323
1163.8945595632024,913.4161
1128.5646157305805,913.524
1116.7879677863732,913.52295
1116.7879677863732,913.2968
1093.2346718979586,913.2968
1093.2346718979586,913.2968
1093.2346718979586,913.2968
1081.4580239537513,913.3104
1057.9047280653365,913.32666
1034.351432176922,913.33374
1034.351432176922,913.2968
1093.2346718979586,913.2968
1034.351432176922,913.30585
1010.7981362885074,913.31665
999.0214883443001,913.3214
999.0214883443001,913.2968
975.4681924558854,913.2968
964.8692093060989,913.2968
950.7372317730502,913.2968
936.6052542400015,913.2968
936.6052542400015,913.2968
936.6052542400015,913.2968
825.9047635644528,913.2968
812.9504508258246,913.2968
799.9961380871965,913.2968
772.9098478155197,913.2968
759.9555350768918,913.2968
747.0012223382637,913.2968
747.0012223382637,913.2968
747.0012223382637,913.2968
722.2702616554285,913.2968
722.2702616554285,913.2968
697.5393009725931,913.2968
685.7626530283858,913.2968
685.7626530283858,913.2968
685.7626530283858,913.2968
685.7626530283858,913.2968
673.9860050841786,913.2968
649.2550444013432,913.2968
624.5240837185078,913.2968
624.5240837185078,913.2968
624.5240837185078,913.2968
602.1484526245138,913.2968
602.1484526245138,913.2968
612.7474357743005,913.2968
624.5240837185078,913.2968
624.5240837185078,913.2968
649.2550444013432,913.2968
624.5240837185078,913.34216
624.5240837185078,913.39636
677.5189994674406,913.4198
691.6509770004893,913.2968
677.5189994674406,913.2968
663.3870219343919,913.2968
648.0773796069222,913.2968
619.8134245408248,913.3031
605.6814470077761,913.3107
605.6814470077761,913.3149
605.6814470077761,913.2987
619.8134245408248,913.2992
619.8134245408248,913.2968
605.6814470077761,913.2968
605.6814470077761,913.3004
576.2398271472578,913.31476
562.1078496142092,913.32855
562.1078496142092,913.3239
547.9758720811602,913.2968
547.9758720811602,913.2968
535.0215593425322,913.2968
547.9758720811602,913.2968
605.6814470077761,913.3222
605.6814470077761,913.40796
547.9758720811602,913.48883
535.0215593425322,913.4508
522.0672466039041,913.3017
509.1129338652761,913.2968
496.1586211266481,913.2968
496.1586211266481,913.2968
496.1586211266481,913.2968
883.6103384910685,913.2968
883.6103384910685,913.2968
891.8539920520138,913.2986
865.9453665747576,913.3007
883.6103384910685,913.3026
883.6103384910685,913.2987
883.6103384910685,913.3001
865.9453665747576,913.31696
865.9453665747576,913.34186
832.9707523309771,913.352
840.0367410975016,913.30414
824.727098770032,913.2968
816.483445209087,913.2968
816.483445209087,913.2968
801.1738028816173,913.2968
785.8641605541478,913.2968
816.483445209087,913.2968
816.483445209087,913.2968
809.4174564425626,913.2968
801.1738028816173,913.2968
809.4174564425626,913.2968
816.483445209087,913.2968
801.1738028816173,913.2968
785.8641605541478,913.2968
865.9453665747576,913.2968
857.7017130138123,913.2968
816.483445209087,913.2968
816.483445209087,913.2968
5100.0,913.2968
5100.0,913.2968
5100.0,913.2968
5100.0,913.2968
5100.0,913.29767
5100.0,913.2987
5100.0,913.2992
5100.0,913.2968
5100.0,913.2968
5100.0,913.2968
5100.0,913.2968
1281.6610390052756,913.4682
1175.67120750741,913.8262
1116.7879677863732,914.0971
1128.5646157305805,913.71783
1187.447855451617,913.2968
1128.5646157305805,913.489
1081.4580239537513,913.71716
1057.9047280653365,913.81415
1057.9047280653365,913.30273
1034.351432176922,913.30414
1034.351432176922,913.2968
1022.5747842327147,913.2968
987.2448404000929,913.2968
950.7372317730502,913.2968
911.8742935571661,913.2968
901.2753104073796,913.2968
894.209321640855,913.2968
1211.0011513400316,913.2968
1246.3310951726535,913.2968
1281.6610390052756,913.2968
1258.107743116861,913.2968
1258.107743116861,913.3631
1258.107743116861,913.4421
1246.3310951726535,913.4763
1234.5544472284462,913.2968
1234.5544472284462,913.2968
1234.5544472284462,913.2968
1246.3310951726535,913.2968
1211.0011513400316,913.2968
1211.0011513400316,913.2968
1211.0011513400316,913.2968
1211.0011513400316,913.2968
1211.0011513400316,913.3622
1211.0011513400316,913.44556
1234.5544472284462,913.4948
1234.5544472284462,913.3333
1199.2245033958243,913.3254
1175.67120750741,913.3017
1140.3412636747878,913.2968
1128.5646157305805,913.2968
1128.5646157305805,913.2968
1105.011319842166,913.2968
1093.2346718979586,913.2968
1093.2346718979586,913.3031
1093.2346718979586,913.33075
935.4275894455806,913.35785
935.4275894455806,913.3509
953.0925613618916,913.2968
935.4275894455806,913.3104
917.7626175292696,913.33124
953.0925613618916,913.3482
970.7575332782025,913.31903
987.2448404000929,913.3091
970.7575332782025,913.2995
953.0925613618916,913.30457
953.0925613618916,913.3091
935.4275894455806,913.30365
935.4275894455806,913.2992
900.0976456129588,913.2968
917.7626175292696,913.2968
900.0976456129588,913.34216
900.0976456129588,913.39636
883.6103384910685,913.4198
883.6103384910685,913.2968
848.2803946584468,913.2968
848.2803946584468,913.2968
865.9453665747576,913.2968
900.0976456129588,913.2968
900.0976456129588,913.3104
935.4275894455806,913.3339
917.7626175292696,913.37866
865.9453665747576,913.3802
848.2803946584468,913.3755
865.9453665747576,913.2968
645.7220500180808,913.2968
645.7220500180808,913.2968
622.1687541296662,913.2968
610.392106185459,913.2968
597.4377934468308,913.2968
597.4377934468308,913.2968
585.6611455026236,913.2968
537.3768889313736,913.30585
525.6002409871663,913.31665
515.0012578373797,913.3214
515.0012578373797,913.2968
504.4022746875932,913.2968
482.0266435935994,913.2968
471.42766044381284,913.2968
471.42766044381284,913.2968
460.82867729402614,913.2968
450.2296941442396,913.2968
450.2296941442396,913.2968
460.82867729402614,913.2968
537.3768889313736,913.2968
537.3768889313736,913.49713
504.4022746875932,913.7994
493.8032915378067,913.97437
482.0266435935994,913.4738
471.42766044381284,913.2968
482.0266435935994,913.2968
471.42766044381284,913.2968
482.0266435935994,913.2968
877.7220145189648,913.2968
858.8793778082331,913.2968
840.0367410975016,913.2968
801.1738028816173,913.2968
877.7220145189648,913.2968
840.0367410975016,913.2968
820.016439592349,913.2968
801.1738028816173,913.2968
782.3311661708855,913.2968
782.3311661708855,913.2968
763.4885294601538,913.2968
763.4885294601538,913.2968
725.8032560386906,913.3794
709.3159489168004,913.47784
691.6509770004893,913.5277
675.1636698785992,913.6815
657.4986979622881,914.161
657.4986979622881,914.3192
675.1636698785992,913.3091
675.1636698785992,913.2968
657.4986979622881,913.3703
657.4986979622881,913.51404
657.4986979622881,913.6217
675.1636698785992,913.45526
675.1636698785992,913.30414
657.4986979622881,913.34314
709.3159489168004,913.4301
725.8032560386906,913.4918
877.7220145189648,913.38293
858.8793778082331,913.2968
840.0367410975016,913.2968
801.1738028816173,913.2968
877.7220145189648,913.2968
840.0367410975016,913.2968
820.016439592349,913.2968
801.1738028816173,913.2968
782.3311661708855,913.2968
782.3311661708855,913.2968
763.4885294601538,913.2968
763.4885294601538,913.2968
725.8032560386906,913.2968
709.3159489168004,913.2968
691.6509770004893,913.2968
675.1636698785992,913.2968
657.4986979622881,913.2968
657.4986979622881,913.2968
675.1636698785992,913.2968
675.1636698785992,913.2968
657.4986979622881,913.2968
657.4986979622881,913.2968
657.4986979622881,913.2968
675.1636698785992,913.2968
675.1636698785992,913.2968
657.4986979622881,913.2968
709.3159489168004,913.2968
858.8793778082331,913.31134
1187.447855451617,913.5026
1211.0011513400316,913.7483
1163.8945595632024,913.8344
1140.3412636747878,913.38293
1093.2346718979586,913.2968
1140.3412636747878,913.2968
1116.7879677863732,913.2968
1281.6610390052756,913.2968
1305.2143348936902,913.4809
1211.0011513400316,913.72455
1046.1280801211292,913.846
1093.2346718979586,913.3657
1046.1280801211292,913.2968
999.0214883443001,913.2968
1046.1280801211292,913.3132
1022.5747842327147,913.33264
999.0214883443001,913.34106
999.0214883443001,913.2968
951.9148965674708,913.2968
928.3616006790562,913.2968
904.8083047906417,913.2968
904.8083047906417,913.2968
904.8083047906417,913.2968
881.2550089022271,913.2968
881.2550089022271,913.2968
857.7017130138123,913.2968
857.7017130138123,913.2968
857.7017130138123,913.3195
904.8083047906417,913.3466
787.0418253485686,913.35834
763.4885294601538,913.3576
739.9352335717393,913.5025
722.2702616554285,913.62036
722.2702616554285,913.49347
722.2702616554285,913.2968
704.6052897391174,913.2968
686.9403178228064,913.2968
669.2753459064954,913.2968
810.5951212369832,913.2968
904.8083047906417,913.2968
763.4885294601538,913.2968
722.2702616554285,913.2968
763.4885294601538,913.2968
834.1484171253978,913.2968
834.1484171253978,913.2968
787.0418253485686,913.2968
787.0418253485686,913.2968
704.6052897391174,913.31226
686.9403178228064,913.3307
669.2753459064954,913.3414
651.6103739901846,913.30273
616.2804301575625,913.30414
598.6154582412518,913.2968
580.9504863249407,913.2968
598.6154582412518,913.2968
633.9454020738735,913.31494
633.9454020738735,913.3466
877.7220145189648,913.368
840.0367410975016,913.3239
820.016439592349,913.2968
801.1738028816173,913.2968
782.3311661708855,913.2968
782.3311661708855,913.2968
744.6458927494225,913.2968
725.8032560386906,913.2968
820.016439592349,913.2968
1128.5646157305805,913.3304
1105.011319842166,913.6163
999.0214883443001,913.92535
915.4072879404283,913.94995
801.1738028816173,913.2968
763.4885294601538,913.2968
763.4885294601538,913.2968
744.6458927494225,913.2968
725.8032560386906,913.2968
709.3159489168004,913.2968
691.6509770004893,913.2968
675.1636698785992,913.2968
675.1636698785992,913.2968
801.1738028816173,913.2968
725.8032560386906,913.50433
725.8032560386906,913.7506
691.6509770004893,913.85077
657.4986979622881,913.2968
641.0113908403979,913.2968
763.4885294601538,913.2968
763.4885294601538,913.2968
763.4885294601538,913.2968
739.9352335717393,913.2968
722.2702616554285,913.2968
739.9352335717393,913.2968
739.9352335717393,913.2968
722.2702616554285,913.2968
704.6052897391174,913.2968
739.9352335717393,913.2968
739.9352335717393,913.2968
739.9352335717393,913.2968
739.9352335717393,913.2968
722.2702616554285,913.2968
722.2702616554285,913.2968
787.0418253485686,913.2968
881.2550089022271,913.2968
787.0418253485686,913.3676
763.4885294601538,913.45197
722.2702616554285,913.4886
704.6052897391174,913.2968
669.2753459064954,913.2968
722.2702616554285,913.2968
928.3616006790562,913.2968
928.3616006790562,913.57544
763.4885294601538,913.9056
686.9403178228064,914.03125
704.6052897391174,913.2968
897.7423160241174,913.2968
870.6560257524404,913.2968
870.6560257524404,913.2968
844.7474002751844,913.2968
818.8387747979284,913.2968
801.1738028816173,913.2968
776.442842198782,913.2968
758.777870282471,913.2968
758.777870282471,913.2968
1081.4580239537513,913.2968
1552.5239417220437,913.2968
2082.4730992113723,913.7481
1540.7472937778361,914.991
1293.437686949483,916.06213
1163.8945595632024,915.1008
1128.5646157305805,913.3091
1069.681376009544,913.2968
1010.7981362885074,913.2968
961.3362149228366,913.2968
970.7575332782025,913.2968
953.0925613618916,913.2968
916.5849527348489,913.2968
880.0773441078063,913.2968
870.6560257524404,913.2968
844.7474002751844,913.2968
1069.681376009544,913.2968
1069.681376009544,913.31494
1552.5239417220437,913.4237
1222.7777992842389,913.87915
852.9910538361294,914.30035
836.5037467142392,914.2118
827.0824283588734,913.2968
818.8387747979284,913.2968
844.7474002751844,913.2968
818.8387747979284,913.2968
801.1738028816173,913.2968
784.6864957597272,913.2968
776.442842198782,913.2968
758.777870282471,913.2968
750.534216721526,913.2968
732.869244805215,913.2968
716.3819376833247,913.2968
699.8946305614346,913.2968
699.8946305614346,913.2968
699.8946305614346,913.2968
666.9200163176539,913.2968
651.6103739901846,913.2968
620.9910893352456,913.2968
605.6814470077761,913.2968
605.6814470077761,913.2968
612.7474357743005,913.32043
612.7474357743005,913.34863
651.6103739901846,913.36084
636.3007316627151,913.2968
643.3667204292394,913.2968
658.676362756709,913.2968
651.6103739901846,913.3086
1081.4580239537513,913.3227
1069.681376009544,913.3288
1105.011319842166,913.2968
1116.7879677863732,913.2968
1093.2346718979586,913.3086
1057.9047280653365,913.3227
1046.1280801211292,913.3288
1046.1280801211292,913.2968
1034.351432176922,913.2968
1010.7981362885074,913.2968
999.0214883443001,913.2968
999.0214883443001,913.2968
999.0214883443001,913.2968
999.0214883443001,913.2968
987.2448404000929,913.2968
961.3362149228366,913.2968
944.8489078009467,913.2968
928.3616006790562,913.2968
936.6052542400015,913.2968
999.0214883443001,913.2968
953.0925613618916,913.2968
928.3616006790562,913.2968
911.8742935571661,913.2968
888.3209976687515,913.2968
987.2448404000929,913.2968
1046.1280801211292,913.3004
944.8489078009467,913.4734
987.2448404000929,913.6874
1010.7981362885074,913.77704
999.0214883443001,913.3288
999.0214883443001,913.2968
987.2448404000929,913.2968
1081.4580239537513,913.325
961.3362149228366,913.3585
943.6712430065259,913.3731
934.24992465116,913.2968
926.0062710902148,913.2968
926.0062710902148,913.2968
907.1636343794831,913.2968
907.1636343794831,913.2968
889.4986624631721,913.2968
880.0773441078063,913.2968
870.6560257524404,913.2968
852.9910538361294,913.2968
862.4123721914955,913.2968
852.9910538361294,913.2968
836.5037467142392,913.2968
818.8387747979284,913.2968
827.0824283588734,913.2968
818.8387747979284,913.2968
801.1738028816173,913.2968
836.5037467142392,913.2968
827.0824283588734,913.2968
818.8387747979284,913.2968
810.5951212369832,913.2968
801.1738028816173,913.2968
889.4986624631721,913.2968
922.4732767069528,913.2968
914.2296231460075,913.2968
889.4986624631721,913.43207
873.011355341282,913.5927
914.2296231460075,913.66254
940.1382486232635,913.2968
964.8692093060989,913.51697
930.7169302678977,913.77814
897.7423160241174,913.8831
873.011355341282,913.2968
889.4986624631721,913.2968
964.8692093060989,913.2968
930.7169302678977,913.2968
881.2550089022271,913.2968
856.5240482193917,913.2968
841.2144058919222,913.2968
825.9047635644528,913.2968
802.351467676038,913.2968
794.107814115093,913.33856
778.7981717876235,913.38837
763.4885294601538,913.4099
763.4885294601538,913.2968
731.6915800107944,913.2968
716.3819376833247,913.2968
716.3819376833247,913.2968
701.0722953558552,913.2968
701.0722953558552,913.2968
716.3819376833247,913.2968
967.2245388949403,913.2968
944.8489078009467,913.2968
922.4732767069528,913.2968
873.011355341282,913.2968
856.5240482193917,913.2968
851.8133890417088,913.2968
830.6154227421357,913.2968
830.6154227421357,913.2968
825.9047635644528,913.2968
835.3260819198186,913.2968
851.8133890417088,913.2968
889.4986624631721,913.2968
862.4123721914955,913.2968
841.2144058919222,913.2968
825.9047635644528,913.2968
825.9047635644528,913.2968
815.3057804146662,913.2968
799.9961380871965,913.34766
778.7981717876235,913.40826
778.7981717876235,913.4345
763.4885294601538,913.2968
820.016439592349,913.2968
809.4174564425626,913.2968
794.107814115093,913.2968
804.7067972648795,913.2968
841.2144058919222,913.2968
841.2144058919222,913.2986
825.9047635644528,913.4387
857.7017130138123,913.6036
820.016439592349,913.6699
922.4732767069528,913.2968
752.182947433715,913.2968
815.3057804146662,913.2968
812.9504508258246,913.2968
1093.2346718979586,913.2968
1105.011319842166,913.2968
1010.7981362885074,913.2995
987.2448404000929,913.35815
967.2245388949403,913.4274
1022.5747842327147,913.4508
5100.0,913.3017
5100.0,913.6236
5100.0,914.02826
5100.0,914.16754
5100.0,913.2968
5100.0,913.2968
5100.0,913.2968
5100.0,913.2968
5100.0,913.2968
5100.0,913.2968
5100.0,913.2968
5100.0,913.2968
5100.0,913.2968
5100.0,913.2968
5100.0,913.44196
5100.0,913.6235
5100.0,913.7089
5100.0,913.32227
5100.0,913.6017
5100.0,913.9703
5100.0,914.1103
5100.0,913.3214
5100.0,913.2968
5100.0,913.2968
5100.0,913.2968
5100.0,913.2968
5100.0,913.2968
5100.0,913.2968
946.0265725953673,913.2968
954.2702261563126,913.2968
958.9808853339952,913.2968
885.9656680799101,913.2968
871.8336905468614,913.2968
814.1281156202452,913.2968
987.2448404000929,913.2968
1211.0011513400316,913.2968
1340.5442787263119,913.6904
1128.5646157305805,914.2861
1022.5747842327147,914.57263
1010.7981362885074,913.52295
884.7880032854891,913.2968
774.0875126099405,913.2968
999.0214883443001,913.2968
1069.681376009544,913.2968
1234.5544472284462,913.2968
1211.0011513400316,913.2968
1234.5544472284462,913.2968
1305.2143348936902,913.2968
1211.0011513400316,913.2968
1199.2245033958243,913.2968
1140.3412636747878,913.2968
1152.117911618995,913.2968
1081.4580239537513,913.2968
1128.5646157305805,913.2968
1128.5646157305805,913.2968
1046.1280801211292,913.2968
1081.4580239537513,913.2968
1046.1280801211292,913.2968
987.2448404000929,913.2968
1152.117911618995,913.2968
1116.7879677863732,913.2968
942.4935782121053,913.2968
1034.351432176922,913.2968
1022.5747842327147,913.2968
1069.681376009544,913.2968
799.9961380871965,913.2968
1057.9047280653365,913.2968
1128.5646157305805,913.2968
1105.011319842166,913.2968
987.2448404000929,913.2968
1128.5646157305805,913.2968
1222.7777992842389,913.2968
1046.1280801211292,913.2968
1234.5544472284462,913.2968
1222.7777992842389,913.2968
1105.011319842166,913.35315
1069.681376009544,913.42017
1034.351432176922,913.4493
969.5798684837819,913.2968
1281.6610390052756,913.2968
1246.3310951726535,913.2968
1163.8945595632024,913.2968
1199.2245033958243,913.305
999.0214883443001,913.3347
1081.4580239537513,913.36273
908.3412991739037,913.3509
881.2550089022271,913.2968
961.3362149228366,913.2968
1057.9047280653365,913.2968
1152.117911618995,913.2968
1258.107743116861,913.3703
987.2448404000929,913.45795
1140.3412636747878,913.4959
1105.011319842166,913.2968
1022.5747842327147,913.2968
974.2905276614647,913.2968
1022.5747842327147,913.2968
1069.681376009544,913.3758
1034.351432176922,913.46985
1022.5747842327147,913.5107
1010.7981362885074,913.2968
1069.681376009544,913.2968
1034.351432176922,913.2968
1093.2346718979586,913.2968
1069.681376009544,913.2968
960.158550128416,913.2968
975.4681924558854,913.2968
975.4681924558854,913.2968
975.4681924558854,913.2968
921.2956119125319,913.2968
1140.3412636747878,913.2968
1222.7777992842389,913.2968
1081.4580239537513,913.2986
1057.9047280653365,913.3007
930.7169302678977,913.3017
947.2042373897879,913.2968
1163.8945595632024,913.2968
1081.4580239537513,913.2968
1105.011319842166,913.2968
1069.681376009544,913.2968
1105.011319842166,913.2968
1057.9047280653365,913.2968
1057.9047280653365,913.2968
1069.681376009544,913.2968
999.0214883443001,913.2968
1105.011319842166,913.2968
1081.4580239537513,913.2968
1069.681376009544,913.2968
882.4326736966477,913.2968
854.1687186305503,913.2968
1034.351432176922,913.2968
936.6052542400015,913.2968
971.9351980726233,913.2968
1010.7981362885074,913.2968
1211.0011513400316,913.2968
858.8793778082331,913.2968
937.7829190344221,913.2968
1046.1280801211292,913.2968
926.0062710902148,913.3104
858.8793778082331,913.3284
796.4631437039345,913.33765
851.8133890417088,913.3789
2683.0821443659456,913.4885
2212.016226597653,913.5554
1682.067069108324,914.10864
1305.2143348936902,915.08795
931.8945950623186,915.4882
1034.351432176922,913.2968
1140.3412636747878,913.2968
1022.5747842327147,913.2968
1022.5747842327147,913.2968
1081.4580239537513,913.2968
950.7372317730502,913.2968
898.919980818538,913.2968
1010.7981362885074,913.2968
954.2702261563126,913.2968
957.8032205395746,913.3885
1316.9909828378975,913.4977
1293.437686949483,913.545
1187.447855451617,913.2968
1069.681376009544,913.2968
974.2905276614647,913.2968
1258.107743116861,913.2968
1057.9047280653365,913.2968
1034.351432176922,913.2968
1010.7981362885074,913.2968
1010.7981362885074,913.2968
1046.1280801211292,913.2968
941.3159134176843,913.2968
914.2296231460075,913.2968
961.3362149228366,913.2968
941.3159134176843,913.2968
975.4681924558854,913.2968
999.0214883443001,913.2968
1116.7879677863732,913.2968
1222.7777992842389,913.2968
1069.681376009544,913.2968
1057.9047280653365,913.3645
1046.1280801211292,913.4452
966.0468741005197,913.4801
999.0214883443001,913.2968
999.0214883443001,913.2968
987.2448404000929,913.2968
1034.351432176922,913.2968
999.0214883443001,913.2968
975.4681924558854,913.2968
870.6560257524404,913.2968
797.6408084983553,913.2968
685.7626530283858,913.2968
767.0215238434162,913.2968
821.1941043867699,913.2968
825.9047635644528,913.2968
737.5799039828978,913.4194
615.1027653631419,913.565
738.7575687773187,913.62823
757.6002054880504,913.2968
755.2448758992089,913.2968
844.7474002751844,913.2968
699.8946305614346,913.34406
755.2448758992089,913.4003
763.4885294601538,913.4247
646.8997148125017,913.2968
756.4225406936298,913.2968
755.2448758992089,913.2968
724.62559124427,913.2968
755.2448758992089,913.2968
691.6509770004893,913.2968
704.6052897391174,913.2968
648.0773796069222,913.2968
673.9860050841786,913.2968
669.2753459064954,913.2968
669.2753459064954,913.2968
682.2296586451235,913.2968
509.1129338652761,913.2968
808.2397916481418,913.2968
815.3057804146662,913.2968
1010.7981362885074,913.2968
962.5138797172575,913.2968
865.9453665747576,913.2968
953.0925613618916,913.2968
937.7829190344221,913.2968
817.6611100035076,913.2968
927.1839358846356,913.2968
941.3159134176843,913.2968
1352.3209266705192,913.4103
1340.5442787263119,913.86
1152.117911618995,914.2998
1081.4580239537513,914.1279
1010.7981362885074,913.2968
1010.7981362885074,913.35126
934.24992465116,913.41626
999.0214883443001,913.4444
942.4935782121053,913.2968
938.9605838288429,913.2968
987.2448404000929,913.2968
943.6712430065259,913.2968
877.7220145189648,913.2968
915.4072879404283,913.2968
854.1687186305503,913.2968
844.7474002751844,913.2995
836.5037467142392,913.30273
705.782954533538,913.30414
1105.011319842166,913.2968
1022.5747842327147,913.2968
1199.2245033958243,913.2968
1116.7879677863732,913.2968
1034.351432176922,913.2968
943.6712430065259,913.2968
1093.2346718979586,913.2968
949.5595669786294,913.2968
1057.9047280653365,913.2968
1046.1280801211292,913.2968
1057.9047280653365,913.2968
1069.681376009544,913.2968
831.7930875365563,913.2968
1057.9047280653365,913.2968
1081.4580239537513,913.2968
831.7930875365563,913.2968
1316.9909828378975,913.2968
1258.107743116861,913.4103
1187.447855451617,913.7038
1081.4580239537513,913.9514
1034.351432176922,913.7274
973.1128628670439,913.2968
1081.4580239537513,913.2968
1093.2346718979586,913.2968
1034.351432176922,913.2968
1081.4580239537513,913.2968
975.4681924558854,913.2968
1046.1280801211292,913.2968
785.8641605541478,913.2968
802.351467676038,913.2968
854.1687186305503,913.2968
870.6560257524404,913.2968
889.4986624631721,913.2968
776.442842198782,913.2968
820.016439592349,913.2968
1093.2346718979586,913.2968
968.4022036893613,913.2968
1234.5544472284462,913.6223
987.2448404000929,914.36584
936.6052542400015,914.91174
825.9047635644528,914.1763
864.7677017803367,913.2968
890.6763272575929,913.2968
930.7169302678977,913.2968
960.158550128416,913.2968
960.158550128416,913.2968
948.3819021842088,913.2986
888.3209976687515,913.3007
814.1281156202452,913.3017
791.7524845262516,913.2968
905.9859695850623,913.2968
836.5037467142392,913.2968
860.0570426026541,913.2968
836.5037467142392,913.2968
825.9047635644528,913.2968
831.7930875365563,913.2968
798.8184732927759,913.2968
820.016439592349,913.2968
849.4580594528674,913.2968
808.2397916481418,913.2968
785.8641605541478,913.2968
808.2397916481418,913.2968
1105.011319842166,913.2968
1387.6508705031413,913.2968
1222.7777992842389,913.2968
929.5392654734771,913.2968
900.0976456129588,913.2968
987.2448404000929,913.2968
877.7220145189648,913.2968
927.1839358846356,913.2968
901.2753104073796,913.2968
951.9148965674708,913.2968
814.1281156202452,913.2968
883.6103384910685,913.2968
1010.7981362885074,913.2968
1505.4173499452143,913.2968
1034.351432176922,913.2968
1034.351432176922,913.2968
999.0214883443001,913.2968
1057.9047280653365,913.2968
941.3159134176843,913.2968
876.544349724544,913.2968
926.0062710902148,913.2968
987.2448404000929,913.2968
1034.351432176922,913.2968
1093.2346718979586,913.2968
1093.2346718979586,913.2968
1399.4275184473486,913.2968
1364.0975746147267,913.2968
1352.3209266705192,913.2968
1328.7676307821046,913.2968
1328.7676307821046,913.2968
1316.9909828378975,913.2968
1316.9909828378975,913.2968
1352.3209266705192,913.2968
1128.5646157305805,913.2968
1175.67120750741,913.2968
987.2448404000929,913.3013
929.5392654734771,913.3067
1105.011319842166,913.3091
1293.437686949483,913.31226
1375.874222558934,913.44403
1422.9808143357632,913.77136
1269.8843910610683,914.16705
1258.107743116861,914.1261
1105.011319842166,913.7082
1269.8843910610683,913.2968
1140.3412636747878,913.2968
1140.3412636747878,913.2968
1022.5747842327147,913.2968
1057.9047280653365,913.2968
999.0214883443001,913.2968
1022.5747842327147,913.2968
1046.1280801211292,913.46643
1175.67120750741,913.66785
1163.8945595632024,913.7536
1211.0011513400316,913.2968
1199.2245033958243,913.2968
1222.7777992842389,913.4121
1187.447855451617,913.5492
1175.67120750741,913.6087
967.2245388949403,913.2968
1116.7879677863732,913.2968
1093.2346718979586,913.2968
987.2448404000929,913.2968
987.2448404000929,913.2968
987.2448404000929,913.2968
1022.5747842327147,913.2968
1046.1280801211292,913.2968
1140.3412636747878,913.2968
1022.5747842327147,913.2968
1116.7879677863732,913.2968
1293.437686949483,913.2968
1152.117911618995,913.3186
1093.2346718979586,913.3446
975.4681924558854,913.3559
1069.681376009544,913.2968
1269.8843910610683,913.2968
1246.3310951726535,913.2968
1234.5544472284462,913.2968
1234.5544472284462,913.3712
999.0214883443001,913.4744
1022.5747842327147,913.5302
1046.1280801211292,913.3361
1140.3412636747878,913.2968
1093.2346718979586,913.2968
1069.681376009544,913.2968
1069.681376009544,913.2968
1069.681376009544,913.2968
999.0214883443001,913.2968
1069.681376009544,913.33405
1175.67120750741,913.3785
961.3362149228366,913.3977
911.8742935571661,913.2968
812.9504508258246,913.2968
803.5291324704589,913.2968
778.7981717876235,913.2968
775.2651774043613,913.2968
1057.9047280653365,913.2968
852.9910538361294,913.2968
865.9453665747576,913.2968
856.5240482193917,913.2968
719.9149320665869,913.2968
661.0316923455505,913.3286
718.7372672721663,913.3665
894.209321640855,913.38293
915.4072879404283,913.2968
847.102729864026,913.2968
755.2448758992089,913.2968
688.1179826172271,913.2968
1163.8945595632024,913.2968
1034.351432176922,913.2968
1116.7879677863732,913.2968
1211.0011513400316,913.2968
1022.5747842327147,913.2968
1010.7981362885074,913.2968
999.0214883443001,913.2968
987.2448404000929,913.2968
1057.9047280653365,913.2968
1046.1280801211292,913.2968
1046.1280801211292,913.2968
851.8133890417088,913.2968
1116.7879677863732,913.2968
825.9047635644528,913.2968
885.9656680799101,913.2968
969.5798684837819,913.2968
940.1382486232635,913.2968
975.4681924558854,913.2968
954.2702261563126,913.2968
921.2956119125319,913.2968
974.2905276614647,913.2968
1034.351432176922,913.2968
999.0214883443001,913.2968
940.1382486232635,913.2968
792.9301493206722,913.2968
918.9402823236904,913.2968
987.2448404000929,913.2968
942.4935782121053,913.2968
1258.107743116861,913.2968
1269.8843910610683,913.2968
1234.5544472284462,913.2968
1116.7879677863732,913.2968
1175.67120750741,913.2968
1081.4580239537513,913.2968
1128.5646157305805,913.2968
1093.2346718979586,913.2968
1069.681376009544,913.2968
955.4478909507332,913.2968
999.0214883443001,913.2968
1034.351432176922,913.2968
1069.681376009544,913.2968
1105.011319842166,913.2968
1140.3412636747878,913.3885
999.0214883443001,913.4977
1046.1280801211292,913.545
857.7017130138123,913.2968
808.2397916481418,913.2968
893.0316568464344,913.2968
904.8083047906417,913.2968
1022.5747842327147,913.2968
1046.1280801211292,913.2968
1057.9047280653365,913.2968
891.8539920520138,913.2968
1010.7981362885074,913.2968
916.5849527348489,913.2968
922.4732767069528,913.2968
1352.3209266705192,913.2968
1340.5442787263119,913.2968
1340.5442787263119,913.2968
1375.874222558934,913.2968
1458.3107581683853,913.2968
1387.6508705031413,913.2968
1481.8640540568,913.2968
1634.960477331495,913.2968
2023.589859490336,913.37396
2412.2192416491775,913.76733
1705.6203649967385,914.5394
1564.300589666251,914.9066
1564.300589666251,914.26605
1446.534110224178,913.2968
1764.5036047177753,913.2968
1528.9706458336289,913.2968
1599.6305334988729,913.4066
1434.7574622799705,913.5833
1470.0874061125926,913.73114
1340.5442787263119,913.50183
1481.8640540568,913.4134
1458.3107581683853,913.3366
1434.7574622799705,913.346
1352.3209266705192,913.2968
1387.6508705031413,913.2968
1340.5442787263119,913.2968
1399.4275184473486,913.2968
1528.9706458336289,913.2968
656.3210331678675,913.35126
656.3210331678675,913.70306
671.6306754953371,913.83966
762.3108646657332,913.9444
762.3108646657332,913.9444
778.7981717876235,914.0016
731.6915800107944,914.10046
731.6915800107944,914.1803
717.5596024777453,914.0535
717.5596024777453,914.04584
717.5596024777453,913.9444
717.5596024777453,913.9444
717.5596024777453,913.9444
747.0012223382637,913.9444
778.7981717876235,913.9444
778.7981717876235,913.9444
795.2854789095136,914.0821
762.3108646657332,914.34546
762.3108646657332,914.5017
762.3108646657332,914.1232
731.6915800107944,914.1432
731.6915800107944,914.3455
731.6915800107944,914.33044
731.6915800107944,914.00134
731.6915800107944,914.02997
702.249960150276,913.9805
702.249960150276,913.9515
702.249960150276,913.9627
731.6915800107944,913.967
799.9961380871965,913.95856
787.0418253485686,913.98096
759.9555350768918,913.9895
747.0012223382637,913.9444
735.2245743940564,913.9444
735.2245743940564,913.9444
735.2245743940564,913.9444
722.2702616554285,913.9444
697.5393009725931,913.9444
685.7626530283858,913.9444
673.9860050841786,913.9444
673.9860050841786,913.9592
661.0316923455505,913.9827
673.9860050841786,913.9918
673.9860050841786,913.9444
649.2550444013432,913.9444
649.2550444013432,913.9444
624.5240837185078,913.9444
624.5240837185078,913.9444
624.5240837185078,913.9444
649.2550444013432,913.9444
624.5240837185078,913.9444
612.7474357743005,913.9444
602.1484526245138,913.9444
612.7474357743005,913.9444
612.7474357743005,913.9444
590.3718046803065,913.9444
578.5951567360992,913.9444
1281.6610390052756,913.9444
1281.6610390052756,913.9444
1258.107743116861,913.9874
1187.447855451617,914.0556
1187.447855451617,914.0819
1199.2245033958243,913.9444
1163.8945595632024,914.0009
1128.5646157305805,914.0902
1116.7879677863732,914.12463
1116.7879677863732,913.9515
1093.2346718979586,913.969
1093.2346718979586,913.9834
1093.2346718979586,913.9647
1081.4580239537513,913.9444
1057.9047280653365,913.9444
1034.351432176922,913.9444
1034.351432176922,913.9444
1093.2346718979586,913.9444
1034.351432176922,913.9444
1010.7981362885074,913.9444
999.0214883443001,913.9444
999.0214883443001,913.9444
975.4681924558854,913.9444
964.8692093060989,913.9444
950.7372317730502,913.9444
936.6052542400015,913.9444
936.6052542400015,913.9444
936.6052542400015,913.9444
825.9047635644528,913.9444
812.9504508258246,913.99243
799.9961380871965,914.15314
772.9098478155197,914.31714
759.9555350768918,914.21674
747.0012223382637,913.9444
747.0012223382637,913.9444
747.0012223382637,913.9444
722.2702616554285,913.9444
722.2702616554285,913.9444
697.5393009725931,913.9444
685.7626530283858,913.9444
685.7626530283858,913.9444
685.7626530283858,913.9444
685.7626530283858,913.9444
673.9860050841786,913.9444
649.2550444013432,913.9444
624.5240837185078,913.9444
624.5240837185078,913.9444
624.5240837185078,913.9444
602.1484526245138,913.9444
602.1484526245138,913.9444
612.7474357743005,913.96277
624.5240837185078,913.9919
624.5240837185078,914.00305
649.2550444013432,913.9444
624.5240837185078,913.9444
624.5240837185078,913.9444
677.5189994674406,913.9444
691.6509770004893,913.9444
677.5189994674406,913.9444
663.3870219343919,913.9444
648.0773796069222,913.9444
619.8134245408248,913.9444
605.6814470077761,913.9444
605.6814470077761,913.9444
605.6814470077761,913.9444
619.8134245408248,913.94867
619.8134245408248,913.9554
605.6814470077761,913.958
605.6814470077761,913.9444
576.2398271472578,913.9444
562.1078496142092,913.9444
562.1078496142092,913.9444
547.9758720811602,913.9444
547.9758720811602,913.9444
535.0215593425322,913.9444
547.9758720811602,913.9444
605.6814470077761,913.9444
605.6814470077761,913.9832
547.9758720811602,914.04474
535.0215593425322,914.06836
522.0672466039041,913.9444
509.1129338652761,913.9444
496.1586211266481,913.9444
496.1586211266481,913.9444
496.1586211266481,913.9444
883.6103384910685,913.9444
883.6103384910685,913.9444
891.8539920520138,913.9444
865.9453665747576,914.0149
883.6103384910685,914.1266
883.6103384910685,914.16956
883.6103384910685,913.9444
865.9453665747576,913.98114
865.9453665747576,914.03925
832.9707523309771,914.0771
840.0367410975016,913.9846
824.727098770032,913.994
816.483445209087,913.9444
816.483445209087,913.9444
801.1738028816173,913.9444
785.8641605541478,913.9444
816.483445209087,913.9444
816.483445209087,913.9494
809.4174564425626,913.9572
801.1738028816173,913.9602
809.4174564425626,913.9444
816.483445209087,913.9444
801.1738028816173,913.9444
785.8641605541478,913.9444
865.9453665747576,913.9444
857.7017130138123,913.9444
816.483445209087,913.9444
816.483445209087,913.9444
5100.0,913.9444
5100.0,913.9444
5100.0,913.9444
5100.0,913.9444
5100.0,913.9444
5100.0,913.9444
5100.0,913.9444
5100.0,913.9444
5100.0,913.9444
5100.0,913.9444
5100.0,913.9444
1281.6610390052756,913.9452
1175.67120750741,914.123
1116.7879677863732,914.4034
1128.5646157305805,914.5091
1187.447855451617,913.9466
1128.5646157305805,914.08685
1081.4580239537513,914.32465
1057.9047280653365,914.43274
1057.9047280653365,914.00757
1034.351432176922,913.9444
1034.351432176922,913.9444
1022.5747842327147,913.9444
987.2448404000929,913.9444
950.7372317730502,913.9444
911.8742935571661,913.9444
901.2753104073796,913.9444
894.209321640855,913.9444
1211.0011513400316,913.9444
1246.3310951726535,913.9444
1281.6610390052756,913.9444
1258.107743116861,913.9444
1258.107743116861,913.9444
1258.107743116861,913.97125
1246.3310951726535,914.0138
1234.5544472284462,914.03015
1234.5544472284462,913.9444
1234.5544472284462,913.9444
1246.3310951726535,913.9444
1211.0011513400316,913.94586
1211.0011513400316,913.9481
1211.0011513400316,913.9489
1211.0011513400316,913.9444
1211.0011513400316,913.9444
1211.0011513400316,913.9444
1234.5544472284462,913.9444
1234.5544472284462,913.9444
1199.2245033958243,913.9727
1175.67120750741,914.01746
1140.3412636747878,914.0346
1128.5646157305805,913.9444
1128.5646157305805,913.9444
1105.011319842166,913.9444
1093.2346718979586,913.9444
1093.2346718979586,913.9444
1093.2346718979586,913.9444
935.4275894455806,913.9444
935.4275894455806,913.9444
953.0925613618916,913.9444
935.4275894455806,913.9444
917.7626175292696,913.9444
953.0925613618916,913.9444
970.7575332782025,913.9444
987.2448404000929,913.9444
970.7575332782025,913.9444
953.0925613618916,913.9444
953.0925613618916,913.9444
935.4275894455806,913.9444
935.4275894455806,913.9444
900.0976456129588,913.9444
917.7626175292696,913.9444
900.0976456129588,913.94586
900.0976456129588,913.99744
883.6103384910685,914.07654
883.6103384910685,914.1021
848.2803946584468,913.95856
848.2803946584468,913.98096
865.9453665747576,913.9895
900.0976456129588,913.9444
900.0976456129588,913.9882
935.4275894455806,914.0575
917.7626175292696,914.10315
865.9453665747576,913.99365
848.2803946584468,914.0067
865.9453665747576,913.9481
645.7220500180808,913.9489
645.7220500180808,913.9444
622.1687541296662,913.9444
610.392106185459,913.9444
597.4377934468308,913.9444
597.4377934468308,913.9444
585.6611455026236,913.9444
537.3768889313736,913.9444
525.6002409871663,913.9444
515.0012578373797,913.9444
515.0012578373797,913.9444
504.4022746875932,913.9444
482.0266435935994,913.9444
471.42766044381284,913.9444
471.42766044381284,913.9444
460.82867729402614,913.9444
450.2296941442396,913.9444
450.2296941442396,913.9444
460.82867729402614,913.9444
537.3768889313736,913.9444
537.3768889313736,913.96564
504.4022746875932,913.99915
493.8032915378067,914.0121
482.0266435935994,913.9444
471.42766044381284,913.9444
482.0266435935994,913.9444
471.42766044381284,913.9444
482.0266435935994,913.9444
877.7220145189648,913.9444
858.8793778082331,913.9444
840.0367410975016,913.9444
801.1738028816173,913.9444
877.7220145189648,914.1211
840.0367410975016,914.4012
820.016439592349,914.5091
801.1738028816173,913.9444
782.3311661708855,913.9444
782.3311661708855,913.9444
763.4885294601538,913.9444
763.4885294601538,913.9444
725.8032560386906,914.0254
709.3159489168004,914.293
691.6509770004893,914.58984
675.1636698785992,914.46014
657.4986979622881,914.02783
657.4986979622881,914.0149
675.1636698785992,914.1266
675.1636698785992,914.2116
657.4986979622881,914.1554
657.4986979622881,914.3426
657.4986979622881,914.2704
675.1636698785992,913.9444
675.1636698785992,913.9444
657.4986979622881,913.9444
709.3159489168004,913.9444
725.8032560386906,913.9444
877.7220145189648,913.9444
858.8793778082331,913.9444
840.0367410975016,913.9444
801.1738028816173,913.9444
877.7220145189648,913.9444
840.0367410975016,913.9692
820.016439592349,914.0083
801.1738028816173,914.0233
782.3311661708855,913.9444
782.3311661708855,913.9444
763.4885294601538,913.9444
763.4885294601538,913.9444
725.8032560386906,913.9444
709.3159489168004,913.9444
691.6509770004893,913.9444
675.1636698785992,913.9444
657.4986979622881,913.9444
657.4986979622881,913.9444
675.1636698785992,913.9444
675.1636698785992,913.9444
657.4986979622881,913.9444
657.4986979622881,913.9444
657.4986979622881,913.9444
675.1636698785992,913.9444
675.1636698785992,913.9444
657.4986979622881,913.9444
709.3159489168004,913.9444
858.8793778082331,913.9444
1187.447855451617,914.103
1211.0011513400316,914.4167
1163.8945595632024,914.6134
1140.3412636747878,914.1471
1093.2346718979586,913.9444
1140.3412636747878,913.9444
1116.7879677863732,913.9444
1281.6610390052756,913.9444
1305.2143348936902,914.06396
1211.0011513400316,914.25336
1046.1280801211292,914.32635
1093.2346718979586,913.9444
1046.1280801211292,913.9444
999.0214883443001,913.9444
1046.1280801211292,913.9444
1022.5747842327147,913.9444
999.0214883443001,913.9444
999.0214883443001,913.9444
951.9148965674708,913.9444
928.3616006790562,913.9444
904.8083047906417,913.9444
904.8083047906417,913.9444
904.8083047906417,913.9444
881.2550089022271,913.9444
881.2550089022271,913.9444
857.7017130138123,913.9444
857.7017130138123,913.9444
857.7017130138123,913.9444
904.8083047906417,913.9444
787.0418253485686,913.9444
763.4885294601538,913.9444
739.9352335717393,913.9832
722.2702616554285,914.04474
722.2702616554285,914.06836
722.2702616554285,913.9444
704.6052897391174,913.9444
686.9403178228064,913.9444
669.2753459064954,913.9444
810.5951212369832,913.9444
904.8083047906417,913.9444
763.4885294601538,913.9444
722.2702616554285,913.9444
763.4885294601538,913.9444
834.1484171253978,913.9444
834.1484171253978,913.9444
787.0418253485686,913.9444
787.0418253485686,913.9444
704.6052897391174,913.9444
686.9403178228064,913.9705
669.2753459064954,914.01196
651.6103739901846,914.0623
616.2804301575625,914.0338
598.6154582412518,914.0549
580.9504863249407,913.9444
598.6154582412518,913.9444
633.9454020738735,913.9444
633.9454020738735,913.9444
877.7220145189648,913.9444
840.0367410975016,914.0009
820.016439592349,914.0902
801.1738028816173,914.12463
782.3311661708855,913.9444
782.3311661708855,913.9444
744.6458927494225,913.9444
725.8032560386906,913.9444
820.016439592349,913.9444
1128.5646157305805,913.9444
1105.011319842166,914.0744
999.0214883443001,914.2944
915.4072879404283,914.39594
801.1738028816173,913.9895
763.4885294601538,913.9444
763.4885294601538,913.9444
744.6458927494225,913.9444
725.8032560386906,913.9515
709.3159489168004,913.9627
691.6509770004893,913.967
675.1636698785992,913.9444
675.1636698785992,913.9444
801.1738028816173,913.9444
725.8032560386906,913.98676
725.8032560386906,914.05383
691.6509770004893,914.0796
657.4986979622881,913.9444
641.0113908403979,913.9444
763.4885294601538,913.9444
763.4885294601538,913.9444
763.4885294601538,913.9444
739.9352335717393,913.9444
722.2702616554285,913.9444
739.9352335717393,913.9444
739.9352335717393,913.9444
722.2702616554285,913.9444
704.6052897391174,913.9444
739.9352335717393,913.9444
739.9352335717393,913.9444
739.9352335717393,913.9444
739.9352335717393,913.9444
722.2702616554285,913.9444
722.2702616554285,913.9444
787.0418253485686,913.9444
881.2550089022271,913.95294
787.0418253485686,913.9663
763.4885294601538,913.9715
722.2702616554285,913.9444
704.6052897391174,913.9444
669.2753459064954,913.9444
722.2702616554285,913.9444
928.3616006790562,913.9444
928.3616006790562,914.1683
763.4885294601538,914.6342
686.9403178228064,914.95013
704.6052897391174,914.3085
897.7423160241174,913.9444
870.6560257524404,913.9444
870.6560257524404,913.9444
844.7474002751844,913.9444
818.8387747979284,913.9444
801.1738028816173,913.9444
776.442842198782,913.9444
758.777870282471,913.9444
758.777870282471,913.9444
1081.4580239537513,913.9444
1552.5239417220437,913.95856
2082.4730992113723,914.1282
1540.7472937778361,914.5874
1293.437686949483,915.0201
1163.8945595632024,914.75366
1128.5646157305805,914.0729
1069.681376009544,913.9444
1010.7981362885074,913.99805
961.3362149228366,914.08295
970.7575332782025,914.1156
953.0925613618916,913.9444
916.5849527348489,913.9444
880.0773441078063,913.9444
870.6560257524404,913.9776
844.7474002751844,914.0302
1069.681376009544,914.05035
1069.681376009544,914.0009
1552.5239417220437,914.12317
1222.7777992842389,914.2896
852.9910538361294,914.25745
836.5037467142392,914.201
827.0824283588734,913.9444
818.8387747979284,913.9444
844.7474002751844,913.9444
818.8387747979284,913.955
801.1738028816173,913.97186
784.6864957597272,913.9783
776.442842198782,913.9444
758.777870282471,913.9444
750.534216721526,913.9444
732.869244805215,913.9444
716.3819376833247,913.9444
699.8946305614346,913.9444
699.8946305614346,913.9444
699.8946305614346,913.9444
666.9200163176539,913.9444
651.6103739901846,913.9444
620.9910893352456,913.9444
605.6814470077761,913.9444
605.6814470077761,913.9444
612.7474357743005,913.9444
612.7474357743005,913.9444
651.6103739901846,913.9444
636.3007316627151,913.9748
643.3667204292394,914.0228
658.676362756709,914.0413
651.6103739901846,913.9444
1081.4580239537513,913.9444
1069.681376009544,913.9444
1105.011319842166,913.9444
1116.7879677863732,913.9444
1093.2346718979586,913.9444
1057.9047280653365,913.9444
1046.1280801211292,913.9444
1046.1280801211292,913.9444
1034.351432176922,913.9444
1010.7981362885074,913.9444
999.0214883443001,913.9444
999.0214883443001,913.9444
999.0214883443001,913.9444
999.0214883443001,913.9444
987.2448404000929,913.9444
961.3362149228366,913.9444
944.8489078009467,913.9444
928.3616006790562,913.9444
936.6052542400015,913.9444
999.0214883443001,913.9444
953.0925613618916,913.9444
928.3616006790562,913.9444
911.8742935571661,913.9444
888.3209976687515,913.9444
987.2448404000929,913.9444
1046.1280801211292,913.95856
944.8489078009467,914.0555
987.2448404000929,914.1824
1010.7981362885074,914.18304
999.0214883443001,913.9444
999.0214883443001,913.9444
987.2448404000929,913.9444
1081.4580239537513,913.9444
961.3362149228366,913.9444
943.6712430065259,913.9444
934.24992465116,913.9444
926.0062710902148,913.9444
926.0062710902148,913.9444
907.1636343794831,913.9444
907.1636343794831,913.9444
889.4986624631721,913.9444
880.0773441078063,913.9444
870.6560257524404,913.9444
852.9910538361294,913.9444
862.4123721914955,913.9444
852.9910538361294,913.9444
836.5037467142392,913.9444
818.8387747979284,913.9444
827.0824283588734,913.9444
818.8387747979284,913.9444
801.1738028816173,913.9515
836.5037467142392,913.9627
827.0824283588734,913.967
818.8387747979284,913.9444
810.5951212369832,913.9444
801.1738028816173,913.9444
889.4986624631721,913.9444
922.4732767069528,913.9444
914.2296231460075,913.9444
889.4986624631721,913.9444
873.011355341282,913.9444
914.2296231460075,913.9444
940.1382486232635,913.9444
964.8692093060989,913.9444
930.7169302678977,913.99945
897.7423160241174,914.0866
873.011355341282,914.1201
889.4986624631721,913.9444
964.8692093060989,913.9444
930.7169302678977,913.9444
881.2550089022271,913.9974
856.5240482193917,914.0811
841.2144058919222,914.11334
825.9047635644528,913.9444
802.351467676038,913.9444
794.107814115093,913.9444
778.7981717876235,913.9444
763.4885294601538,913.9444
763.4885294601538,913.9444
731.6915800107944,913.9444
716.3819376833247,913.9444
716.3819376833247,913.9444
701.0722953558552,913.9444
701.0722953558552,913.9444
716.3819376833247,913.9444
967.2245388949403,913.9444
944.8489078009467,913.9444
922.4732767069528,913.9444
873.011355341282,913.9444
856.5240482193917,913.9444
851.8133890417088,913.9444
830.6154227421357,913.9444
830.6154227421357,913.9444
825.9047635644528,913.9444
835.3260819198186,913.9444
851.8133890417088,913.9444
889.4986624631721,913.9444
862.4123721914955,913.9444
841.2144058919222,913.9444
825.9047635644528,913.9444
825.9047635644528,913.9444
815.3057804146662,913.9444
799.9961380871965,913.9444
778.7981717876235,913.9444
778.7981717876235,913.9444
763.4885294601538,913.9444
820.016439592349,913.9444
809.4174564425626,913.9727
794.107814115093,914.01746
804.7067972648795,914.0346
841.2144058919222,913.9444
841.2144058919222,913.96277
825.9047635644528,914.1334
857.7017130138123,914.36926
820.016439592349,914.39777
922.4732767069528,913.9444
752.182947433715,913.9444
815.3057804146662,913.9444
812.9504508258246,913.9444
1093.2346718979586,913.9444
1105.011319842166,913.9444
1010.7981362885074,913.9444
987.2448404000929,913.9444
967.2245388949403,913.9621
1022.5747842327147,913.99005
5100.0,914.0008
5100.0,913.9444
5100.0,914.05347
5100.0,914.22626
5100.0,914.2928
5100.0,913.9444
5100.0,913.9444
5100.0,913.9444
5100.0,913.9444
5100.0,913.9444
5100.0,913.9444
5100.0,913.9444
5100.0,913.9444
5100.0,913.9444
5100.0,913.9444
5100.0,914.0276
5100.0,914.19556
5100.0,914.3042
5100.0,914.21967
5100.0,914.3544
5100.0,914.45123
5100.0,913.9444
5100.0,913.9444
5100.0,913.9444
5100.0,913.9444
5100.0,913.9444
5100.0,913.9444
5100.0,913.9444
946.0265725953673,913.9444
954.2702261563126,913.9444
958.9808853339952,913.9444
885.9656680799101,913.9444
871.8336905468614,913.9444
814.1281156202452,913.9444
987.2448404000929,913.9444
1211.0011513400316,913.9444
1340.5442787263119,914.14886
1128.5646157305805,914.56445
1022.5747842327147,914.8366
1010.7981362885074,914.2436
884.7880032854891,913.9444
774.0875126099405,913.9444
999.0214883443001,914.0898
1069.681376009544,914.3202
1234.5544472284462,914.40894
1211.0011513400316,913.9444
1234.5544472284462,913.9444
1305.2143348936902,913.9444
1211.0011513400316,913.9444
1199.2245033958243,913.9444
1140.3412636747878,913.9444
1152.117911618995,913.9444
1081.4580239537513,913.9515
1128.5646157305805,913.9627
1128.5646157305805,913.967
1046.1280801211292,913.9444
1081.4580239537513,913.9444
1046.1280801211292,913.9444
987.2448404000929,913.9444
1152.117911618995,913.9444
1116.7879677863732,913.9444
942.4935782121053,913.9444
1034.351432176922,913.9444
1022.5747842327147,913.9444
1069.681376009544,913.9444
799.9961380871965,913.9832
1057.9047280653365,914.04474
1128.5646157305805,914.06836
1105.011319842166,913.9444
987.2448404000929,913.9444
1128.5646157305805,913.9444
1222.7777992842389,913.9444
1046.1280801211292,913.9444
1234.5544472284462,913.9444
1222.7777992842389,913.9444
1105.011319842166,913.97125
1069.681376009544,914.04614
1034.351432176922,914.11383
969.5798684837819,914.0481
1281.6610390052756,913.9444
1246.3310951726535,913.9444
1163.8945595632024,913.9444
1199.2245033958243,913.9444
999.0214883443001,913.9444
1081.4580239537513,913.9444
908.3412991739037,913.9444
881.2550089022271,913.9444
961.3362149228366,913.9444
1057.9047280653365,913.9444
1152.117911618995,913.9444
1258.107743116861,913.95856
987.2448404000929,913.98096
1140.3412636747878,913.9895
1105.011319842166,913.9444
1022.5747842327147,913.9444
974.2905276614647,913.9444
1022.5747842327147,913.9444
1069.681376009544,913.9444
1034.351432176922,913.9444
1022.5747842327147,913.9444
1010.7981362885074,913.9444
1069.681376009544,913.9444
1034.351432176922,913.9444
1093.2346718979586,913.9444
1069.681376009544,913.9444
960.158550128416,913.9444
975.4681924558854,913.9444
975.4681924558854,913.9444
975.4681924558854,913.9444
921.2956119125319,913.9444
1140.3412636747878,913.9444
1222.7777992842389,913.9444
1081.4580239537513,913.9444
1057.9047280653365,913.9444
930.7169302678977,913.9444
947.2042373897879,913.9444
1163.8945595632024,913.9444
1081.4580239537513,913.9444
1105.011319842166,913.9444
1069.681376009544,913.9444
1105.011319842166,913.9444
1057.9047280653365,913.9444
1057.9047280653365,913.9444
1069.681376009544,913.9444
999.0214883443001,913.9444
1105.011319842166,913.9444
1081.4580239537513,913.9444
1069.681376009544,913.9444
882.4326736966477,913.9444
854.1687186305503,913.9444
1034.351432176922,913.9444
936.6052542400015,913.9444
971.9351980726233,913.9444
1010.7981362885074,913.9444
1211.0011513400316,913.95294
858.8793778082331,914.01074
937.7829190344221,914.0863
1046.1280801211292,914.0942
926.0062710902148,913.96454
858.8793778082331,913.9869
796.4631437039345,913.99005
851.8133890417088,914.0008
2683.0821443659456,913.979
2212.016226597653,914.04645
1682.067069108324,914.53217
1305.2143348936902,915.26117
931.8945950623186,915.5766
1034.351432176922,914.1204
1140.3412636747878,913.9627
1022.5747842327147,913.967
1022.5747842327147,913.9444
1081.4580239537513,913.9444
950.7372317730502,913.9444
898.919980818538,913.9444
1010.7981362885074,913.9444
954.2702261563126,913.9444
957.8032205395746,914.2077
1316.9909828378975,914.8569
1293.437686949483,915.38116
1187.447855451617,914.6935
1069.681376009544,913.9444
974.2905276614647,913.9444
1258.107743116861,913.9444
1057.9047280653365,913.9444
1034.351432176922,913.9444
1010.7981362885074,913.9444
1010.7981362885074,913.9444
1046.1280801211292,913.9444
941.3159134176843,913.9444
914.2296231460075,913.9444
961.3362149228366,913.9444
941.3159134176843,913.9444
975.4681924558854,913.9444
999.0214883443001,913.9444
1116.7879677863732,913.9444
1222.7777992842389,913.9444
1069.681376009544,913.9444
1057.9047280653365,913.9444
1046.1280801211292,913.9444
966.0468741005197,913.9444
999.0214883443001,913.9444
999.0214883443001,913.9444
987.2448404000929,913.9444
1034.351432176922,913.9444
999.0214883443001,913.9444
975.4681924558854,913.9444
870.6560257524404,913.9444
797.6408084983553,913.9444
685.7626530283858,913.9444
767.0215238434162,913.9444
821.1941043867699,913.9444
825.9047635644528,913.9444
737.5799039828978,913.9444
615.1027653631419,913.9444
738.7575687773187,913.9444
757.6002054880504,913.9444
755.2448758992089,913.9444
844.7474002751844,913.9444
699.8946305614346,913.9444
755.2448758992089,913.9444
763.4885294601538,913.9444
646.8997148125017,913.9444
756.4225406936298,913.9444
755.2448758992089,913.9444
724.62559124427,913.9444
755.2448758992089,913.9444
691.6509770004893,913.9444
704.6052897391174,913.9444
648.0773796069222,913.9444
673.9860050841786,913.9444
669.2753459064954,913.9444
669.2753459064954,913.9444
682.2296586451235,913.9444
509.1129338652761,913.9444
808.2397916481418,913.9444
815.3057804146662,913.9444
1010.7981362885074,913.9444
962.5138797172575,913.9444
865.9453665747576,913.9444
953.0925613618916,913.9444
937.7829190344221,913.9444
817.6611100035076,913.9444
927.1839358846356,913.9444
941.3159134176843,913.9444
1352.3209266705192,914.01636
1340.5442787263119,914.2813
1152.117911618995,914.56586
1081.4580239537513,914.43115
1010.7981362885074,913.9444
1010.7981362885074,913.97125
934.24992465116,914.0138
999.0214883443001,914.0653
942.4935782121053,914.0356
938.9605838288429,914.0571
987.2448404000929,913.9444
943.6712430065259,913.9444
877.7220145189648,913.9444
915.4072879404283,913.9444
854.1687186305503,913.9444
844.7474002751844,913.9444
836.5037467142392,913.9444
705.782954533538,913.9444
1105.011319842166,913.9444
1022.5747842327147,913.9444
1199.2245033958243,913.9444
1116.7879677863732,913.9444
1034.351432176922,913.9444
943.6712430065259,913.9444
1093.2346718979586,913.9444
949.5595669786294,913.9444
1057.9047280653365,913.9444
1046.1280801211292,913.9444
1057.9047280653365,913.9444
1069.681376009544,913.9444
831.7930875365563,913.9444
1057.9047280653365,913.9444
1081.4580239537513,913.9444
831.7930875365563,913.9444
1316.9909828378975,913.9444
1258.107743116861,913.9444
1187.447855451617,913.9769
1081.4580239537513,914.0283
1034.351432176922,914.0481
973.1128628670439,913.9444
1081.4580239537513,913.9444
1093.2346718979586,913.9444
1034.351432176922,913.9444
1081.4580239537513,913.9444
975.4681924558854,913.9444
1046.1280801211292,913.9444
785.8641605541478,913.9444
802.351467676038,913.9444
854.1687186305503,913.9444
870.6560257524404,913.9444
889.4986624631721,913.9444
776.442842198782,913.9444
820.016439592349,913.9444
1093.2346718979586,913.9444
968.4022036893613,913.9444
1234.5544472284462,914.119
987.2448404000929,914.5941
936.6052542400015,915.01935
825.9047635644528,914.59143
864.7677017803367,913.9444
890.6763272575929,913.9444
930.7169302678977,913.9444
960.158550128416,913.9444
960.158550128416,913.9444
948.3819021842088,913.9444
888.3209976687515,913.9444
814.1281156202452,913.9444
791.7524845262516,913.9444
905.9859695850623,913.9444
836.5037467142392,913.9444
860.0570426026541,913.9444
836.5037467142392,913.9444
825.9047635644528,913.9444
831.7930875365563,913.9444
798.8184732927759,913.9444
820.016439592349,913.9444
849.4580594528674,913.9444
808.2397916481418,913.9444
785.8641605541478,913.9444
808.2397916481418,913.9444
1105.011319842166,913.9444
1387.6508705031413,913.99945
1222.7777992842389,914.2815
929.5392654734771,914.639
900.0976456129588,914.6074
987.2448404000929,913.9895
877.7220145189648,913.9444
927.1839358846356,913.9444
901.2753104073796,913.9444
951.9148965674708,913.9444
814.1281156202452,913.9444
883.6103384910685,913.9444
1010.7981362885074,913.9444
1505.4173499452143,914.135
1034.351432176922,914.58545
1034.351432176922,914.9404
999.0214883443001,914.42896
1057.9047280653365,913.97125
941.3159134176843,914.0138
876.544349724544,914.03015
926.0062710902148,913.9444
987.2448404000929,913.9444
1034.351432176922,913.9444
1093.2346718979586,913.9444
1093.2346718979586,913.9444
1399.4275184473486,913.9444
1364.0975746147267,913.9444
1352.3209266705192,913.9444
1328.7676307821046,913.9444
1328.7676307821046,913.9444
1316.9909828378975,913.9444
1316.9909828378975,913.9444
1352.3209266705192,913.9444
1128.5646157305805,913.9444
1175.67120750741,913.9444
987.2448404000929,913.9444
929.5392654734771,913.9444
1105.011319842166,913.9444
1293.437686949483,913.9444
1375.874222558934,913.9762
1422.9808143357632,914.02655
1269.8843910610683,914.06274
1258.107743116861,913.9882
1105.011319842166,913.99854
1269.8843910610683,913.9444
1140.3412636747878,913.9444
1140.3412636747878,913.9444
1022.5747842327147,913.9444
1057.9047280653365,913.9444
999.0214883443001,913.9444
1022.5747842327147,913.9444
1046.1280801211292,913.97406
1175.67120750741,914.02106
1163.8945595632024,914.0391
1211.0011513400316,913.9444
1199.2245033958243,913.9444
1222.7777992842389,913.9444
1187.447855451617,913.9444
1175.67120750741,913.9444
967.2245388949403,913.9444
1116.7879677863732,913.9444
1093.2346718979586,913.9444
987.2448404000929,913.9444
987.2448404000929,913.9444
987.2448404000929,913.9444
1022.5747842327147,913.9444
1046.1280801211292,913.9444
1140.3412636747878,913.9444
1022.5747842327147,913.9444
1116.7879677863732,913.9444
1293.437686949483,913.9444
1152.117911618995,913.9444
1093.2346718979586,913.9444
975.4681924558854,913.9444
1069.681376009544,913.9444
1269.8843910610683,913.9444
1246.3310951726535,913.9444
1234.5544472284462,913.9444
1234.5544472284462,914.0233
999.0214883443001,914.2516
1022.5747842327147,914.46423
1046.1280801211292,914.27716
1140.3412636747878,913.9444
1093.2346718979586,913.9444
1069.681376009544,913.9444
1069.681376009544,913.9444
1069.681376009544,913.9444
999.0214883443001,913.9444
1069.681376009544,913.9494
1175.67120750741,914.00165
961.3362149228366,914.075
911.8742935571661,914.08636
812.9504508258246,913.9444
803.5291324704589,913.9444
778.7981717876235,913.9444
775.2651774043613,913.9444
1057.9047280653365,913.9444
852.9910538361294,913.9444
865.9453665747576,913.9444
856.5240482193917,913.9444
719.9149320665869,913.9444
661.0316923455505,913.9444
718.7372672721663,913.9444
894.209321640855,913.9444
915.4072879404283,913.9444
847.102729864026,913.9649
755.2448758992089,913.9974
688.1179826172271,914.0098
1163.8945595632024,913.9444
1034.351432176922,913.9444
1116.7879677863732,913.9444
1211.0011513400316,913.9444
1022.5747842327147,913.9444
1010.7981362885074,913.9444
999.0214883443001,913.9444
987.2448404000929,913.9444
1057.9047280653365,913.9444
1046.1280801211292,913.9444
1046.1280801211292,913.9444
851.8133890417088,913.9444
1116.7879677863732,913.9444
825.9047635644528,913.9444
885.9656680799101,913.9444
969.5798684837819,913.9444
940.1382486232635,913.9444
975.4681924558854,913.9444
954.2702261563126,913.9444
921.2956119125319,913.9444
974.2905276614647,913.9444
1034.351432176922,913.9444
999.0214883443001,913.9444
940.1382486232635,913.9444
792.9301493206722,913.9444
918.9402823236904,913.9444
987.2448404000929,913.9444
942.4935782121053,913.9444
1258.107743116861,913.9444
1269.8843910610683,913.9444
1234.5544472284462,913.9444
1116.7879677863732,913.9444
1175.67120750741,913.9444
1081.4580239537513,913.9444
1128.5646157305805,913.9444
1093.2346718979586,913.9444
1069.681376009544,913.9444
955.4478909507332,913.9444
999.0214883443001,913.9444
1034.351432176922,913.9444
1069.681376009544,913.9444
1105.011319842166,913.9444
1140.3412636747878,913.9444
999.0214883443001,913.9444
1046.1280801211292,913.9692
857.7017130138123,914.0083
808.2397916481418,914.0233
893.0316568464344,913.9444
904.8083047906417,913.9444
1022.5747842327147,913.9444
1046.1280801211292,913.9444
1057.9047280653365,913.9444
891.8539920520138,913.9444
1010.7981362885074,913.9444
916.5849527348489,913.95715
922.4732767069528,913.97723
1352.3209266705192,913.98505
1340.5442787263119,913.9444
1340.5442787263119,913.9444
1375.874222558934,913.9444
1458.3107581683853,913.9444
1387.6508705031413,913.9444
1481.8640540568,913.9444
1634.960477331495,913.9444
2023.589859490336,913.9952
2412.2192416491775,914.2458
1705.6203649967385,914.747
1564.300589666251,915.0137
1564.300589666251,914.5981
1446.534110224178,913.9444
1764.5036047177753,913.9444
1528.9706458336289,913.9444
1599.6305334988729,913.972
1434.7574622799705,914.043
1470.0874061125926,914.2604
1340.5442787263119,914.4397
1481.8640540568,914.4733
1458.3107581683853,914.0083
1434.7574622799705,914.0233
1352.3209266705192,913.9444
1387.6508705031413,913.9444
1340.5442787263119,913.9444
1399.4275184473486,913.9444
1528.9706458336289,913.9444
656.3210331678675,913.98114
656.3210331678675,913.7543
671.6306754953371,913.3746
762.3108646657332,912.73315
762.3108646657332,912.761
778.7981717876235,912.8015
731.6915800107944,912.8572
731.6915800107944,912.8186
717.5596024777453,912.84485
717.5596024777453,912.73315
717.5596024777453,912.73315
717.5596024777453,912.73315
717.5596024777453,912.73315
747.0012223382637,912.73315
778.7981717876235,912.73315
778.7981717876235,912.73315
795.2854789095136,912.73315
762.3108646657332,912.73315
762.3108646657332,912.73315
762.3108646657332,912.73315
731.6915800107944,912.73315
731.6915800107944,912.73315
731.6915800107944,912.73315
731.6915800107944,912.73315
731.6915800107944,912.73315
702.249960150276,912.73315
702.249960150276,912.73315
702.249960150276,912.73315
731.6915800107944,912.73315
799.9961380871965,912.73315
787.0418253485686,912.73315
759.9555350768918,912.73315
747.0012223382637,912.73315
735.2245743940564,912.73315
735.2245743940564,912.73315
735.2245743940564,912.73315
722.2702616554285,912.73315
697.5393009725931,912.7436
685.7626530283858,912.7588
673.9860050841786,912.76666
673.9860050841786,912.73315
661.0316923455505,912.73315
673.9860050841786,912.73315
673.9860050841786,912.73315
649.2550444013432,912.73315
649.2550444013432,912.73315
624.5240837185078,912.73315
624.5240837185078,912.73315
624.5240837185078,912.73315
649.2550444013432,912.73315
624.5240837185078,912.73315
612.7474357743005,912.73315
602.1484526245138,912.73315
612.7474357743005,912.73315
612.7474357743005,912.73315
590.3718046803065,912.73315
578.5951567360992,912.73315
1281.6610390052756,912.73315
1281.6610390052756,912.73315
1258.107743116861,912.8096
1187.447855451617,912.9275
1187.447855451617,912.99554
1199.2245033958243,912.7555
1163.8945595632024,912.73315
1128.5646157305805,912.73315
1116.7879677863732,912.73315
1116.7879677863732,912.73315
1093.2346718979586,912.73315
1093.2346718979586,912.73315
1093.2346718979586,912.73315
1081.4580239537513,912.73315
1057.9047280653365,912.73315
1034.351432176922,912.73315
1034.351432176922,912.73315
1093.2346718979586,912.73315
1034.351432176922,912.73315
1010.7981362885074,912.73315
999.0214883443001,912.73315
999.0214883443001,912.73315
975.4681924558854,912.73315
964.8692093060989,912.73315
950.7372317730502,912.73315
936.6052542400015,912.73315
936.6052542400015,912.73315
936.6052542400015,912.73315
825.9047635644528,912.73315
812.9504508258246,912.73315
799.9961380871965,912.73315
772.9098478155197,912.73315
759.9555350768918,912.73315
747.0012223382637,912.73315
747.0012223382637,912.73315
747.0012223382637,912.73315
722.2702616554285,912.73315
722.2702616554285,912.73315
697.5393009725931,912.73315
685.7626530283858,912.73315
685.7626530283858,912.73315
685.7626530283858,912.73315
685.7626530283858,912.73315
673.9860050841786,912.73315
649.2550444013432,912.73315
624.5240837185078,912.73315
624.5240837185078,912.73315
624.5240837185078,912.73315
602.1484526245138,912.73315
602.1484526245138,912.73315
612.7474357743005,912.73315
624.5240837185078,912.73315
624.5240837185078,912.73315
649.2550444013432,912.73315
624.5240837185078,912.7471
624.5240837185078,912.7674
677.5189994674406,912.77783
691.6509770004893,912.73315
677.5189994674406,912.73315
663.3870219343919,912.73315
648.0773796069222,912.73315
619.8134245408248,912.73315
605.6814470077761,912.73315
605.6814470077761,912.73315
605.6814470077761,912.73315
619.8134245408248,912.73315
619.8134245408248,912.73315
605.6814470077761,912.73315
605.6814470077761,912.73315
576.2398271472578,912.73315
562.1078496142092,912.73315
562.1078496142092,912.73315
547.9758720811602,912.73315
547.9758720811602,912.73315
535.0215593425322,912.73315
547.9758720811602,912.73315
605.6814470077761,912.73315
605.6814470077761,912.7471
547.9758720811602,912.80554
535.0215593425322,912.8717
522.0672466039041,912.856
509.1129338652761,912.73315
496.1586211266481,912.73315
496.1586211266481,912.73315
496.1586211266481,912.73315
883.6103384910685,912.73315
883.6103384910685,912.73315
891.8539920520138,912.73315
865.9453665747576,912.73315
883.6103384910685,912.73315
883.6103384910685,912.73315
883.6103384910685,912.73315
865.9453665747576,912.73315
865.9453665747576,912.73315
832.9707523309771,912.73315
840.0367410975016,912.73315
824.727098770032,912.73315
816.483445209087,912.73315
816.483445209087,912.73315
801.1738028816173,912.73315
785.8641605541478,912.73315
816.483445209087,912.73315
816.483445209087,912.73315
809.4174564425626,912.73315
801.1738028816173,912.73315
809.4174564425626,912.73315
816.483445209087,912.73315
801.1738028816173,912.73315
785.8641605541478,912.73315
865.9453665747576,912.73315
857.7017130138123,912.73315
816.483445209087,912.73315
816.483445209087,912.73315
5100.0,912.73315
5100.0,912.73315
5100.0,912.73315
5100.0,912.73315
5100.0,912.73315
5100.0,912.73315
5100.0,912.73315
5100.0,912.73315
5100.0,912.73315
5100.0,912.73315
5100.0,912.73315
1281.6610390052756,912.81647
1175.67120750741,913.0575
1116.7879677863732,913.2959
1128.5646157305805,913.1208
1187.447855451617,912.73315
1128.5646157305805,912.7818
1081.4580239537513,912.9219
1057.9047280653365,913.05896
1057.9047280653365,912.95624
1034.351432176922,912.73315
1034.351432176922,912.73315
1022.5747842327147,912.73315
987.2448404000929,912.73315
950.7372317730502,912.73315
911.8742935571661,912.73315
901.2753104073796,912.73315
894.209321640855,912.73315
1211.0011513400316,912.73315
1246.3310951726535,912.73315
1281.6610390052756,912.73315
1258.107743116861,912.73315
1258.107743116861,912.73315
1258.107743116861,912.73315
1246.3310951726535,912.73315
1234.5544472284462,912.73315
1234.5544472284462,912.73315
1234.5544472284462,912.73315
1246.3310951726535,912.73315
1211.0011513400316,912.73315
1211.0011513400316,912.73315
1211.0011513400316,912.73315
1211.0011513400316,912.73315
1211.0011513400316,912.73315
1211.0011513400316,912.73315
1234.5544472284462,912.7471
1234.5544472284462,912.7674
1199.2245033958243,912.90393
1175.67120750741,913.0479
1140.3412636747878,913.13855
1128.5646157305805,912.73315
1128.5646157305805,912.73315
1105.011319842166,912.73315
1093.2346718979586,912.73315
1093.2346718979586,912.73315
1093.2346718979586,912.73315
935.4275894455806,912.73315
935.4275894455806,912.73315
953.0925613618916,912.73315
935.4275894455806,912.73315
917.7626175292696,912.73315
953.0925613618916,912.73315
970.7575332782025,912.73315
987.2448404000929,912.73315
970.7575332782025,912.73315
953.0925613618916,912.73315
953.0925613618916,912.73315
935.4275894455806,912.73315
935.4275894455806,912.73315
900.0976456129588,912.73315
917.7626175292696,912.73315
900.0976456129588,912.7707
900.0976456129588,912.85315
883.6103384910685,912.92194
883.6103384910685,912.82245
848.2803946584468,912.73315
848.2803946584468,912.73315
865.9453665747576,912.73315
900.0976456129588,912.73315
900.0976456129588,912.73315
935.4275894455806,912.73315
917.7626175292696,912.81647
865.9453665747576,912.9377
848.2803946584468,913.00073
865.9453665747576,912.73315
645.7220500180808,912.73315
645.7220500180808,912.73315
622.1687541296662,912.73315
610.392106185459,912.73315
597.4377934468308,912.73315
597.4377934468308,912.73315
585.6611455026236,912.73315
537.3768889313736,912.73315
525.6002409871663,912.73315
515.0012578373797,912.73315
515.0012578373797,912.73315
504.4022746875932,912.73315
482.0266435935994,912.73315
471.42766044381284,912.73315
471.42766044381284,912.73315
460.82867729402614,912.73315
450.2296941442396,912.73315
450.2296941442396,912.73315
460.82867729402614,912.73315
537.3768889313736,912.73315
537.3768889313736,912.77136
504.4022746875932,912.8756
493.8032915378067,912.97504
482.0266435935994,912.8894
471.42766044381284,912.73315
482.0266435935994,912.73315
471.42766044381284,912.73315
482.0266435935994,912.73315
877.7220145189648,912.73315
858.8793778082331,912.73315
840.0367410975016,912.73315
801.1738028816173,912.73315
877.7220145189648,912.73315
840.0367410975016,912.73315
820.016439592349,912.73315
801.1738028816173,912.73315
782.3311661708855,912.73315
782.3311661708855,912.73315
763.4885294601538,912.73315
763.4885294601538,912.73315
725.8032560386906,912.73315
709.3159489168004,912.73315
691.6509770004893,912.73315
675.1636698785992,913.17505
657.4986979622881,913.8726
657.4986979622881,914.1007
675.1636698785992,912.789
675.1636698785992,912.73315
657.4986979622881,912.73315
657.4986979622881,912.73315
657.4986979622881,912.73315
675.1636698785992,912.73315
675.1636698785992,912.73315
657.4986979622881,912.73315
709.3159489168004,912.75055
725.8032560386906,912.7759
877.7220145189648,912.789
858.8793778082331,912.73315
840.0367410975016,912.73315
801.1738028816173,912.73315
877.7220145189648,912.73315
840.0367410975016,912.73315
820.016439592349,912.73315
801.1738028816173,912.73315
782.3311661708855,912.73315
782.3311661708855,912.73315
763.4885294601538,912.73315
763.4885294601538,912.73315
725.8032560386906,912.73315
709.3159489168004,912.73315
691.6509770004893,912.73315
675.1636698785992,912.73315
657.4986979622881,912.73315
657.4986979622881,912.73315
675.1636698785992,912.73315
675.1636698785992,912.73315
657.4986979622881,912.73315
657.4986979622881,912.73315
657.4986979622881,912.73315
675.1636698785992,912.73315
675.1636698785992,912.73315
657.4986979622881,912.73315
709.3159489168004,912.73315
858.8793778082331,912.77484
1187.447855451617,913.0047
1211.0011513400316,913.29504
1163.8945595632024,913.27734
1140.3412636747878,912.73315
1093.2346718979586,912.73315
1140.3412636747878,912.73315
1116.7879677863732,912.73315
1281.6610390052756,912.8372
1305.2143348936902,913.03015
1211.0011513400316,913.16864
1046.1280801211292,912.86707
1093.2346718979586,912.73315
1046.1280801211292,912.73315
999.0214883443001,912.73315
1046.1280801211292,912.73315
1022.5747842327147,912.73315
999.0214883443001,912.73315
999.0214883443001,912.73315
951.9148965674708,912.73315
928.3616006790562,912.73315
904.8083047906417,912.73315
904.8083047906417,912.73315
904.8083047906417,912.73315
881.2550089022271,912.73315
881.2550089022271,912.73315
857.7017130138123,912.73315
857.7017130138123,912.73315
857.7017130138123,912.73315
904.8083047906417,912.73315
787.0418253485686,912.73315
763.4885294601538,912.73315
739.9352335717393,912.73315
722.2702616554285,912.73315
722.2702616554285,912.73315
722.2702616554285,912.73315
704.6052897391174,912.73315
686.9403178228064,912.73315
669.2753459064954,912.73315
810.5951212369832,912.73315
904.8083047906417,912.73315
763.4885294601538,912.73315
722.2702616554285,912.73315
763.4885294601538,912.73315
834.1484171253978,912.73315
834.1484171253978,912.73315
787.0418253485686,912.73315
787.0418253485686,912.73315
704.6052897391174,912.73315
686.9403178228064,912.73315
669.2753459064954,912.7783
651.6103739901846,912.84424
616.2804301575625,912.87823
598.6154582412518,912.73315
580.9504863249407,912.73315
598.6154582412518,912.73315
633.9454020738735,912.74005
633.9454020738735,912.75024
877.7220145189648,912.7555
840.0367410975016,912.73315
820.016439592349,912.73315
801.1738028816173,912.73315
782.3311661708855,912.73315
782.3311661708855,912.73315
744.6458927494225,912.73315
725.8032560386906,912.73315
820.016439592349,912.73315
1128.5646157305805,912.73315
1105.011319842166,912.8746
999.0214883443001,913.08844
915.4072879404283,913.1873
801.1738028816173,912.73315
763.4885294601538,912.73315
763.4885294601538,912.73315
744.6458927494225,912.73315
725.8032560386906,912.73315
709.3159489168004,912.73315
691.6509770004893,912.73315
675.1636698785992,912.73315
675.1636698785992,912.73315
801.1738028816173,912.73315
725.8032560386906,912.7852
725.8032560386906,912.86127
691.6509770004893,912.9005
657.4986979622881,912.73315
641.0113908403979,912.73315
763.4885294601538,912.73315
763.4885294601538,912.73315
763.4885294601538,912.73315
739.9352335717393,912.73315
722.2702616554285,912.73315
739.9352335717393,912.73315
739.9352335717393,912.73315
722.2702616554285,912.73315
704.6052897391174,912.73315
739.9352335717393,912.73315
739.9352335717393,912.73315
739.9352335717393,912.73315
739.9352335717393,912.73315
722.2702616554285,912.73315
722.2702616554285,912.73315
787.0418253485686,912.73315
881.2550089022271,912.7887
787.0418253485686,912.93884
763.4885294601538,913.08105
722.2702616554285,912.95624
704.6052897391174,912.73315
669.2753459064954,912.73315
722.2702616554285,912.73315
928.3616006790562,912.73315
928.3616006790562,912.86145
763.4885294601538,913.05347
686.9403178228064,913.1452
704.6052897391174,912.73315
897.7423160241174,912.73315
870.6560257524404,912.73315
870.6560257524404,912.73315
844.7474002751844,912.73315
818.8387747979284,912.73315
801.1738028816173,912.73315
776.442842198782,912.73315
758.777870282471,912.73315
758.777870282471,912.73315
1081.4580239537513,912.73315
1552.5239417220437,912.73315
2082.4730992113723,912.9989
1540.7472937778361,913.6895
1293.437686949483,914.27527
1163.8945595632024,913.6272
1128.5646157305805,912.73315
1069.681376009544,912.73315
1010.7981362885074,912.8276
961.3362149228366,912.96497
970.7575332782025,913.0363
953.0925613618916,912.73315
916.5849527348489,912.73315
880.0773441078063,912.73315
870.6560257524404,912.73315
844.7474002751844,912.73315
1069.681376009544,912.73315
1069.681376009544,912.73315
1552.5239417220437,912.81305
1222.7777992842389,913.0084
852.9910538361294,913.184
836.5037467142392,912.9896
827.0824283588734,912.73315
818.8387747979284,912.73315
844.7474002751844,912.73315
818.8387747979284,912.73315
801.1738028816173,912.76447
784.6864957597272,912.81006
776.442842198782,912.8336
758.777870282471,912.73315
750.534216721526,912.73315
732.869244805215,912.73315
716.3819376833247,912.73315
699.8946305614346,912.73315
699.8946305614346,912.73315
699.8946305614346,912.73315
666.9200163176539,912.73315
651.6103739901846,912.73315
620.9910893352456,912.73315
605.6814470077761,912.73315
605.6814470077761,912.73315
612.7474357743005,912.73315
612.7474357743005,912.73315
651.6103739901846,912.73315
636.3007316627151,912.73315
643.3667204292394,912.73315
658.676362756709,912.73315
651.6103739901846,912.73315
1081.4580239537513,912.73315
1069.681376009544,912.73315
1105.011319842166,912.73315
1116.7879677863732,912.73315
1093.2346718979586,912.73315
1057.9047280653365,912.73315
1046.1280801211292,912.73315
1046.1280801211292,912.73315
1034.351432176922,912.73315
1010.7981362885074,912.73315
999.0214883443001,912.73315
999.0214883443001,912.73315
999.0214883443001,912.73315
999.0214883443001,912.73315
987.2448404000929,912.73315
961.3362149228366,912.73315
944.8489078009467,912.73315
928.3616006790562,912.73315
936.6052542400015,912.73315
999.0214883443001,912.73315
953.0925613618916,912.73315
928.3616006790562,912.73315
911.8742935571661,912.73315
888.3209976687515,912.73315
987.2448404000929,912.73315
1046.1280801211292,912.73315
944.8489078009467,912.83374
987.2448404000929,913.0732
1010.7981362885074,913.2842
999.0214883443001,913.0341
999.0214883443001,912.73315
987.2448404000929,912.73315
1081.4580239537513,912.7443
961.3362149228366,912.7605
943.6712430065259,912.7689
934.24992465116,912.73315
926.0062710902148,912.73315
926.0062710902148,912.73315
907.1636343794831,912.73315
907.1636343794831,912.73315
889.4986624631721,912.73315
880.0773441078063,912.73315
870.6560257524404,912.73315
852.9910538361294,912.73315
862.4123721914955,912.73315
852.9910538361294,912.73315
836.5037467142392,912.73315
818.8387747979284,912.73315
827.0824283588734,912.73315
818.8387747979284,912.73315
801.1738028816173,912.73315
836.5037467142392,912.73315
827.0824283588734,912.73315
818.8387747979284,912.73315
810.5951212369832,912.73315
801.1738028816173,912.73315
889.4986624631721,912.73315
922.4732767069528,912.73315
914.2296231460075,912.73315
889.4986624631721,912.73315
873.011355341282,912.73315
914.2296231460075,912.73315
940.1382486232635,912.7992
964.8692093060989,912.8951
930.7169302678977,912.94507
897.7423160241174,912.73315
873.011355341282,912.73315
889.4986624631721,912.73315
964.8692093060989,912.73315
930.7169302678977,912.7624
881.2550089022271,912.80493
856.5240482193917,912.82697
841.2144058919222,912.73315
825.9047635644528,912.73315
802.351467676038,912.73315
794.107814115093,912.73315
778.7981717876235,912.73315
763.4885294601538,912.73315
763.4885294601538,912.73315
731.6915800107944,912.73315
716.3819376833247,912.73315
716.3819376833247,912.73315
701.0722953558552,912.73315
701.0722953558552,912.73315
716.3819376833247,912.73315
967.2245388949403,912.73315
944.8489078009467,912.73315
922.4732767069528,912.73315
873.011355341282,912.73315
856.5240482193917,912.73315
851.8133890417088,912.73315
830.6154227421357,912.73315
830.6154227421357,912.73315
825.9047635644528,912.73315
835.3260819198186,912.73315
851.8133890417088,912.73315
889.4986624631721,912.73315
862.4123721914955,912.73315
841.2144058919222,912.73315
825.9047635644528,912.73315
825.9047635644528,912.73315
815.3057804146662,912.73315
799.9961380871965,912.73315
778.7981717876235,912.73315
778.7981717876235,912.73315
763.4885294601538,912.73315
820.016439592349,912.73315
809.4174564425626,912.7436
794.107814115093,912.8628
804.7067972648795,913.0221
841.2144058919222,913.06744
841.2144058919222,912.73315
825.9047635644528,912.81995
857.7017130138123,912.9462
820.016439592349,913.0119
922.4732767069528,912.73315
752.182947433715,912.73315
815.3057804146662,912.73315
812.9504508258246,912.73315
1093.2346718979586,912.73315
1105.011319842166,912.73315
1010.7981362885074,912.73315
987.2448404000929,912.73315
967.2245388949403,912.73315
1022.5747842327147,912.73315
5100.0,912.73315
5100.0,912.86487
5100.0,913.0627
5100.0,913.15625
5100.0,912.73315
5100.0,912.73315
5100.0,912.73315
5100.0,912.73315
5100.0,912.73315
5100.0,912.73315
5100.0,912.73315
5100.0,912.73315
5100.0,912.73315
5100.0,912.73315
5100.0,912.83026
5100.0,912.9993
5100.0,913.1129
5100.0,912.82245
5100.0,912.82336
5100.0,912.9547
5100.0,913.023
5100.0,912.73315
5100.0,912.73315
5100.0,912.73315
5100.0,912.73315
5100.0,912.73315
5100.0,912.73315
5100.0,912.73315
946.0265725953673,912.73315
954.2702261563126,912.73315
958.9808853339952,912.73315
885.9656680799101,912.73315
871.8336905468614,912.73315
814.1281156202452,912.73315
987.2448404000929,912.73315
1211.0011513400316,912.73315
1340.5442787263119,912.92346
1128.5646157305805,913.3518
1022.5747842327147,913.66907
1010.7981362885074,913.16736
884.7880032854891,912.73315
774.0875126099405,912.73315
999.0214883443001,912.7436
1069.681376009544,912.7588
1234.5544472284462,912.76666
1211.0011513400316,912.73315
1234.5544472284462,912.73315
1305.2143348936902,912.73315
1211.0011513400316,912.73315
1199.2245033958243,912.73315
1140.3412636747878,912.73315
1152.117911618995,912.73315
1081.4580239537513,912.73315
1128.5646157305805,912.73315
1128.5646157305805,912.73315
1046.1280801211292,912.73315
1081.4580239537513,912.73315
1046.1280801211292,912.73315
987.2448404000929,912.73315
1152.117911618995,912.73315
1116.7879677863732,912.73315
942.4935782121053,912.73315
1034.351432176922,912.73315
1022.5747842327147,912.73315
1069.681376009544,912.73315
799.9961380871965,912.73315
1057.9047280653365,912.73315
1128.5646157305805,912.73315
1105.011319842166,912.73315
987.2448404000929,912.73315
1128.5646157305805,912.73315
1222.7777992842389,912.73315
1046.1280801211292,912.73315
1234.5544472284462,912.73315
1222.7777992842389,912.73315
1105.011319842166,912.77625
1069.681376009544,912.8391
1034.351432176922,912.8716
969.5798684837819,912.73315
1281.6610390052756,912.73315
1246.3310951726535,912.73315
1163.8945595632024,912.73315
1199.2245033958243,912.73315
999.0214883443001,912.73315
1081.4580239537513,912.73315
908.3412991739037,912.73315
881.2550089022271,912.73315
961.3362149228366,912.73315
1057.9047280653365,912.73315
1152.117911618995,912.73315
1258.107743116861,912.7624
987.2448404000929,912.80493
1140.3412636747878,912.82697
1105.011319842166,912.73315
1022.5747842327147,912.73315
974.2905276614647,912.73315
1022.5747842327147,912.73315
1069.681376009544,912.77484
1034.351432176922,912.8357
1022.5747842327147,912.86707
1010.7981362885074,912.73315
1069.681376009544,912.73315
1034.351432176922,912.73315
1093.2346718979586,912.73315
1069.681376009544,912.73315
960.158550128416,912.73315
975.4681924558854,912.73315
975.4681924558854,912.73315
975.4681924558854,912.73315
921.2956119125319,912.73315
1140.3412636747878,912.73315
1222.7777992842389,912.73315
1081.4580239537513,912.73315
1057.9047280653365,912.73315
930.7169302678977,912.73315
947.2042373897879,912.73315
1163.8945595632024,912.73315
1081.4580239537513,912.73315
1105.011319842166,912.73315
1069.681376009544,912.73315
1105.011319842166,912.73315
1057.9047280653365,912.73315
1057.9047280653365,912.73315
1069.681376009544,912.73315
999.0214883443001,912.73315
1105.011319842166,912.73315
1081.4580239537513,912.73315
1069.681376009544,912.73315
882.4326736966477,912.73315
854.1687186305503,912.73315
1034.351432176922,912.73315
936.6052542400015,912.73315
971.9351980726233,912.73315
1010.7981362885074,912.73315
1211.0011513400316,912.73315
858.8793778082331,912.73315
937.7829190344221,912.73315
1046.1280801211292,912.73315
926.0062710902148,912.77484
858.8793778082331,912.8357
796.4631437039345,912.86707
851.8133890417088,912.73315
2683.0821443659456,912.75745
2212.016226597653,912.793
1682.067069108324,913.134
1305.2143348936902,913.5722
931.8945950623186,913.7675
1034.351432176922,912.789
1140.3412636747878,912.73315
1022.5747842327147,912.73315
1022.5747842327147,912.73315
1081.4580239537513,912.73315
950.7372317730502,912.73315
898.919980818538,912.73315
1010.7981362885074,912.73315
954.2702261563126,912.73315
957.8032205395746,912.74146
1316.9909828378975,912.75366
1293.437686949483,912.75995
1187.447855451617,912.73315
1069.681376009544,912.73315
974.2905276614647,912.73315
1258.107743116861,912.73315
1057.9047280653365,912.73315
1034.351432176922,912.73315
1010.7981362885074,912.73315
1010.7981362885074,912.73315
1046.1280801211292,912.73315
941.3159134176843,912.73315
914.2296231460075,912.73315
961.3362149228366,912.73315
941.3159134176843,912.73315
975.4681924558854,912.73315
999.0214883443001,912.73315
1116.7879677863732,912.73315
1222.7777992842389,912.73315
1069.681376009544,912.73315
1057.9047280653365,912.73315
1046.1280801211292,912.73315
966.0468741005197,912.73315
999.0214883443001,912.73315
999.0214883443001,912.73315
987.2448404000929,912.73315
1034.351432176922,912.73315
999.0214883443001,912.73315
975.4681924558854,912.73315
870.6560257524404,912.73315
797.6408084983553,912.73315
685.7626530283858,912.73315
767.0215238434162,912.73315
821.1941043867699,912.73315
825.9047635644528,912.73315
737.5799039828978,912.73315
615.1027653631419,912.73315
738.7575687773187,912.73315
757.6002054880504,912.73315
755.2448758992089,912.73315
844.7474002751844,912.73315
699.8946305614346,912.73315
755.2448758992089,912.73315
763.4885294601538,912.73315
646.8997148125017,912.73315
756.4225406936298,912.73315
755.2448758992089,912.73315
724.62559124427,912.73315
755.2448758992089,912.73315
691.6509770004893,912.73315
704.6052897391174,912.73315
648.0773796069222,912.73315
673.9860050841786,912.73315
669.2753459064954,912.73315
669.2753459064954,912.73315
682.2296586451235,912.73315
509.1129338652761,912.73315
808.2397916481418,912.73315
815.3057804146662,912.73315
1010.7981362885074,912.73315
962.5138797172575,912.73315
865.9453665747576,912.73315
953.0925613618916,912.73315
937.7829190344221,912.73315
817.6611100035076,912.73315
927.1839358846356,912.73315
941.3159134176843,912.73315
1352.3209266705192,912.7943
1340.5442787263119,913.0903
1152.117911618995,913.45856
1081.4580239537513,913.39703
1010.7981362885074,912.7638
1010.7981362885074,912.8084
934.24992465116,912.8314
999.0214883443001,912.73315
942.4935782121053,912.73315
938.9605838288429,912.73315
987.2448404000929,912.73315
943.6712430065259,912.73315
877.7220145189648,912.73315
915.4072879404283,912.73315
854.1687186305503,912.73315
844.7474002751844,912.7547
836.5037467142392,912.78613
705.782954533538,912.80237
1105.011319842166,912.73315
1022.5747842327147,912.73315
1199.2245033958243,912.73315
1116.7879677863732,912.73315
1034.351432176922,912.73315
943.6712430065259,912.73315
1093.2346718979586,912.73315
949.5595669786294,912.73315
1057.9047280653365,912.73315
1046.1280801211292,912.73315
1057.9047280653365,912.73315
1069.681376009544,912.73315
831.7930875365563,912.73315
1057.9047280653365,912.73315
1081.4580239537513,912.73315
831.7930875365563,912.73315
1316.9909828378975,912.74084
1258.107743116861,912.81104
1187.447855451617,912.9889
1081.4580239537513,913.1346
1034.351432176922,913.0119
973.1128628670439,912.73315
1081.4580239537513,912.73315
1093.2346718979586,912.73315
1034.351432176922,912.73315
1081.4580239537513,912.73315
975.4681924558854,912.73315
1046.1280801211292,912.73315
785.8641605541478,912.73315
802.351467676038,912.73315
854.1687186305503,912.73315
870.6560257524404,912.73315
889.4986624631721,912.73315
776.442842198782,912.73315
820.016439592349,912.73315
1093.2346718979586,912.73315
968.4022036893613,912.73315
1234.5544472284462,913.0318
987.2448404000929,913.7179
936.6052542400015,914.23083
825.9047635644528,913.4669
864.7677017803367,912.73315
890.6763272575929,912.73315
930.7169302678977,912.75055
960.158550128416,912.7759
960.158550128416,912.789
948.3819021842088,912.73315
888.3209976687515,912.73315
814.1281156202452,912.73315
791.7524845262516,912.73315
905.9859695850623,912.73315
836.5037467142392,912.73315
860.0570426026541,912.73315
836.5037467142392,912.73315
825.9047635644528,912.73315
831.7930875365563,912.73315
798.8184732927759,912.73315
820.016439592349,912.73315
849.4580594528674,912.73315
808.2397916481418,912.73315
785.8641605541478,912.73315
808.2397916481418,912.73315
1105.011319842166,912.73315
1387.6508705031413,912.849
1222.7777992842389,913.2174
929.5392654734771,913.6573
900.0976456129588,913.49445
987.2448404000929,912.9005
877.7220145189648,912.73315
927.1839358846356,912.73315
901.2753104073796,912.73315
951.9148965674708,912.73315
814.1281156202452,912.73315
883.6103384910685,912.73315
1010.7981362885074,912.73315
1505.4173499452143,912.94403
1034.351432176922,913.43774
1034.351432176922,913.8156
999.0214883443001,913.2688
1057.9047280653365,912.94275
941.3159134176843,913.2704
876.544349724544,913.40137
926.0062710902148,912.73315
987.2448404000929,912.73315
1034.351432176922,912.73315
1093.2346718979586,912.73315
1093.2346718979586,912.73315
1399.4275184473486,912.73315
1364.0975746147267,912.73315
1352.3209266705192,912.73315
1328.7676307821046,912.73315
1328.7676307821046,912.73315
1316.9909828378975,912.73315
1316.9909828378975,912.73315
1352.3209266705192,912.73315
1128.5646157305805,912.73315
1175.67120750741,912.73315
987.2448404000929,912.73315
929.5392654734771,912.73315
1105.011319842166,912.73315
1293.437686949483,912.73315
1375.874222558934,912.81995
1422.9808143357632,913.01166
1269.8843910610683,913.2579
1258.107743116861,913.15674
1105.011319842166,913.0119
1269.8843910610683,912.73315
1140.3412636747878,912.73315
1140.3412636747878,912.73315
1022.5747842327147,912.73315
1057.9047280653365,912.73315
999.0214883443001,912.73315
1022.5747842327147,912.73315
1046.1280801211292,912.74774
1175.67120750741,912.76904
1163.8945595632024,912.78
1211.0011513400316,912.73315
1199.2245033958243,912.73315
1222.7777992842389,912.81305
1187.447855451617,912.92914
1175.67120750741,912.9896
967.2245388949403,912.73315
1116.7879677863732,912.73315
1093.2346718979586,912.73315
987.2448404000929,912.73315
987.2448404000929,912.73315
987.2448404000929,912.73315
1022.5747842327147,912.73315
1046.1280801211292,912.73315
1140.3412636747878,912.73315
1022.5747842327147,912.73315
1116.7879677863732,912.73315
1293.437686949483,912.73315
1152.117911618995,912.7707
1093.2346718979586,912.82544
975.4681924558854,912.8537
1069.681376009544,912.73315
1269.8843910610683,912.73315
1246.3310951726535,912.73315
1234.5544472284462,912.73315
1234.5544472284462,912.74774
999.0214883443001,912.81836
1022.5747842327147,912.9012
1046.1280801211292,912.8916
1140.3412636747878,912.73315
1093.2346718979586,912.73315
1069.681376009544,912.73315
1069.681376009544,912.73315
1069.681376009544,912.73315
999.0214883443001,912.73315
1069.681376009544,912.74567
1175.67120750741,912.7639
961.3362149228366,912.7734
911.8742935571661,912.73315
812.9504508258246,912.73315
803.5291324704589,912.73315
778.7981717876235,912.73315
775.2651774043613,912.73315
1057.9047280653365,912.73315
852.9910538361294,912.73315
865.9453665747576,912.73315
856.5240482193917,912.73315
719.9149320665869,912.73315
661.0316923455505,912.73315
718.7372672721663,912.73315
894.209321640855,912.73315
915.4072879404283,912.73315
847.102729864026,912.73315
755.2448758992089,912.73315
688.1179826172271,912.73315
1163.8945595632024,912.73315
1034.351432176922,912.73315
1116.7879677863732,912.73315
1211.0011513400316,912.73315
1022.5747842327147,912.73315
1010.7981362885074,912.73315
999.0214883443001,912.73315
987.2448404000929,912.73315
1057.9047280653365,912.73315
1046.1280801211292,912.73315
1046.1280801211292,912.73315
851.8133890417088,912.73315
1116.7879677863732,912.73315
825.9047635644528,912.73315
885.9656680799101,912.73315
969.5798684837819,912.73315
940.1382486232635,912.73315
975.4681924558854,912.73315
954.2702261563126,912.73315
921.2956119125319,912.73315
974.2905276614647,912.73315
1034.351432176922,912.73315
999.0214883443001,912.73315
940.1382486232635,912.73315
792.9301493206722,912.73315
918.9402823236904,912.73315
987.2448404000929,912.73315
942.4935782121053,912.73315
1258.107743116861,912.73315
1269.8843910610683,912.73315
1234.5544472284462,912.73315
1116.7879677863732,912.73315
1175.67120750741,912.73315
1081.4580239537513,912.73315
1128.5646157305805,912.73315
1093.2346718979586,912.73315
1069.681376009544,912.73315
955.4478909507332,912.73315
999.0214883443001,912.73315
1034.351432176922,912.73315
1069.681376009544,912.73315
1105.011319842166,912.73315
1140.3412636747878,912.75055
999.0214883443001,912.7759
1046.1280801211292,912.789
857.7017130138123,912.73315
808.2397916481418,912.73315
893.0316568464344,912.73315
904.8083047906417,912.73315
1022.5747842327147,912.73315
1046.1280801211292,912.73315
1057.9047280653365,912.73315
891.8539920520138,912.73315
1010.7981362885074,912.73315
916.5849527348489,912.73315
922.4732767069528,912.73315
1352.3209266705192,912.73315
1340.5442787263119,912.73315
1340.5442787263119,912.73315
1375.874222558934,912.73315
1458.3107581683853,912.73315
1387.6508705031413,912.73315
1481.8640540568,912.73315
1634.960477331495,912.73315
2023.589859490336,912.7686
2412.2192416491775,913.15765
1705.6203649967385,913.89575
1564.300589666251,914.25366
1564.300589666251,913.3672
1446.534110224178,912.73315
1764.5036047177753,912.73315
1528.9706458336289,912.738
1599.6305334988729,912.7451
1434.7574622799705,912.7488
1470.0874061125926,912.7894
1340.5442787263119,912.8714
1481.8640540568,912.9361
1458.3107581683853,912.7879
1434.7574622799705,912.8046
1352.3209266705192,912.73315
1387.6508705031413,912.73315
1340.5442787263119,912.73315
1399.4275184473486,912.73315
1528.9706458336289,912.73315
656.3210331678675,912.74286
656.3210331678675,912.5544
671.6306754953371,912.4007
762.3108646657332,912.4571
762.3108646657332,912.55646
778.7981717876235,912.6873
731.6915800107944,912.7275
731.6915800107944,912.49854
717.5596024777453,912.46716
717.5596024777453,912.4571
717.5596024777453,912.4571
717.5596024777453,912.47925
717.5596024777453,912.51385
747.0012223382637,912.5295
778.7981717876235,912.48126
778.7981717876235,912.4571
795.2854789095136,912.4571
762.3108646657332,912.4687
762.3108646657332,912.50586
762.3108646657332,912.5561
731.6915800107944,912.58417
731.6915800107944,912.56067
731.6915800107944,912.5476
731.6915800107944,912.51984
731.6915800107944,912.5255
702.249960150276,912.4571
702.249960150276,912.4571
702.249960150276,912.4571
731.6915800107944,912.4571
799.9961380871965,912.4571
787.0418253485686,912.4722
759.9555350768918,912.48846
747.0012223382637,912.49133
735.2245743940564,912.4571
735.2245743940564,912.4571
735.2245743940564,912.4571
722.2702616554285,912.4571
697.5393009725931,912.48016
685.7626530283858,912.50507
673.9860050841786,912.5094
673.9860050841786,912.4828
661.0316923455505,912.5106
673.9860050841786,912.5252
673.9860050841786,912.52576
649.2550444013432,912.5814
649.2550444013432,912.5681
624.5240837185078,912.4571
624.5240837185078,912.4571
624.5240837185078,912.4571
649.2550444013432,912.4571
624.5240837185078,912.4571
612.7474357743005,912.4571
602.1484526245138,912.4571
612.7474357743005,912.4571
612.7474357743005,912.4571
590.3718046803065,912.4571
578.5951567360992,912.4571
1281.6610390052756,912.4571
1281.6610390052756,912.4571
1258.107743116861,912.5651
1187.447855451617,912.7066
1187.447855451617,912.7443
1199.2245033958243,912.4946
1163.8945595632024,912.537
1128.5646157305805,912.6188
1116.7879677863732,912.6221
1116.7879677863732,912.46643
1093.2346718979586,912.5054
1093.2346718979586,912.54663
1093.2346718979586,912.5411
1081.4580239537513,912.4571
1057.9047280653365,912.4571
1034.351432176922,912.4571
1034.351432176922,912.4571
1093.2346718979586,912.46063
1034.351432176922,912.5113
1010.7981362885074,912.5638
999.0214883443001,912.582
999.0214883443001,912.494
975.4681924558854,912.4974
964.8692093060989,912.4571
950.7372317730502,912.4571
936.6052542400015,912.4571
936.6052542400015,912.4571
936.6052542400015,912.4571
825.9047635644528,912.4571
812.9504508258246,912.5917
799.9961380871965,912.752
772.9098478155197,912.78046
759.9555350768918,912.4571
747.0012223382637,912.4571
747.0012223382637,912.4598
747.0012223382637,912.46265
722.2702616554285,912.46313
722.2702616554285,912.4571
697.5393009725931,912.4571
685.7626530283858,912.4571
685.7626530283858,912.4571
685.7626530283858,912.4571
685.7626530283858,912.4571
673.9860050841786,912.4571
649.2550444013432,912.4571
624.5240837185078,912.4571
624.5240837185078,912.4571
624.5240837185078,912.4571
602.1484526245138,912.4571
602.1484526245138,912.4571
612.7474357743005,912.4704
624.5240837185078,912.49805
624.5240837185078,912.53534
649.2550444013432,912.5297
624.5240837185078,912.5211
624.5240837185078,912.4958
677.5189994674406,912.509
691.6509770004893,912.4777
677.5189994674406,912.4753
663.3870219343919,912.4571
648.0773796069222,912.4571
619.8134245408248,912.4571
605.6814470077761,912.4571
605.6814470077761,912.4571
605.6814470077761,912.4571
619.8134245408248,912.4571
619.8134245408248,912.4571
605.6814470077761,912.4571
605.6814470077761,912.4731
576.2398271472578,912.50806
562.1078496142092,912.5302
562.1078496142092,912.4974
547.9758720811602,912.4571
547.9758720811602,912.4571
535.0215593425322,912.4571
547.9758720811602,912.4571
605.6814470077761,912.4571
605.6814470077761,912.50867
547.9758720811602,912.5663
535.0215593425322,912.57587
522.0672466039041,912.4571
509.1129338652761,912.4571
496.1586211266481,912.4571
496.1586211266481,912.4571
496.1586211266481,912.4571
883.6103384910685,912.4571
883.6103384910685,912.4571
891.8539920520138,912.4571
865.9453665747576,912.4837
883.6103384910685,912.51245
883.6103384910685,912.5246
883.6103384910685,912.4763
865.9453665747576,912.4975
865.9453665747576,912.5074
832.9707523309771,912.5204
840.0367410975016,912.52325
824.727098770032,912.53546
816.483445209087,912.5206
816.483445209087,912.46716
801.1738028816173,912.4571
785.8641605541478,912.4571
816.483445209087,912.4571
816.483445209087,912.56665
809.4174564425626,912.71185
801.1738028816173,912.7518
809.4174564425626,912.49335
816.483445209087,912.4571
801.1738028816173,912.4571
785.8641605541478,912.4571
865.9453665747576,912.4571
857.7017130138123,912.4571
816.483445209087,912.4571
816.483445209087,912.4571
5100.0,912.4571
5100.0,912.4571
5100.0,912.4571
5100.0,912.4571
5100.0,912.4571
5100.0,912.4571
5100.0,912.4571
5100.0,912.4571
5100.0,912.4571
5100.0,912.4571
5100.0,912.4571
1281.6610390052756,912.4571
1175.67120750741,912.59875
1116.7879677863732,912.76764
1128.5646157305805,912.7978
1187.447855451617,912.46155
1128.5646157305805,912.5797
1081.4580239537513,912.73846
1057.9047280653365,912.77795
1057.9047280653365,912.5114
1034.351432176922,912.4571
1034.351432176922,912.4571
1022.5747842327147,912.4571
987.2448404000929,912.4571
950.7372317730502,912.4571
911.8742935571661,912.4571
901.2753104073796,912.4571
894.209321640855,912.4571
1211.0011513400316,912.4571
1246.3310951726535,912.4571
1281.6610390052756,912.4571
1258.107743116861,912.59796
1258.107743116861,912.7659
1258.107743116861,912.80383
1246.3310951726535,912.47375
1234.5544472284462,912.4753
1234.5544472284462,912.4571
1234.5544472284462,912.4571
1246.3310951726535,912.4571
1211.0011513400316,912.4571
1211.0011513400316,912.4571
1211.0011513400316,912.4571
1211.0011513400316,912.4571
1211.0011513400316,912.4571
1211.0011513400316,912.4571
1234.5544472284462,912.47485
1234.5544472284462,912.5215
1199.2245033958243,912.55444
1175.67120750741,912.5195
1140.3412636747878,912.4571
1128.5646157305805,912.4571
1128.5646157305805,912.4571
1105.011319842166,912.4571
1093.2346718979586,912.4571
1093.2346718979586,912.46594
1093.2346718979586,912.5474
935.4275894455806,912.63196
935.4275894455806,912.6261
953.0925613618916,912.4571
935.4275894455806,912.4571
917.7626175292696,912.4571
953.0925613618916,912.4571
970.7575332782025,912.4571
987.2448404000929,912.4571
970.7575332782025,912.4571
953.0925613618916,912.4571
953.0925613618916,912.4571
935.4275894455806,912.4571
935.4275894455806,912.4571
900.0976456129588,912.4571
917.7626175292696,912.4731
900.0976456129588,912.49475
900.0976456129588,912.57355
883.6103384910685,912.6202
883.6103384910685,912.62415
848.2803946584468,912.4571
848.2803946584468,912.4571
865.9453665747576,912.4704
900.0976456129588,912.5069
900.0976456129588,912.5785
935.4275894455806,912.6025
917.7626175292696,912.6767
865.9453665747576,912.7518
848.2803946584468,912.8562
865.9453665747576,912.6242
645.7220500180808,912.5391
645.7220500180808,912.4571
622.1687541296662,912.4571
610.392106185459,912.4571
597.4377934468308,912.4571
597.4377934468308,912.4571
585.6611455026236,912.4571
537.3768889313736,912.4571
525.6002409871663,912.4571
515.0012578373797,912.4571
515.0012578373797,912.4571
504.4022746875932,912.4571
482.0266435935994,912.4571
471.42766044381284,912.4571
471.42766044381284,912.4571
460.82867729402614,912.4571
450.2296941442396,912.4571
450.2296941442396,912.4571
460.82867729402614,912.4571
537.3768889313736,912.4571
537.3768889313736,912.5518
504.4022746875932,912.79694
493.8032915378067,912.97723
482.0266435935994,912.78674
471.42766044381284,912.469
482.0266435935994,912.4727
471.42766044381284,912.46313
482.0266435935994,912.4571
877.7220145189648,912.4571
858.8793778082331,912.4571
840.0367410975016,912.4571
801.1738028816173,912.4571
877.7220145189648,912.4571
840.0367410975016,912.4571
820.016439592349,912.4571
801.1738028816173,912.4571
782.3311661708855,912.46594
782.3311661708855,912.4977
763.4885294601538,912.5233
763.4885294601538,912.57764
725.8032560386906,913.06335
709.3159489168004,913.65454
691.6509770004893,913.6218
675.1636698785992,912.7541
657.4986979622881,913.1022
657.4986979622881,913.15137
675.1636698785992,912.4974
675.1636698785992,912.4571
657.4986979622881,912.5047
657.4986979622881,912.55756
657.4986979622881,912.5671
675.1636698785992,912.459
675.1636698785992,912.65137
657.4986979622881,913.08154
709.3159489168004,913.3694
725.8032560386906,912.95447
877.7220145189648,912.5219
858.8793778082331,912.58936
840.0367410975016,912.59906
801.1738028816173,912.4571
877.7220145189648,912.4571
840.0367410975016,912.53455
820.016439592349,912.6242
801.1738028816173,912.63965
782.3311661708855,912.4571
782.3311661708855,912.4571
763.4885294601538,912.4571
763.4885294601538,912.4571
725.8032560386906,912.4571
709.3159489168004,912.458
691.6509770004893,912.459
675.1636698785992,912.4591
657.4986979622881,912.4571
657.4986979622881,912.4571
675.1636698785992,912.4571
675.1636698785992,912.4571
657.4986979622881,912.4571
657.4986979622881,912.4571
657.4986979622881,912.4571
675.1636698785992,912.4571
675.1636698785992,912.4571
657.4986979622881,912.4571
709.3159489168004,912.4571
858.8793778082331,912.4589
1187.447855451617,912.6452
1211.0011513400316,912.9066
1163.8945595632024,913.00757
1140.3412636747878,912.615
1093.2346718979586,912.593
1140.3412636747878,912.5902
1116.7879677863732,912.5469
1281.6610390052756,912.4571
1305.2143348936902,912.6143
1211.0011513400316,912.8306
1046.1280801211292,912.89484
1093.2346718979586,912.5215
1046.1280801211292,912.4598
999.0214883443001,912.4972
1046.1280801211292,912.5386
1022.5747842327147,912.54266
999.0214883443001,912.46515
999.0214883443001,912.4571
951.9148965674708,912.4571
928.3616006790562,912.46594
904.8083047906417,912.4756
904.8083047906417,912.4773
904.8083047906417,912.4731
881.2550089022271,912.4903
881.2550089022271,912.49335
857.7017130138123,912.4571
857.7017130138123,912.4571
857.7017130138123,912.4571
904.8083047906417,912.4571
787.0418253485686,912.458
763.4885294601538,912.459
739.9352335717393,912.46625
722.2702616554285,912.47186
722.2702616554285,912.47327
722.2702616554285,912.4571
704.6052897391174,912.4571
686.9403178228064,912.4571
669.2753459064954,912.4571
810.5951212369832,912.4571
904.8083047906417,912.4571
763.4885294601538,912.4571
722.2702616554285,912.4571
763.4885294601538,912.4571
834.1484171253978,912.4571
834.1484171253978,912.4571
787.0418253485686,912.4571
787.0418253485686,912.47394
704.6052897391174,912.4922
686.9403178228064,912.49536
669.2753459064954,912.53455
651.6103739901846,912.633
616.2804301575625,912.658
598.6154582412518,912.4773
580.9504863249407,912.4589
598.6154582412518,912.46075
633.9454020738735,912.4611
633.9454020738735,912.4571
877.7220145189648,912.4571
840.0367410975016,912.5165
820.016439592349,912.5839
801.1738028816173,912.5952
782.3311661708855,912.4571
782.3311661708855,912.4571
744.6458927494225,912.4571
725.8032560386906,912.4571
820.016439592349,912.4571
1128.5646157305805,912.4571
1105.011319842166,912.6455
999.0214883443001,912.9082
915.4072879404283,912.98816
801.1738028816173,912.54004
763.4885294601538,912.459
763.4885294601538,912.4591
744.6458927494225,912.46594
725.8032560386906,912.47644
709.3159489168004,912.6362
691.6509770004893,912.80457
675.1636698785992,912.8363
675.1636698785992,912.4571
801.1738028816173,912.4571
725.8032560386906,912.53064
725.8032560386906,912.70795
691.6509770004893,912.8313
657.4986979622881,912.6783
641.0113908403979,912.4571
763.4885294601538,912.4571
763.4885294601538,912.4571
763.4885294601538,912.46594
739.9352335717393,912.4756
722.2702616554285,912.4773
739.9352335717393,912.4571
739.9352335717393,912.458
722.2702616554285,912.6574
704.6052897391174,912.89703
739.9352335717393,912.9383
739.9352335717393,912.50867
739.9352335717393,912.57074
739.9352335717393,912.5851
722.2702616554285,912.46716
722.2702616554285,912.4571
787.0418253485686,912.4571
881.2550089022271,912.4917
787.0418253485686,912.5835
763.4885294601538,912.65125
722.2702616554285,912.71295
704.6052897391174,912.75024
669.2753459064954,912.78723
722.2702616554285,912.4773
928.3616006790562,912.458
928.3616006790562,912.6317
763.4885294601538,912.84125
686.9403178228064,912.8785
704.6052897391174,912.4611
897.7423160241174,912.55963
870.6560257524404,912.6803
870.6560257524404,912.7014
844.7474002751844,912.4571
818.8387747979284,912.47925
801.1738028816173,912.50323
776.442842198782,912.5074
758.777870282471,912.4571
758.777870282471,912.4571
1081.4580239537513,912.4571
1552.5239417220437,912.58307
2082.4730992113723,912.8341
1540.7472937778361,913.1377
1293.437686949483,913.1345
1163.8945595632024,913.0269
1128.5646157305805,912.6609
1069.681376009544,912.4571
1010.7981362885074,912.458
961.3362149228366,912.459
970.7575332782025,912.4591
953.0925613618916,912.4571
916.5849527348489,912.4598
880.0773441078063,912.4671
870.6560257524404,912.49634
844.7474002751844,912.51697
1069.681376009544,912.5114
1069.681376009544,912.47925
1552.5239417220437,912.5797
1222.7777992842389,912.85944
852.9910538361294,913.05133
836.5037467142392,912.91327
827.0824283588734,912.46155
818.8387747979284,912.4841
844.7474002751844,912.5174
818.8387747979284,912.55774
801.1738028816173,912.5687
784.6864957597272,912.5767
776.442842198782,912.5375
758.777870282471,912.5764
750.534216721526,912.59644
732.869244805215,912.57587
716.3819376833247,912.4571
699.8946305614346,912.4571
699.8946305614346,912.4571
699.8946305614346,912.4571
666.9200163176539,912.4571
651.6103739901846,912.4571
620.9910893352456,912.4571
605.6814470077761,912.4571
605.6814470077761,912.4571
612.7474357743005,912.5643
612.7474357743005,912.69073
651.6103739901846,912.71387
636.3007316627151,912.54193
643.3667204292394,912.6385
658.676362756709,912.6549
651.6103739901846,912.4697
1081.4580239537513,912.48224
1069.681376009544,912.4828
1105.011319842166,912.46313
1116.7879677863732,912.4571
1093.2346718979586,912.4917
1057.9047280653365,912.52905
1046.1280801211292,912.5867
1046.1280801211292,912.5663
1034.351432176922,912.6024
1010.7981362885074,912.5319
999.0214883443001,912.558
999.0214883443001,912.5014
999.0214883443001,912.4571
999.0214883443001,912.4571
987.2448404000929,912.4571
961.3362149228366,912.4571
944.8489078009467,912.4571
928.3616006790562,912.4571
936.6052542400015,912.4571
999.0214883443001,912.4571
953.0925613618916,912.5243
928.3616006790562,912.60315
911.8742935571661,912.6182
888.3209976687515,912.46735
987.2448404000929,912.47003
1046.1280801211292,912.47205
944.8489078009467,912.55524
987.2448404000929,912.6683
1010.7981362885074,912.686
999.0214883443001,912.4571
999.0214883443001,912.4571
987.2448404000929,912.4571
1081.4580239537513,912.4571
961.3362149228366,912.4571
943.6712430065259,912.4571
934.24992465116,912.4571
926.0062710902148,912.4571
926.0062710902148,912.4571
907.1636343794831,912.4571
907.1636343794831,912.4571
889.4986624631721,912.4571
880.0773441078063,912.4571
870.6560257524404,912.4571
852.9910538361294,912.4571
862.4123721914955,912.4571
852.9910538361294,912.4571
836.5037467142392,912.4571
818.8387747979284,912.4571
827.0824283588734,912.4571
818.8387747979284,912.4571
801.1738028816173,912.4571
836.5037467142392,912.6096
827.0824283588734,912.7921
818.8387747979284,912.8248
810.5951212369832,912.4571
801.1738028816173,912.46594
889.4986624631721,912.48267
922.4732767069528,912.492
914.2296231460075,912.47327
889.4986624631721,912.47485
873.011355341282,912.494
914.2296231460075,912.4974
940.1382486232635,912.4571
964.8692093060989,912.544
930.7169302678977,912.654
897.7423160241174,912.68646
873.011355341282,912.5492
889.4986624631721,912.5994
964.8692093060989,912.59906
930.7169302678977,912.5557
881.2550089022271,912.67145
856.5240482193917,912.6918
841.2144058919222,912.4571
825.9047635644528,912.4571
802.351467676038,912.4571
794.107814115093,912.4571
778.7981717876235,912.4571
763.4885294601538,912.4571
763.4885294601538,912.4571
731.6915800107944,912.4571
716.3819376833247,912.4571
716.3819376833247,912.4571
701.0722953558552,912.4571
701.0722953558552,912.4571
716.3819376833247,912.51495
967.2245388949403,912.5804
944.8489078009467,912.5913
922.4732767069528,912.4571
873.011355341282,912.4571
856.5240482193917,912.4571
851.8133890417088,912.4571
830.6154227421357,912.4571
830.6154227421357,912.4571
825.9047635644528,912.4571
835.3260819198186,912.4571
851.8133890417088,912.4571
889.4986624631721,912.4571
862.4123721914955,912.4571
841.2144058919222,912.4571
825.9047635644528,912.4571
825.9047635644528,912.4571
815.3057804146662,912.4598
799.9961380871965,912.46265
778.7981717876235,912.46313
778.7981717876235,912.4571
763.4885294601538,912.5361
820.016439592349,912.63916
809.4174564425626,912.6674
794.107814115093,912.5466
804.7067972648795,912.59265
841.2144058919222,912.6181
841.2144058919222,912.5025
825.9047635644528,912.5419
857.7017130138123,912.5607
820.016439592349,912.5527
922.4732767069528,912.51746
752.182947433715,912.4571
815.3057804146662,912.4571
812.9504508258246,912.4571
1093.2346718979586,912.4571
1105.011319842166,912.4571
1010.7981362885074,912.4589
987.2448404000929,912.46075
967.2245388949403,912.4611
1022.5747842327147,912.4571
5100.0,912.4571
5100.0,912.6057
5100.0,912.7834
5100.0,912.8152
5100.0,912.4571
5100.0,912.4571
5100.0,912.4571
5100.0,912.4571
5100.0,912.6128
5100.0,912.79913
5100.0,912.83685
5100.0,912.54456
5100.0,912.636
5100.0,912.64154
5100.0,912.5995
5100.0,912.8459
5100.0,912.9655
5100.0,912.6529
5100.0,912.706
5100.0,912.9902
5100.0,913.0233
5100.0,912.4873
5100.0,912.4571
5100.0,912.4571
5100.0,912.4571
5100.0,912.4571
5100.0,912.4571
5100.0,912.4571
946.0265725953673,912.4571
954.2702261563126,912.4571
958.9808853339952,912.4571
885.9656680799101,912.4571
871.8336905468614,912.4571
814.1281156202452,912.4571
987.2448404000929,912.4731
1211.0011513400316,912.4903
1340.5442787263119,912.7606
1128.5646157305805,913.1267
1022.5747842327147,913.27094
1010.7981362885074,912.63
884.7880032854891,912.4571
774.0875126099405,912.4571
999.0214883443001,912.482
1069.681376009544,912.5088
1234.5544472284462,912.5986
1211.0011513400316,912.6417
1234.5544472284462,912.65894
1305.2143348936902,912.4571
1211.0011513400316,912.4571
1199.2245033958243,912.4571
1140.3412636747878,912.4571
1152.117911618995,912.5948
1081.4580239537513,912.7677
1128.5646157305805,912.8065
1128.5646157305805,912.4817
1046.1280801211292,912.4663
1081.4580239537513,912.46716
1046.1280801211292,912.4837
987.2448404000929,912.51245
1152.117911618995,912.51746
1116.7879677863732,912.5243
942.4935782121053,912.60144
1034.351432176922,912.6145
1022.5747842327147,912.4571
1069.681376009544,912.6182
799.9961380871965,912.8113
1057.9047280653365,912.84595
1128.5646157305805,912.4571
1105.011319842166,912.4571
987.2448404000929,912.4571
1128.5646157305805,912.46423
1222.7777992842389,912.47186
1046.1280801211292,912.47327
1234.5544472284462,912.4571
1222.7777992842389,912.4571
1105.011319842166,912.50073
1069.681376009544,912.5922
1034.351432176922,912.648
969.5798684837819,912.5565
1281.6610390052756,912.4571
1246.3310951726535,912.4571
1163.8945595632024,912.4571
1199.2245033958243,912.4571
999.0214883443001,912.4598
1081.4580239537513,912.46265
908.3412991739037,912.46313
881.2550089022271,912.4571
961.3362149228366,912.4571
1057.9047280653365,912.4571
1152.117911618995,912.4571
1258.107743116861,912.4589
987.2448404000929,912.46075
1140.3412636747878,912.4611
1105.011319842166,912.4571
1022.5747842327147,912.4571
974.2905276614647,912.4571
1022.5747842327147,912.4571
1069.681376009544,912.46155
1034.351432176922,912.4663
1022.5747842327147,912.46716
1010.7981362885074,912.4571
1069.681376009544,912.4571
1034.351432176922,912.4571
1093.2346718979586,912.4571
1069.681376009544,912.4571
960.158550128416,912.4571
975.4681924558854,912.4571
975.4681924558854,912.4571
975.4681924558854,912.4571
921.2956119125319,912.4571
1140.3412636747878,912.4571
1222.7777992842389,912.4571
1081.4580239537513,912.5675
1057.9047280653365,912.69775
930.7169302678977,912.72064
947.2042373897879,912.4571
1163.8945595632024,912.4571
1081.4580239537513,912.4571
1105.011319842166,912.4571
1069.681376009544,912.46063
1105.011319842166,912.46454
1057.9047280653365,912.46515
1057.9047280653365,912.46155
1069.681376009544,912.4841
999.0214883443001,912.5041
1105.011319842166,912.4974
1081.4580239537513,912.4571
1069.681376009544,912.4571
882.4326736966477,912.4571
854.1687186305503,912.4571
1034.351432176922,912.4571
936.6052542400015,912.4571
971.9351980726233,912.4571
1010.7981362885074,912.4571
1211.0011513400316,912.47485
858.8793778082331,912.6276
937.7829190344221,912.7946
1046.1280801211292,912.85425
926.0062710902148,912.61145
858.8793778082331,912.6393
796.4631437039345,912.5088
851.8133890417088,912.5312
2683.0821443659456,912.57837
2212.016226597653,912.7778
1682.067069108324,913.66583
1305.2143348936902,914.5212
931.8945950623186,914.50555
1034.351432176922,912.53064
1140.3412636747878,912.62604
1022.5747842327147,912.65204
1022.5747842327147,912.48126
1081.4580239537513,912.4571
950.7372317730502,912.4571
898.919980818538,912.4571
1010.7981362885074,912.4571
954.2702261563126,912.4571
957.8032205395746,912.55963
1316.9909828378975,912.7624
1293.437686949483,912.9043
1187.447855451617,912.72217
1069.681376009544,912.5503
974.2905276614647,912.4974
1258.107743116861,912.4571
1057.9047280653365,912.4571
1034.351432176922,912.4571
1010.7981362885074,912.4571
1010.7981362885074,912.4571
1046.1280801211292,912.4571
941.3159134176843,912.4571
914.2296231460075,912.4571
961.3362149228366,912.4571
941.3159134176843,912.4571
975.4681924558854,912.4571
999.0214883443001,912.4571
1116.7879677863732,912.4571
1222.7777992842389,912.4571
1069.681376009544,912.4571
1057.9047280653365,912.49255
1046.1280801211292,912.57043
966.0468741005197,912.61993
999.0214883443001,912.5469
999.0214883443001,912.4571
987.2448404000929,912.4571
1034.351432176922,912.4571
999.0214883443001,912.4571
975.4681924558854,912.46155
870.6560257524404,912.4663
797.6408084983553,912.46716
685.7626530283858,912.4571
767.0215238434162,912.4571
821.1941043867699,912.4589
825.9047635644528,912.46075
737.5799039828978,912.4611
615.1027653631419,912.4571
738.7575687773187,912.4571
757.6002054880504,912.4571
755.2448758992089,912.4571
844.7474002751844,912.4571
699.8946305614346,912.4968
755.2448758992089,912.54
763.4885294601538,912.5469
646.8997148125017,912.4571
756.4225406936298,912.4571
755.2448758992089,912.4571
724.62559124427,912.4571
755.2448758992089,912.4571
691.6509770004893,912.4571
704.6052897391174,912.4571
648.0773796069222,912.4571
673.9860050841786,912.4571
669.2753459064954,912.4571
669.2753459064954,912.4571
682.2296586451235,912.4571
509.1129338652761,912.4571
808.2397916481418,912.4571
815.3057804146662,912.4571
1010.7981362885074,912.4571
962.5138797172575,912.4571
865.9453665747576,912.4571
953.0925613618916,912.4571
937.7829190344221,912.4571
817.6611100035076,912.4571
927.1839358846356,912.4571
941.3159134176843,912.4571
1352.3209266705192,912.741
1340.5442787263119,913.1938
1152.117911618995,913.37854
1081.4580239537513,912.70337
1010.7981362885074,912.51495
1010.7981362885074,912.5804
934.24992465116,912.5913
999.0214883443001,912.4571
942.4935782121053,912.4571
938.9605838288429,912.4571
987.2448404000929,912.4571
943.6712430065259,912.4571
877.7220145189648,912.4571
915.4072879404283,912.4589
854.1687186305503,912.46075
844.7474002751844,912.50635
836.5037467142392,912.5523
705.782954533538,912.5604
1105.011319842166,912.4589
1022.5747842327147,912.46075
1199.2245033958243,912.4611
1116.7879677863732,912.4571
1034.351432176922,912.4571
943.6712430065259,912.4571
1093.2346718979586,912.4571
949.5595669786294,912.4571
1057.9047280653365,912.4571
1046.1280801211292,912.4571
1057.9047280653365,912.4571
1069.681376009544,912.4571
831.7930875365563,912.4571
1057.9047280653365,912.4571
1081.4580239537513,912.4571
831.7930875365563,912.4633
1316.9909828378975,912.4745
1258.107743116861,912.66626
1187.447855451617,912.9664
1081.4580239537513,913.1024
1034.351432176922,912.6724
973.1128628670439,912.4571
1081.4580239537513,912.47485
1093.2346718979586,912.494
1034.351432176922,912.4974
1081.4580239537513,912.47485
975.4681924558854,912.5337
1046.1280801211292,912.58014
785.8641605541478,912.5469
802.351467676038,912.4571
854.1687186305503,912.4571
870.6560257524404,912.4571
889.4986624631721,912.4571
776.442842198782,912.4571
820.016439592349,912.4571
1093.2346718979586,912.4571
968.4022036893613,912.4571
1234.5544472284462,912.7803
987.2448404000929,913.3057
936.6052542400015,913.5294
825.9047635644528,912.7593
864.7677017803367,912.4571
890.6763272575929,912.4571
930.7169302678977,912.4571
960.158550128416,912.4571
960.158550128416,912.4571
948.3819021842088,912.4571
888.3209976687515,912.4571
814.1281156202452,912.4571
791.7524845262516,912.4571
905.9859695850623,912.4571
836.5037467142392,912.4571
860.0570426026541,912.4571
836.5037467142392,912.4571
825.9047635644528,912.4571
831.7930875365563,912.4571
798.8184732927759,912.4571
820.016439592349,912.4571
849.4580594528674,912.4571
808.2397916481418,912.4571
785.8641605541478,912.4899
808.2397916481418,912.5315
1105.011319842166,912.54425
1387.6508705031413,912.5431
1222.7777992842389,912.77673
929.5392654734771,912.99817
900.0976456129588,912.8758
987.2448404000929,912.4773
877.7220145189648,912.4571
927.1839358846356,912.4571
901.2753104073796,912.4571
951.9148965674708,912.4571
814.1281156202452,912.4571
883.6103384910685,912.4571
1010.7981362885074,912.46594
1505.4173499452143,912.7021
1034.351432176922,913.06433
1034.351432176922,913.1996
999.0214883443001,912.67194
1057.9047280653365,912.46716
941.3159134176843,912.4571
876.544349724544,912.4571
926.0062710902148,912.55023
987.2448404000929,912.73755
1034.351432176922,912.848
1093.2346718979586,912.6435
1093.2346718979586,912.4571
1399.4275184473486,912.4571
1364.0975746147267,912.4571
1352.3209266705192,912.4571
1328.7676307821046,912.4571
1328.7676307821046,912.4571
1316.9909828378975,912.4571
1316.9909828378975,912.4571
1352.3209266705192,912.4571
1128.5646157305805,912.4571
1175.67120750741,912.4571
987.2448404000929,912.4571
929.5392654734771,912.4571
1105.011319842166,912.4571
1293.437686949483,912.4704
1375.874222558934,912.54877
1422.9808143357632,912.67566
1269.8843910610683,912.76666
1258.107743116861,912.68475
1105.011319842166,912.57587
1269.8843910610683,912.4571
1140.3412636747878,912.4571
1140.3412636747878,912.4571
1022.5747842327147,912.4571
1057.9047280653365,912.4571
999.0214883443001,912.4571
1022.5747842327147,912.4571
1046.1280801211292,912.4943
1175.67120750741,912.57574
1163.8945595632024,912.62726
1211.0011513400316,912.5507
1199.2245033958243,912.4571
1222.7777992842389,912.49603
1187.447855451617,912.53827
1175.67120750741,912.545
967.2245388949403,912.4571
1116.7879677863732,912.4571
1093.2346718979586,912.4571
987.2448404000929,912.4571
987.2448404000929,912.4571
987.2448404000929,912.4571
1022.5747842327147,912.4571
1046.1280801211292,912.4571
1140.3412636747878,912.46155
1022.5747842327147,912.4663
1116.7879677863732,912.46716
1293.437686949483,912.49255
1152.117911618995,912.66656
1093.2346718979586,912.835
975.4681924558854,912.78436
1069.681376009544,912.4571
1269.8843910610683,912.4571
1246.3310951726535,912.4571
1234.5544472284462,912.52277
1234.5544472284462,912.5979
999.0214883443001,912.64154
1022.5747842327147,912.52167
1046.1280801211292,912.5275
1140.3412636747878,912.4571
1093.2346718979586,912.4571
1069.681376009544,912.4571
1069.681376009544,912.4571
1069.681376009544,912.4571
999.0214883443001,912.4571
1069.681376009544,912.4678
1175.67120750741,912.51025
961.3362149228366,912.5458
911.8742935571661,912.5275
812.9504508258246,912.4571
803.5291324704589,912.4571
778.7981717876235,912.4571
775.2651774043613,912.4571
1057.9047280653365,912.4571
852.9910538361294,912.4571
865.9453665747576,912.4571
856.5240482193917,912.4571
719.9149320665869,912.4571
661.0316923455505,912.4571
718.7372672721663,912.4571
894.209321640855,912.4571
915.4072879404283,912.4571
847.102729864026,912.4633
755.2448758992089,912.47003
688.1179826172271,912.4889
1163.8945595632024,912.5268
1034.351432176922,912.56555
1116.7879677863732,912.5314
1211.0011513400316,912.458
1022.5747842327147,912.459
1010.7981362885074,912.4591
999.0214883443001,912.4571
987.2448404000929,912.4571
1057.9047280653365,912.4571
1046.1280801211292,912.4571
1046.1280801211292,912.4571
851.8133890417088,912.4571
1116.7879677863732,912.4571
825.9047635644528,912.4571
885.9656680799101,912.4571
969.5798684837819,912.4571
940.1382486232635,912.4571
975.4681924558854,912.4571
954.2702261563126,912.4571
921.2956119125319,912.4571
974.2905276614647,912.4571
1034.351432176922,912.4571
999.0214883443001,912.4571
940.1382486232635,912.4571
792.9301493206722,912.4571
918.9402823236904,912.4571
987.2448404000929,912.4571
942.4935782121053,912.4571
1258.107743116861,912.4571
1269.8843910610683,912.4571
1234.5544472284462,912.4571
1116.7879677863732,912.4571
1175.67120750741,912.4571
1081.4580239537513,912.4571
1128.5646157305805,912.4571
1093.2346718979586,912.4571
1069.681376009544,912.4571
955.4478909507332,912.4571
999.0214883443001,912.4571
1034.351432176922,912.4571
1069.681376009544,912.4571
1105.011319842166,912.5125
1140.3412636747878,912.5751
999.0214883443001,912.5856
1046.1280801211292,912.4571
857.7017130138123,912.4571
808.2397916481418,912.4571
893.0316568464344,912.4571
904.8083047906417,912.4571
1022.5747842327147,912.4571
1046.1280801211292,912.4571
1057.9047280653365,912.6182
891.8539920520138,912.8113
1010.7981362885074,912.85474
916.5849527348489,912.4756
922.4732767069528,912.5109
1352.3209266705192,912.536
1340.5442787263119,912.55176
1340.5442787263119,912.4773
1375.874222558934,912.4571
1458.3107581683853,912.4571
1387.6508705031413,912.4571
1481.8640540568,912.4571
1634.960477331495,912.4571
2023.589859490336,912.5557
2412.2192416491775,912.84283
1705.6203649967385,913.42566
1564.300589666251,913.68634
1564.300589666251,913.3637
1446.534110224178,912.4571
1764.5036047177753,912.4571
1528.9706458336289,912.4571
1599.6305334988729,912.5023
1434.7574622799705,912.7322
1470.0874061125926,912.96173
1340.5442787263119,912.90326
1481.8640540568,912.4973
1458.3107581683853,912.51984
1434.7574622799705,912.5255
1352.3209266705192,912.4571
1387.6508705031413,912.4571
1340.5442787263119,912.4571
1399.4275184473486,912.47925
1528.9706458336289,912.50323
656.3210331678675,912.60974
656.3210331678675,912.94037
671.6306754953371,912.94147
762.3108646657332,912.3581
762.3108646657332,912.36725
778.7981717876235,912.3739
731.6915800107944,912.3795
731.6915800107944,912.38184
717.5596024777453,912.391
717.5596024777453,912.3956
717.5596024777453,912.38385
717.5596024777453,912.3755
717.5596024777453,912.39594
747.0012223382637,912.40576
778.7981717876235,912.4051
778.7981717876235,912.4271
795.2854789095136,912.4405
762.3108646657332,912.4338
762.3108646657332,912.41583
762.3108646657332,912.40985
731.6915800107944,912.4049
731.6915800107944,912.41486
731.6915800107944,912.4334
731.6915800107944,912.4489
731.6915800107944,912.4554
702.249960150276,912.45795
702.249960150276,912.4594
702.249960150276,912.461
731.6915800107944,912.4598
799.9961380871965,912.4636
787.0418253485686,912.457
759.9555350768918,912.39307
747.0012223382637,912.3192
735.2245743940564,912.3555
735.2245743940564,912.4649
735.2245743940564,912.4795
722.2702616554285,912.4594
697.5393009725931,912.4168
685.7626530283858,912.35156
673.9860050841786,912.3353
673.9860050841786,912.307
661.0316923455505,912.34375
673.9860050841786,912.48663
673.9860050841786,912.5627
649.2550444013432,912.5386
649.2550444013432,912.519
624.5240837185078,912.5404
624.5240837185078,912.55536
624.5240837185078,912.59424
649.2550444013432,912.62427
624.5240837185078,912.6491
612.7474357743005,912.6507
602.1484526245138,912.64575
612.7474357743005,912.6581
612.7474357743005,912.65875
590.3718046803065,912.60986
578.5951567360992,912.5605
1281.6610390052756,912.524
1281.6610390052756,912.4274
1258.107743116861,912.253
1187.447855451617,912.1202
1187.447855451617,912.14435
1199.2245033958243,912.0789
1163.8945595632024,912.07556
1128.5646157305805,912.0557
1116.7879677863732,912.0753
1116.7879677863732,912.1248
1093.2346718979586,912.2131
1093.2346718979586,912.2565
1093.2346718979586,912.2956
1081.4580239537513,912.30585
1057.9047280653365,912.2903
1034.351432176922,912.3119
1034.351432176922,912.35706
1093.2346718979586,912.338
1034.351432176922,912.27515
1010.7981362885074,912.2301
999.0214883443001,912.3175
999.0214883443001,912.37317
975.4681924558854,912.37555
964.8692093060989,912.36224
950.7372317730502,912.3552
936.6052542400015,912.3918
936.6052542400015,912.43005
936.6052542400015,912.46075
825.9047635644528,912.4854
812.9504508258246,912.459
799.9961380871965,912.35114
772.9098478155197,912.2188
759.9555350768918,912.21545
747.0012223382637,912.21643
747.0012223382637,912.18365
747.0012223382637,912.1503
722.2702616554285,912.1652
722.2702616554285,912.2136
697.5393009725931,912.2629
685.7626530283858,912.2934
685.7626530283858,912.32654
685.7626530283858,912.347
685.7626530283858,912.36096
673.9860050841786,912.3654
649.2550444013432,912.3788
624.5240837185078,912.38586
624.5240837185078,912.40063
624.5240837185078,912.4157
602.1484526245138,912.44336
602.1484526245138,912.45917
612.7474357743005,912.4827
624.5240837185078,912.4614
624.5240837185078,912.4115
649.2550444013432,912.357
624.5240837185078,912.3748
624.5240837185078,912.4076
677.5189994674406,912.44574
691.6509770004893,912.46045
677.5189994674406,912.3821
663.3870219343919,912.2373
648.0773796069222,912.2636
619.8134245408248,912.32654
605.6814470077761,912.35046
605.6814470077761,912.37146
605.6814470077761,912.3873
619.8134245408248,912.40894
619.8134245408248,912.4317
605.6814470077761,912.43463
605.6814470077761,912.41003
576.2398271472578,912.3802
562.1078496142092,912.38153
562.1078496142092,912.4092
547.9758720811602,912.43945
547.9758720811602,912.50116
535.0215593425322,912.568
547.9758720811602,912.5518
605.6814470077761,912.53455
605.6814470077761,912.55634
547.9758720811602,912.5183
535.0215593425322,912.4614
522.0672466039041,912.41016
509.1129338652761,912.36053
496.1586211266481,912.3941
496.1586211266481,912.4487
496.1586211266481,912.4794
883.6103384910685,912.53955
883.6103384910685,912.52734
891.8539920520138,912.3803
865.9453665747576,912.19916
883.6103384910685,912.248
883.6103384910685,912.3175
883.6103384910685,912.3642
865.9453665747576,912.3582
865.9453665747576,912.3552
832.9707523309771,912.3918
840.0367410975016,912.4258
824.727098770032,912.41406
816.483445209087,912.35913
816.483445209087,912.33484
801.1738028816173,912.4129
785.8641605541478,912.4333
816.483445209087,912.38043
816.483445209087,912.3531
809.4174564425626,912.3311
801.1738028816173,912.33716
809.4174564425626,912.3939
816.483445209087,912.4613
801.1738028816173,912.5005
785.8641605541478,912.4809
865.9453665747576,912.48413
857.7017130138123,912.5072
816.483445209087,912.56476
816.483445209087,912.6292
5100.0,912.6522
5100.0,912.6094
5100.0,912.4354
5100.0,912.235
5100.0,912.228
5100.0,912.21814
5100.0,912.1907
5100.0,912.17584
5100.0,912.2119
5100.0,912.2494
5100.0,912.2629
1281.6610390052756,912.2934
1175.67120750741,912.32654
1116.7879677863732,912.3679
1128.5646157305805,912.4309
1187.447855451617,912.46533
1128.5646157305805,912.4115
1081.4580239537513,912.357
1057.9047280653365,912.3748
1057.9047280653365,912.3938
1034.351432176922,912.3578
1034.351432176922,912.3211
1022.5747842327147,912.35736
987.2448404000929,912.46686
950.7372317730502,912.4558
911.8742935571661,912.40265
901.2753104073796,912.35626
894.209321640855,912.3595
1211.0011513400316,912.38214
1246.3310951726535,912.4075
1281.6610390052756,912.39514
1258.107743116861,912.2939
1258.107743116861,912.3132
1258.107743116861,912.32794
1246.3310951726535,912.3504
1234.5544472284462,912.3642
1234.5544472284462,912.33624
1234.5544472284462,912.28235
1246.3310951726535,912.2059
1211.0011513400316,912.194
1211.0011513400316,912.1674
1211.0011513400316,912.206
1211.0011513400316,912.2857
1211.0011513400316,912.38586
1211.0011513400316,912.39716
1234.5544472284462,912.40894
1234.5544472284462,912.4303
1199.2245033958243,912.4452
1175.67120750741,912.4611
1140.3412636747878,912.4827
1128.5646157305805,912.47516
1128.5646157305805,912.4448
1105.011319842166,912.3931
1093.2346718979586,912.37085
1093.2346718979586,912.4076
1093.2346718979586,912.44574
935.4275894455806,912.5141
935.4275894455806,912.5538
953.0925613618916,912.5048
935.4275894455806,912.4416
917.7626175292696,912.4401
953.0925613618916,912.44226
970.7575332782025,912.4512
987.2448404000929,912.4606
970.7575332782025,912.4502
953.0925613618916,912.4519
953.0925613618916,912.47205
935.4275894455806,912.47754
935.4275894455806,912.43195
900.0976456129588,912.38074
917.7626175292696,912.3748
900.0976456129588,912.3938
900.0976456129588,912.39246
883.6103384910685,912.407
883.6103384910685,912.44354
848.2803946584468,912.40375
848.2803946584468,912.34186
865.9453665747576,912.3119
900.0976456129588,912.33905
900.0976456129588,912.31647
935.4275894455806,912.3178
917.7626175292696,912.3931
865.9453665747576,912.4522
848.2803946584468,912.44604
865.9453665747576,912.4572
645.7220500180808,912.3969
645.7220500180808,912.3534
622.1687541296662,912.35126
610.392106185459,912.31445
597.4377934468308,912.24884
597.4377934468308,912.246
585.6611455026236,912.2735
537.3768889313736,912.29156
525.6002409871663,912.31165
515.0012578373797,912.3201
515.0012578373797,912.35187
504.4022746875932,912.40265
482.0266435935994,912.439
471.42766044381284,912.4683
471.42766044381284,912.4873
460.82867729402614,912.47284
450.2296941442396,912.39606
450.2296941442396,912.2872
460.82867729402614,912.23846
537.3768889313736,912.2558
537.3768889313736,912.2809
504.4022746875932,912.3367
493.8032915378067,912.36884
482.0266435935994,912.3572
471.42766044381284,912.35596
482.0266435935994,912.4016
471.42766044381284,912.45404
482.0266435935994,912.4931
877.7220145189648,912.56586
858.8793778082331,912.63745
840.0367410975016,912.5932
801.1738028816173,912.5192
877.7220145189648,912.4753
840.0367410975016,912.4877
820.016439592349,912.4522
801.1738028816173,912.3766
782.3311661708855,912.33
782.3311661708855,912.3499
763.4885294601538,912.3634
763.4885294601538,912.3755
725.8032560386906,912.4397
709.3159489168004,912.47504
691.6509770004893,912.45825
675.1636698785992,912.371
657.4986979622881,912.30133
657.4986979622881,912.3597
675.1636698785992,912.37805
675.1636698785992,912.36273
657.4986979622881,912.2962
657.4986979622881,912.2156
657.4986979622881,912.289
675.1636698785992,912.3059
675.1636698785992,912.313
657.4986979622881,912.30176
709.3159489168004,912.2831
725.8032560386906,912.3024
877.7220145189648,912.3086
858.8793778082331,912.3222
840.0367410975016,912.3585
801.1738028816173,912.3808
877.7220145189648,912.3048
840.0367410975016,912.2202
820.016439592349,912.2296
801.1738028816173,912.2994
782.3311661708855,912.40894
782.3311661708855,912.4325
763.4885294601538,912.4549
763.4885294601538,912.5414
725.8032560386906,912.5639
709.3159489168004,912.49054
691.6509770004893,912.4689
675.1636698785992,912.45404
657.4986979622881,912.4718
657.4986979622881,912.5034
675.1636698785992,912.53186
675.1636698785992,912.4944
657.4986979622881,912.43024
657.4986979622881,912.4914
657.4986979622881,912.6261
675.1636698785992,912.7023
675.1636698785992,912.7355
657.4986979622881,912.7074
709.3159489168004,912.60815
858.8793778082331,912.5274
1187.447855451617,912.36255
1211.0011513400316,912.1758
1163.8945595632024,912.2454
1140.3412636747878,912.3101
1093.2346718979586,912.3425
1140.3412636747878,912.2268
1116.7879677863732,912.25134
1281.6610390052756,912.3472
1305.2143348936902,912.32367
1211.0011513400316,912.26373
1046.1280801211292,912.2505
1093.2346718979586,912.287
1046.1280801211292,912.34644
999.0214883443001,912.36224
1046.1280801211292,912.36053
1022.5747842327147,912.4107
999.0214883443001,912.39923
999.0214883443001,912.36835
951.9148965674708,912.35645
928.3616006790562,912.3238
904.8083047906417,912.36066
904.8083047906417,912.3808
904.8083047906417,912.33264
881.2550089022271,912.2899
881.2550089022271,912.28424
857.7017130138123,912.289
857.7017130138123,912.2258
857.7017130138123,912.2847
904.8083047906417,912.4601
787.0418253485686,912.51
763.4885294601538,912.45105
739.9352335717393,912.4247
722.2702616554285,912.4092
722.2702616554285,912.43854
722.2702616554285,912.4054
704.6052897391174,912.43256
686.9403178228064,912.54865
669.2753459064954,912.6593
810.5951212369832,912.5711
904.8083047906417,912.42224
763.4885294601538,912.4846
722.2702616554285,912.55505
763.4885294601538,912.51636
834.1484171253978,912.55035
834.1484171253978,912.61456
787.0418253485686,912.65704
787.0418253485686,912.6408
704.6052897391174,912.52057
686.9403178228064,912.465
669.2753459064954,912.38
651.6103739901846,912.33215
616.2804301575625,912.26215
598.6154582412518,912.22894
580.9504863249407,912.25244
598.6154582412518,912.29663
633.9454020738735,912.32
633.9454020738735,912.338
877.7220145189648,912.3444
840.0367410975016,912.3332
820.016439592349,912.2674
801.1738028816173,912.23615
782.3311661708855,912.2241
782.3311661708855,912.3006
744.6458927494225,912.27167
725.8032560386906,912.29767
820.016439592349,912.3745
1128.5646157305805,912.422
1105.011319842166,912.36285
999.0214883443001,912.26154
915.4072879404283,912.3445
801.1738028816173,912.36865
763.4885294601538,912.29614
763.4885294601538,912.29504
744.6458927494225,912.37006
725.8032560386906,912.3474
709.3159489168004,912.3706
691.6509770004893,912.3788
675.1636698785992,912.38794
675.1636698785992,912.4553
801.1738028816173,912.5559
725.8032560386906,912.4994
725.8032560386906,912.38684
691.6509770004893,912.36847
657.4986979622881,912.45135
641.0113908403979,912.44794
763.4885294601538,912.4578
763.4885294601538,912.4165
763.4885294601538,912.39746
739.9352335717393,912.3921
722.2702616554285,912.3622
739.9352335717393,912.37866
739.9352335717393,912.32697
722.2702616554285,912.30396
704.6052897391174,912.35205
739.9352335717393,912.4599
739.9352335717393,912.4882
739.9352335717393,912.3828
739.9352335717393,912.3162
722.2702616554285,912.33417
722.2702616554285,912.374
787.0418253485686,912.43915
881.2550089022271,912.421
787.0418253485686,912.3314
763.4885294601538,912.28973
722.2702616554285,912.3176
704.6052897391174,912.27295
669.2753459064954,912.1967
722.2702616554285,912.20386
928.3616006790562,912.235
928.3616006790562,912.23645
763.4885294601538,912.1961
686.9403178228064,912.1955
704.6052897391174,912.30743
897.7423160241174,912.35596
870.6560257524404,912.31177
870.6560257524404,912.32654
844.7474002751844,912.3951
818.8387747979284,912.417
801.1738028816173,912.4339
776.442842198782,912.49536
758.777870282471,912.4772
758.777870282471,912.4331
1081.4580239537513,912.3759
1552.5239417220437,912.2345
2082.4730992113723,912.1354
1540.7472937778361,912.16125
1293.437686949483,912.1835
1163.8945595632024,912.2551
1128.5646157305805,912.3642
1069.681376009544,912.39484
1010.7981362885074,912.3619
961.3362149228366,912.3462
970.7575332782025,912.44196
953.0925613618916,912.43695
916.5849527348489,912.3349
880.0773441078063,912.23694
870.6560257524404,912.274
844.7474002751844,912.3362
1069.681376009544,912.3987
1069.681376009544,912.4154
1552.5239417220437,912.3643
1222.7777992842389,912.33203
852.9910538361294,912.2896
836.5037467142392,912.3489
827.0824283588734,912.356
818.8387747979284,912.3581
844.7474002751844,912.36725
818.8387747979284,912.3739
801.1738028816173,912.3795
784.6864957597272,912.38184
776.442842198782,912.391
758.777870282471,912.3956
750.534216721526,912.38385
732.869244805215,912.3755
716.3819376833247,912.39594
699.8946305614346,912.4005
699.8946305614346,912.3933
699.8946305614346,912.4156
666.9200163176539,912.44464
651.6103739901846,912.4338
620.9910893352456,912.41583
605.6814470077761,912.40985
605.6814470077761,912.4049
612.7474357743005,912.41486
612.7474357743005,912.4334
651.6103739901846,912.4489
636.3007316627151,912.4545
643.3667204292394,912.44165
658.676362756709,912.38794
651.6103739901846,912.32086
1081.4580239537513,912.29614
1069.681376009544,912.3409
1105.011319842166,912.37506
1116.7879677863732,912.41895
1093.2346718979586,912.3731
1057.9047280653365,912.3001
1046.1280801211292,912.2832
1046.1280801211292,912.2593
1034.351432176922,912.2757
1010.7981362885074,912.3006
999.0214883443001,912.3207
999.0214883443001,912.3279
999.0214883443001,912.31744
999.0214883443001,912.2932
987.2448404000929,912.279
961.3362149228366,912.284
944.8489078009467,912.30286
928.3616006790562,912.3193
936.6052542400015,912.3274
999.0214883443001,912.33563
953.0925613618916,912.3409
928.3616006790562,912.354
911.8742935571661,912.3692
888.3209976687515,912.3839
987.2448404000929,912.39996
1046.1280801211292,912.4261
944.8489078009467,912.47516
987.2448404000929,912.5073
1010.7981362885074,912.5139
999.0214883443001,912.4936
999.0214883443001,912.42993
987.2448404000929,912.3708
1081.4580239537513,912.4218
961.3362149228366,912.4663
943.6712430065259,912.45
934.24992465116,912.46436
926.0062710902148,912.5411
926.0062710902148,912.61865
907.1636343794831,912.5505
907.1636343794831,912.42975
889.4986624631721,912.4367
880.0773441078063,912.5704
870.6560257524404,912.6319
852.9910538361294,912.67554
862.4123721914955,912.7039
852.9910538361294,912.7281
836.5037467142392,912.7187
818.8387747979284,912.70557
827.0824283588734,912.6816
818.8387747979284,912.6603
801.1738028816173,912.62744
836.5037467142392,912.619
827.0824283588734,912.6414
818.8387747979284,912.6553
810.5951212369832,912.4896
801.1738028816173,912.4117
889.4986624631721,912.40875
922.4732767069528,912.3747
914.2296231460075,912.3049
889.4986624631721,912.1909
873.011355341282,912.19116
914.2296231460075,912.25085
940.1382486232635,912.2946
964.8692093060989,912.232
930.7169302678977,912.16425
897.7423160241174,912.24207
873.011355341282,912.2709
889.4986624631721,912.3057
964.8692093060989,912.34125
930.7169302678977,912.34265
881.2550089022271,912.29083
856.5240482193917,912.3032
841.2144058919222,912.35974
825.9047635644528,912.41705
802.351467676038,912.409
794.107814115093,912.28876
778.7981717876235,912.1955
763.4885294601538,912.1828
763.4885294601538,912.20386
731.6915800107944,912.2433
716.3819376833247,912.29913
716.3819376833247,912.3641
701.0722953558552,912.4087
701.0722953558552,912.3883
716.3819376833247,912.3186
967.2245388949403,912.273
944.8489078009467,912.3615
922.4732767069528,912.5055
873.011355341282,912.68304
856.5240482193917,912.5932
851.8133890417088,912.51807
830.6154227421357,912.44
830.6154227421357,912.36237
825.9047635644528,912.40765
835.3260819198186,912.49475
851.8133890417088,912.55743
889.4986624631721,912.51117
862.4123721914955,912.47156
841.2144058919222,912.4728
825.9047635644528,912.47375
825.9047635644528,912.5033
815.3057804146662,912.54877
799.9961380871965,912.55554
778.7981717876235,912.56323
778.7981717876235,912.5222
763.4885294601538,912.4781
820.016439592349,912.471
809.4174564425626,912.42065
794.107814115093,912.3552
804.7067972648795,912.3634
841.2144058919222,912.4769
841.2144058919222,912.38513
825.9047635644528,912.3583
857.7017130138123,912.351
820.016439592349,912.3985
922.4732767069528,912.4098
752.182947433715,912.39404
815.3057804146662,912.45605
812.9504508258246,912.51666
1093.2346718979586,912.5087
1105.011319842166,912.49646
1010.7981362885074,912.45197
987.2448404000929,912.421
967.2245388949403,912.4218
1022.5747842327147,912.43896
5100.0,912.4663
5100.0,912.42004
5100.0,912.32025
5100.0,912.3577
5100.0,912.4509
5100.0,912.5052
5100.0,912.48724
5100.0,912.452
5100.0,912.4471
5100.0,912.4736
5100.0,912.48
5100.0,912.464
5100.0,912.4801
5100.0,912.4779
5100.0,912.381
5100.0,912.31934
5100.0,912.3129
5100.0,912.3243
5100.0,912.25616
5100.0,912.1834
5100.0,912.2686
5100.0,912.3581
5100.0,912.42505
5100.0,912.4638
5100.0,912.4977
5100.0,912.439
5100.0,912.3409
5100.0,912.37897
946.0265725953673,912.3634
954.2702261563126,912.31934
958.9808853339952,912.288
885.9656680799101,912.27545
871.8336905468614,912.3484
814.1281156202452,912.3982
987.2448404000929,912.4029
1211.0011513400316,912.41077
1340.5442787263119,912.4172
1128.5646157305805,912.3766
1022.5747842327147,912.3325
1010.7981362885074,912.328
884.7880032854891,912.4196
774.0875126099405,912.4336
999.0214883443001,912.4165
1069.681376009544,912.43286
1234.5544472284462,912.4559
1211.0011513400316,912.47327
1234.5544472284462,912.44556
1305.2143348936902,912.33026
1211.0011513400316,912.3253
1199.2245033958243,912.35614
1140.3412636747878,912.3528
1152.117911618995,912.2534
1081.4580239537513,912.1983
1128.5646157305805,912.2973
1128.5646157305805,912.42615
1046.1280801211292,912.41077
1081.4580239537513,912.4881
1046.1280801211292,912.49164
987.2448404000929,912.4929
1152.117911618995,912.46155
1116.7879677863732,912.37494
942.4935782121053,912.38617
1034.351432176922,912.45404
1022.5747842327147,912.52576
1069.681376009544,912.4522
799.9961380871965,912.38947
1057.9047280653365,912.3748
1128.5646157305805,912.461
1105.011319842166,912.5327
987.2448404000929,912.6098
1128.5646157305805,912.746
1222.7777992842389,912.7592
1046.1280801211292,912.7182
1234.5544472284462,912.6493
1222.7777992842389,912.56726
1105.011319842166,912.37366
1069.681376009544,912.21857
1034.351432176922,912.2536
969.5798684837819,912.28986
1281.6610390052756,912.286
1246.3310951726535,912.2399
1163.8945595632024,912.2382
1199.2245033958243,912.20245
999.0214883443001,912.2286
1081.4580239537513,912.30115
908.3412991739037,912.4769
881.2550089022271,912.52686
961.3362149228366,912.45703
1057.9047280653365,912.5019
1152.117911618995,912.4614
1258.107743116861,912.395
987.2448404000929,912.31476
1140.3412636747878,912.3646
1105.011319842166,912.3838
1022.5747842327147,912.4302
974.2905276614647,912.4985
1022.5747842327147,912.47394
1069.681376009544,912.44415
1034.351432176922,912.4435
1022.5747842327147,912.5405
1010.7981362885074,912.5632
1069.681376009544,912.5656
1034.351432176922,912.5995
1093.2346718979586,912.6508
1069.681376009544,912.6588
960.158550128416,912.5907
975.4681924558854,912.5431
975.4681924558854,912.61444
975.4681924558854,912.6686
921.2956119125319,912.68976
1140.3412636747878,912.5964
1222.7777992842389,912.48737
1081.4580239537513,912.4559
1057.9047280653365,912.51965
930.7169302678977,912.5852
947.2042373897879,912.53357
1163.8945595632024,912.5042
1081.4580239537513,912.4979
1105.011319842166,912.4613
1069.681376009544,912.45013
1105.011319842166,912.58325
1057.9047280653365,912.65704
1057.9047280653365,912.6308
1069.681376009544,912.6333
999.0214883443001,912.70966
1105.011319842166,912.7242
1081.4580239537513,912.6881
1069.681376009544,912.7459
882.4326736966477,912.81256
854.1687186305503,912.80743
1034.351432176922,912.7349
936.6052542400015,912.62317
971.9351980726233,912.5666
1010.7981362885074,912.5713
1211.0011513400316,912.44965
858.8793778082331,912.33105
937.7829190344221,912.2931
1046.1280801211292,912.2634
926.0062710902148,912.2504
858.8793778082331,912.284
796.4631437039345,912.3794
851.8133890417088,912.3988
2683.0821443659456,912.2964
2212.016226597653,912.1811
1682.067069108324,912.2751
1305.2143348936902,912.2621
931.8945950623186,912.22894
1034.351432176922,912.15845
1140.3412636747878,912.0993
1022.5747842327147,912.1633
1022.5747842327147,912.2705
1081.4580239537513,912.42017
950.7372317730502,912.52
898.919980818538,912.51886
1010.7981362885074,912.46576
954.2702261563126,912.41425
957.8032205395746,912.30664
1316.9909828378975,912.2446
1293.437686949483,912.2529
1187.447855451617,912.19196
1069.681376009544,912.1242
974.2905276614647,912.24927
1258.107743116861,912.26013
1057.9047280653365,912.31665
1034.351432176922,912.3447
1010.7981362885074,912.3949
1010.7981362885074,912.4372
1046.1280801211292,912.4387
941.3159134176843,912.40875
914.2296231460075,912.37494
961.3362149228366,912.3985
941.3159134176843,912.41016
975.4681924558854,912.38257
999.0214883443001,912.36456
1116.7879677863732,912.4086
1222.7777992842389,912.4273
1069.681376009544,912.4472
1057.9047280653365,912.23737
1046.1280801211292,912.2116
966.0468741005197,912.3086
999.0214883443001,912.502
999.0214883443001,912.51605
987.2448404000929,912.44403
1034.351432176922,912.4272
999.0214883443001,912.40717
975.4681924558854,912.4223
870.6560257524404,912.52924
797.6408084983553,912.6662
685.7626530283858,912.6594
767.0215238434162,912.55475
821.1941043867699,912.5626
825.9047635644528,912.51965
737.5799039828978,912.50024
615.1027653631419,912.5683
738.7575687773187,912.5575
757.6002054880504,912.5852
755.2448758992089,912.6162
844.7474002751844,912.6644
699.8946305614346,912.67706
755.2448758992089,912.64044
763.4885294601538,912.6437
646.8997148125017,912.6938
756.4225406936298,912.74817
755.2448758992089,912.7256
724.62559124427,912.6822
755.2448758992089,912.6119
691.6509770004893,912.617
704.6052897391174,912.5924
648.0773796069222,912.56573
673.9860050841786,912.5267
669.2753459064954,912.52673
669.2753459064954,912.4975
682.2296586451235,912.4851
509.1129338652761,912.471
808.2397916481418,912.46625
815.3057804146662,912.43665
1010.7981362885074,912.38684
962.5138797172575,912.3648
865.9453665747576,912.34015
953.0925613618916,912.345
937.7829190344221,912.36456
817.6611100035076,912.4348
927.1839358846356,912.51294
941.3159134176843,912.50757
1352.3209266705192,912.4124
1340.5442787263119,912.28076
1152.117911618995,912.2609
1081.4580239537513,912.3249
1010.7981362885074,912.33044
1010.7981362885074,912.3109
934.24992465116,912.4613
999.0214883443001,912.44226
942.4935782121053,912.433
938.9605838288429,912.4302
987.2448404000929,912.45605
943.6712430065259,912.5216
877.7220145189648,912.5498
915.4072879404283,912.61847
854.1687186305503,912.61523
844.7474002751844,912.46674
836.5037467142392,912.35547
705.782954533538,912.48785
1105.011319842166,912.5291
1022.5747842327147,912.51166
1199.2245033958243,912.47864
1116.7879677863732,912.4791
1034.351432176922,912.5847
943.6712430065259,912.6255
1093.2346718979586,912.64575
949.5595669786294,912.6359
1057.9047280653365,912.65955
1046.1280801211292,912.66864
1057.9047280653365,912.6411
1069.681376009544,912.6186
831.7930875365563,912.6176
1057.9047280653365,912.62744
1081.4580239537513,912.6086
831.7930875365563,912.5504
1316.9909828378975,912.45807
1258.107743116861,912.3369
1187.447855451617,912.2047
1081.4580239537513,912.1993
1034.351432176922,912.26276
973.1128628670439,912.30237
1081.4580239537513,912.37744
1093.2346718979586,912.3967
1034.351432176922,912.4119
1081.4580239537513,912.4515
975.4681924558854,912.43384
1046.1280801211292,912.3459
785.8641605541478,912.27454
802.351467676038,912.3023
854.1687186305503,912.3318
870.6560257524404,912.34485
889.4986624631721,912.338
776.442842198782,912.3769
820.016439592349,912.3902
1093.2346718979586,912.4648
968.4022036893613,912.53253
1234.5544472284462,912.54974
987.2448404000929,912.4559
936.6052542400015,912.3267
825.9047635644528,912.2979
864.7677017803367,912.292
890.6763272575929,912.27344
930.7169302678977,912.31213
960.158550128416,912.34644
960.158550128416,912.3779
948.3819021842088,912.3661
888.3209976687515,912.36224
814.1281156202452,912.4028
791.7524845262516,912.46844
905.9859695850623,912.50665
836.5037467142392,912.4709
860.0570426026541,912.4526
836.5037467142392,912.5507
825.9047635644528,912.6012
831.7930875365563,912.5852
798.8184732927759,912.61426
820.016439592349,912.6513
849.4580594528674,912.5275
808.2397916481418,912.40045
785.8641605541478,912.346
808.2397916481418,912.31445
1105.011319842166,912.3382
1387.6508705031413,912.33997
1222.7777992842389,912.3214
929.5392654734771,912.2971
900.0976456129588,912.31195
987.2448404000929,912.32056
877.7220145189648,912.2881
927.1839358846356,912.3526
901.2753104073796,912.45935
951.9148965674708,912.46295
814.1281156202452,912.4141
883.6103384910685,912.4348
1010.7981362885074,912.3937
1505.4173499452143,912.2163
1034.351432176922,912.153
1034.351432176922,912.1688
999.0214883443001,912.2433
1057.9047280653365,912.27545
941.3159134176843,912.37366
876.544349724544,912.4365
926.0062710902148,912.4244
987.2448404000929,912.3822
1034.351432176922,912.4311
1093.2346718979586,912.5831
1093.2346718979586,912.61035
1399.4275184473486,912.5412
1364.0975746147267,912.4861
1352.3209266705192,912.54266
1328.7676307821046,912.5763
1328.7676307821046,912.5548
1316.9909828378975,912.4821
1316.9909828378975,912.4416
1352.3209266705192,912.45447
1128.5646157305805,912.4238
1175.67120750741,912.42896
987.2448404000929,912.43866
929.5392654734771,912.39594
1105.011319842166,912.3489
1293.437686949483,912.4092
1375.874222558934,912.458
1422.9808143357632,912.41644
1269.8843910610683,912.3056
1258.107743116861,912.21655
1105.011319842166,912.30597
1269.8843910610683,912.40356
1140.3412636747878,912.4749
1140.3412636747878,912.4946
1022.5747842327147,912.39246
1057.9047280653365,912.3633
999.0214883443001,912.5573
1022.5747842327147,912.5785
1046.1280801211292,912.4795
1175.67120750741,912.36566
1163.8945595632024,912.3488
1211.0011513400316,912.40063
1199.2245033958243,912.4012
1222.7777992842389,912.3631
1187.447855451617,912.3683
1175.67120750741,912.4973
967.2245388949403,912.5071
1116.7879677863732,912.4632
1093.2346718979586,912.37305
987.2448404000929,912.35223
987.2448404000929,912.42584
987.2448404000929,912.4008
1022.5747842327147,912.4078
1046.1280801211292,912.4633
1140.3412636747878,912.4979
1022.5747842327147,912.50946
1116.7879677863732,912.5344
1293.437686949483,912.48737
1152.117911618995,912.3995
1093.2346718979586,912.3797
975.4681924558854,912.50146
1069.681376009544,912.6181
1269.8843910610683,912.7174
1246.3310951726535,912.768
1234.5544472284462,912.75037
1234.5544472284462,912.6765
999.0214883443001,912.5518
1022.5747842327147,912.4599
1046.1280801211292,912.41284
1140.3412636747878,912.37366
1093.2346718979586,912.4003
1069.681376009544,912.477
1069.681376009544,912.5892
1069.681376009544,912.67346
999.0214883443001,912.68463
1069.681376009544,912.5645
1175.67120750741,912.45465
961.3362149228366,912.3964
911.8742935571661,912.4164
812.9504508258246,912.43054
803.5291324704589,912.4356
778.7981717876235,912.4659
775.2651774043613,912.5043
1057.9047280653365,912.53424
852.9910538361294,912.58905
865.9453665747576,912.63806
856.5240482193917,912.696
719.9149320665869,912.705
661.0316923455505,912.6464
718.7372672721663,912.61847
894.209321640855,912.6637
915.4072879404283,912.60547
847.102729864026,912.55396
755.2448758992089,912.5663
688.1179826172271,912.53485
1163.8945595632024,912.46735
1034.351432176922,912.45496
1116.7879677863732,912.43256
1211.0011513400316,912.40686
1022.5747842327147,912.44727
1010.7981362885074,912.5226
999.0214883443001,912.6321
987.2448404000929,912.5972
1057.9047280653365,912.5262
1046.1280801211292,912.51196
1046.1280801211292,912.5542
851.8133890417088,912.5278
1116.7879677863732,912.51575
825.9047635644528,912.51855
885.9656680799101,912.5135
969.5798684837819,912.53656
940.1382486232635,912.5979
975.4681924558854,912.6218
954.2702261563126,912.5514
921.2956119125319,912.5471
974.2905276614647,912.53955
1034.351432176922,912.5491
999.0214883443001,912.49164
940.1382486232635,912.48724
792.9301493206722,912.4792
918.9402823236904,912.5076
987.2448404000929,912.5368
942.4935782121053,912.5294
1258.107743116861,912.4634
1269.8843910610683,912.4072
1234.5544472284462,912.3921
1116.7879677863732,912.35565
1175.67120750741,912.36597
1081.4580239537513,912.3762
1128.5646157305805,912.3864
1093.2346718979586,912.39185
1069.681376009544,912.3985
955.4478909507332,912.39923
999.0214883443001,912.3843
1034.351432176922,912.3736
1069.681376009544,912.3941
1105.011319842166,912.4095
1140.3412636747878,912.41516
999.0214883443001,912.4361
1046.1280801211292,912.4466
857.7017130138123,912.43463
808.2397916481418,912.41595
893.0316568464344,912.40967
904.8083047906417,912.407
1022.5747842327147,912.41644
1046.1280801211292,912.43024
1057.9047280653365,912.44403
891.8539920520138,912.44934
1010.7981362885074,912.4555
916.5849527348489,912.4562
922.4732767069528,912.45404
1352.3209266705192,912.44934
1340.5442787263119,912.4127
1340.5442787263119,911.64465
1375.874222558934,910.4997
1458.3107581683853,910.0927
1387.6508705031413,912.4382
1481.8640540568,912.49677
1634.960477331495,912.5156
2023.589859490336,912.4393
2412.2192416491775,912.336
1705.6203649967385,912.24225
1564.300589666251,912.1496
1564.300589666251,912.1128
1446.534110224178,912.2803
1764.5036047177753,912.44574
1528.9706458336289,912.4999
1599.6305334988729,912.45544
1434.7574622799705,912.30615
1470.0874061125926,912.25494
1340.5442787263119,912.25916
1481.8640540568,912.3337
1458.3107581683853,912.3264
1434.7574622799705,912.34125
1352.3209266705192,912.4165
1387.6508705031413,912.44275
1340.5442787263119,912.4499
1399.4275184473486,912.4022
1528.9706458336289,912.2899
656.3210331678675,912.1369
656.3210331678675,913.6002
671.6306754953371,915.93115
762.3108646657332,918.19366
762.3108646657332,918.18207
778.7981717876235,918.16504
731.6915800107944,918.1738
731.6915800107944,918.1943
717.5596024777453,918.2173
717.5596024777453,918.2321
717.5596024777453,918.2285
717.5596024777453,918.21234
717.5596024777453,918.19525
747.0012223382637,918.1908
778.7981717876235,918.1994
778.7981717876235,918.20825
795.2854789095136,918.2237
762.3108646657332,918.23517
762.3108646657332,918.2391
762.3108646657332,918.2332
731.6915800107944,918.23157
731.6915800107944,918.2231
731.6915800107944,918.22876
731.6915800107944,918.2462
731.6915800107944,918.2496
702.249960150276,918.2563
702.249960150276,918.2688
702.249960150276,918.2851
731.6915800107944,918.2961
799.9961380871965,918.29553
787.0418253485686,918.28094
759.9555350768918,918.25214
747.0012223382637,918.21515
735.2245743940564,918.2141
735.2245743940564,918.1834
735.2245743940564,918.2
722.2702616554285,918.211
697.5393009725931,918.2312
685.7626530283858,918.1739
673.9860050841786,918.0724
673.9860050841786,918.06354
661.0316923455505,918.0785
673.9860050841786,918.15955
673.9860050841786,918.2279
649.2550444013432,918.25024
649.2550444013432,918.23694
624.5240837185078,918.2076
624.5240837185078,918.2309
624.5240837185078,918.25616
649.2550444013432,918.3076
624.5240837185078,918.32837
612.7474357743005,918.3051
602.1484526245138,918.29614
612.7474357743005,918.3354
612.7474357743005,918.35175
590.3718046803065,918.3327
578.5951567360992,918.3262
1281.6610390052756,918.32635
1281.6610390052756,918.31683
1258.107743116861,918.2306
1187.447855451617,918.1126
1187.447855451617,918.0801
1199.2245033958243,918.04956
1163.8945595632024,918.0097
1128.5646157305805,917.9943
1116.7879677863732,917.96423
1116.7879677863732,917.9913
1093.2346718979586,918.0064
1093.2346718979586,918.0295
1093.2346718979586,918.0269
1081.4580239537513,918.0627
1057.9047280653365,918.07416
1034.351432176922,918.08527
1034.351432176922,918.10944
1093.2346718979586,918.1658
1034.351432176922,918.21204
1010.7981362885074,918.2443
999.0214883443001,918.2298
999.0214883443001,918.1447
975.4681924558854,918.1509
964.8692093060989,918.1481
950.7372317730502,918.1461
936.6052542400015,918.15063
936.6052542400015,918.16113
936.6052542400015,918.1792
825.9047635644528,918.19104
812.9504508258246,918.16016
799.9961380871965,918.0247
772.9098478155197,917.89124
759.9555350768918,917.86743
747.0012223382637,917.8395
747.0012223382637,917.81104
747.0012223382637,917.7764
722.2702616554285,917.76776
722.2702616554285,917.8032
697.5393009725931,917.88116
685.7626530283858,917.9366
685.7626530283858,917.9969
685.7626530283858,918.0309
685.7626530283858,918.04156
673.9860050841786,918.0337
649.2550444013432,918.0329
624.5240837185078,918.0431
624.5240837185078,918.0578
624.5240837185078,918.0674
602.1484526245138,918.0717
602.1484526245138,918.0751
612.7474357743005,918.08044
624.5240837185078,918.0875
624.5240837185078,918.0848
649.2550444013432,918.09247
624.5240837185078,918.13214
624.5240837185078,918.1732
677.5189994674406,918.2108
691.6509770004893,918.2068
677.5189994674406,918.1436
663.3870219343919,918.0062
648.0773796069222,917.9545
619.8134245408248,917.9524
605.6814470077761,918.0309
605.6814470077761,918.0448
605.6814470077761,918.0463
619.8134245408248,918.0575
619.8134245408248,918.0693
605.6814470077761,918.0806
605.6814470077761,918.07196
576.2398271472578,918.0414
562.1078496142092,918.001
562.1078496142092,918.001
547.9758720811602,918.0354
547.9758720811602,918.09863
535.0215593425322,918.1497
547.9758720811602,918.13214
605.6814470077761,918.1716
605.6814470077761,918.18414
547.9758720811602,918.1567
535.0215593425322,918.11334
522.0672466039041,918.0887
509.1129338652761,918.09656
496.1586211266481,918.13214
496.1586211266481,918.1732
496.1586211266481,918.2108
883.6103384910685,918.23206
883.6103384910685,918.1978
891.8539920520138,918.0617
865.9453665747576,917.99176
883.6103384910685,918.0704
883.6103384910685,918.1794
883.6103384910685,918.1447
865.9453665747576,918.1501
865.9453665747576,918.1461
832.9707523309771,918.15063
840.0367410975016,918.16113
824.727098770032,918.1849
816.483445209087,918.1842
816.483445209087,918.18365
801.1738028816173,918.15985
785.8641605541478,918.195
816.483445209087,918.13934
816.483445209087,918.12244
809.4174564425626,918.1615
801.1738028816173,918.19226
809.4174564425626,918.18414
816.483445209087,918.1567
801.1738028816173,918.13293
785.8641605541478,918.15137
865.9453665747576,918.1939
857.7017130138123,918.2124
816.483445209087,918.2676
816.483445209087,918.34546
5100.0,918.39276
5100.0,918.31647
5100.0,918.11743
5100.0,917.8995
5100.0,917.8976
5100.0,917.8931
5100.0,917.8802
5100.0,917.88116
5100.0,917.90125
5100.0,917.9135
5100.0,917.9346
1281.6610390052756,917.96686
1175.67120750741,917.9969
1116.7879677863732,918.03253
1128.5646157305805,918.052
1187.447855451617,918.0614
1128.5646157305805,918.07654
1081.4580239537513,918.09656
1057.9047280653365,918.13214
1057.9047280653365,918.1984
1034.351432176922,918.2681
1034.351432176922,918.284
1022.5747842327147,918.2124
987.2448404000929,918.1795
950.7372317730502,918.1958
911.8742935571661,918.17267
901.2753104073796,918.1413
894.209321640855,918.0786
1211.0011513400316,918.07446
1246.3310951726535,918.05536
1281.6610390052756,918.00586
1258.107743116861,917.9662
1258.107743116861,917.9366
1258.107743116861,917.9969
1246.3310951726535,918.0309
1234.5544472284462,918.04156
1234.5544472284462,918.0123
1234.5544472284462,917.9661
1246.3310951726535,917.9247
1211.0011513400316,917.9091
1211.0011513400316,917.85
1211.0011513400316,917.81757
1211.0011513400316,917.86993
1211.0011513400316,917.9704
1211.0011513400316,918.0578
1234.5544472284462,918.0658
1234.5544472284462,918.0694
1199.2245033958243,918.0733
1175.67120750741,918.0806
1140.3412636747878,918.0883
1128.5646157305805,918.0915
1128.5646157305805,918.0848
1105.011319842166,918.09247
1093.2346718979586,918.13214
1093.2346718979586,918.1732
1093.2346718979586,918.2108
935.4275894455806,918.23206
935.4275894455806,918.2239
953.0925613618916,918.1645
935.4275894455806,918.1383
917.7626175292696,918.13806
953.0925613618916,918.14496
970.7575332782025,918.14606
987.2448404000929,918.13794
970.7575332782025,918.13293
953.0925613618916,918.13513
953.0925613618916,918.1349
935.4275894455806,918.107
935.4275894455806,918.1454
900.0976456129588,918.18414
917.7626175292696,918.173
900.0976456129588,918.17804
900.0976456129588,918.2012
883.6103384910685,918.19775
883.6103384910685,918.18115
848.2803946584468,918.1687
848.2803946584468,918.1075
865.9453665747576,918.07294
900.0976456129588,918.0723
900.0976456129588,918.02673
935.4275894455806,917.9871
917.7626175292696,918.0001
865.9453665747576,918.0648
848.2803946584468,918.1328
865.9453665747576,918.1932
645.7220500180808,918.23456
645.7220500180808,918.32306
622.1687541296662,918.36865
610.392106185459,918.36755
597.4377934468308,918.26385
597.4377934468308,918.2088
585.6611455026236,918.2718
537.3768889313736,918.3913
525.6002409871663,918.3595
515.0012578373797,918.2636
515.0012578373797,918.20825
504.4022746875932,918.3131
482.0266435935994,918.3631
471.42766044381284,918.2664
471.42766044381284,918.194
460.82867729402614,918.19275
450.2296941442396,918.2441
450.2296941442396,918.2385
460.82867729402614,918.1496
537.3768889313736,918.10266
537.3768889313736,918.1006
504.4022746875932,918.15985
493.8032915378067,918.22906
482.0266435935994,918.2159
471.42766044381284,918.13007
482.0266435935994,918.2196
471.42766044381284,918.34454
482.0266435935994,918.3219
877.7220145189648,918.3082
858.8793778082331,918.36664
840.0367410975016,918.31055
801.1738028816173,918.26666
877.7220145189648,918.22906
840.0367410975016,918.15533
820.016439592349,918.20966
801.1738028816173,918.25
782.3311661708855,918.2341
782.3311661708855,918.21124
763.4885294601538,918.2533
763.4885294601538,918.3203
725.8032560386906,918.3101
709.3159489168004,918.3015
691.6509770004893,918.3468
675.1636698785992,918.4049
657.4986979622881,918.42065
657.4986979622881,918.27094
675.1636698785992,918.1331
675.1636698785992,918.13074
657.4986979622881,918.1598
657.4986979622881,918.0858
657.4986979622881,918.01447
675.1636698785992,918.0852
675.1636698785992,918.12616
657.4986979622881,918.1842
709.3159489168004,918.1656
725.8032560386906,918.1181
877.7220145189648,918.19055
858.8793778082331,918.25635
840.0367410975016,918.20197
801.1738028816173,918.1162
877.7220145189648,918.0688
840.0367410975016,917.9908
820.016439592349,917.93665
801.1738028816173,917.94366
782.3311661708855,918.0437
782.3311661708855,918.08606
763.4885294601538,918.1825
763.4885294601538,918.251
725.8032560386906,918.3187
709.3159489168004,918.3234
691.6509770004893,918.3287
675.1636698785992,918.2667
657.4986979622881,918.17664
657.4986979622881,918.13544
675.1636698785992,918.1396
675.1636698785992,918.26044
657.4986979622881,918.3952
657.4986979622881,918.4183
657.4986979622881,918.3277
675.1636698785992,918.2777
675.1636698785992,918.2999
657.4986979622881,918.33655
709.3159489168004,918.2982
858.8793778082331,918.2816
1187.447855451617,918.2762
1211.0011513400316,918.30975
1163.8945595632024,918.3108
1140.3412636747878,918.3018
1093.2346718979586,918.22656
1140.3412636747878,918.13446
1116.7879677863732,918.08954
1281.6610390052756,918.1724
1305.2143348936902,918.2102
1211.0011513400316,918.26135
1046.1280801211292,918.23175
1093.2346718979586,918.0904
1046.1280801211292,918.05365
999.0214883443001,918.08923
1046.1280801211292,918.1557
1022.5747842327147,918.2211
999.0214883443001,918.1992
999.0214883443001,918.20355
951.9148965674708,918.2272
928.3616006790562,918.18524
904.8083047906417,918.12463
904.8083047906417,918.1069
904.8083047906417,918.2257
881.2550089022271,918.25006
881.2550089022271,918.1398
857.7017130138123,918.00616
857.7017130138123,917.9551
857.7017130138123,918.0173
904.8083047906417,918.19855
787.0418253485686,918.197
763.4885294601538,918.1909
739.9352335717393,918.1987
722.2702616554285,918.10004
722.2702616554285,918.0446
722.2702616554285,918.0633
704.6052897391174,918.10547
686.9403178228064,918.17975
669.2753459064954,918.2942
810.5951212369832,918.4684
904.8083047906417,918.48047
763.4885294601538,918.43176
722.2702616554285,918.29645
763.4885294601538,918.26416
834.1484171253978,918.278
834.1484171253978,918.3222
787.0418253485686,918.3491
787.0418253485686,918.3658
704.6052897391174,918.31744
686.9403178228064,918.2972
669.2753459064954,918.2467
651.6103739901846,918.1131
616.2804301575625,918.0821
598.6154582412518,918.05695
580.9504863249407,918.0474
598.6154582412518,917.956
633.9454020738735,918.05365
633.9454020738735,918.18744
877.7220145189648,918.2624
840.0367410975016,918.2511
820.016439592349,918.229
801.1738028816173,918.1779
782.3311661708855,918.1608
782.3311661708855,918.0797
744.6458927494225,918.12213
725.8032560386906,918.19464
820.016439592349,918.2035
1128.5646157305805,918.1671
1105.011319842166,918.2941
999.0214883443001,918.30237
915.4072879404283,918.2102
801.1738028816173,918.1287
763.4885294601538,918.0988
763.4885294601538,918.1062
744.6458927494225,918.0601
725.8032560386906,918.01794
709.3159489168004,918.0333
691.6509770004893,918.06085
675.1636698785992,918.0865
675.1636698785992,918.1158
801.1738028816173,918.1778
725.8032560386906,918.2603
725.8032560386906,918.287
691.6509770004893,918.1184
657.4986979622881,918.0774
641.0113908403979,918.1383
763.4885294601538,918.1947
763.4885294601538,918.2565
763.4885294601538,918.2816
739.9352335717393,918.2698
722.2702616554285,918.26953
739.9352335717393,918.3039
739.9352335717393,918.3186
722.2702616554285,918.2821
704.6052897391174,918.2819
739.9352335717393,918.3136
739.9352335717393,918.34735
739.9352335717393,918.3158
739.9352335717393,918.37384
722.2702616554285,918.3782
722.2702616554285,918.37225
787.0418253485686,918.3342
881.2550089022271,918.282
787.0418253485686,918.2493
763.4885294601538,918.2163
722.2702616554285,918.2131
704.6052897391174,918.2098
669.2753459064954,918.1576
722.2702616554285,918.16003
928.3616006790562,918.27234
928.3616006790562,918.3286
763.4885294601538,918.35913
686.9403178228064,918.3008
704.6052897391174,918.25946
897.7423160241174,918.25024
870.6560257524404,918.28394
870.6560257524404,918.27106
844.7474002751844,918.3009
818.8387747979284,918.29785
801.1738028816173,918.3281
776.442842198782,918.30304
758.777870282471,918.30963
758.777870282471,918.3056
1081.4580239537513,918.32227
1552.5239417220437,918.29364
2082.4730992113723,918.24023
1540.7472937778361,918.10626
1293.437686949483,918.0619
1163.8945595632024,918.08124
1128.5646157305805,918.1677
1069.681376009544,918.25336
1010.7981362885074,918.3183
961.3362149228366,918.32086
970.7575332782025,918.2398
953.0925613618916,918.2805
916.5849527348489,918.29626
880.0773441078063,918.27997
870.6560257524404,918.2313
844.7474002751844,918.1977
1069.681376009544,918.2512
1069.681376009544,918.38855
1552.5239417220437,918.49347
1222.7777992842389,918.42126
852.9910538361294,918.3028
836.5037467142392,918.2655
827.0824283588734,918.2518
818.8387747979284,918.19366
844.7474002751844,918.18207
818.8387747979284,918.16504
801.1738028816173,918.1738
784.6864957597272,918.1943
776.442842198782,918.2173
758.777870282471,918.2321
750.534216721526,918.2285
732.869244805215,918.21234
716.3819376833247,918.19525
699.8946305614346,918.1908
699.8946305614346,918.1994
699.8946305614346,918.20825
666.9200163176539,918.2237
651.6103739901846,918.23517
620.9910893352456,918.2391
605.6814470077761,918.2332
605.6814470077761,918.23157
612.7474357743005,918.2231
612.7474357743005,918.22876
651.6103739901846,918.2462
636.3007316627151,918.2496
643.3667204292394,918.2563
658.676362756709,918.2688
651.6103739901846,918.2851
1081.4580239537513,918.2961
1069.681376009544,918.27966
1105.011319842166,918.25214
1116.7879677863732,918.24506
1093.2346718979586,918.27594
1057.9047280653365,918.25525
1046.1280801211292,918.16437
1046.1280801211292,918.1376
1034.351432176922,918.1412
1010.7981362885074,918.18695
999.0214883443001,918.19226
999.0214883443001,918.23016
999.0214883443001,918.22235
999.0214883443001,918.209
987.2448404000929,918.22156
961.3362149228366,918.2391
944.8489078009467,918.27203
928.3616006790562,918.2491
936.6052542400015,918.29816
999.0214883443001,918.3594
953.0925613618916,918.36804
928.3616006790562,918.3692
911.8742935571661,918.41473
888.3209976687515,918.4619
987.2448404000929,918.4891
1046.1280801211292,918.49866
944.8489078009467,918.5106
987.2448404000929,918.5346
1010.7981362885074,918.5635
999.0214883443001,918.4924
999.0214883443001,918.38324
987.2448404000929,918.27734
1081.4580239537513,918.4079
961.3362149228366,918.421
943.6712430065259,918.3842
934.24992465116,918.2611
926.0062710902148,918.2645
926.0062710902148,918.2973
907.1636343794831,918.3386
907.1636343794831,918.3774
889.4986624631721,918.4442
880.0773441078063,918.36865
870.6560257524404,918.3513
852.9910538361294,918.4168
862.4123721914955,918.4484
852.9910538361294,918.4427
836.5037467142392,918.4417
818.8387747979284,918.43195
827.0824283588734,918.4254
818.8387747979284,918.38354
801.1738028816173,918.3548
836.5037467142392,918.3535
827.0824283588734,918.39374
818.8387747979284,918.41254
810.5951212369832,918.45654
801.1738028816173,918.50806
889.4986624631721,918.4782
922.4732767069528,918.3755
914.2296231460075,918.2464
889.4986624631721,918.1577
873.011355341282,918.1665
914.2296231460075,918.1202
940.1382486232635,918.1989
964.8692093060989,918.24585
930.7169302678977,918.2394
897.7423160241174,918.1665
873.011355341282,918.10187
889.4986624631721,918.1034
964.8692093060989,918.13464
930.7169302678977,918.2542
881.2550089022271,918.331
856.5240482193917,918.22955
841.2144058919222,918.13434
825.9047635644528,918.2321
802.351467676038,918.3677
794.107814115093,918.3261
778.7981717876235,918.2174
763.4885294601538,918.0499
763.4885294601538,917.9733
731.6915800107944,918.03357
716.3819376833247,918.07623
716.3819376833247,918.06055
701.0722953558552,918.06976
701.0722953558552,918.06903
716.3819376833247,918.09534
967.2245388949403,918.1615
944.8489078009467,918.28174
922.4732767069528,918.3627
873.011355341282,918.4244
856.5240482193917,918.31384
851.8133890417088,918.2536
830.6154227421357,918.2491
830.6154227421357,918.3082
825.9047635644528,918.3524
835.3260819198186,918.2763
851.8133890417088,918.23724
889.4986624631721,918.2323
862.4123721914955,918.2507
841.2144058919222,918.2429
825.9047635644528,918.2474
825.9047635644528,918.2785
815.3057804146662,918.31793
799.9961380871965,918.3135
778.7981717876235,918.3263
778.7981717876235,918.3105
763.4885294601538,918.2669
820.016439592349,918.26276
809.4174564425626,918.3075
794.107814115093,918.33527
804.7067972648795,918.32745
841.2144058919222,918.3282
841.2144058919222,918.3999
825.9047635644528,918.4422
857.7017130138123,918.3718
820.016439592349,918.22925
922.4732767069528,918.2152
752.182947433715,918.2062
815.3057804146662,918.1872
812.9504508258246,918.1836
1093.2346718979586,918.2142
1105.011319842166,918.26636
1010.7981362885074,918.37115
987.2448404000929,918.49695
967.2245388949403,918.46344
1022.5747842327147,918.3966
5100.0,918.3145
5100.0,918.1974
5100.0,918.19934
5100.0,918.21155
5100.0,918.22656
5100.0,918.29614
5100.0,918.3646
5100.0,918.35895
5100.0,918.33984
5100.0,918.3378
5100.0,918.34125
5100.0,918.33826
5100.0,918.3053
5100.0,918.33014
5100.0,918.2833
5100.0,918.22614
5100.0,918.16486
5100.0,918.1865
5100.0,918.281
5100.0,918.3463
5100.0,918.2456
5100.0,918.1511
5100.0,918.1496
5100.0,918.20905
5100.0,918.24994
5100.0,918.2789
5100.0,918.19794
5100.0,918.14197
946.0265725953673,918.1158
954.2702261563126,918.0904
958.9808853339952,918.0806
885.9656680799101,918.0971
871.8336905468614,918.14856
814.1281156202452,918.19696
987.2448404000929,918.2055
1211.0011513400316,918.2426
1340.5442787263119,918.24664
1128.5646157305805,918.1974
1022.5747842327147,918.20917
1010.7981362885074,918.2585
884.7880032854891,918.2867
774.0875126099405,918.3148
999.0214883443001,918.3304
1069.681376009544,918.34174
1234.5544472284462,918.3748
1211.0011513400316,918.39667
1234.5544472284462,918.3506
1305.2143348936902,918.2882
1211.0011513400316,918.21356
1199.2245033958243,918.1757
1140.3412636747878,918.20905
1152.117911618995,918.20953
1081.4580239537513,918.2003
1128.5646157305805,918.2479
1128.5646157305805,918.2237
1046.1280801211292,918.22534
1081.4580239537513,918.2255
1046.1280801211292,918.24866
987.2448404000929,918.2505
1152.117911618995,918.2293
1116.7879677863732,918.2175
942.4935782121053,918.2657
1034.351432176922,918.33563
1022.5747842327147,918.3428
1069.681376009544,918.359
799.9961380871965,918.383
1057.9047280653365,918.3456
1128.5646157305805,918.3344
1105.011319842166,918.35114
987.2448404000929,918.4165
1128.5646157305805,918.4817
1222.7777992842389,918.4692
1046.1280801211292,918.48846
1234.5544472284462,918.44586
1222.7777992842389,918.41956
1105.011319842166,918.3584
1069.681376009544,918.31067
1034.351432176922,918.243
969.5798684837819,918.17786
1281.6610390052756,918.1816
1246.3310951726535,918.1923
1163.8945595632024,918.2154
1199.2245033958243,918.3245
999.0214883443001,918.35315
1081.4580239537513,918.27893
908.3412991739037,918.2231
881.2550089022271,918.27185
961.3362149228366,918.2726
1057.9047280653365,918.25684
1152.117911618995,918.33514
1258.107743116861,918.43005
987.2448404000929,918.4325
1140.3412636747878,918.31903
1105.011319842166,918.23334
1022.5747842327147,918.2626
974.2905276614647,918.2794
1022.5747842327147,918.3045
1069.681376009544,918.26227
1034.351432176922,918.3117
1022.5747842327147,918.3248
1010.7981362885074,918.3605
1069.681376009544,918.38306
1034.351432176922,918.36847
1093.2346718979586,918.3896
1069.681376009544,918.39636
960.158550128416,918.38574
975.4681924558854,918.3522
975.4681924558854,918.3294
975.4681924558854,918.3938
921.2956119125319,918.4504
1140.3412636747878,918.40735
1222.7777992842389,918.37506
1081.4580239537513,918.3465
1057.9047280653365,918.3351
930.7169302678977,918.30927
947.2042373897879,918.3327
1163.8945595632024,918.34454
1081.4580239537513,918.35315
1105.011319842166,918.36334
1069.681376009544,918.36
1105.011319842166,918.3377
1057.9047280653365,918.37775
1057.9047280653365,918.39124
1069.681376009544,918.4235
999.0214883443001,918.4567
1105.011319842166,918.48035
1081.4580239537513,918.5404
1069.681376009544,918.5378
882.4326736966477,918.51013
854.1687186305503,918.4401
1034.351432176922,918.4123
936.6052542400015,918.3503
971.9351980726233,918.3237
1010.7981362885074,918.38336
1211.0011513400316,918.4129
858.8793778082331,918.42957
937.7829190344221,918.40015
1046.1280801211292,918.34393
926.0062710902148,918.2851
858.8793778082331,918.2479
796.4631437039345,918.2004
851.8133890417088,918.2113
2683.0821443659456,918.25354
2212.016226597653,918.21344
1682.067069108324,918.12683
1305.2143348936902,918.05096
931.8945950623186,918.01373
1034.351432176922,918.00104
1140.3412636747878,917.9785
1022.5747842327147,917.9425
1022.5747842327147,918.05304
1081.4580239537513,918.2001
950.7372317730502,918.3087
898.919980818538,918.2877
1010.7981362885074,918.26135
954.2702261563126,918.24146
957.8032205395746,918.23175
1316.9909828378975,918.2221
1293.437686949483,918.16644
1187.447855451617,918.1114
1069.681376009544,918.0384
974.2905276614647,918.02637
1258.107743116861,918.0528
1057.9047280653365,918.09283
1034.351432176922,918.0683
1010.7981362885074,918.18195
1010.7981362885074,918.4293
1046.1280801211292,918.5685
941.3159134176843,918.475
914.2296231460075,918.2666
961.3362149228366,918.1728
941.3159134176843,918.1425
975.4681924558854,918.1101
999.0214883443001,918.12415
1116.7879677863732,918.1747
1222.7777992842389,918.15955
1069.681376009544,918.2279
1057.9047280653365,918.2275
1046.1280801211292,918.16003
966.0468741005197,918.1089
999.0214883443001,918.2006
999.0214883443001,918.2878
987.2448404000929,918.2952
1034.351432176922,918.2891
999.0214883443001,918.2148
975.4681924558854,918.18756
870.6560257524404,918.2154
797.6408084983553,918.2838
685.7626530283858,918.3008
767.0215238434162,918.2552
821.1941043867699,918.2941
825.9047635644528,918.2689
737.5799039828978,918.2373
615.1027653631419,918.2117
738.7575687773187,918.21906
757.6002054880504,918.2327
755.2448758992089,918.22797
844.7474002751844,918.2792
699.8946305614346,918.3013
755.2448758992089,918.26184
763.4885294601538,918.251
646.8997148125017,918.25214
756.4225406936298,918.2953
755.2448758992089,918.26184
724.62559124427,918.24493
755.2448758992089,918.2995
691.6509770004893,918.3617
704.6052897391174,918.3472
648.0773796069222,918.27936
673.9860050841786,918.2994
669.2753459064954,918.28204
669.2753459064954,918.2707
682.2296586451235,918.30365
509.1129338652761,918.3424
808.2397916481418,918.3486
815.3057804146662,918.2375
1010.7981362885074,918.2072
962.5138797172575,918.1877
865.9453665747576,918.16364
953.0925613618916,918.05304
937.7829190344221,918.0442
817.6611100035076,918.0902
927.1839358846356,918.18475
941.3159134176843,918.25146
1352.3209266705192,918.26025
1340.5442787263119,918.237
1152.117911618995,918.17004
1081.4580239537513,918.1457
1010.7981362885074,918.21704
1010.7981362885074,918.21234
934.24992465116,918.1652
999.0214883443001,918.17004
942.4935782121053,918.2199
938.9605838288429,918.2502
987.2448404000929,918.2552
943.6712430065259,918.2353
877.7220145189648,918.23
915.4072879404283,918.27136
854.1687186305503,918.3108
844.7474002751844,918.2931
836.5037467142392,918.2433
705.782954533538,918.2133
1105.011319842166,918.265
1022.5747842327147,918.2477
1199.2245033958243,918.17975
1116.7879677863732,918.1253
1034.351432176922,918.2132
943.6712430065259,918.22363
1093.2346718979586,918.2127
949.5595669786294,918.2143
1057.9047280653365,918.20776
1046.1280801211292,918.22314
1057.9047280653365,918.23474
1069.681376009544,918.23895
831.7930875365563,918.23816
1057.9047280653365,918.247
1081.4580239537513,918.2629
831.7930875365563,918.3043
1316.9909828378975,918.3882
1258.107743116861,918.42334
1187.447855451617,918.3357
1081.4580239537513,918.13885
1034.351432176922,918.0747
973.1128628670439,918.0993
1081.4580239537513,918.1265
1093.2346718979586,918.16205
1034.351432176922,918.2189
1081.4580239537513,918.2634
975.4681924558854,918.294
1046.1280801211292,918.3259
785.8641605541478,918.2737
802.351467676038,918.14526
854.1687186305503,918.0743
870.6560257524404,918.0625
889.4986624631721,918.1144
776.442842198782,918.1656
820.016439592349,918.26776
1093.2346718979586,918.34515
968.4022036893613,918.371
1234.5544472284462,918.2342
987.2448404000929,918.2556
936.6052542400015,918.1711
825.9047635644528,918.0875
864.7677017803367,918.0432
890.6763272575929,918.0791
930.7169302678977,918.1412
960.158550128416,918.19434
960.158550128416,918.22
948.3819021842088,918.1553
888.3209976687515,918.12213
814.1281156202452,918.18463
791.7524845262516,918.23206
905.9859695850623,918.28296
836.5037467142392,918.34283
860.0570426026541,918.2953
836.5037467142392,918.2371
825.9047635644528,918.23816
831.7930875365563,918.2814
798.8184732927759,918.3489
820.016439592349,918.39
849.4580594528674,918.3353
808.2397916481418,918.2659
785.8641605541478,918.2774
808.2397916481418,918.25574
1105.011319842166,918.2257
1387.6508705031413,918.24146
1222.7777992842389,918.2785
929.5392654734771,918.35675
900.0976456129588,918.39923
987.2448404000929,918.3669
877.7220145189648,918.2316
927.1839358846356,918.2273
901.2753104073796,918.2655
951.9148965674708,918.33734
814.1281156202452,918.34766
883.6103384910685,918.2997
1010.7981362885074,918.27423
1505.4173499452143,918.28143
1034.351432176922,918.21063
1034.351432176922,918.11145
999.0214883443001,918.085
1057.9047280653365,918.19574
941.3159134176843,918.2474
876.544349724544,918.30023
926.0062710902148,918.3352
987.2448404000929,918.3389
1034.351432176922,918.31976
1093.2346718979586,918.2872
1093.2346718979586,918.2805
1399.4275184473486,918.2721
1364.0975746147267,918.2725
1352.3209266705192,918.30023
1328.7676307821046,918.3098
1328.7676307821046,918.29443
1316.9909828378975,918.27277
1316.9909828378975,918.268
1352.3209266705192,918.24744
1128.5646157305805,918.2252
1175.67120750741,918.22534
987.2448404000929,918.27985
929.5392654734771,918.30444
1105.011319842166,918.23676
1293.437686949483,918.19293
1375.874222558934,918.33734
1422.9808143357632,918.4081
1269.8843910610683,918.2587
1258.107743116861,918.2021
1105.011319842166,918.19794
1269.8843910610683,918.23126
1140.3412636747878,918.2373
1140.3412636747878,918.2638
1022.5747842327147,918.2724
1057.9047280653365,918.2599
999.0214883443001,918.2216
1022.5747842327147,918.28485
1046.1280801211292,918.32794
1175.67120750741,918.2987
1163.8945595632024,918.2729
1211.0011513400316,918.2498
1199.2245033958243,918.2493
1222.7777992842389,918.19696
1187.447855451617,918.1741
1175.67120750741,918.2233
967.2245388949403,918.3088
1116.7879677863732,918.2708
1093.2346718979586,918.1997
987.2448404000929,918.1747
987.2448404000929,918.2013
987.2448404000929,918.23773
1022.5747842327147,918.22266
1046.1280801211292,918.21686
1140.3412636747878,918.25867
1022.5747842327147,918.281
1116.7879677863732,918.3526
1293.437686949483,918.36694
1152.117911618995,918.34155
1093.2346718979586,918.28455
975.4681924558854,918.25684
1069.681376009544,918.2686
1269.8843910610683,918.34235
1246.3310951726535,918.44226
1234.5544472284462,918.4854
1234.5544472284462,918.4464
999.0214883443001,918.42224
1022.5747842327147,918.40186
1046.1280801211292,918.3438
1140.3412636747878,918.1762
1093.2346718979586,918.1309
1069.681376009544,918.13824
1069.681376009544,918.2088
1069.681376009544,918.285
999.0214883443001,918.34845
1069.681376009544,918.40063
1175.67120750741,918.38306
961.3362149228366,918.28644
911.8742935571661,918.2266
812.9504508258246,918.27045
803.5291324704589,918.3051
778.7981717876235,918.2691
775.2651774043613,918.3194
1057.9047280653365,918.30975
852.9910538361294,918.41327
865.9453665747576,918.40137
856.5240482193917,918.39923
719.9149320665869,918.4409
661.0316923455505,918.5356
718.7372672721663,918.48883
894.209321640855,918.3449
915.4072879404283,918.35254
847.102729864026,918.372
755.2448758992089,918.395
688.1179826172271,918.35046
1163.8945595632024,918.31006
1034.351432176922,918.32684
1116.7879677863732,918.2916
1211.0011513400316,918.2495
1022.5747842327147,918.28284
1010.7981362885074,918.32086
999.0214883443001,918.38916
987.2448404000929,918.4248
1057.9047280653365,918.425
1046.1280801211292,918.4109
1046.1280801211292,918.294
851.8133890417088,918.2605
1116.7879677863732,918.1941
825.9047635644528,918.1741
885.9656680799101,918.1896
969.5798684837819,918.23425
940.1382486232635,918.2956
975.4681924558854,918.3443
954.2702261563126,918.3338
921.2956119125319,918.3526
974.2905276614647,918.38354
1034.351432176922,918.4425
999.0214883443001,918.427
940.1382486232635,918.40234
792.9301493206722,918.37463
918.9402823236904,918.3511
987.2448404000929,918.2493
942.4935782121053,918.284
1258.107743116861,918.3194
1269.8843910610683,918.29297
1234.5544472284462,918.22455
1116.7879677863732,918.19366
1175.67120750741,918.18195
1081.4580239537513,918.165
1128.5646157305805,918.1738
1093.2346718979586,918.1942
1069.681376009544,918.2174
955.4478909507332,918.2322
999.0214883443001,918.22864
1034.351432176922,918.2125
1069.681376009544,918.1954
1105.011319842166,918.1909
1140.3412636747878,918.19934
999.0214883443001,918.2081
1046.1280801211292,918.22363
857.7017130138123,918.2352
808.2397916481418,918.2392
893.0316568464344,918.2332
904.8083047906417,918.2315
1022.5747842327147,918.223
1046.1280801211292,918.22864
1057.9047280653365,918.24615
891.8539920520138,918.2495
1010.7981362885074,918.2563
916.5849527348489,918.269
922.4732767069528,918.2852
1352.3209266705192,918.29614
1340.5442787263119,918.265
1340.5442787263119,918.2085
1375.874222558934,918.1697
1458.3107581683853,918.19934
1387.6508705031413,918.1843
1481.8640540568,918.1656
1634.960477331495,918.1979
2023.589859490336,918.2013
2412.2192416491775,918.20514
1705.6203649967385,918.2026
1564.300589666251,918.126
1564.300589666251,918.04913
1446.534110224178,918.0509
1764.5036047177753,918.1104
1528.9706458336289,918.2011
1599.6305334988729,918.26556
1434.7574622799705,918.25684
1470.0874061125926,918.189
1340.5442787263119,918.1359
1481.8640540568,918.11285
1458.3107581683853,918.17725
1434.7574622799705,918.2409
1352.3209266705192,918.27057
1387.6508705031413,918.309
1340.5442787263119,918.31586
1399.4275184473486,918.2615
1528.9706458336289,918.2301
