actual_runoff,predicted_runoff
122.0,89.58164
120.0,89.58285
122.0,89.57076
128.0,89.57077
120.0,89.569305
119.0,89.569305
114.0,89.569305
114.99999999999999,89.569305
109.00000000000001,89.569305
113.0,89.569305
113.0,89.569305
106.0,89.569305
109.00000000000001,89.569305
106.0,89.569305
101.00000000000001,89.569305
114.99999999999999,89.57094
112.0,89.57671
97.2,89.579575
105.0,89.5778
104.0,89.570885
108.00000000000001,89.57076
85.1,89.5712
106.99999999999999,89.57107
113.0,89.569305
111.0,89.569305
101.00000000000001,89.569305
113.0,89.569305
121.0,89.569305
106.0,89.569305
122.0,89.569305
121.0,89.569305
111.0,89.57061
108.00000000000001,89.57487
105.0,89.57616
99.5,89.57444
126.0,89.569305
122.99999999999999,89.569305
115.99999999999999,89.569305
119.0,89.569305
102.0,89.57312
109.00000000000001,89.57439
94.3,89.57444
92.0,89.569305
98.8,89.569305
106.99999999999999,89.569305
114.99999999999999,89.569305
124.00000000000001,89.569305
101.00000000000001,89.569305
114.0,89.569305
111.0,89.569305
104.0,89.569305
99.9,89.569305
104.0,89.569305
108.00000000000001,89.576385
105.0,89.57874
104.0,89.578835
103.0,89.569305
108.00000000000001,89.569305
105.0,89.569305
110.0,89.569305
108.00000000000001,89.569305
98.7,89.569305
99.99999999999999,89.569305
99.99999999999999,89.569305
99.99999999999999,89.569305
95.4,89.569305
114.0,89.569305
121.0,89.569305
109.00000000000001,89.58376
106.99999999999999,89.58859
96.2,89.588776
97.6,89.569305
115.99999999999999,89.569305
109.00000000000001,89.569305
111.0,89.569305
108.00000000000001,89.569305
111.0,89.569305
106.99999999999999,89.569305
106.99999999999999,89.569305
108.00000000000001,89.569305
102.0,89.569305
111.0,89.569305
109.00000000000001,89.569305
108.00000000000001,89.569305
92.1,89.569305
89.7,89.569305
105.0,89.57855
96.7,89.58164
99.7,89.581764
103.0,89.569305
120.0,89.569305
90.1,89.57714
96.8,89.57976
106.0,89.584435
95.8,89.57671
90.1,89.57754
84.8,89.5715
89.5,89.57204
245.0,89.57617
205.0,89.581505
160.0,89.73062
128.0,89.789604
96.3,89.77751
105.0,89.586876
114.0,89.569305
104.0,89.569305
104.0,89.569305
109.00000000000001,89.569305
97.9,89.569305
93.5,89.57094
103.0,89.57148
98.2,89.5715
98.5,89.580505
129.0,89.594574
127.0,89.59817
118.0,89.58323
108.00000000000001,89.569305
99.9,89.569305
124.00000000000001,89.569305
106.99999999999999,89.569305
105.0,89.569305
103.0,89.569305
103.0,89.569305
106.0,89.569305
97.1,89.569305
94.8,89.569305
98.8,89.569305
97.1,89.569305
99.99999999999999,89.569305
102.0,89.569305
112.0,89.569305
121.0,89.569305
108.00000000000001,89.569305
106.99999999999999,89.569305
106.0,89.569305
99.20000000000002,89.569305
102.0,89.569305
102.0,89.569305
101.00000000000001,89.569305
105.0,89.569305
102.0,89.569305
99.99999999999999,89.569305
91.1,89.569305
84.9,89.569305
75.4,89.569305
82.3,89.569305
86.9,89.569305
87.3,89.569305
79.8,89.569305
69.4,89.569305
79.9,89.569305
81.5,89.569305
81.3,89.569305
88.9,89.569305
76.6,89.569305
81.3,89.577034
82.0,89.57961
72.1,89.57971
81.4,89.569305
81.3,89.569305
78.7,89.569305
81.3,89.569305
75.9,89.569305
77.0,89.569305
72.2,89.569305
74.4,89.569305
74.0,89.569305
74.0,89.569305
75.1,89.569305
60.4,89.569305
85.8,89.569305
86.4,89.569305
103.0,89.569305
98.9,89.569305
90.7,89.569305
98.1,89.569305
96.8,89.569305
86.6,89.569305
95.9,89.569305
97.1,89.569305
132.0,89.5856
131.0,89.62146
114.99999999999999,89.6291
109.00000000000001,89.60755
103.0,89.569305
103.0,89.569305
96.5,89.569305
102.0,89.569305
97.2,89.569305
96.9,89.569305
101.00000000000001,89.569305
97.3,89.569305
91.7,89.569305
94.9,89.569305
89.7,89.5742
88.9,89.57584
88.2,89.575905
77.1,89.569305
111.0,89.58657
104.0,89.59615
119.0,89.59765
112.0,89.57444
105.0,89.569305
97.3,89.569305
110.0,89.569305
97.8,89.569305
106.99999999999999,89.569305
106.0,89.569305
106.99999999999999,89.569305
108.00000000000001,89.569305
87.8,89.569305
106.99999999999999,89.569305
109.00000000000001,89.569305
87.8,89.569305
129.0,89.57007
124.00000000000001,89.593315
118.0,89.605034
109.00000000000001,89.60565
105.0,89.57473
99.79999999999998,89.569305
109.00000000000001,89.569305
110.0,89.569305
105.0,89.569305
109.00000000000001,89.569305
99.99999999999999,89.569305
106.0,89.569305
83.9,89.569305
85.3,89.569305
89.7,89.569305
91.1,89.569305
92.7,89.569305
83.1,89.569305
86.8,89.569305
110.0,89.569305
99.4,89.569305
122.0,89.59284
101.00000000000001,89.625694
96.7,89.634384
87.3,89.60305
90.6,89.569305
92.8,89.569305
96.2,89.569305
98.7,89.569305
98.7,89.569305
97.7,89.569305
92.6,89.569305
86.3,89.569305
84.4,89.569305
94.1,89.569305
88.2,89.569305
90.2,89.569305
88.2,89.569305
87.3,89.569305
87.8,89.569305
85.0,89.569305
86.8,89.569305
89.3,89.569305
85.8,89.569305
83.9,89.56953
85.8,89.57341
111.0,89.574684
135.0,89.58217
121.0,89.621346
96.1,89.629944
93.6,89.61785
101.00000000000001,89.570915
91.7,89.569305
95.9,89.569305
93.7,89.569305
98.0,89.569305
86.3,89.569305
92.2,89.569305
103.0,89.56941
145.0,89.57968
105.0,89.590164
105.0,89.59251
102.0,89.578835
106.99999999999999,89.569305
97.1,89.569305
91.6,89.569305
95.8,89.569305
101.00000000000001,89.583435
105.0,89.58816
110.0,89.58834
110.0,89.569305
136.0,89.569305
133.0,89.569305
132.0,89.569305
130.0,89.569305
130.0,89.569305
129.0,89.569305
129.0,89.569305
132.0,89.569305
113.0,89.569305
117.00000000000001,89.569305
101.00000000000001,89.569305
96.1,89.569305
111.0,89.569305
127.0,89.57148
134.0,89.57777
138.0,89.58846
125.00000000000001,89.59246
124.00000000000001,89.5864
111.0,89.574585
125.00000000000001,89.569305
114.0,89.569305
114.0,89.569305
104.0,89.569305
106.99999999999999,89.569305
102.0,89.569305
104.0,89.569305
106.0,89.56996
117.00000000000001,89.570175
115.99999999999999,89.57018
120.0,89.569305
119.0,89.569305
121.0,89.57061
118.0,89.571045
117.00000000000001,89.57107
99.3,89.569305
112.0,89.569305
110.0,89.569305
101.00000000000001,89.569305
101.00000000000001,89.569305
101.00000000000001,89.569305
104.0,89.569305
106.0,89.569305
114.0,89.581375
104.0,89.58541
112.0,89.58556
127.0,89.574425
114.99999999999999,89.585594
110.0,89.58882
99.99999999999999,89.582054
108.00000000000001,89.569305
125.00000000000001,89.569305
122.99999999999999,89.569305
122.0,89.569305
122.0,89.57714
102.0,89.580734
104.0,89.58117
106.0,89.570625
114.0,89.569305
110.0,89.569305
108.00000000000001,89.569305
108.00000000000001,89.569305
108.00000000000001,89.569305
102.0,89.569305
108.00000000000001,89.569305
117.00000000000001,89.569305
98.8,89.569305
94.6,89.569305
86.2,89.569305
85.4,89.569305
83.3,89.569305
83.0,89.569305
106.99999999999999,89.569305
89.6,89.569305
90.7,89.569305
89.9,89.569305
78.3,89.569305
73.3,89.569305
78.2,89.569305
93.1,89.569305
94.9,89.569305
89.1,89.569305
81.3,89.569305
75.6,89.569305
115.99999999999999,89.569305
105.0,89.569305
112.0,89.569305
120.0,89.569305
104.0,89.569305
103.0,89.569305
102.0,89.569305
101.00000000000001,89.569305
106.99999999999999,89.57094
106.0,89.57148
106.0,89.5715
89.5,89.569305
112.0,89.569305
87.3,89.569305
92.4,89.569305
99.5,89.569305
97.0,89.569305
99.99999999999999,89.569305
98.2,89.569305
95.4,89.569305
99.9,89.569305
105.0,89.569305
102.0,89.569305
97.0,89.569305
84.5,89.569305
95.2,89.569305
101.00000000000001,89.569305
97.2,89.569305
124.00000000000001,89.569305
125.00000000000001,89.569305
122.0,89.569305
112.0,89.569305
117.00000000000001,89.569305
109.00000000000001,89.569305
113.0,89.569305
110.0,89.569305
108.00000000000001,89.569305
98.3,89.569305
102.0,89.569305
105.0,89.569305
108.00000000000001,89.569305
111.0,89.569305
114.0,89.57203
102.0,89.57294
106.0,89.57297
90.0,89.569305
85.8,89.569305
93.0,89.569305
94.0,89.569305
104.0,89.569305
106.0,89.57094
106.99999999999999,89.57148
92.9,89.5715
103.0,89.569305
95.0,89.569305
95.5,89.57747
132.0,89.58019
131.0,89.5803
131.0,89.569305
134.0,89.569305
141.0,89.569305
135.0,89.569305
143.0,89.569305
156.0,89.569305
189.0,89.58595
222.0,89.81057
162.0,89.93516
150.0,89.91735
150.0,89.619095
140.0,89.569305
167.0,89.569305
147.0,89.569305
153.0,89.5779
139.0,89.59933
142.0,89.60693
131.0,89.59603
143.0,89.60626
141.0,89.611046
139.0,89.611946
132.0,89.57081
135.0,89.57017
131.0,89.57017
136.0,89.571236
147.0,89.58725
72.9,89.60713
72.9,91.76873
74.2,93.557785
81.9,94.72079
81.9,94.72526
83.3,94.7306
79.3,94.74987
79.3,94.75799
78.1,94.76626
78.1,94.72079
78.1,94.72079
78.1,94.72079
78.1,94.72079
80.6,94.72079
83.3,94.72079
83.3,94.72079
84.7,94.72079
81.9,94.72079
81.9,94.72079
81.9,94.721405
79.3,94.722145
79.3,94.72246
79.3,94.72079
79.3,94.72079
79.3,94.72079
76.8,94.72079
76.8,94.72079
76.8,94.72079
79.3,94.72079
85.1,94.72079
84.0,94.72079
81.7,94.72665
80.6,94.73409
79.6,94.73767
79.6,94.72204
79.6,94.72079
78.5,94.72079
76.4,94.72156
75.4,94.72247
74.4,94.72288
74.4,94.72079
73.3,94.72117
74.4,94.72163
74.4,94.72183
72.3,94.72079
72.3,94.72079
70.2,94.72079
70.2,94.72079
70.2,94.72079
72.3,94.72079
70.2,94.72079
69.2,94.72079
68.3,94.72079
69.2,94.72079
69.2,94.72079
67.3,94.72079
66.3,94.72079
126.0,94.72079
126.0,94.72079
124.00000000000001,94.7268
118.0,94.734276
118.0,94.73775
119.0,94.723015
115.99999999999999,94.73092
113.0,94.74008
112.0,94.73999
112.0,94.72079
110.0,94.72079
110.0,94.72079
110.0,94.72079
109.00000000000001,94.72195
106.99999999999999,94.72333
105.0,94.72392
105.0,94.72079
110.0,94.72079
105.0,94.72156
103.0,94.72247
102.0,94.72288
102.0,94.72079
99.99999999999999,94.72079
99.10000000000001,94.72079
97.9,94.72079
96.7,94.72079
96.7,94.72079
96.7,94.72079
87.3,94.72079
86.2,94.72079
85.1,94.72079
82.8,94.72079
81.7,94.72079
80.6,94.72079
80.6,94.72079
80.6,94.72079
78.5,94.72079
78.5,94.72079
76.4,94.72079
75.4,94.72079
75.4,94.72079
75.4,94.72079
75.4,94.72079
74.4,94.72079
72.3,94.72079
70.2,94.72079
70.2,94.72079
70.2,94.72079
68.3,94.72079
68.3,94.72079
69.2,94.72079
70.2,94.72079
70.2,94.72079
72.3,94.72079
70.2,94.72464
70.2,94.72924
74.7,94.73123
75.9,94.72079
74.7,94.72079
73.5,94.72079
72.2,94.72079
69.8,94.72132
68.6,94.72197
68.6,94.72232
68.6,94.720955
69.8,94.72099
69.8,94.72079
68.6,94.72079
68.6,94.72109
66.1,94.72231
64.9,94.72348
64.9,94.72309
63.7,94.72079
63.7,94.72079
62.6,94.72079
63.7,94.72079
68.6,94.722946
68.6,94.730225
63.7,94.7371
62.6,94.733864
61.49999999999999,94.72121
60.4,94.72079
59.300000000000004,94.72079
59.300000000000004,94.72079
59.300000000000004,94.72079
92.2,94.72079
92.2,94.72079
92.9,94.72094
90.7,94.72112
92.2,94.72128
92.2,94.720955
92.2,94.72107
90.7,94.7225
90.7,94.72461
87.9,94.72548
88.5,94.72141
87.2,94.72079
86.5,94.72079
86.5,94.72079
85.2,94.72079
83.9,94.72079
86.5,94.72079
86.5,94.72079
85.9,94.72079
85.2,94.72079
85.9,94.72079
86.5,94.72079
85.2,94.72079
83.9,94.72079
90.7,94.72079
90.0,94.72079
86.5,94.72079
86.5,94.72079
450.22969414423966,94.72079
450.22969414423966,94.72079
450.22969414423966,94.72079
450.22969414423966,94.72079
450.22969414423966,94.72086
450.22969414423966,94.720955
450.22969414423966,94.72099
450.22969414423966,94.72079
450.22969414423966,94.72079
450.22969414423966,94.72079
450.22969414423966,94.72079
126.0,94.735344
117.00000000000001,94.76574
112.0,94.78875
113.0,94.75654
118.0,94.72079
113.0,94.73711
109.00000000000001,94.756485
106.99999999999999,94.76472
106.99999999999999,94.72129
105.0,94.72141
105.0,94.72079
104.0,94.72079
101.00000000000001,94.72079
97.9,94.72079
94.6,94.72079
93.7,94.72079
93.1,94.72079
120.0,94.72079
122.99999999999999,94.72079
126.0,94.72079
124.00000000000001,94.72079
124.00000000000001,94.72642
124.00000000000001,94.73312
122.99999999999999,94.73603
122.0,94.72079
122.0,94.72079
122.0,94.72079
122.99999999999999,94.72079
120.0,94.72079
120.0,94.72079
120.0,94.72079
120.0,94.72079
120.0,94.72634
120.0,94.73342
122.0,94.7376
122.0,94.72389
119.0,94.72322
117.00000000000001,94.72121
114.0,94.72079
113.0,94.72079
113.0,94.72079
111.0,94.72079
110.0,94.72079
110.0,94.72132
110.0,94.72367
96.6,94.725975
96.6,94.72538
98.1,94.72079
96.6,94.72195
95.1,94.72371
98.1,94.72515
99.6,94.72268
101.00000000000001,94.72183
99.6,94.721016
98.1,94.72145
98.1,94.72183
96.6,94.72137
96.6,94.72099
93.6,94.72079
95.1,94.72079
93.6,94.72464
93.6,94.72924
92.2,94.73123
92.2,94.72079
89.2,94.72079
89.2,94.72079
90.7,94.72079
93.6,94.72079
93.6,94.72195
96.6,94.72394
95.1,94.727745
90.7,94.727875
89.2,94.72747
90.7,94.72079
72.0,94.72079
72.0,94.72079
70.0,94.72079
69.0,94.72079
67.9,94.72079
67.9,94.72079
66.9,94.72079
62.79999999999999,94.72156
61.8,94.72247
60.9,94.72288
60.9,94.72079
60.0,94.72079
58.10000000000001,94.72079
57.20000000000001,94.72079
57.20000000000001,94.72079
56.3,94.72079
55.4,94.72079
55.4,94.72079
56.3,94.72079
62.79999999999999,94.72079
62.79999999999999,94.7378
60.0,94.763466
59.1,94.77832
58.10000000000001,94.73582
57.20000000000001,94.72079
58.10000000000001,94.72079
57.20000000000001,94.72079
58.10000000000001,94.72079
91.7,94.72079
90.1,94.72079
88.5,94.72079
85.2,94.72079
91.7,94.72079
88.5,94.72079
86.8,94.72079
85.2,94.72079
83.6,94.72079
83.6,94.72079
82.0,94.72079
82.0,94.72079
78.8,94.7278
77.4,94.73616
75.9,94.740395
74.5,94.753456
73.0,94.794174
73.0,94.8076
74.5,94.72183
74.5,94.72079
73.0,94.72703
73.0,94.739235
73.0,94.748375
74.5,94.734245
74.5,94.72141
73.0,94.724724
77.4,94.73211
78.8,94.73735
91.7,94.7281
90.1,94.72079
88.5,94.72079
85.2,94.72079
91.7,94.72079
88.5,94.72079
86.8,94.72079
85.2,94.72079
83.6,94.72079
83.6,94.72079
82.0,94.72079
82.0,94.72079
78.8,94.72079
77.4,94.72079
75.9,94.72079
74.5,94.72079
73.0,94.72079
73.0,94.72079
74.5,94.72079
74.5,94.72079
73.0,94.72079
73.0,94.72079
73.0,94.72079
74.5,94.72079
74.5,94.72079
73.0,94.72079
77.4,94.72079
90.1,94.72202
118.0,94.738266
120.0,94.759125
115.99999999999999,94.76644
114.0,94.7281
110.0,94.72079
114.0,94.72079
112.0,94.72079
126.0,94.72079
128.0,94.73642
120.0,94.75711
106.0,94.767426
110.0,94.72664
106.0,94.72079
102.0,94.72079
106.0,94.722176
104.0,94.72383
102.0,94.72455
102.0,94.72079
98.0,94.72079
96.0,94.72079
94.0,94.72079
94.0,94.72079
94.0,94.72079
92.0,94.72079
92.0,94.72079
90.0,94.72079
90.0,94.72079
90.0,94.72272
94.0,94.72502
84.0,94.72601
82.0,94.72595
80.0,94.73826
78.5,94.74826
78.5,94.73749
78.5,94.72079
77.0,94.72079
75.5,94.72079
74.0,94.72079
86.0,94.72079
94.0,94.72079
82.0,94.72079
78.5,94.72079
82.0,94.72079
88.0,94.72079
88.0,94.72079
84.0,94.72079
84.0,94.72079
77.0,94.7221
75.5,94.72366
74.0,94.72457
72.5,94.72129
69.5,94.72141
68.0,94.72079
66.5,94.72079
68.0,94.72079
71.0,94.72233
71.0,94.72502
91.7,94.72683
88.5,94.72309
86.8,94.72079
85.2,94.72079
83.6,94.72079
83.6,94.72079
80.4,94.72079
78.8,94.72079
86.8,94.72079
113.0,94.72364
111.0,94.74792
102.0,94.77416
94.9,94.77625
85.2,94.72079
82.0,94.72079
82.0,94.72079
80.4,94.72079
78.8,94.72079
77.4,94.72079
75.9,94.72079
74.5,94.72079
74.5,94.72079
85.2,94.72079
78.8,94.73841
78.8,94.75932
75.9,94.76782
73.0,94.72079
71.6,94.72079
82.0,94.72079
82.0,94.72079
82.0,94.72079
80.0,94.72079
78.5,94.72079
80.0,94.72079
80.0,94.72079
78.5,94.72079
77.0,94.72079
80.0,94.72079
80.0,94.72079
80.0,94.72079
80.0,94.72079
78.5,94.72079
78.5,94.72079
84.0,94.72079
92.0,94.72079
84.0,94.7268
82.0,94.73397
78.5,94.737076
77.0,94.72079
74.0,94.72079
78.5,94.72079
96.0,94.72079
96.0,94.74445
82.0,94.77248
75.5,94.78315
77.0,94.72079
93.4,94.72079
91.1,94.72079
91.1,94.72079
88.9,94.72079
86.7,94.72079
85.2,94.72079
83.1,94.72079
81.6,94.72079
81.6,94.72079
109.00000000000001,94.72079
149.0,94.72079
194.0,94.75911
148.0,94.86465
127.0,94.955605
115.99999999999999,94.87398
113.0,94.72183
108.00000000000001,94.72079
103.0,94.72079
98.8,94.72079
99.6,94.72079
98.1,94.72079
95.0,94.72079
91.9,94.72079
91.1,94.72079
88.9,94.72079
108.00000000000001,94.72079
108.00000000000001,94.72233
149.0,94.73157
121.0,94.77024
89.6,94.80601
88.2,94.798485
87.4,94.72079
86.7,94.72079
88.9,94.72079
86.7,94.72079
85.2,94.72079
83.8,94.72079
83.1,94.72079
81.6,94.72079
80.9,94.72079
79.4,94.72079
78.0,94.72079
76.6,94.72079
76.6,94.72079
76.6,94.72079
73.8,94.72079
72.5,94.72079
69.9,94.72079
68.6,94.72079
68.6,94.72079
69.2,94.72279
69.2,94.72519
72.5,94.72623
71.2,94.72079
71.8,94.72079
73.1,94.72079
72.5,94.72179
109.00000000000001,94.72299
108.00000000000001,94.7235
111.0,94.72079
112.0,94.72079
110.0,94.72179
106.99999999999999,94.72299
106.0,94.7235
106.0,94.72079
105.0,94.72079
103.0,94.72079
102.0,94.72079
102.0,94.72079
102.0,94.72079
102.0,94.72079
101.00000000000001,94.72079
98.8,94.72079
97.4,94.72079
96.0,94.72079
96.7,94.72079
102.0,94.72079
98.1,94.72079
96.0,94.72079
94.6,94.72079
92.6,94.72079
101.00000000000001,94.72079
106.0,94.72109
97.4,94.73579
101.00000000000001,94.75395
103.0,94.761566
102.0,94.7235
102.0,94.72079
101.00000000000001,94.72079
109.00000000000001,94.72318
98.8,94.72603
97.3,94.727264
96.5,94.72079
95.8,94.72079
95.8,94.72079
94.2,94.72079
94.2,94.72079
92.7,94.72079
91.9,94.72079
91.1,94.72079
89.6,94.72079
90.4,94.72079
89.6,94.72079
88.2,94.72079
86.7,94.72079
87.4,94.72079
86.7,94.72079
85.2,94.72079
88.2,94.72079
87.4,94.72079
86.7,94.72079
86.0,94.72079
85.2,94.72079
92.7,94.72079
95.5,94.72079
94.8,94.72079
92.7,94.73227
91.3,94.74592
94.8,94.75185
97.0,94.72079
99.10000000000001,94.73949
96.2,94.76166
93.4,94.77058
91.3,94.72079
92.7,94.72079
99.10000000000001,94.72079
96.2,94.72079
92.0,94.72079
89.9,94.72079
88.6,94.72079
87.3,94.72079
85.3,94.72079
84.6,94.724335
83.3,94.72857
82.0,94.73039
82.0,94.72079
79.3,94.72079
78.0,94.72079
78.0,94.72079
76.7,94.72079
76.7,94.72079
78.0,94.72079
99.3,94.72079
97.4,94.72079
95.5,94.72079
91.3,94.72079
89.9,94.72079
89.5,94.72079
87.7,94.72079
87.7,94.72079
87.3,94.72079
88.1,94.72079
89.5,94.72079
92.7,94.72079
90.4,94.72079
88.6,94.72079
87.3,94.72079
87.3,94.72079
86.4,94.72079
85.1,94.725105
83.3,94.730255
83.3,94.73248
82.0,94.72079
86.8,94.72079
85.9,94.72079
84.6,94.72079
85.5,94.72079
88.6,94.72079
88.6,94.72094
87.3,94.732834
90.0,94.74684
86.8,94.75247
95.5,94.72079
81.04,94.72079
86.4,94.72079
86.2,94.72079
110.0,94.72079
111.0,94.72079
103.0,94.721016
101.00000000000001,94.726
99.3,94.73188
104.0,94.733864
450.22969414423966,94.72121
450.22969414423966,94.74854
450.22969414423966,94.7829
450.22969414423966,94.79472
450.22969414423966,94.72079
450.22969414423966,94.72079
450.22969414423966,94.72079
450.22969414423966,94.72079
450.22969414423966,94.72079
450.22969414423966,94.72079
450.22969414423966,94.72079
450.22969414423966,94.72079
450.22969414423966,94.72079
450.22969414423966,94.72079
450.22969414423966,94.733116
450.22969414423966,94.74853
450.22969414423966,94.75578
450.22969414423966,94.72295
450.22969414423966,94.74667
450.22969414423966,94.77798
450.22969414423966,94.78986
450.22969414423966,94.72288
450.22969414423966,94.72079
450.22969414423966,94.72079
450.22969414423966,94.72079
450.22969414423966,94.72079
450.22969414423966,94.72079
450.22969414423966,94.72079
97.5,94.72079
98.2,94.72079
98.6,94.72079
92.4,94.72079
91.2,94.72079
86.3,94.72079
101.00000000000001,94.72079
120.0,94.72079
131.0,94.75421
113.0,94.804794
104.0,94.829124
103.0,94.73999
92.3,94.72079
82.9,94.72079
102.0,94.72079
108.00000000000001,94.72079
122.0,94.72079
120.0,94.72079
122.0,94.72079
128.0,94.72079
120.0,94.72079
119.0,94.72079
114.0,94.72079
114.99999999999999,94.72079
109.00000000000001,94.72079
113.0,94.72079
113.0,94.72079
106.0,94.72079
109.00000000000001,94.72079
106.0,94.72079
101.00000000000001,94.72079
114.99999999999999,94.72079
112.0,94.72079
97.2,94.72079
105.0,94.72079
104.0,94.72079
108.00000000000001,94.72079
85.1,94.72079
106.99999999999999,94.72079
113.0,94.72079
111.0,94.72079
101.00000000000001,94.72079
113.0,94.72079
121.0,94.72079
106.0,94.72079
122.0,94.72079
121.0,94.72079
111.0,94.72557
108.00000000000001,94.73127
105.0,94.733734
99.5,94.72079
126.0,94.72079
122.99999999999999,94.72079
115.99999999999999,94.72079
119.0,94.72148
102.0,94.72401
109.00000000000001,94.72639
94.3,94.72538
92.0,94.72079
98.8,94.72079
106.99999999999999,94.72079
114.99999999999999,94.72079
124.00000000000001,94.72703
101.00000000000001,94.734474
114.0,94.73769
111.0,94.72079
104.0,94.72079
99.9,94.72079
104.0,94.72079
108.00000000000001,94.72749
105.0,94.73548
104.0,94.73895
103.0,94.72079
108.00000000000001,94.72079
105.0,94.72079
110.0,94.72079
108.00000000000001,94.72079
98.7,94.72079
99.99999999999999,94.72079
99.99999999999999,94.72079
99.99999999999999,94.72079
95.4,94.72079
114.0,94.72079
121.0,94.72079
109.00000000000001,94.72094
106.99999999999999,94.72112
96.2,94.72121
97.6,94.72079
115.99999999999999,94.72079
109.00000000000001,94.72079
111.0,94.72079
108.00000000000001,94.72079
111.0,94.72079
106.99999999999999,94.72079
106.99999999999999,94.72079
108.00000000000001,94.72079
102.0,94.72079
111.0,94.72079
109.00000000000001,94.72079
108.00000000000001,94.72079
92.1,94.72079
89.7,94.72079
105.0,94.72079
96.7,94.72079
99.7,94.72079
103.0,94.72079
120.0,94.72079
90.1,94.72079
96.8,94.72079
106.0,94.72079
95.8,94.72195
90.1,94.72348
84.8,94.72426
89.5,94.72776
245.0,94.73707
205.0,94.74275
160.0,94.78973
128.0,94.87288
96.3,94.90687
105.0,94.72079
114.0,94.72079
104.0,94.72079
104.0,94.72079
109.00000000000001,94.72079
97.9,94.72079
93.5,94.72079
103.0,94.72079
98.2,94.72079
98.5,94.72857
129.0,94.73785
127.0,94.74186
118.0,94.72079
108.00000000000001,94.72079
99.9,94.72079
124.00000000000001,94.72079
106.99999999999999,94.72079
105.0,94.72079
103.0,94.72079
103.0,94.72079
106.0,94.72079
97.1,94.72079
94.8,94.72079
98.8,94.72079
97.1,94.72079
99.99999999999999,94.72079
102.0,94.72079
112.0,94.72079
121.0,94.72079
108.00000000000001,94.72079
106.99999999999999,94.72654
106.0,94.73339
99.20000000000002,94.73636
102.0,94.72079
102.0,94.72079
101.00000000000001,94.72079
105.0,94.72079
102.0,94.72079
99.99999999999999,94.72079
91.1,94.72079
84.9,94.72079
75.4,94.72079
82.3,94.72079
86.9,94.72079
87.3,94.72079
79.8,94.73119
69.4,94.74356
79.9,94.74893
81.5,94.72079
81.3,94.72079
88.9,94.72079
76.6,94.7248
81.3,94.729576
82.0,94.73165
72.1,94.72079
81.4,94.72079
81.3,94.72079
78.7,94.72079
81.3,94.72079
75.9,94.72079
77.0,94.72079
72.2,94.72079
74.4,94.72079
74.0,94.72079
74.0,94.72079
75.1,94.72079
60.4,94.72079
85.8,94.72079
86.4,94.72079
103.0,94.72079
98.9,94.72079
90.7,94.72079
98.1,94.72079
96.8,94.72079
86.6,94.72079
95.9,94.72079
97.1,94.72079
132.0,94.73042
131.0,94.76861
114.99999999999999,94.805954
109.00000000000001,94.79137
103.0,94.72079
103.0,94.72541
96.5,94.730934
102.0,94.73332
97.2,94.72079
96.9,94.72079
101.00000000000001,94.72079
97.3,94.72079
91.7,94.72079
94.9,94.72079
89.7,94.72079
88.9,94.721016
88.2,94.72129
77.1,94.72141
111.0,94.72079
104.0,94.72079
119.0,94.72079
112.0,94.72079
105.0,94.72079
97.3,94.72079
110.0,94.72079
97.8,94.72079
106.99999999999999,94.72079
106.0,94.72079
106.99999999999999,94.72079
108.00000000000001,94.72079
87.8,94.72079
106.99999999999999,94.72079
109.00000000000001,94.72079
87.8,94.72079
129.0,94.72079
124.00000000000001,94.73042
118.0,94.75535
109.00000000000001,94.776375
105.0,94.757355
99.79999999999998,94.72079
109.00000000000001,94.72079
110.0,94.72079
105.0,94.72079
109.00000000000001,94.72079
99.99999999999999,94.72079
106.0,94.72079
83.9,94.72079
85.3,94.72079
89.7,94.72079
91.1,94.72079
92.7,94.72079
83.1,94.72079
86.8,94.72079
110.0,94.72079
99.4,94.72079
122.0,94.74843
101.00000000000001,94.81156
96.7,94.85792
87.3,94.79546
90.6,94.72079
92.8,94.72079
96.2,94.72079
98.7,94.72079
98.7,94.72079
97.7,94.72094
92.6,94.72112
86.3,94.72121
84.4,94.72079
94.1,94.72079
88.2,94.72079
90.2,94.72079
88.2,94.72079
87.3,94.72079
87.8,94.72079
85.0,94.72079
86.8,94.72079
89.3,94.72079
85.8,94.72079
83.9,94.72079
85.8,94.72079
111.0,94.72079
135.0,94.72079
121.0,94.72079
96.1,94.72079
93.6,94.72079
101.00000000000001,94.72079
91.7,94.72079
95.9,94.72079
93.7,94.72079
98.0,94.72079
86.3,94.72079
92.2,94.72079
103.0,94.72079
145.0,94.72079
105.0,94.72079
105.0,94.72079
102.0,94.72079
106.99999999999999,94.72079
97.1,94.72079
91.6,94.72079
95.8,94.72079
101.00000000000001,94.72079
105.0,94.72079
110.0,94.72079
110.0,94.72079
136.0,94.72079
133.0,94.72079
132.0,94.72079
130.0,94.72079
130.0,94.72079
129.0,94.72079
129.0,94.72079
132.0,94.72079
113.0,94.72079
117.00000000000001,94.72079
101.00000000000001,94.72117
96.1,94.72163
111.0,94.72183
127.0,94.7221
134.0,94.73329
138.0,94.761086
125.00000000000001,94.794685
124.00000000000001,94.79121
111.0,94.75572
125.00000000000001,94.72079
114.0,94.72079
114.0,94.72079
104.0,94.72079
106.99999999999999,94.72079
102.0,94.72079
104.0,94.72079
106.0,94.73519
117.00000000000001,94.7523
115.99999999999999,94.759575
120.0,94.72079
119.0,94.72079
121.0,94.730576
118.0,94.74222
117.00000000000001,94.74728
99.3,94.72079
112.0,94.72079
110.0,94.72079
101.00000000000001,94.72079
101.00000000000001,94.72079
101.00000000000001,94.72079
104.0,94.72079
106.0,94.72079
114.0,94.72079
104.0,94.72079
112.0,94.72079
127.0,94.72079
114.99999999999999,94.72264
110.0,94.724846
99.99999999999999,94.72581
108.00000000000001,94.72079
125.00000000000001,94.72079
122.99999999999999,94.72079
122.0,94.72079
122.0,94.727104
102.0,94.73587
104.0,94.74061
106.0,94.72413
114.0,94.72079
110.0,94.72079
108.00000000000001,94.72079
108.00000000000001,94.72079
108.00000000000001,94.72079
102.0,94.72079
108.00000000000001,94.72395
117.00000000000001,94.72772
98.8,94.729355
94.6,94.72079
86.2,94.72079
85.4,94.72079
83.3,94.72079
83.0,94.72079
106.99999999999999,94.72079
89.6,94.72079
90.7,94.72079
89.9,94.72079
78.3,94.72079
73.3,94.72349
78.2,94.72671
93.1,94.7281
94.9,94.72079
89.1,94.72079
81.3,94.72079
75.6,94.72079
115.99999999999999,94.72079
105.0,94.72079
112.0,94.72079
120.0,94.72079
104.0,94.72079
103.0,94.72079
102.0,94.72079
101.00000000000001,94.72079
106.99999999999999,94.72079
106.0,94.72079
106.0,94.72079
89.5,94.72079
112.0,94.72079
87.3,94.72079
92.4,94.72079
99.5,94.72079
97.0,94.72079
99.99999999999999,94.72079
98.2,94.72079
95.4,94.72079
99.9,94.72079
105.0,94.72079
102.0,94.72079
97.0,94.72079
84.5,94.72079
95.2,94.72079
101.00000000000001,94.72079
97.2,94.72079
124.00000000000001,94.72079
125.00000000000001,94.72079
122.0,94.72079
112.0,94.72079
117.00000000000001,94.72079
109.00000000000001,94.72079
113.0,94.72079
110.0,94.72079
108.00000000000001,94.72079
98.3,94.72079
102.0,94.72079
105.0,94.72079
108.00000000000001,94.72079
111.0,94.72079
114.0,94.72857
102.0,94.73785
106.0,94.74186
90.0,94.72079
85.8,94.72079
93.0,94.72079
94.0,94.72079
104.0,94.72079
106.0,94.72079
106.99999999999999,94.72079
92.9,94.72079
103.0,94.72079
95.0,94.72079
95.5,94.72079
132.0,94.72079
131.0,94.72079
131.0,94.72079
134.0,94.72079
141.0,94.72079
135.0,94.72079
143.0,94.72079
156.0,94.72079
189.0,94.72734
222.0,94.76074
162.0,94.82631
150.0,94.85748
150.0,94.80309
140.0,94.72079
167.0,94.72079
147.0,94.72079
153.0,94.73011
139.0,94.74512
142.0,94.75767
131.0,94.7382
143.0,94.73069
141.0,94.724174
139.0,94.72497
132.0,94.72079
135.0,94.72079
131.0,94.72079
136.0,94.72079
147.0,94.72079
72.9,94.72541
72.9,94.75529
74.2,94.766884
81.9,94.77578
81.9,94.77578
83.3,94.78063
79.3,94.78903
79.3,94.79581
78.1,94.78505
78.1,94.78439
78.1,94.77578
78.1,94.77578
78.1,94.77578
80.6,94.77578
83.3,94.77578
83.3,94.77578
84.7,94.78747
81.9,94.80984
81.9,94.8231
81.9,94.79096
79.3,94.79266
79.3,94.80984
79.3,94.808556
79.3,94.78062
79.3,94.78304
76.8,94.77885
76.8,94.77638
76.8,94.777336
79.3,94.777695
85.1,94.77698
84.0,94.77888
81.7,94.77961
80.6,94.77578
79.6,94.77578
79.6,94.77578
79.6,94.77578
78.5,94.77578
76.4,94.77578
75.4,94.77578
74.4,94.77578
74.4,94.77704
73.3,94.77904
74.4,94.77981
74.4,94.77578
72.3,94.77578
72.3,94.77578
70.2,94.77578
70.2,94.77578
70.2,94.77578
72.3,94.77578
70.2,94.77578
69.2,94.77578
68.3,94.77578
69.2,94.77578
69.2,94.77578
67.3,94.77578
66.3,94.77578
126.0,94.77578
126.0,94.77578
124.00000000000001,94.779434
118.0,94.785225
118.0,94.78745
119.0,94.77578
115.99999999999999,94.78058
113.0,94.78816
112.0,94.791084
112.0,94.77638
110.0,94.77787
110.0,94.77909
110.0,94.777504
109.00000000000001,94.77578
106.99999999999999,94.77578
105.0,94.77578
105.0,94.77578
110.0,94.77578
105.0,94.77578
103.0,94.77578
102.0,94.77578
102.0,94.77578
99.99999999999999,94.77578
99.10000000000001,94.77578
97.9,94.77578
96.7,94.77578
96.7,94.77578
96.7,94.77578
87.3,94.77578
86.2,94.77986
85.1,94.7935
82.8,94.80743
81.7,94.798904
80.6,94.77578
80.6,94.77578
80.6,94.77578
78.5,94.77578
78.5,94.77578
76.4,94.77578
75.4,94.77578
75.4,94.77578
75.4,94.77578
75.4,94.77578
74.4,94.77578
72.3,94.77578
70.2,94.77578
70.2,94.77578
70.2,94.77578
68.3,94.77578
68.3,94.77578
69.2,94.777336
70.2,94.77981
70.2,94.780754
72.3,94.77578
70.2,94.77578
70.2,94.77578
74.7,94.77578
75.9,94.77578
74.7,94.77578
73.5,94.77578
72.2,94.77578
69.8,94.77578
68.6,94.77578
68.6,94.77578
68.6,94.77578
69.8,94.77614
69.8,94.77671
68.6,94.77693
68.6,94.77578
66.1,94.77578
64.9,94.77578
64.9,94.77578
63.7,94.77578
63.7,94.77578
62.6,94.77578
63.7,94.77578
68.6,94.77578
68.6,94.779076
63.7,94.7843
62.6,94.78631
61.49999999999999,94.77578
60.4,94.77578
59.300000000000004,94.77578
59.300000000000004,94.77578
59.300000000000004,94.77578
92.2,94.77578
92.2,94.77578
92.9,94.77578
90.7,94.78176
92.2,94.791245
92.2,94.7949
92.2,94.77578
90.7,94.7789
90.7,94.78384
87.9,94.78705
88.5,94.77919
87.2,94.77999
86.5,94.77578
86.5,94.77578
85.2,94.77578
83.9,94.77578
86.5,94.77578
86.5,94.77621
85.9,94.77687
85.2,94.77712
85.9,94.77578
86.5,94.77578
85.2,94.77578
83.9,94.77578
90.7,94.77578
90.0,94.77578
86.5,94.77578
86.5,94.77578
450.22969414423966,94.77578
450.22969414423966,94.77578
450.22969414423966,94.77578
450.22969414423966,94.77578
450.22969414423966,94.77578
450.22969414423966,94.77578
450.22969414423966,94.77578
450.22969414423966,94.77578
450.22969414423966,94.77578
450.22969414423966,94.77578
450.22969414423966,94.77578
126.0,94.77585
117.00000000000001,94.79094
112.0,94.81475
113.0,94.82373
118.0,94.77596
113.0,94.78788
109.00000000000001,94.80807
106.99999999999999,94.817245
106.99999999999999,94.78114
105.0,94.77578
105.0,94.77578
104.0,94.77578
101.00000000000001,94.77578
97.9,94.77578
94.6,94.77578
93.7,94.77578
93.1,94.77578
120.0,94.77578
122.99999999999999,94.77578
126.0,94.77578
124.00000000000001,94.77578
124.00000000000001,94.77578
124.00000000000001,94.77806
122.99999999999999,94.78167
122.0,94.78306
122.0,94.77578
122.0,94.77578
122.99999999999999,94.77578
120.0,94.7759
120.0,94.77609
120.0,94.77616
120.0,94.77578
120.0,94.77578
120.0,94.77578
122.0,94.77578
122.0,94.77578
119.0,94.77818
117.00000000000001,94.78198
114.0,94.78344
113.0,94.77578
113.0,94.77578
111.0,94.77578
110.0,94.77578
110.0,94.77578
110.0,94.77578
96.6,94.77578
96.6,94.77578
98.1,94.77578
96.6,94.77578
95.1,94.77578
98.1,94.77578
99.6,94.77578
101.00000000000001,94.77578
99.6,94.77578
98.1,94.77578
98.1,94.77578
96.6,94.77578
96.6,94.77578
93.6,94.77578
95.1,94.77578
93.6,94.7759
93.6,94.78028
92.2,94.787
92.2,94.78917
89.2,94.77698
89.2,94.77888
90.7,94.77961
93.6,94.77578
93.6,94.779495
96.6,94.785385
95.1,94.78926
90.7,94.77996
89.2,94.78107
90.7,94.77609
72.0,94.77616
72.0,94.77578
70.0,94.77578
69.0,94.77578
67.9,94.77578
67.9,94.77578
66.9,94.77578
62.79999999999999,94.77578
61.8,94.77578
60.9,94.77578
60.9,94.77578
60.0,94.77578
58.10000000000001,94.77578
57.20000000000001,94.77578
57.20000000000001,94.77578
56.3,94.77578
55.4,94.77578
55.4,94.77578
56.3,94.77578
62.79999999999999,94.77578
62.79999999999999,94.77758
60.0,94.780426
59.1,94.78153
58.10000000000001,94.77578
57.20000000000001,94.77578
58.10000000000001,94.77578
57.20000000000001,94.77578
58.10000000000001,94.77578
91.7,94.77578
90.1,94.77578
88.5,94.77578
85.2,94.77578
91.7,94.79079
88.5,94.81457
86.8,94.82373
85.2,94.77578
83.6,94.77578
83.6,94.77578
82.0,94.77578
82.0,94.77578
78.8,94.78266
77.4,94.80538
75.9,94.83058
74.5,94.81957
73.0,94.78287
73.0,94.78176
74.5,94.791245
74.5,94.79847
73.0,94.79369
73.0,94.80959
73.0,94.80346
74.5,94.77578
74.5,94.77578
73.0,94.77578
77.4,94.77578
78.8,94.77578
91.7,94.77578
90.1,94.77578
88.5,94.77578
85.2,94.77578
91.7,94.77578
88.5,94.77788
86.8,94.781204
85.2,94.78248
83.6,94.77578
83.6,94.77578
82.0,94.77578
82.0,94.77578
78.8,94.77578
77.4,94.77578
75.9,94.77578
74.5,94.77578
73.0,94.77578
73.0,94.77578
74.5,94.77578
74.5,94.77578
73.0,94.77578
73.0,94.77578
73.0,94.77578
74.5,94.77578
74.5,94.77578
73.0,94.77578
77.4,94.77578
90.1,94.77578
118.0,94.789246
120.0,94.81588
115.99999999999999,94.83259
114.0,94.79299
110.0,94.77578
114.0,94.77578
112.0,94.77578
126.0,94.77578
128.0,94.78593
120.0,94.80202
106.0,94.80821
110.0,94.77578
106.0,94.77578
102.0,94.77578
106.0,94.77578
104.0,94.77578
102.0,94.77578
102.0,94.77578
98.0,94.77578
96.0,94.77578
94.0,94.77578
94.0,94.77578
94.0,94.77578
92.0,94.77578
92.0,94.77578
90.0,94.77578
90.0,94.77578
90.0,94.77578
94.0,94.77578
84.0,94.77578
82.0,94.77578
80.0,94.779076
78.5,94.7843
78.5,94.78631
78.5,94.77578
77.0,94.77578
75.5,94.77578
74.0,94.77578
86.0,94.77578
94.0,94.77578
82.0,94.77578
78.5,94.77578
82.0,94.77578
88.0,94.77578
88.0,94.77578
84.0,94.77578
84.0,94.77578
77.0,94.77578
75.5,94.778
74.0,94.78152
72.5,94.7858
69.5,94.78337
68.0,94.78516
66.5,94.77578
68.0,94.77578
71.0,94.77578
71.0,94.77578
91.7,94.77578
88.5,94.78058
86.8,94.78816
85.2,94.791084
83.6,94.77578
83.6,94.77578
80.4,94.77578
78.8,94.77578
86.8,94.77578
113.0,94.77578
111.0,94.78682
102.0,94.8055
94.9,94.814125
85.2,94.77961
82.0,94.77578
82.0,94.77578
80.4,94.77578
78.8,94.77638
77.4,94.777336
75.9,94.777695
74.5,94.77578
74.5,94.77578
85.2,94.77578
78.8,94.77937
78.8,94.78507
75.9,94.78726
73.0,94.77578
71.6,94.77578
82.0,94.77578
82.0,94.77578
82.0,94.77578
80.0,94.77578
78.5,94.77578
80.0,94.77578
80.0,94.77578
78.5,94.77578
77.0,94.77578
80.0,94.77578
80.0,94.77578
80.0,94.77578
80.0,94.77578
78.5,94.77578
78.5,94.77578
84.0,94.77578
92.0,94.776505
84.0,94.77764
82.0,94.77808
78.5,94.77578
77.0,94.77578
74.0,94.77578
78.5,94.77578
96.0,94.77578
96.0,94.79479
82.0,94.83436
75.5,94.861176
77.0,94.806694
93.4,94.77578
91.1,94.77578
91.1,94.77578
88.9,94.77578
86.7,94.77578
85.2,94.77578
83.1,94.77578
81.6,94.77578
81.6,94.77578
109.00000000000001,94.77578
149.0,94.77698
194.0,94.79138
148.0,94.830376
127.0,94.86712
115.99999999999999,94.8445
113.0,94.78669
108.00000000000001,94.77578
103.0,94.780334
98.8,94.787544
99.6,94.79032
98.1,94.77578
95.0,94.77578
91.9,94.77578
91.1,94.778595
88.9,94.783066
108.00000000000001,94.784775
108.00000000000001,94.78058
149.0,94.79096
121.0,94.80509
89.6,94.80236
88.2,94.79757
87.4,94.77578
86.7,94.77578
88.9,94.77578
86.7,94.77668
85.2,94.77811
83.8,94.778656
83.1,94.77578
81.6,94.77578
80.9,94.77578
79.4,94.77578
78.0,94.77578
76.6,94.77578
76.6,94.77578
76.6,94.77578
73.8,94.77578
72.5,94.77578
69.9,94.77578
68.6,94.77578
68.6,94.77578
69.2,94.77578
69.2,94.77578
72.5,94.77578
71.2,94.77836
71.8,94.78244
73.1,94.78401
72.5,94.77578
109.00000000000001,94.77578
108.00000000000001,94.77578
111.0,94.77578
112.0,94.77578
110.0,94.77578
106.99999999999999,94.77578
106.0,94.77578
106.0,94.77578
105.0,94.77578
103.0,94.77578
102.0,94.77578
102.0,94.77578
102.0,94.77578
102.0,94.77578
101.00000000000001,94.77578
98.8,94.77578
97.4,94.77578
96.0,94.77578
96.7,94.77578
102.0,94.77578
98.1,94.77578
96.0,94.77578
94.6,94.77578
92.6,94.77578
101.00000000000001,94.77578
106.0,94.77698
97.4,94.78521
101.00000000000001,94.79598
103.0,94.79604
102.0,94.77578
102.0,94.77578
101.00000000000001,94.77578
109.00000000000001,94.77578
98.8,94.77578
97.3,94.77578
96.5,94.77578
95.8,94.77578
95.8,94.77578
94.2,94.77578
94.2,94.77578
92.7,94.77578
91.9,94.77578
91.1,94.77578
89.6,94.77578
90.4,94.77578
89.6,94.77578
88.2,94.77578
86.7,94.77578
87.4,94.77578
86.7,94.77578
85.2,94.77638
88.2,94.777336
87.4,94.777695
86.7,94.77578
86.0,94.77578
85.2,94.77578
92.7,94.77578
95.5,94.77578
94.8,94.77578
92.7,94.77578
91.3,94.77578
94.8,94.77578
97.0,94.77578
99.10000000000001,94.77578
96.2,94.78045
93.4,94.78785
91.3,94.7907
92.7,94.77578
99.10000000000001,94.77578
96.2,94.77578
92.0,94.78027
89.9,94.78739
88.6,94.79012
87.3,94.77578
85.3,94.77578
84.6,94.77578
83.3,94.77578
82.0,94.77578
82.0,94.77578
79.3,94.77578
78.0,94.77578
78.0,94.77578
76.7,94.77578
76.7,94.77578
78.0,94.77578
99.3,94.77578
97.4,94.77578
95.5,94.77578
91.3,94.77578
89.9,94.77578
89.5,94.77578
87.7,94.77578
87.7,94.77578
87.3,94.77578
88.1,94.77578
89.5,94.77578
92.7,94.77578
90.4,94.77578
88.6,94.77578
87.3,94.77578
87.3,94.77578
86.4,94.77578
85.1,94.77578
83.3,94.77578
83.3,94.77578
82.0,94.77578
86.8,94.77578
85.9,94.77818
84.6,94.78198
85.5,94.78344
88.6,94.77578
88.6,94.777336
87.3,94.79183
90.0,94.81186
86.8,94.81428
95.5,94.77578
81.04,94.77578
86.4,94.77578
86.2,94.77578
110.0,94.77578
111.0,94.77578
103.0,94.77578
101.00000000000001,94.77578
99.3,94.77728
104.0,94.779655
450.22969414423966,94.78057
450.22969414423966,94.77578
450.22969414423966,94.78504
450.22969414423966,94.79971
450.22969414423966,94.80536
450.22969414423966,94.77578
450.22969414423966,94.77578
450.22969414423966,94.77578
450.22969414423966,94.77578
450.22969414423966,94.77578
450.22969414423966,94.77578
450.22969414423966,94.77578
450.22969414423966,94.77578
450.22969414423966,94.77578
450.22969414423966,94.77578
450.22969414423966,94.78284
450.22969414423966,94.79711
450.22969414423966,94.806335
450.22969414423966,94.79916
450.22969414423966,94.81059
450.22969414423966,94.81882
450.22969414423966,94.77578
450.22969414423966,94.77578
450.22969414423966,94.77578
450.22969414423966,94.77578
450.22969414423966,94.77578
450.22969414423966,94.77578
450.22969414423966,94.77578
97.5,94.77578
98.2,94.77578
98.6,94.77578
92.4,94.77578
91.2,94.77578
86.3,94.77578
101.00000000000001,94.77578
120.0,94.77578
131.0,94.793144
113.0,94.82843
104.0,94.85154
103.0,94.801186
92.3,94.77578
82.9,94.77578
102.0,94.788124
108.00000000000001,94.807686
122.0,94.81522
120.0,94.77578
122.0,94.77578
128.0,94.77578
120.0,94.77578
119.0,94.77578
114.0,94.77578
114.99999999999999,94.77578
109.00000000000001,94.77638
113.0,94.777336
113.0,94.777695
106.0,94.77578
109.00000000000001,94.77578
106.0,94.77578
101.00000000000001,94.77578
114.99999999999999,94.77578
112.0,94.77578
97.2,94.77578
105.0,94.77578
104.0,94.77578
108.00000000000001,94.77578
85.1,94.779076
106.99999999999999,94.7843
113.0,94.78631
111.0,94.77578
101.00000000000001,94.77578
113.0,94.77578
121.0,94.77578
106.0,94.77578
122.0,94.77578
121.0,94.77578
111.0,94.77806
108.00000000000001,94.78442
105.0,94.79017
99.5,94.784584
126.0,94.77578
122.99999999999999,94.77578
115.99999999999999,94.77578
119.0,94.77578
102.0,94.77578
109.00000000000001,94.77578
94.3,94.77578
92.0,94.77578
98.8,94.77578
106.99999999999999,94.77578
114.99999999999999,94.77578
124.00000000000001,94.77698
101.00000000000001,94.77888
114.0,94.77961
111.0,94.77578
104.0,94.77578
99.9,94.77578
104.0,94.77578
108.00000000000001,94.77578
105.0,94.77578
104.0,94.77578
103.0,94.77578
108.00000000000001,94.77578
105.0,94.77578
110.0,94.77578
108.00000000000001,94.77578
98.7,94.77578
99.99999999999999,94.77578
99.99999999999999,94.77578
99.99999999999999,94.77578
95.4,94.77578
114.0,94.77578
121.0,94.77578
109.00000000000001,94.77578
106.99999999999999,94.77578
96.2,94.77578
97.6,94.77578
115.99999999999999,94.77578
109.00000000000001,94.77578
111.0,94.77578
108.00000000000001,94.77578
111.0,94.77578
106.99999999999999,94.77578
106.99999999999999,94.77578
108.00000000000001,94.77578
102.0,94.77578
111.0,94.77578
109.00000000000001,94.77578
108.00000000000001,94.77578
92.1,94.77578
89.7,94.77578
105.0,94.77578
96.7,94.77578
99.7,94.77578
103.0,94.77578
120.0,94.776505
90.1,94.78141
96.8,94.78783
106.0,94.7885
95.8,94.77749
90.1,94.77939
84.8,94.779655
89.5,94.78057
245.0,94.77872
205.0,94.78445
160.0,94.82569
128.0,94.88759
96.3,94.914375
105.0,94.790726
114.0,94.777336
104.0,94.777695
104.0,94.77578
109.00000000000001,94.77578
97.9,94.77578
93.5,94.77578
103.0,94.77578
98.2,94.77578
98.5,94.798134
129.0,94.85326
127.0,94.89778
118.0,94.839386
108.00000000000001,94.77578
99.9,94.77578
124.00000000000001,94.77578
106.99999999999999,94.77578
105.0,94.77578
103.0,94.77578
103.0,94.77578
106.0,94.77578
97.1,94.77578
94.8,94.77578
98.8,94.77578
97.1,94.77578
99.99999999999999,94.77578
102.0,94.77578
112.0,94.77578
121.0,94.77578
108.00000000000001,94.77578
106.99999999999999,94.77578
106.0,94.77578
99.20000000000002,94.77578
102.0,94.77578
102.0,94.77578
101.00000000000001,94.77578
105.0,94.77578
102.0,94.77578
99.99999999999999,94.77578
91.1,94.77578
84.9,94.77578
75.4,94.77578
82.3,94.77578
86.9,94.77578
87.3,94.77578
79.8,94.77578
69.4,94.77578
79.9,94.77578
81.5,94.77578
81.3,94.77578
88.9,94.77578
76.6,94.77578
81.3,94.77578
82.0,94.77578
72.1,94.77578
81.4,94.77578
81.3,94.77578
78.7,94.77578
81.3,94.77578
75.9,94.77578
77.0,94.77578
72.2,94.77578
74.4,94.77578
74.0,94.77578
74.0,94.77578
75.1,94.77578
60.4,94.77578
85.8,94.77578
86.4,94.77578
103.0,94.77578
98.9,94.77578
90.7,94.77578
98.1,94.77578
96.8,94.77578
86.6,94.77578
95.9,94.77578
97.1,94.77578
132.0,94.78189
131.0,94.80438
114.99999999999999,94.82855
109.00000000000001,94.81711
103.0,94.77578
103.0,94.77806
96.5,94.78167
102.0,94.78605
97.2,94.78352
96.9,94.785355
101.00000000000001,94.77578
97.3,94.77578
91.7,94.77578
94.9,94.77578
89.7,94.77578
88.9,94.77578
88.2,94.77578
77.1,94.77578
111.0,94.77578
104.0,94.77578
119.0,94.77578
112.0,94.77578
105.0,94.77578
97.3,94.77578
110.0,94.77578
97.8,94.77578
106.99999999999999,94.77578
106.0,94.77578
106.99999999999999,94.77578
108.00000000000001,94.77578
87.8,94.77578
106.99999999999999,94.77578
109.00000000000001,94.77578
87.8,94.77578
129.0,94.77578
124.00000000000001,94.77578
118.0,94.77854
109.00000000000001,94.782906
105.0,94.784584
99.79999999999998,94.77578
109.00000000000001,94.77578
110.0,94.77578
105.0,94.77578
109.00000000000001,94.77578
99.99999999999999,94.77578
106.0,94.77578
83.9,94.77578
85.3,94.77578
89.7,94.77578
91.1,94.77578
92.7,94.77578
83.1,94.77578
86.8,94.77578
110.0,94.77578
99.4,94.77578
122.0,94.7906
101.00000000000001,94.83095
96.7,94.86706
87.3,94.83072
90.6,94.77578
92.8,94.77578
96.2,94.77578
98.7,94.77578
98.7,94.77578
97.7,94.77578
92.6,94.77578
86.3,94.77578
84.4,94.77578
94.1,94.77578
88.2,94.77578
90.2,94.77578
88.2,94.77578
87.3,94.77578
87.8,94.77578
85.0,94.77578
86.8,94.77578
89.3,94.77578
85.8,94.77578
83.9,94.77578
85.8,94.77578
111.0,94.77578
135.0,94.78045
121.0,94.804405
96.1,94.834755
93.6,94.83208
101.00000000000001,94.77961
91.7,94.77578
95.9,94.77578
93.7,94.77578
98.0,94.77578
86.3,94.77578
92.2,94.77578
103.0,94.77578
145.0,94.79197
105.0,94.830215
105.0,94.86035
102.0,94.816925
106.99999999999999,94.77806
97.1,94.78167
91.6,94.78306
95.8,94.77578
101.00000000000001,94.77578
105.0,94.77578
110.0,94.77578
110.0,94.77578
136.0,94.77578
133.0,94.77578
132.0,94.77578
130.0,94.77578
130.0,94.77578
129.0,94.77578
129.0,94.77578
132.0,94.77578
113.0,94.77578
117.00000000000001,94.77578
101.00000000000001,94.77578
96.1,94.77578
111.0,94.77578
127.0,94.77578
134.0,94.77848
138.0,94.78275
125.00000000000001,94.78583
124.00000000000001,94.779495
111.0,94.78037
125.00000000000001,94.77578
114.0,94.77578
114.0,94.77578
104.0,94.77578
106.99999999999999,94.77578
102.0,94.77578
104.0,94.77578
106.0,94.7783
117.00000000000001,94.78229
115.99999999999999,94.78382
120.0,94.77578
119.0,94.77578
121.0,94.77578
118.0,94.77578
117.00000000000001,94.77578
99.3,94.77578
112.0,94.77578
110.0,94.77578
101.00000000000001,94.77578
101.00000000000001,94.77578
101.00000000000001,94.77578
104.0,94.77578
106.0,94.77578
114.0,94.77578
104.0,94.77578
112.0,94.77578
127.0,94.77578
114.99999999999999,94.77578
110.0,94.77578
99.99999999999999,94.77578
108.00000000000001,94.77578
125.00000000000001,94.77578
122.99999999999999,94.77578
122.0,94.77578
122.0,94.78248
102.0,94.801865
104.0,94.819916
106.0,94.80403
114.0,94.77578
110.0,94.77578
108.00000000000001,94.77578
108.00000000000001,94.77578
108.00000000000001,94.77578
102.0,94.77578
108.00000000000001,94.77621
117.00000000000001,94.78064
98.8,94.78687
94.6,94.787834
86.2,94.77578
85.4,94.77578
83.3,94.77578
83.0,94.77578
106.99999999999999,94.77578
89.6,94.77578
90.7,94.77578
89.9,94.77578
78.3,94.77578
73.3,94.77578
78.2,94.77578
93.1,94.77578
94.9,94.77578
89.1,94.77752
81.3,94.78027
75.6,94.781334
115.99999999999999,94.77578
105.0,94.77578
112.0,94.77578
120.0,94.77578
104.0,94.77578
103.0,94.77578
102.0,94.77578
101.00000000000001,94.77578
106.99999999999999,94.77578
106.0,94.77578
106.0,94.77578
89.5,94.77578
112.0,94.77578
87.3,94.77578
92.4,94.77578
99.5,94.77578
97.0,94.77578
99.99999999999999,94.77578
98.2,94.77578
95.4,94.77578
99.9,94.77578
105.0,94.77578
102.0,94.77578
97.0,94.77578
84.5,94.77578
95.2,94.77578
101.00000000000001,94.77578
97.2,94.77578
124.00000000000001,94.77578
125.00000000000001,94.77578
122.0,94.77578
112.0,94.77578
117.00000000000001,94.77578
109.00000000000001,94.77578
113.0,94.77578
110.0,94.77578
108.00000000000001,94.77578
98.3,94.77578
102.0,94.77578
105.0,94.77578
108.00000000000001,94.77578
111.0,94.77578
114.0,94.77578
102.0,94.77578
106.0,94.77788
90.0,94.781204
85.8,94.78248
93.0,94.77578
94.0,94.77578
104.0,94.77578
106.0,94.77578
106.99999999999999,94.77578
92.9,94.77578
103.0,94.77578
95.0,94.77686
95.5,94.77857
132.0,94.77923
131.0,94.77578
131.0,94.77578
134.0,94.77578
141.0,94.77578
135.0,94.77578
143.0,94.77578
156.0,94.77578
189.0,94.78009
222.0,94.80138
162.0,94.84393
150.0,94.86658
150.0,94.83128
140.0,94.77578
167.0,94.77578
147.0,94.77578
153.0,94.77812
139.0,94.78415
142.0,94.80261
131.0,94.81783
143.0,94.820694
141.0,94.781204
139.0,94.78248
132.0,94.77578
135.0,94.77578
131.0,94.77578
136.0,94.77578
147.0,94.77578
72.9,94.7789
72.9,94.759636
74.2,94.727394
81.9,94.67293
81.9,94.67529
83.3,94.678734
79.3,94.68346
79.3,94.68018
78.1,94.68241
78.1,94.67293
78.1,94.67293
78.1,94.67293
78.1,94.67293
80.6,94.67293
83.3,94.67293
83.3,94.67293
84.7,94.67293
81.9,94.67293
81.9,94.67293
81.9,94.67293
79.3,94.67293
79.3,94.67293
79.3,94.67293
79.3,94.67293
79.3,94.67293
76.8,94.67293
76.8,94.67293
76.8,94.67293
79.3,94.67293
85.1,94.67293
84.0,94.67293
81.7,94.67293
80.6,94.67293
79.6,94.67293
79.6,94.67293
79.6,94.67293
78.5,94.67293
76.4,94.67381
75.4,94.6751
74.4,94.67577
74.4,94.67293
73.3,94.67293
74.4,94.67293
74.4,94.67293
72.3,94.67293
72.3,94.67293
70.2,94.67293
70.2,94.67293
70.2,94.67293
72.3,94.67293
70.2,94.67293
69.2,94.67293
68.3,94.67293
69.2,94.67293
69.2,94.67293
67.3,94.67293
66.3,94.67293
126.0,94.67293
126.0,94.67293
124.00000000000001,94.67941
118.0,94.68943
118.0,94.695206
119.0,94.67483
115.99999999999999,94.67293
113.0,94.67293
112.0,94.67293
112.0,94.67293
110.0,94.67293
110.0,94.67293
110.0,94.67293
109.00000000000001,94.67293
106.99999999999999,94.67293
105.0,94.67293
105.0,94.67293
110.0,94.67293
105.0,94.67293
103.0,94.67293
102.0,94.67293
102.0,94.67293
99.99999999999999,94.67293
99.10000000000001,94.67293
97.9,94.67293
96.7,94.67293
96.7,94.67293
96.7,94.67293
87.3,94.67293
86.2,94.67293
85.1,94.67293
82.8,94.67293
81.7,94.67293
80.6,94.67293
80.6,94.67293
80.6,94.67293
78.5,94.67293
78.5,94.67293
76.4,94.67293
75.4,94.67293
75.4,94.67293
75.4,94.67293
75.4,94.67293
74.4,94.67293
72.3,94.67293
70.2,94.67293
70.2,94.67293
70.2,94.67293
68.3,94.67293
68.3,94.67293
69.2,94.67293
70.2,94.67293
70.2,94.67293
72.3,94.67293
70.2,94.67411
70.2,94.675835
74.7,94.67672
75.9,94.67293
74.7,94.67293
73.5,94.67293
72.2,94.67293
69.8,94.67293
68.6,94.67293
68.6,94.67293
68.6,94.67293
69.8,94.67293
69.8,94.67293
68.6,94.67293
68.6,94.67293
66.1,94.67293
64.9,94.67293
64.9,94.67293
63.7,94.67293
63.7,94.67293
62.6,94.67293
63.7,94.67293
68.6,94.67293
68.6,94.67411
63.7,94.67908
62.6,94.68469
61.49999999999999,94.68336
60.4,94.67293
59.300000000000004,94.67293
59.300000000000004,94.67293
59.300000000000004,94.67293
92.2,94.67293
92.2,94.67293
92.9,94.67293
90.7,94.67293
92.2,94.67293
92.2,94.67293
92.2,94.67293
90.7,94.67293
90.7,94.67293
87.9,94.67293
88.5,94.67293
87.2,94.67293
86.5,94.67293
86.5,94.67293
85.2,94.67293
83.9,94.67293
86.5,94.67293
86.5,94.67293
85.9,94.67293
85.2,94.67293
85.9,94.67293
86.5,94.67293
85.2,94.67293
83.9,94.67293
90.7,94.67293
90.0,94.67293
86.5,94.67293
86.5,94.67293
450.22969414423966,94.67293
450.22969414423966,94.67293
450.22969414423966,94.67293
450.22969414423966,94.67293
450.22969414423966,94.67293
450.22969414423966,94.67293
450.22969414423966,94.67293
450.22969414423966,94.67293
450.22969414423966,94.67293
450.22969414423966,94.67293
450.22969414423966,94.67293
126.0,94.68001
117.00000000000001,94.70047
112.0,94.72071
113.0,94.70584
118.0,94.67293
113.0,94.677055
109.00000000000001,94.68895
106.99999999999999,94.70059
106.99999999999999,94.69187
105.0,94.67293
105.0,94.67293
104.0,94.67293
101.00000000000001,94.67293
97.9,94.67293
94.6,94.67293
93.7,94.67293
93.1,94.67293
120.0,94.67293
122.99999999999999,94.67293
126.0,94.67293
124.00000000000001,94.67293
124.00000000000001,94.67293
124.00000000000001,94.67293
122.99999999999999,94.67293
122.0,94.67293
122.0,94.67293
122.0,94.67293
122.99999999999999,94.67293
120.0,94.67293
120.0,94.67293
120.0,94.67293
120.0,94.67293
120.0,94.67293
120.0,94.67293
122.0,94.67411
122.0,94.675835
119.0,94.68743
117.00000000000001,94.69965
114.0,94.70735
113.0,94.67293
113.0,94.67293
111.0,94.67293
110.0,94.67293
110.0,94.67293
110.0,94.67293
96.6,94.67293
96.6,94.67293
98.1,94.67293
96.6,94.67293
95.1,94.67293
98.1,94.67293
99.6,94.67293
101.00000000000001,94.67293
99.6,94.67293
98.1,94.67293
98.1,94.67293
96.6,94.67293
96.6,94.67293
93.6,94.67293
95.1,94.67293
93.6,94.67612
93.6,94.68311
92.2,94.68896
92.2,94.68051
89.2,94.67293
89.2,94.67293
90.7,94.67293
93.6,94.67293
93.6,94.67293
96.6,94.67293
95.1,94.68001
90.7,94.69029
89.2,94.69565
90.7,94.67293
72.0,94.67293
72.0,94.67293
70.0,94.67293
69.0,94.67293
67.9,94.67293
67.9,94.67293
66.9,94.67293
62.79999999999999,94.67293
61.8,94.67293
60.9,94.67293
60.9,94.67293
60.0,94.67293
58.10000000000001,94.67293
57.20000000000001,94.67293
57.20000000000001,94.67293
56.3,94.67293
55.4,94.67293
55.4,94.67293
56.3,94.67293
62.79999999999999,94.67293
62.79999999999999,94.67617
60.0,94.68502
59.1,94.69347
58.10000000000001,94.686195
57.20000000000001,94.67293
58.10000000000001,94.67293
57.20000000000001,94.67293
58.10000000000001,94.67293
91.7,94.67293
90.1,94.67293
88.5,94.67293
85.2,94.67293
91.7,94.67293
88.5,94.67293
86.8,94.67293
85.2,94.67293
83.6,94.67293
83.6,94.67293
82.0,94.67293
82.0,94.67293
78.8,94.67293
77.4,94.67293
75.9,94.67293
74.5,94.71045
73.0,94.769684
73.0,94.789055
74.5,94.677666
74.5,94.67293
73.0,94.67293
73.0,94.67293
73.0,94.67293
74.5,94.67293
74.5,94.67293
73.0,94.67293
77.4,94.6744
78.8,94.67656
91.7,94.677666
90.1,94.67293
88.5,94.67293
85.2,94.67293
91.7,94.67293
88.5,94.67293
86.8,94.67293
85.2,94.67293
83.6,94.67293
83.6,94.67293
82.0,94.67293
82.0,94.67293
78.8,94.67293
77.4,94.67293
75.9,94.67293
74.5,94.67293
73.0,94.67293
73.0,94.67293
74.5,94.67293
74.5,94.67293
73.0,94.67293
73.0,94.67293
73.0,94.67293
74.5,94.67293
74.5,94.67293
73.0,94.67293
77.4,94.67293
90.1,94.67647
118.0,94.695984
120.0,94.72064
115.99999999999999,94.71913
114.0,94.67293
110.0,94.67293
114.0,94.67293
112.0,94.67293
126.0,94.68176
128.0,94.69815
120.0,94.70991
106.0,94.684296
110.0,94.67293
106.0,94.67293
102.0,94.67293
106.0,94.67293
104.0,94.67293
102.0,94.67293
102.0,94.67293
98.0,94.67293
96.0,94.67293
94.0,94.67293
94.0,94.67293
94.0,94.67293
92.0,94.67293
92.0,94.67293
90.0,94.67293
90.0,94.67293
90.0,94.67293
94.0,94.67293
84.0,94.67293
82.0,94.67293
80.0,94.67293
78.5,94.67293
78.5,94.67293
78.5,94.67293
77.0,94.67293
75.5,94.67293
74.0,94.67293
86.0,94.67293
94.0,94.67293
82.0,94.67293
78.5,94.67293
82.0,94.67293
88.0,94.67293
88.0,94.67293
84.0,94.67293
84.0,94.67293
77.0,94.67293
75.5,94.67293
74.0,94.676765
72.5,94.68236
69.5,94.68525
68.0,94.67293
66.5,94.67293
68.0,94.67293
71.0,94.673515
71.0,94.67438
91.7,94.67483
88.5,94.67293
86.8,94.67293
85.2,94.67293
83.6,94.67293
83.6,94.67293
80.4,94.67293
78.8,94.67293
86.8,94.67293
113.0,94.67293
111.0,94.68494
102.0,94.703094
94.9,94.711494
85.2,94.67293
82.0,94.67293
82.0,94.67293
80.4,94.67293
78.8,94.67293
77.4,94.67293
75.9,94.67293
74.5,94.67293
74.5,94.67293
85.2,94.67293
78.8,94.67735
78.8,94.68381
75.9,94.68714
73.0,94.67293
71.6,94.67293
82.0,94.67293
82.0,94.67293
82.0,94.67293
80.0,94.67293
78.5,94.67293
80.0,94.67293
80.0,94.67293
78.5,94.67293
77.0,94.67293
80.0,94.67293
80.0,94.67293
80.0,94.67293
80.0,94.67293
78.5,94.67293
78.5,94.67293
84.0,94.67293
92.0,94.67764
84.0,94.69039
82.0,94.70247
78.5,94.69187
77.0,94.67293
74.0,94.67293
78.5,94.67293
96.0,94.67293
96.0,94.68382
82.0,94.70013
75.5,94.70792
77.0,94.67293
93.4,94.67293
91.1,94.67293
91.1,94.67293
88.9,94.67293
86.7,94.67293
85.2,94.67293
83.1,94.67293
81.6,94.67293
81.6,94.67293
109.00000000000001,94.67293
149.0,94.67293
194.0,94.695496
148.0,94.754135
127.0,94.80387
115.99999999999999,94.74885
113.0,94.67293
108.00000000000001,94.67293
103.0,94.68095
98.8,94.69261
99.6,94.69867
98.1,94.67293
95.0,94.67293
91.9,94.67293
91.1,94.67293
88.9,94.67293
108.00000000000001,94.67293
108.00000000000001,94.67293
149.0,94.67971
121.0,94.696304
89.6,94.71121
88.2,94.69471
87.4,94.67293
86.7,94.67293
88.9,94.67293
86.7,94.67293
85.2,94.67558
83.8,94.67946
83.1,94.68146
81.6,94.67293
80.9,94.67293
79.4,94.67293
78.0,94.67293
76.6,94.67293
76.6,94.67293
76.6,94.67293
73.8,94.67293
72.5,94.67293
69.9,94.67293
68.6,94.67293
68.6,94.67293
69.2,94.67293
69.2,94.67293
72.5,94.67293
71.2,94.67293
71.8,94.67293
73.1,94.67293
72.5,94.67293
109.00000000000001,94.67293
108.00000000000001,94.67293
111.0,94.67293
112.0,94.67293
110.0,94.67293
106.99999999999999,94.67293
106.0,94.67293
106.0,94.67293
105.0,94.67293
103.0,94.67293
102.0,94.67293
102.0,94.67293
102.0,94.67293
102.0,94.67293
101.00000000000001,94.67293
98.8,94.67293
97.4,94.67293
96.0,94.67293
96.7,94.67293
102.0,94.67293
98.1,94.67293
96.0,94.67293
94.6,94.67293
92.6,94.67293
101.00000000000001,94.67293
106.0,94.67293
97.4,94.68147
101.00000000000001,94.701805
103.0,94.71972
102.0,94.69849
102.0,94.67293
101.00000000000001,94.67293
109.00000000000001,94.673874
98.8,94.67525
97.3,94.675964
96.5,94.67293
95.8,94.67293
95.8,94.67293
94.2,94.67293
94.2,94.67293
92.7,94.67293
91.9,94.67293
91.1,94.67293
89.6,94.67293
90.4,94.67293
89.6,94.67293
88.2,94.67293
86.7,94.67293
87.4,94.67293
86.7,94.67293
85.2,94.67293
88.2,94.67293
87.4,94.67293
86.7,94.67293
86.0,94.67293
85.2,94.67293
92.7,94.67293
95.5,94.67293
94.8,94.67293
92.7,94.67293
91.3,94.67293
94.8,94.67293
97.0,94.678535
99.10000000000001,94.686676
96.2,94.690926
93.4,94.67293
91.3,94.67293
92.7,94.67293
99.10000000000001,94.67293
96.2,94.67541
92.0,94.67902
89.9,94.68089
88.6,94.67293
87.3,94.67293
85.3,94.67293
84.6,94.67293
83.3,94.67293
82.0,94.67293
82.0,94.67293
79.3,94.67293
78.0,94.67293
78.0,94.67293
76.7,94.67293
76.7,94.67293
78.0,94.67293
99.3,94.67293
97.4,94.67293
95.5,94.67293
91.3,94.67293
89.9,94.67293
89.5,94.67293
87.7,94.67293
87.7,94.67293
87.3,94.67293
88.1,94.67293
89.5,94.67293
92.7,94.67293
90.4,94.67293
88.6,94.67293
87.3,94.67293
87.3,94.67293
86.4,94.67293
85.1,94.67293
83.3,94.67293
83.3,94.67293
82.0,94.67293
86.8,94.67293
85.9,94.67381
84.6,94.68394
85.5,94.697464
88.6,94.70132
88.6,94.67293
87.3,94.6803
90.0,94.69102
86.8,94.696594
95.5,94.67293
81.04,94.67293
86.4,94.67293
86.2,94.67293
110.0,94.67293
111.0,94.67293
103.0,94.67293
101.00000000000001,94.67293
99.3,94.67293
104.0,94.67293
450.22969414423966,94.67293
450.22969414423966,94.68411
450.22969414423966,94.700905
450.22969414423966,94.708855
450.22969414423966,94.67293
450.22969414423966,94.67293
450.22969414423966,94.67293
450.22969414423966,94.67293
450.22969414423966,94.67293
450.22969414423966,94.67293
450.22969414423966,94.67293
450.22969414423966,94.67293
450.22969414423966,94.67293
450.22969414423966,94.67293
450.22969414423966,94.681175
450.22969414423966,94.69553
450.22969414423966,94.70518
450.22969414423966,94.68051
450.22969414423966,94.68059
450.22969414423966,94.69174
450.22969414423966,94.69754
450.22969414423966,94.67293
450.22969414423966,94.67293
450.22969414423966,94.67293
450.22969414423966,94.67293
450.22969414423966,94.67293
450.22969414423966,94.67293
450.22969414423966,94.67293
97.5,94.67293
98.2,94.67293
98.6,94.67293
92.4,94.67293
91.2,94.67293
86.3,94.67293
101.00000000000001,94.67293
120.0,94.67293
131.0,94.68909
113.0,94.72546
104.0,94.7524
103.0,94.7098
92.3,94.67293
82.9,94.67293
102.0,94.67381
108.00000000000001,94.6751
122.0,94.67577
120.0,94.67293
122.0,94.67293
128.0,94.67293
120.0,94.67293
119.0,94.67293
114.0,94.67293
114.99999999999999,94.67293
109.00000000000001,94.67293
113.0,94.67293
113.0,94.67293
106.0,94.67293
109.00000000000001,94.67293
106.0,94.67293
101.00000000000001,94.67293
114.99999999999999,94.67293
112.0,94.67293
97.2,94.67293
105.0,94.67293
104.0,94.67293
108.00000000000001,94.67293
85.1,94.67293
106.99999999999999,94.67293
113.0,94.67293
111.0,94.67293
101.00000000000001,94.67293
113.0,94.67293
121.0,94.67293
106.0,94.67293
122.0,94.67293
121.0,94.67293
111.0,94.67658
108.00000000000001,94.68192
105.0,94.684685
99.5,94.67293
126.0,94.67293
122.99999999999999,94.67293
115.99999999999999,94.67293
119.0,94.67293
102.0,94.67293
109.00000000000001,94.67293
94.3,94.67293
92.0,94.67293
98.8,94.67293
106.99999999999999,94.67293
114.99999999999999,94.67293
124.00000000000001,94.67541
101.00000000000001,94.67902
114.0,94.68089
111.0,94.67293
104.0,94.67293
99.9,94.67293
104.0,94.67293
108.00000000000001,94.67647
105.0,94.68163
104.0,94.684296
103.0,94.67293
108.00000000000001,94.67293
105.0,94.67293
110.0,94.67293
108.00000000000001,94.67293
98.7,94.67293
99.99999999999999,94.67293
99.99999999999999,94.67293
99.99999999999999,94.67293
95.4,94.67293
114.0,94.67293
121.0,94.67293
109.00000000000001,94.67293
106.99999999999999,94.67293
96.2,94.67293
97.6,94.67293
115.99999999999999,94.67293
109.00000000000001,94.67293
111.0,94.67293
108.00000000000001,94.67293
111.0,94.67293
106.99999999999999,94.67293
106.99999999999999,94.67293
108.00000000000001,94.67293
102.0,94.67293
111.0,94.67293
109.00000000000001,94.67293
108.00000000000001,94.67293
92.1,94.67293
89.7,94.67293
105.0,94.67293
96.7,94.67293
99.7,94.67293
103.0,94.67293
120.0,94.67293
90.1,94.67293
96.8,94.67293
106.0,94.67293
95.8,94.67647
90.1,94.68163
84.8,94.684296
89.5,94.67293
245.0,94.67499
205.0,94.67801
160.0,94.70696
128.0,94.74417
96.3,94.76076
105.0,94.677666
114.0,94.67293
104.0,94.67293
104.0,94.67293
109.00000000000001,94.67293
97.9,94.67293
93.5,94.67293
103.0,94.67293
98.2,94.67293
98.5,94.67363
129.0,94.67467
127.0,94.6752
118.0,94.67293
108.00000000000001,94.67293
99.9,94.67293
124.00000000000001,94.67293
106.99999999999999,94.67293
105.0,94.67293
103.0,94.67293
103.0,94.67293
106.0,94.67293
97.1,94.67293
94.8,94.67293
98.8,94.67293
97.1,94.67293
99.99999999999999,94.67293
102.0,94.67293
112.0,94.67293
121.0,94.67293
108.00000000000001,94.67293
106.99999999999999,94.67293
106.0,94.67293
99.20000000000002,94.67293
102.0,94.67293
102.0,94.67293
101.00000000000001,94.67293
105.0,94.67293
102.0,94.67293
99.99999999999999,94.67293
91.1,94.67293
84.9,94.67293
75.4,94.67293
82.3,94.67293
86.9,94.67293
87.3,94.67293
79.8,94.67293
69.4,94.67293
79.9,94.67293
81.5,94.67293
81.3,94.67293
88.9,94.67293
76.6,94.67293
81.3,94.67293
82.0,94.67293
72.1,94.67293
81.4,94.67293
81.3,94.67293
78.7,94.67293
81.3,94.67293
75.9,94.67293
77.0,94.67293
72.2,94.67293
74.4,94.67293
74.0,94.67293
74.0,94.67293
75.1,94.67293
60.4,94.67293
85.8,94.67293
86.4,94.67293
103.0,94.67293
98.9,94.67293
90.7,94.67293
98.1,94.67293
96.8,94.67293
86.6,94.67293
95.9,94.67293
97.1,94.67293
132.0,94.67812
131.0,94.70325
114.99999999999999,94.73453
109.00000000000001,94.7293
103.0,94.67553
103.0,94.67931
96.5,94.68127
102.0,94.67293
97.2,94.67293
96.9,94.67293
101.00000000000001,94.67293
97.3,94.67293
91.7,94.67293
94.9,94.67293
89.7,94.67293
88.9,94.67476
88.2,94.67743
77.1,94.6788
111.0,94.67293
104.0,94.67293
119.0,94.67293
112.0,94.67293
105.0,94.67293
97.3,94.67293
110.0,94.67293
97.8,94.67293
106.99999999999999,94.67293
106.0,94.67293
106.99999999999999,94.67293
108.00000000000001,94.67293
87.8,94.67293
106.99999999999999,94.67293
109.00000000000001,94.67293
87.8,94.67293
129.0,94.67358
124.00000000000001,94.67954
118.0,94.69464
109.00000000000001,94.707016
105.0,94.696594
99.79999999999998,94.67293
109.00000000000001,94.67293
110.0,94.67293
105.0,94.67293
109.00000000000001,94.67293
99.99999999999999,94.67293
106.0,94.67293
83.9,94.67293
85.3,94.67293
89.7,94.67293
91.1,94.67293
92.7,94.67293
83.1,94.67293
86.8,94.67293
110.0,94.67293
99.4,94.67293
122.0,94.69828
101.00000000000001,94.756546
96.7,94.8001
87.3,94.73523
90.6,94.67293
92.8,94.67293
96.2,94.6744
98.7,94.67656
98.7,94.677666
97.7,94.67293
92.6,94.67293
86.3,94.67293
84.4,94.67293
94.1,94.67293
88.2,94.67293
90.2,94.67293
88.2,94.67293
87.3,94.67293
87.8,94.67293
85.0,94.67293
86.8,94.67293
89.3,94.67293
85.8,94.67293
83.9,94.67293
85.8,94.67293
111.0,94.67293
135.0,94.68276
121.0,94.71404
96.1,94.751396
93.6,94.73757
101.00000000000001,94.68714
91.7,94.67293
95.9,94.67293
93.7,94.67293
98.0,94.67293
86.3,94.67293
92.2,94.67293
103.0,94.67293
145.0,94.690834
105.0,94.73276
105.0,94.76485
102.0,94.718414
106.99999999999999,94.69073
97.1,94.718544
91.6,94.72967
95.8,94.67293
101.00000000000001,94.67293
105.0,94.67293
110.0,94.67293
110.0,94.67293
136.0,94.67293
133.0,94.67293
132.0,94.67293
130.0,94.67293
130.0,94.67293
129.0,94.67293
129.0,94.67293
132.0,94.67293
113.0,94.67293
117.00000000000001,94.67293
101.00000000000001,94.67293
96.1,94.67293
111.0,94.67293
127.0,94.67293
134.0,94.6803
138.0,94.69658
125.00000000000001,94.71748
124.00000000000001,94.7089
111.0,94.696594
125.00000000000001,94.67293
114.0,94.67293
114.0,94.67293
104.0,94.67293
106.99999999999999,94.67293
102.0,94.67293
104.0,94.67293
106.0,94.67417
117.00000000000001,94.67597
115.99999999999999,94.67691
120.0,94.67293
119.0,94.67293
121.0,94.67971
118.0,94.68957
117.00000000000001,94.69471
99.3,94.67293
112.0,94.67293
110.0,94.67293
101.00000000000001,94.67293
101.00000000000001,94.67293
101.00000000000001,94.67293
104.0,94.67293
106.0,94.67293
114.0,94.67293
104.0,94.67293
112.0,94.67293
127.0,94.67293
114.99999999999999,94.67612
110.0,94.68076
99.99999999999999,94.68317
108.00000000000001,94.67293
125.00000000000001,94.67293
122.99999999999999,94.67293
122.0,94.67293
122.0,94.67417
102.0,94.68016
104.0,94.687195
106.0,94.68638
114.0,94.67293
110.0,94.67293
108.00000000000001,94.67293
108.00000000000001,94.67293
108.00000000000001,94.67293
102.0,94.67293
108.00000000000001,94.67399
117.00000000000001,94.67554
98.8,94.676346
94.6,94.67293
86.2,94.67293
85.4,94.67293
83.3,94.67293
83.0,94.67293
106.99999999999999,94.67293
89.6,94.67293
90.7,94.67293
89.9,94.67293
78.3,94.67293
73.3,94.67293
78.2,94.67293
93.1,94.67293
94.9,94.67293
89.1,94.67293
81.3,94.67293
75.6,94.67293
115.99999999999999,94.67293
105.0,94.67293
112.0,94.67293
120.0,94.67293
104.0,94.67293
103.0,94.67293
102.0,94.67293
101.00000000000001,94.67293
106.99999999999999,94.67293
106.0,94.67293
106.0,94.67293
89.5,94.67293
112.0,94.67293
87.3,94.67293
92.4,94.67293
99.5,94.67293
97.0,94.67293
99.99999999999999,94.67293
98.2,94.67293
95.4,94.67293
99.9,94.67293
105.0,94.67293
102.0,94.67293
97.0,94.67293
84.5,94.67293
95.2,94.67293
101.00000000000001,94.67293
97.2,94.67293
124.00000000000001,94.67293
125.00000000000001,94.67293
122.0,94.67293
112.0,94.67293
117.00000000000001,94.67293
109.00000000000001,94.67293
113.0,94.67293
110.0,94.67293
108.00000000000001,94.67293
98.3,94.67293
102.0,94.67293
105.0,94.67293
108.00000000000001,94.67293
111.0,94.67293
114.0,94.6744
102.0,94.67656
106.0,94.677666
90.0,94.67293
85.8,94.67293
93.0,94.67293
94.0,94.67293
104.0,94.67293
106.0,94.67293
106.99999999999999,94.67293
92.9,94.67293
103.0,94.67293
95.0,94.67293
95.5,94.67293
132.0,94.67293
131.0,94.67293
131.0,94.67293
134.0,94.67293
141.0,94.67293
135.0,94.67293
143.0,94.67293
156.0,94.67293
189.0,94.67594
222.0,94.70898
162.0,94.77165
150.0,94.80204
150.0,94.72677
140.0,94.67293
167.0,94.67293
147.0,94.67334
153.0,94.67394
139.0,94.674255
142.0,94.677704
131.0,94.68466
143.0,94.69016
141.0,94.677574
139.0,94.679
132.0,94.67293
135.0,94.67293
131.0,94.67293
136.0,94.67293
147.0,94.67293
72.9,94.67375
72.9,94.657745
74.2,94.6447
81.9,94.64949
81.9,94.65792
83.3,94.66904
79.3,94.67245
79.3,94.65301
78.1,94.65034
78.1,94.64949
78.1,94.64949
78.1,94.65137
78.1,94.654305
80.6,94.65563
83.3,94.65154
83.3,94.64949
84.7,94.64949
81.9,94.65047
81.9,94.653625
81.9,94.6579
79.3,94.66028
79.3,94.65828
79.3,94.65717
79.3,94.65481
79.3,94.6553
76.8,94.64949
76.8,94.64949
76.8,94.64949
79.3,94.64949
85.1,94.64949
84.0,94.65077
81.7,94.65215
80.6,94.65239
79.6,94.64949
79.6,94.64949
79.6,94.64949
78.5,94.64949
76.4,94.65144
75.4,94.65356
74.4,94.65393
74.4,94.65167
73.3,94.65403
74.4,94.65527
74.4,94.65532
72.3,94.66004
72.3,94.65891
70.2,94.64949
70.2,94.64949
70.2,94.64949
72.3,94.64949
70.2,94.64949
69.2,94.64949
68.3,94.64949
69.2,94.64949
69.2,94.64949
67.3,94.64949
66.3,94.64949
126.0,94.64949
126.0,94.64949
124.00000000000001,94.65866
118.0,94.67067
118.0,94.673874
119.0,94.65268
115.99999999999999,94.65627
113.0,94.663216
112.0,94.6635
112.0,94.65028
110.0,94.65359
110.0,94.65709
110.0,94.65662
109.00000000000001,94.64949
106.99999999999999,94.64949
105.0,94.64949
105.0,94.64949
110.0,94.64979
105.0,94.65409
103.0,94.65855
102.0,94.66009
102.0,94.652626
99.99999999999999,94.65291
99.10000000000001,94.64949
97.9,94.64949
96.7,94.64949
96.7,94.64949
96.7,94.64949
87.3,94.64949
86.2,94.66091
85.1,94.67453
82.8,94.67695
81.7,94.64949
80.6,94.64949
80.6,94.64972
80.6,94.649956
78.5,94.65
78.5,94.64949
76.4,94.64949
75.4,94.64949
75.4,94.64949
75.4,94.64949
75.4,94.64949
74.4,94.64949
72.3,94.64949
70.2,94.64949
70.2,94.64949
70.2,94.64949
68.3,94.64949
68.3,94.64949
69.2,94.65062
70.2,94.65296
70.2,94.65613
72.3,94.655655
70.2,94.65492
70.2,94.65277
74.7,94.65389
75.9,94.65124
74.7,94.65103
73.5,94.64949
72.2,94.64949
69.8,94.64949
68.6,94.64949
68.6,94.64949
68.6,94.64949
69.8,94.64949
69.8,94.64949
68.6,94.64949
68.6,94.65085
66.1,94.65381
64.9,94.65569
64.9,94.65291
63.7,94.64949
63.7,94.64949
62.6,94.64949
63.7,94.64949
68.6,94.64949
68.6,94.65386
63.7,94.65876
62.6,94.65957
61.49999999999999,94.64949
60.4,94.64949
59.300000000000004,94.64949
59.300000000000004,94.64949
59.300000000000004,94.64949
92.2,94.64949
92.2,94.64949
92.9,94.64949
90.7,94.65175
92.2,94.65419
92.2,94.65522
92.2,94.651115
90.7,94.652916
90.7,94.653755
87.9,94.65486
88.5,94.655106
87.2,94.65614
86.5,94.654884
86.5,94.65034
85.2,94.64949
83.9,94.64949
86.5,94.64949
86.5,94.65879
85.9,94.67112
85.2,94.67451
85.9,94.652565
86.5,94.64949
85.2,94.64949
83.9,94.64949
90.7,94.64949
90.0,94.64949
86.5,94.64949
86.5,94.64949
450.22969414423966,94.64949
450.22969414423966,94.64949
450.22969414423966,94.64949
450.22969414423966,94.64949
450.22969414423966,94.64949
450.22969414423966,94.64949
450.22969414423966,94.64949
450.22969414423966,94.64949
450.22969414423966,94.64949
450.22969414423966,94.64949
450.22969414423966,94.64949
126.0,94.64949
117.00000000000001,94.661514
112.0,94.67586
113.0,94.67841
118.0,94.649864
113.0,94.6599
109.00000000000001,94.67338
106.99999999999999,94.676735
106.99999999999999,94.6541
105.0,94.64949
105.0,94.64949
104.0,94.64949
101.00000000000001,94.64949
97.9,94.64949
94.6,94.64949
93.7,94.64949
93.1,94.64949
120.0,94.64949
122.99999999999999,94.64949
126.0,94.64949
124.00000000000001,94.661446
124.00000000000001,94.67571
124.00000000000001,94.678925
122.99999999999999,94.6509
122.0,94.65103
122.0,94.64949
122.0,94.64949
122.99999999999999,94.64949
120.0,94.64949
120.0,94.64949
120.0,94.64949
120.0,94.64949
120.0,94.64949
120.0,94.64949
122.0,94.65099
122.0,94.65495
119.0,94.65775
117.00000000000001,94.654785
114.0,94.64949
113.0,94.64949
113.0,94.64949
111.0,94.64949
110.0,94.64949
110.0,94.65024
110.0,94.65716
96.6,94.66434
96.6,94.66383
98.1,94.64949
96.6,94.64949
95.1,94.64949
98.1,94.64949
99.6,94.64949
101.00000000000001,94.64949
99.6,94.64949
98.1,94.64949
98.1,94.64949
96.6,94.64949
96.6,94.64949
93.6,94.64949
95.1,94.65085
93.6,94.65268
93.6,94.65938
92.2,94.66334
92.2,94.66367
89.2,94.64949
89.2,94.64949
90.7,94.65062
93.6,94.65372
93.6,94.6598
96.6,94.66183
95.1,94.66813
90.7,94.67451
89.2,94.68337
90.7,94.66368
72.0,94.656456
72.0,94.64949
70.0,94.64949
69.0,94.64949
67.9,94.64949
67.9,94.64949
66.9,94.64949
62.79999999999999,94.64949
61.8,94.64949
60.9,94.64949
60.9,94.64949
60.0,94.64949
58.10000000000001,94.64949
57.20000000000001,94.64949
57.20000000000001,94.64949
56.3,94.64949
55.4,94.64949
55.4,94.64949
56.3,94.64949
62.79999999999999,94.64949
62.79999999999999,94.65753
60.0,94.678345
59.1,94.69366
58.10000000000001,94.67748
57.20000000000001,94.6505
58.10000000000001,94.65081
57.20000000000001,94.65
58.10000000000001,94.64949
91.7,94.64949
90.1,94.64949
88.5,94.64949
85.2,94.64949
91.7,94.64949
88.5,94.64949
86.8,94.64949
85.2,94.64949
83.6,94.65024
83.6,94.65293
82.0,94.65511
82.0,94.65972
78.8,94.700966
77.4,94.75117
75.9,94.74839
74.5,94.674706
73.0,94.70426
73.0,94.708435
74.5,94.65291
74.5,94.64949
73.0,94.65353
73.0,94.65802
73.0,94.65882
74.5,94.64964
74.5,94.665985
73.0,94.70251
77.4,94.72695
78.8,94.69172
91.7,94.65499
90.1,94.66072
88.5,94.661545
85.2,94.64949
91.7,94.64949
88.5,94.65607
86.8,94.66368
85.2,94.66499
83.6,94.64949
83.6,94.64949
82.0,94.64949
82.0,94.64949
78.8,94.64949
77.4,94.64957
75.9,94.64964
74.5,94.64966
73.0,94.64949
73.0,94.64949
74.5,94.64949
74.5,94.64949
73.0,94.64949
73.0,94.64949
73.0,94.64949
74.5,94.64949
74.5,94.64949
73.0,94.64949
77.4,94.64949
90.1,94.64964
118.0,94.66546
120.0,94.68766
115.99999999999999,94.69623
114.0,94.662895
110.0,94.66103
114.0,94.66079
112.0,94.65711
126.0,94.64949
128.0,94.662834
120.0,94.681206
106.0,94.68666
110.0,94.65495
106.0,94.64972
102.0,94.65289
106.0,94.6564
104.0,94.65675
102.0,94.65017
102.0,94.64949
98.0,94.64949
96.0,94.65024
94.0,94.651054
94.0,94.6512
94.0,94.65085
92.0,94.652306
92.0,94.652565
90.0,94.64949
90.0,94.64949
90.0,94.64949
94.0,94.64949
84.0,94.64957
82.0,94.64964
80.0,94.65026
78.5,94.65074
78.5,94.650856
78.5,94.64949
77.0,94.64949
75.5,94.64949
74.0,94.64949
86.0,94.64949
94.0,94.64949
82.0,94.64949
78.5,94.64949
82.0,94.64949
88.0,94.64949
88.0,94.64949
84.0,94.64949
84.0,94.65092
77.0,94.652466
75.5,94.65273
74.0,94.65607
72.5,94.66443
69.5,94.66655
68.0,94.6512
66.5,94.64964
68.0,94.649796
71.0,94.649826
71.0,94.64949
91.7,94.64949
88.5,94.654526
86.8,94.660255
85.2,94.66121
83.6,94.64949
83.6,94.64949
80.4,94.64949
78.8,94.64949
86.8,94.64949
113.0,94.64949
111.0,94.66548
102.0,94.6878
94.9,94.69458
85.2,94.65653
82.0,94.64964
82.0,94.64966
80.4,94.65024
78.8,94.65113
77.4,94.664696
75.9,94.67899
74.5,94.68169
74.5,94.64949
85.2,94.64949
78.8,94.65573
78.8,94.670784
75.9,94.68127
73.0,94.66827
71.6,94.64949
82.0,94.64949
82.0,94.64949
82.0,94.65024
80.0,94.651054
78.5,94.6512
80.0,94.64949
80.0,94.64957
78.5,94.6665
77.0,94.686844
80.0,94.690346
80.0,94.65386
80.0,94.659134
80.0,94.660355
78.5,94.65034
78.5,94.64949
84.0,94.64949
92.0,94.65242
84.0,94.66022
82.0,94.66597
78.5,94.67121
77.0,94.67438
74.0,94.67752
78.5,94.6512
96.0,94.64957
96.0,94.664314
82.0,94.682106
75.5,94.68527
77.0,94.649826
93.4,94.658195
91.1,94.668434
91.1,94.670235
88.9,94.64949
86.7,94.65137
85.2,94.653404
83.1,94.653755
81.6,94.64949
81.6,94.64949
109.00000000000001,94.64949
149.0,94.66019
194.0,94.681496
148.0,94.70728
127.0,94.70701
115.99999999999999,94.697876
113.0,94.666794
108.00000000000001,94.64949
103.0,94.64957
98.8,94.64964
99.6,94.64966
98.1,94.64949
95.0,94.64972
91.9,94.65034
91.1,94.65282
88.9,94.65457
108.00000000000001,94.6541
108.00000000000001,94.65137
149.0,94.6599
121.0,94.683655
89.6,94.69994
88.2,94.688225
87.4,94.649864
86.7,94.65178
88.9,94.6546
86.7,94.65803
85.2,94.658966
83.8,94.659645
83.1,94.65631
81.6,94.659615
80.9,94.661316
79.4,94.65957
78.0,94.64949
76.6,94.64949
76.6,94.64949
76.6,94.64949
73.8,94.64949
72.5,94.64949
69.9,94.64949
68.6,94.64949
68.6,94.64949
69.2,94.65859
69.2,94.66933
72.5,94.67129
71.2,94.656685
71.8,94.66489
73.1,94.66628
72.5,94.65056
109.00000000000001,94.65162
108.00000000000001,94.65167
111.0,94.65
112.0,94.64949
110.0,94.65242
106.99999999999999,94.655594
106.0,94.66049
106.0,94.65876
105.0,94.66183
103.0,94.65584
102.0,94.65805
102.0,94.653244
102.0,94.64949
102.0,94.64949
101.00000000000001,94.64949
98.8,94.64949
97.4,94.64949
96.0,94.64949
96.7,94.64949
102.0,94.64949
98.1,94.6552
96.0,94.66189
94.6,94.66316
92.6,94.65036
101.00000000000001,94.65059
106.0,94.65076
97.4,94.65782
101.00000000000001,94.66742
103.0,94.66892
102.0,94.64949
102.0,94.64949
101.00000000000001,94.64949
109.00000000000001,94.64949
98.8,94.64949
97.3,94.64949
96.5,94.64949
95.8,94.64949
95.8,94.64949
94.2,94.64949
94.2,94.64949
92.7,94.64949
91.9,94.64949
91.1,94.64949
89.6,94.64949
90.4,94.64949
89.6,94.64949
88.2,94.64949
86.7,94.64949
87.4,94.64949
86.7,94.64949
85.2,94.64949
88.2,94.66244
87.4,94.67793
86.7,94.68071
86.0,94.64949
85.2,94.65024
92.7,94.65166
95.5,94.65245
94.8,94.650856
92.7,94.65099
91.3,94.652626
94.8,94.65291
97.0,94.64949
99.10000000000001,94.65687
96.2,94.66621
93.4,94.66896
91.3,94.6573
92.7,94.66157
99.10000000000001,94.661545
96.2,94.65786
92.0,94.66769
89.9,94.66941
88.6,94.64949
87.3,94.64949
85.3,94.64949
84.6,94.64949
83.3,94.64949
82.0,94.64949
82.0,94.64949
79.3,94.64949
78.0,94.64949
78.0,94.64949
76.7,94.64949
76.7,94.64949
78.0,94.654396
99.3,94.65995
97.4,94.66088
95.5,94.64949
91.3,94.64949
89.9,94.64949
89.5,94.64949
87.7,94.64949
87.7,94.64949
87.3,94.64949
88.1,94.64949
89.5,94.64949
92.7,94.64949
90.4,94.64949
88.6,94.64949
87.3,94.64949
87.3,94.64949
86.4,94.64972
85.1,94.649956
83.3,94.65
83.3,94.64949
82.0,94.6562
86.8,94.66495
85.9,94.66734
84.6,94.65708
85.5,94.660995
88.6,94.66316
88.6,94.65334
87.3,94.656685
90.0,94.65829
86.8,94.6576
95.5,94.65461
81.04,94.64949
86.4,94.64949
86.2,94.64949
110.0,94.64949
111.0,94.64949
103.0,94.64964
101.00000000000001,94.649796
99.3,94.649826
104.0,94.64949
450.22969414423966,94.64949
450.22969414423966,94.66211
450.22969414423966,94.67719
450.22969414423966,94.67989
450.22969414423966,94.64949
450.22969414423966,94.64949
450.22969414423966,94.64949
450.22969414423966,94.64949
450.22969414423966,94.662704
450.22969414423966,94.67853
450.22969414423966,94.68173
450.22969414423966,94.65691
450.22969414423966,94.66468
450.22969414423966,94.665146
450.22969414423966,94.661575
450.22969414423966,94.682495
450.22969414423966,94.69266
450.22969414423966,94.666115
450.22969414423966,94.67062
450.22969414423966,94.694756
450.22969414423966,94.69756
450.22969414423966,94.652054
450.22969414423966,94.64949
450.22969414423966,94.64949
450.22969414423966,94.64949
450.22969414423966,94.64949
450.22969414423966,94.64949
450.22969414423966,94.64949
97.5,94.64949
98.2,94.64949
98.6,94.64949
92.4,94.64949
91.2,94.64949
86.3,94.64949
101.00000000000001,94.65085
120.0,94.652306
131.0,94.67526
113.0,94.706345
104.0,94.71859
103.0,94.66417
92.3,94.64949
82.9,94.64949
102.0,94.651596
108.00000000000001,94.65388
122.0,94.6615
120.0,94.66517
122.0,94.666626
128.0,94.64949
120.0,94.64949
119.0,94.64949
114.0,94.64949
114.99999999999999,94.66118
109.00000000000001,94.675865
113.0,94.67915
113.0,94.65157
106.0,94.65027
109.00000000000001,94.65034
106.0,94.65175
101.00000000000001,94.65419
114.99999999999999,94.65461
112.0,94.6552
97.2,94.66174
105.0,94.66286
104.0,94.64949
108.00000000000001,94.66316
85.1,94.679565
106.99999999999999,94.6825
113.0,94.64949
111.0,94.64949
101.00000000000001,94.64949
113.0,94.65009
121.0,94.65074
106.0,94.650856
122.0,94.64949
121.0,94.64949
111.0,94.65319
108.00000000000001,94.66096
105.0,94.665695
99.5,94.65793
126.0,94.64949
122.99999999999999,94.64949
115.99999999999999,94.64949
119.0,94.64949
102.0,94.64972
109.00000000000001,94.649956
94.3,94.65
92.0,94.64949
98.8,94.64949
106.99999999999999,94.64949
114.99999999999999,94.64949
124.00000000000001,94.64964
101.00000000000001,94.649796
114.0,94.649826
111.0,94.64949
104.0,94.64949
99.9,94.64949
104.0,94.64949
108.00000000000001,94.649864
105.0,94.65027
104.0,94.65034
103.0,94.64949
108.00000000000001,94.64949
105.0,94.64949
110.0,94.64949
108.00000000000001,94.64949
98.7,94.64949
99.99999999999999,94.64949
99.99999999999999,94.64949
99.99999999999999,94.64949
95.4,94.64949
114.0,94.64949
121.0,94.64949
109.00000000000001,94.65886
106.99999999999999,94.66992
96.2,94.67187
97.6,94.64949
115.99999999999999,94.64949
109.00000000000001,94.64949
111.0,94.64949
108.00000000000001,94.64979
111.0,94.650116
106.99999999999999,94.65017
106.99999999999999,94.649864
108.00000000000001,94.65178
102.0,94.65347
111.0,94.65291
109.00000000000001,94.64949
108.00000000000001,94.64949
92.1,94.64949
89.7,94.64949
105.0,94.64949
96.7,94.64949
99.7,94.64949
103.0,94.64949
120.0,94.65099
90.1,94.66396
96.8,94.67815
106.0,94.68321
95.8,94.6626
90.1,94.664955
84.8,94.65388
89.5,94.65578
245.0,94.65978
205.0,94.67671
160.0,94.75212
128.0,94.82475
96.3,94.82343
105.0,94.65573
114.0,94.66383
104.0,94.66604
104.0,94.65154
109.00000000000001,94.64949
97.9,94.64949
93.5,94.64949
103.0,94.64949
98.2,94.64949
98.5,94.658195
129.0,94.67541
127.0,94.68746
118.0,94.672
108.00000000000001,94.6574
99.9,94.65291
124.00000000000001,94.64949
106.99999999999999,94.64949
105.0,94.64949
103.0,94.64949
103.0,94.64949
106.0,94.64949
97.1,94.64949
94.8,94.64949
98.8,94.64949
97.1,94.64949
99.99999999999999,94.64949
102.0,94.64949
112.0,94.64949
121.0,94.64949
108.00000000000001,94.64949
106.99999999999999,94.6525
106.0,94.65911
99.20000000000002,94.663315
102.0,94.65711
102.0,94.64949
101.00000000000001,94.64949
105.0,94.64949
102.0,94.64949
99.99999999999999,94.649864
91.1,94.65027
84.9,94.65034
75.4,94.64949
82.3,94.64949
86.9,94.64964
87.3,94.649796
79.8,94.649826
69.4,94.64949
79.9,94.64949
81.5,94.64949
81.3,94.64949
88.9,94.64949
76.6,94.652855
81.3,94.656525
82.0,94.65711
72.1,94.64949
81.4,94.64949
81.3,94.64949
78.7,94.64949
81.3,94.64949
75.9,94.64949
77.0,94.64949
72.2,94.64949
74.4,94.64949
74.0,94.64949
74.0,94.64949
75.1,94.64949
60.4,94.64949
85.8,94.64949
86.4,94.64949
103.0,94.64949
98.9,94.64949
90.7,94.64949
98.1,94.64949
96.8,94.64949
86.6,94.64949
95.9,94.64949
97.1,94.64949
132.0,94.6736
131.0,94.712036
114.99999999999999,94.72773
109.00000000000001,94.670395
103.0,94.654396
103.0,94.65995
96.5,94.66088
102.0,94.64949
97.2,94.64949
96.9,94.64949
101.00000000000001,94.64949
97.3,94.64949
91.7,94.64949
94.9,94.64964
89.7,94.649796
88.9,94.65367
88.2,94.65757
77.1,94.65826
111.0,94.64964
104.0,94.649796
119.0,94.649826
112.0,94.64949
105.0,94.64949
97.3,94.64949
110.0,94.64949
97.8,94.64949
106.99999999999999,94.64949
106.0,94.64949
106.99999999999999,94.64949
108.00000000000001,94.64949
87.8,94.64949
106.99999999999999,94.64949
109.00000000000001,94.64949
87.8,94.65002
129.0,94.65096
124.00000000000001,94.66725
118.0,94.69273
109.00000000000001,94.704285
105.0,94.66777
99.79999999999998,94.64949
109.00000000000001,94.65099
110.0,94.652626
105.0,94.65291
109.00000000000001,94.65099
99.99999999999999,94.65599
106.0,94.659935
83.9,94.65711
85.3,94.64949
89.7,94.64949
91.1,94.64949
92.7,94.64949
83.1,94.64949
86.8,94.64949
110.0,94.64949
99.4,94.64949
122.0,94.676926
101.00000000000001,94.72155
96.7,94.74054
87.3,94.67515
90.6,94.64949
92.8,94.64949
96.2,94.64949
98.7,94.64949
98.7,94.64949
97.7,94.64949
92.6,94.64949
86.3,94.64949
84.4,94.64949
94.1,94.64949
88.2,94.64949
90.2,94.64949
88.2,94.64949
87.3,94.64949
87.8,94.64949
85.0,94.64949
86.8,94.64949
89.3,94.64949
85.8,94.64949
83.9,94.652275
85.8,94.65581
111.0,94.65689
135.0,94.65679
121.0,94.67663
96.1,94.69543
93.6,94.68504
101.00000000000001,94.6512
91.7,94.64949
95.9,94.64949
93.7,94.64949
98.0,94.64949
86.3,94.64949
92.2,94.64949
103.0,94.65024
145.0,94.67029
105.0,94.70105
105.0,94.71253
102.0,94.66773
106.99999999999999,94.65034
97.1,94.64949
91.6,94.64949
95.8,94.657394
101.00000000000001,94.6733
105.0,94.68268
110.0,94.66531
110.0,94.64949
136.0,94.64949
133.0,94.64949
132.0,94.64949
130.0,94.64949
130.0,94.64949
129.0,94.64949
129.0,94.64949
132.0,94.64949
113.0,94.64949
117.00000000000001,94.64949
101.00000000000001,94.64949
96.1,94.64949
111.0,94.64949
127.0,94.65062
134.0,94.65727
138.0,94.668045
125.00000000000001,94.67577
124.00000000000001,94.66882
111.0,94.65957
125.00000000000001,94.64949
114.0,94.64949
114.0,94.64949
104.0,94.64949
106.99999999999999,94.64949
102.0,94.64949
104.0,94.64949
106.0,94.65265
117.00000000000001,94.65956
115.99999999999999,94.66393
120.0,94.65743
119.0,94.64949
121.0,94.652794
118.0,94.65638
117.00000000000001,94.656944
99.3,94.64949
112.0,94.64949
110.0,94.64949
101.00000000000001,94.64949
101.00000000000001,94.64949
101.00000000000001,94.64949
104.0,94.64949
106.0,94.64949
114.0,94.649864
104.0,94.65027
112.0,94.65034
127.0,94.6525
114.99999999999999,94.667274
110.0,94.68157
99.99999999999999,94.67728
108.00000000000001,94.64949
125.00000000000001,94.64949
122.99999999999999,94.64949
122.0,94.65507
122.0,94.661446
102.0,94.665146
104.0,94.65497
106.0,94.655464
114.0,94.64949
110.0,94.64949
108.00000000000001,94.64949
108.00000000000001,94.64949
108.00000000000001,94.64949
102.0,94.64949
108.00000000000001,94.65039
117.00000000000001,94.654
98.8,94.65702
94.6,94.655464
86.2,94.64949
85.4,94.64949
83.3,94.64949
83.0,94.64949
106.99999999999999,94.64949
89.6,94.64949
90.7,94.64949
89.9,94.64949
78.3,94.64949
73.3,94.64949
78.2,94.64949
93.1,94.64949
94.9,94.64949
89.1,94.65002
81.3,94.65059
75.6,94.65219
115.99999999999999,94.6554
105.0,94.65869
112.0,94.65579
120.0,94.64957
104.0,94.64964
103.0,94.64966
102.0,94.64949
101.00000000000001,94.64949
106.99999999999999,94.64949
106.0,94.64949
106.0,94.64949
89.5,94.64949
112.0,94.64949
87.3,94.64949
92.4,94.64949
99.5,94.64949
97.0,94.64949
99.99999999999999,94.64949
98.2,94.64949
95.4,94.64949
99.9,94.64949
105.0,94.64949
102.0,94.64949
97.0,94.64949
84.5,94.64949
95.2,94.64949
101.00000000000001,94.64949
97.2,94.64949
124.00000000000001,94.64949
125.00000000000001,94.64949
122.0,94.64949
112.0,94.64949
117.00000000000001,94.64949
109.00000000000001,94.64949
113.0,94.64949
110.0,94.64949
108.00000000000001,94.64949
98.3,94.64949
102.0,94.64949
105.0,94.64949
108.00000000000001,94.64949
111.0,94.65419
114.0,94.65951
102.0,94.66039
106.0,94.64949
90.0,94.64949
85.8,94.64949
93.0,94.64949
94.0,94.64949
104.0,94.64949
106.0,94.64949
106.99999999999999,94.66316
92.9,94.679565
103.0,94.68325
95.0,94.651054
95.5,94.65406
132.0,94.65619
131.0,94.657524
131.0,94.6512
134.0,94.64949
141.0,94.64949
135.0,94.64949
143.0,94.64949
156.0,94.64949
189.0,94.65786
222.0,94.68224
162.0,94.73173
150.0,94.75387
150.0,94.72647
140.0,94.64949
167.0,94.64949
147.0,94.64949
153.0,94.65333
139.0,94.672844
142.0,94.69234
131.0,94.68737
143.0,94.6529
141.0,94.65481
139.0,94.6553
132.0,94.64949
135.0,94.64949
131.0,94.64949
136.0,94.65137
147.0,94.653404
72.9,94.662445
72.9,94.69052
74.2,94.69062
81.9,94.64108
81.9,94.64185
83.3,94.64242
79.3,94.6429
79.3,94.6431
78.1,94.643875
78.1,94.64427
78.1,94.643265
78.1,94.642555
78.1,94.644295
80.6,94.64513
83.3,94.645065
83.3,94.64694
84.7,94.64807
81.9,94.64751
81.9,94.64598
81.9,94.64548
79.3,94.64506
79.3,94.6459
79.3,94.64748
79.3,94.648796
79.3,94.64934
76.8,94.64956
76.8,94.64968
76.8,94.64982
79.3,94.64972
85.1,94.65004
84.0,94.649475
81.7,94.64405
80.6,94.63778
79.6,94.64086
79.6,94.650154
79.6,94.65139
78.5,94.64968
76.4,94.646065
75.4,94.640526
74.4,94.639145
74.4,94.63674
73.3,94.63986
74.4,94.65199
74.4,94.658455
72.3,94.6564
72.3,94.65474
70.2,94.656555
70.2,94.65783
70.2,94.66113
72.3,94.66368
70.2,94.66579
69.2,94.665924
68.3,94.665504
69.2,94.66656
69.2,94.66661
67.3,94.66246
66.3,94.658264
126.0,94.65517
126.0,94.646965
124.00000000000001,94.63216
118.0,94.62087
118.0,94.62293
119.0,94.61738
115.99999999999999,94.61709
113.0,94.6154
112.0,94.61707
112.0,94.62127
110.0,94.62877
110.0,94.63245
110.0,94.63577
109.00000000000001,94.63664
106.99999999999999,94.63532
105.0,94.63715
105.0,94.64099
110.0,94.63937
105.0,94.63404
103.0,94.63021
102.0,94.637634
102.0,94.642365
99.99999999999999,94.64256
99.10000000000001,94.64143
97.9,94.64084
96.7,94.643936
96.7,94.647194
96.7,94.649796
87.3,94.65189
86.2,94.64964
85.1,94.64049
82.8,94.62926
81.7,94.62897
80.6,94.62905
80.6,94.62627
80.6,94.623436
78.5,94.6247
78.5,94.628815
76.4,94.632996
75.4,94.63558
75.4,94.638405
75.4,94.64014
75.4,94.64132
74.4,94.6417
72.3,94.64284
70.2,94.64344
70.2,94.64469
70.2,94.64597
68.3,94.64832
68.3,94.649666
69.2,94.651665
70.2,94.64985
70.2,94.645615
72.3,94.64098
70.2,94.642494
70.2,94.64528
74.7,94.64852
75.9,94.64977
74.7,94.64311
73.5,94.63082
72.2,94.63306
69.8,94.638405
68.6,94.640434
68.6,94.64221
68.6,94.64356
69.8,94.6454
69.8,94.64733
68.6,94.64758
68.6,94.64549
66.1,94.64296
64.9,94.64307
64.9,94.64542
63.7,94.64799
63.7,94.65323
62.6,94.6589
63.7,94.65753
68.6,94.65607
68.6,94.65791
63.7,94.65468
62.6,94.64985
61.49999999999999,94.6455
60.4,94.64129
59.300000000000004,94.64414
59.300000000000004,94.64877
59.300000000000004,94.651375
92.2,94.65649
92.2,94.65545
92.9,94.64297
90.7,94.62759
92.2,94.63173
92.2,94.637634
92.2,94.641594
90.7,94.64109
90.7,94.64084
87.9,94.643936
88.5,94.64683
87.2,94.645836
86.5,94.64117
86.5,94.6391
85.2,94.64574
83.9,94.64746
86.5,94.642975
86.5,94.640656
85.9,94.638794
85.2,94.639305
85.9,94.64412
86.5,94.64985
85.2,94.65317
83.9,94.651505
90.7,94.65178
90.0,94.65374
86.5,94.65863
86.5,94.6641
450.22969414423966,94.66605
450.22969414423966,94.66242
450.22969414423966,94.647644
450.22969414423966,94.63062
450.22969414423966,94.630035
450.22969414423966,94.629196
450.22969414423966,94.62686
450.22969414423966,94.6256
450.22969414423966,94.62866
450.22969414423966,94.63185
450.22969414423966,94.632996
126.0,94.63558
117.00000000000001,94.638405
112.0,94.641914
113.0,94.64726
118.0,94.650185
113.0,94.645615
109.00000000000001,94.64098
106.99999999999999,94.642494
106.99999999999999,94.64411
105.0,94.64105
105.0,94.63794
104.0,94.641014
101.00000000000001,94.650314
97.9,94.649376
94.6,94.64486
93.7,94.64093
93.1,94.6412
120.0,94.64312
122.99999999999999,94.64527
126.0,94.644226
124.00000000000001,94.63563
124.00000000000001,94.63727
124.00000000000001,94.63852
122.99999999999999,94.64043
122.0,94.641594
122.0,94.63923
122.0,94.63465
122.99999999999999,94.62815
120.0,94.627144
120.0,94.624886
120.0,94.62817
120.0,94.63493
120.0,94.64344
120.0,94.6444
122.0,94.6454
122.0,94.64721
119.0,94.648476
117.00000000000001,94.649826
114.0,94.651665
113.0,94.651024
113.0,94.648445
111.0,94.64406
110.0,94.64216
110.0,94.64528
110.0,94.64852
96.6,94.65433
96.6,94.65769
98.1,94.65354
96.6,94.64817
95.1,94.64805
98.1,94.64823
99.6,94.64898
101.00000000000001,94.64978
99.6,94.648895
98.1,94.64905
98.1,94.65076
96.6,94.65122
96.6,94.647354
93.6,94.643005
95.1,94.642494
93.6,94.64411
93.6,94.644
92.2,94.64523
92.2,94.64833
89.2,94.64496
89.2,94.6397
90.7,94.63715
93.6,94.639465
93.6,94.63754
96.6,94.637665
95.1,94.64406
90.7,94.64907
89.2,94.648544
90.7,94.6495
72.0,94.64437
72.0,94.64068
70.0,94.640495
69.0,94.637375
67.9,94.6318
67.9,94.63156
66.9,94.633896
62.79999999999999,94.63543
61.8,94.63714
60.9,94.637856
60.9,94.64055
60.0,94.64486
58.10000000000001,94.64795
57.20000000000001,94.65044
57.20000000000001,94.652054
56.3,94.650826
55.4,94.6443
55.4,94.635056
56.3,94.63092
62.79999999999999,94.63239
62.79999999999999,94.63453
60.0,94.63926
59.1,94.64199
58.10000000000001,94.64101
57.20000000000001,94.6409
58.10000000000001,94.644775
57.20000000000001,94.64923
58.10000000000001,94.65255
91.7,94.65872
90.1,94.6648
88.5,94.66104
85.2,94.65476
91.7,94.65103
88.5,94.652084
86.8,94.64907
85.2,94.64265
83.6,94.638695
83.6,94.64039
82.0,94.64153
82.0,94.642555
78.8,94.64801
77.4,94.65101
75.9,94.64959
74.5,94.64217
73.0,94.63626
73.0,94.64121
74.5,94.64278
74.5,94.64147
73.0,94.635826
73.0,94.628975
73.0,94.635216
74.5,94.63665
74.5,94.63725
73.0,94.6363
77.4,94.634705
78.8,94.63635
91.7,94.63688
90.1,94.63803
88.5,94.64111
85.2,94.64301
91.7,94.63656
88.5,94.62937
86.8,94.63017
85.2,94.63609
83.6,94.6454
83.6,94.6474
82.0,94.6493
82.0,94.65664
78.8,94.658554
77.4,94.65233
75.9,94.65049
74.5,94.64923
73.0,94.650734
73.0,94.65342
74.5,94.65584
74.5,94.65265
73.0,94.6472
73.0,94.6524
73.0,94.66383
74.5,94.6703
74.5,94.67313
73.0,94.67074
77.4,94.662315
90.1,94.65546
118.0,94.64146
120.0,94.6256
115.99999999999999,94.631516
114.0,94.63701
110.0,94.639755
114.0,94.62993
112.0,94.63201
126.0,94.64016
128.0,94.63815
120.0,94.633064
106.0,94.63194
110.0,94.63504
106.0,94.64009
102.0,94.64143
106.0,94.64129
104.0,94.645546
102.0,94.64458
102.0,94.64195
98.0,94.64094
96.0,94.63817
94.0,94.6413
94.0,94.64301
94.0,94.63892
92.0,94.63529
92.0,94.63481
90.0,94.635216
90.0,94.629845
90.0,94.63485
94.0,94.64974
84.0,94.653984
82.0,94.64897
80.0,94.646736
78.5,94.64542
78.5,94.64791
78.5,94.645096
77.0,94.64741
75.5,94.65726
74.0,94.66666
86.0,94.659164
94.0,94.64653
82.0,94.651825
78.5,94.65781
82.0,94.65452
88.0,94.65741
88.0,94.66286
84.0,94.666466
84.0,94.665085
77.0,94.65488
75.5,94.650154
74.0,94.64294
72.5,94.63888
69.5,94.632935
68.0,94.63011
66.5,94.63211
68.0,94.635864
71.0,94.63784
71.0,94.63937
91.7,94.63992
88.5,94.63897
86.8,94.63338
85.2,94.63072
83.6,94.6297
83.6,94.6362
80.4,94.63374
78.8,94.63595
86.8,94.64247
113.0,94.64651
111.0,94.64149
102.0,94.63288
94.9,94.63992
85.2,94.641975
82.0,94.63582
82.0,94.63573
80.4,94.6421
78.8,94.640175
77.4,94.64214
75.9,94.64284
74.5,94.643616
74.5,94.64934
85.2,94.657875
78.8,94.653076
78.8,94.643524
75.9,94.64196
73.0,94.649
71.6,94.64871
82.0,94.64954
82.0,94.64604
82.0,94.644424
80.0,94.64397
78.5,94.641426
80.0,94.64283
80.0,94.638435
78.5,94.63648
77.0,94.640564
80.0,94.64972
80.0,94.65213
80.0,94.64318
80.0,94.63753
78.5,94.63905
78.5,94.64243
84.0,94.647964
92.0,94.64642
84.0,94.63882
82.0,94.63527
78.5,94.63764
77.0,94.63385
74.0,94.62738
78.5,94.62798
96.0,94.63062
96.0,94.630745
82.0,94.62733
75.5,94.62727
77.0,94.63678
93.4,94.6409
91.1,94.637146
91.1,94.638405
88.9,94.64422
86.7,94.64608
85.2,94.647514
83.1,94.65273
81.6,94.65119
81.6,94.64745
109.00000000000001,94.64259
149.0,94.630585
194.0,94.62217
148.0,94.62437
127.0,94.62625
115.99999999999999,94.63234
113.0,94.641594
108.00000000000001,94.644196
103.0,94.6414
98.8,94.64007
99.6,94.6482
98.1,94.64777
95.0,94.63911
91.9,94.63079
91.1,94.633934
88.9,94.63922
108.00000000000001,94.64452
108.00000000000001,94.64594
149.0,94.64161
121.0,94.63887
89.6,94.63527
88.2,94.6403
87.4,94.6409
86.7,94.64108
88.9,94.64185
86.7,94.64242
85.2,94.6429
83.8,94.6431
83.1,94.643875
81.6,94.64427
80.9,94.643265
79.4,94.642555
78.0,94.644295
76.6,94.644684
76.6,94.644066
76.6,94.645966
73.8,94.64843
72.5,94.64751
69.9,94.64598
68.6,94.64548
68.6,94.64506
69.2,94.6459
69.2,94.64748
72.5,94.648796
71.2,94.64927
71.8,94.64818
73.1,94.643616
72.5,94.63792
109.00000000000001,94.63582
108.00000000000001,94.63962
111.0,94.642525
112.0,94.64625
110.0,94.64236
106.99999999999999,94.636154
106.0,94.63472
106.0,94.63269
105.0,94.63409
103.0,94.6362
102.0,94.6379
102.0,94.63851
102.0,94.63763
102.0,94.635574
101.00000000000001,94.63436
98.8,94.63479
97.4,94.63639
96.0,94.63779
96.7,94.63847
102.0,94.639175
98.1,94.63962
96.0,94.64073
94.6,94.64202
92.6,94.64327
101.00000000000001,94.64463
106.0,94.64685
97.4,94.651024
101.00000000000001,94.653755
103.0,94.65431
102.0,94.65259
102.0,94.64718
101.00000000000001,94.64216
109.00000000000001,94.64649
98.8,94.65027
97.3,94.64889
96.5,94.65011
95.8,94.65662
95.8,94.66321
94.2,94.65742
94.2,94.64716
92.7,94.64776
91.9,94.6591
91.1,94.66433
89.6,94.66804
90.4,94.67044
89.6,94.6725
88.2,94.6717
86.7,94.670586
87.4,94.66855
86.7,94.66674
85.2,94.66395
88.2,94.66324
87.4,94.66514
86.7,94.66631
86.0,94.652245
85.2,94.64563
92.7,94.64538
95.5,94.642494
94.8,94.63656
92.7,94.626884
91.3,94.62691
94.8,94.63197
97.0,94.63569
99.10000000000001,94.63037
96.2,94.62462
93.4,94.631226
91.3,94.633675
92.7,94.636635
99.10000000000001,94.63965
96.2,94.63977
92.0,94.63537
89.9,94.63642
88.6,94.64122
87.3,94.64609
85.3,94.6454
84.6,94.63519
83.3,94.62727
82.0,94.6262
82.0,94.62798
79.3,94.63133
78.0,94.63607
78.0,94.64159
76.7,94.64538
76.7,94.64365
78.0,94.637726
99.3,94.63386
97.4,94.641365
95.5,94.653595
91.3,94.66867
89.9,94.66104
89.5,94.65466
87.7,94.64803
87.7,94.64144
87.3,94.64529
88.1,94.65268
89.5,94.658005
92.7,94.654076
90.4,94.65072
88.6,94.65082
87.3,94.6509
87.3,94.65341
86.4,94.65727
85.1,94.657845
83.3,94.6585
83.3,94.655014
82.0,94.65127
86.8,94.65067
85.9,94.64639
84.6,94.64084
85.5,94.64153
88.6,94.65117
88.6,94.64337
87.3,94.6411
90.0,94.64048
86.8,94.64451
95.5,94.64547
81.04,94.644135
86.4,94.6494
86.2,94.65455
110.0,94.65387
111.0,94.65283
103.0,94.64905
101.00000000000001,94.64642
99.3,94.64649
104.0,94.64795
450.22969414423966,94.65027
450.22969414423966,94.64634
450.22969414423966,94.63787
450.22969414423966,94.64105
450.22969414423966,94.648964
450.22969414423966,94.65357
450.22969414423966,94.65205
450.22969414423966,94.649055
450.22969414423966,94.648636
450.22969414423966,94.65089
450.22969414423966,94.65143
450.22969414423966,94.65007
450.22969414423966,94.65144
450.22969414423966,94.65125
450.22969414423966,94.64302
450.22969414423966,94.637794
450.22969414423966,94.637245
450.22969414423966,94.63821
450.22969414423966,94.63242
450.22969414423966,94.62625
450.22969414423966,94.633484
450.22969414423966,94.64108
450.22969414423966,94.64677
450.22969414423966,94.650055
450.22969414423966,94.65293
450.22969414423966,94.64795
450.22969414423966,94.63962
450.22969414423966,94.64285
97.5,94.64153
98.2,94.637794
98.6,94.63513
92.4,94.63406
91.2,94.64026
86.3,94.644485
101.00000000000001,94.64489
120.0,94.64555
131.0,94.646095
113.0,94.64265
104.0,94.63891
103.0,94.63853
92.3,94.6463
82.9,94.64749
102.0,94.64604
108.00000000000001,94.64743
122.0,94.64938
120.0,94.650856
122.0,94.648506
128.0,94.63872
120.0,94.6383
119.0,94.640915
114.0,94.640625
114.99999999999999,94.63219
109.00000000000001,94.62751
113.0,94.63592
113.0,94.64686
106.0,94.64555
109.00000000000001,94.652115
106.0,94.65242
101.00000000000001,94.65253
114.99999999999999,94.649864
112.0,94.64251
97.2,94.64346
105.0,94.64923
104.0,94.65532
108.00000000000001,94.64907
85.1,94.643745
106.99999999999999,94.642494
113.0,94.64982
111.0,94.65591
101.00000000000001,94.66245
113.0,94.67401
121.0,94.67514
106.0,94.67165
122.0,94.66581
121.0,94.658844
111.0,94.6424
108.00000000000001,94.62923
105.0,94.63221
99.5,94.635284
126.0,94.634964
122.99999999999999,94.63105
115.99999999999999,94.6309
119.0,94.62787
102.0,94.63008
109.00000000000001,94.636246
94.3,94.65117
92.0,94.65541
98.8,94.64948
106.99999999999999,94.65329
114.99999999999999,94.64985
124.00000000000001,94.64422
101.00000000000001,94.637405
114.0,94.64163
111.0,94.643265
104.0,94.6472
99.9,94.653
104.0,94.65092
108.00000000000001,94.648384
105.0,94.64833
104.0,94.65657
103.0,94.65849
108.00000000000001,94.6587
105.0,94.661575
110.0,94.66594
108.00000000000001,94.66661
98.7,94.66083
99.99999999999999,94.65679
99.99999999999999,94.66285
99.99999999999999,94.66744
95.4,94.66924
114.0,94.661316
121.0,94.65206
109.00000000000001,94.64938
106.99999999999999,94.6548
96.2,94.66036
97.6,94.65598
115.99999999999999,94.65349
109.00000000000001,94.652954
111.0,94.64985
108.00000000000001,94.648895
111.0,94.6602
106.99999999999999,94.666466
106.99999999999999,94.66424
108.00000000000001,94.66445
102.0,94.67093
111.0,94.672165
109.00000000000001,94.669106
108.00000000000001,94.67401
92.1,94.67967
89.7,94.67923
105.0,94.67308
96.7,94.66359
99.7,94.65878
103.0,94.65918
120.0,94.64885
90.1,94.63879
96.8,94.63556
106.0,94.63304
95.8,94.631935
90.1,94.63479
84.8,94.64288
89.5,94.64454
245.0,94.63583
205.0,94.626045
160.0,94.63403
128.0,94.63293
96.3,94.63011
105.0,94.62413
114.0,94.6191
104.0,94.62454
104.0,94.633644
109.00000000000001,94.646355
97.9,94.65483
93.5,94.65473
103.0,94.65022
98.2,94.64584
98.5,94.63671
129.0,94.63144
127.0,94.63215
118.0,94.62697
108.00000000000001,94.621216
99.9,94.631836
124.00000000000001,94.63276
106.99999999999999,94.63756
105.0,94.639946
103.0,94.6442
103.0,94.6478
106.0,94.64793
97.1,94.64538
94.8,94.64251
98.8,94.64451
97.1,94.6455
99.99999999999999,94.64316
102.0,94.641624
112.0,94.64537
121.0,94.64696
108.00000000000001,94.64864
106.99999999999999,94.63083
106.0,94.62864
99.20000000000002,94.63688
102.0,94.6533
102.0,94.654495
101.00000000000001,94.64838
105.0,94.64694
102.0,94.64525
99.99999999999999,94.64653
91.1,94.65561
84.9,94.667244
75.4,94.666664
82.3,94.657776
86.9,94.65845
87.3,94.6548
79.8,94.65315
69.4,94.65893
79.9,94.65801
81.5,94.66036
81.3,94.662994
88.9,94.66709
76.6,94.66817
81.3,94.665054
82.0,94.66533
72.1,94.669586
81.4,94.6742
81.3,94.67229
78.7,94.6686
81.3,94.66263
75.9,94.66306
77.0,94.66098
72.2,94.658714
74.4,94.655396
74.0,94.6554
74.0,94.652916
75.1,94.65186
60.4,94.65067
85.8,94.65026
86.4,94.64775
103.0,94.643524
98.9,94.64165
90.7,94.63956
98.1,94.63997
96.8,94.641624
86.6,94.64759
95.9,94.65423
97.1,94.65377
132.0,94.64569
131.0,94.634514
114.99999999999999,94.63283
109.00000000000001,94.63826
103.0,94.63873
103.0,94.63707
96.5,94.64985
102.0,94.64823
97.2,94.64744
96.9,94.6472
101.00000000000001,94.6494
97.3,94.65496
91.7,94.65736
94.9,94.66319
89.7,94.66291
88.9,94.65031
88.2,94.640854
77.1,94.6521
111.0,94.6556
104.0,94.65411
119.0,94.65131
112.0,94.65136
105.0,94.660324
97.3,94.66378
110.0,94.665504
97.8,94.66467
106.99999999999999,94.66668
106.0,94.66745
106.99999999999999,94.665115
108.00000000000001,94.6632
87.8,94.66312
106.99999999999999,94.66395
109.00000000000001,94.662346
87.8,94.65741
129.0,94.64957
124.00000000000001,94.63928
118.0,94.62805
109.00000000000001,94.627594
105.0,94.63298
99.79999999999998,94.63635
109.00000000000001,94.64272
110.0,94.64436
105.0,94.64565
109.00000000000001,94.64901
99.99999999999999,94.64751
106.0,94.640045
83.9,94.63399
85.3,94.636345
89.7,94.63885
91.1,94.63995
92.7,94.63937
83.1,94.64268
86.8,94.64381
110.0,94.65014
99.4,94.65589
122.0,94.65736
101.00000000000001,94.64938
96.7,94.63841
87.3,94.63596
90.6,94.63547
92.8,94.63389
96.2,94.63718
98.7,94.64009
98.7,94.64276
97.7,94.641754
92.6,94.64143
86.3,94.644875
84.4,94.65045
94.1,94.653694
88.2,94.65066
90.2,94.6491
88.2,94.65743
87.3,94.66173
87.8,94.66036
85.0,94.662834
86.8,94.66598
89.3,94.655464
85.8,94.64468
83.9,94.64005
85.8,94.637375
111.0,94.63939
135.0,94.63954
121.0,94.63797
96.1,94.6359
93.6,94.63716
101.00000000000001,94.63789
91.7,94.63514
95.9,94.64062
93.7,94.64967
98.0,94.64998
86.3,94.645836
92.2,94.64759
103.0,94.644104
145.0,94.62904
105.0,94.623665
105.0,94.62501
102.0,94.63133
106.99999999999999,94.63406
97.1,94.6424
91.6,94.64774
95.8,94.64671
101.00000000000001,94.64313
105.0,94.64728
110.0,94.66019
110.0,94.6625
136.0,94.65663
133.0,94.65195
132.0,94.65675
130.0,94.65961
130.0,94.65778
129.0,94.65161
129.0,94.64817
132.0,94.64926
113.0,94.64666
117.00000000000001,94.647095
101.00000000000001,94.64792
96.1,94.644295
111.0,94.6403
127.0,94.64542
134.0,94.64957
138.0,94.646034
125.00000000000001,94.63662
124.00000000000001,94.62906
111.0,94.63666
125.00000000000001,94.644936
114.0,94.651
114.0,94.65268
104.0,94.644
106.99999999999999,94.64152
102.0,94.658
104.0,94.6598
106.0,94.65139
117.00000000000001,94.64172
115.99999999999999,94.64029
120.0,94.64469
119.0,94.64474
121.0,94.6415
118.0,94.641945
117.00000000000001,94.6529
99.3,94.65373
112.0,94.65
110.0,94.64235
101.00000000000001,94.64058
101.00000000000001,94.646835
101.00000000000001,94.64471
104.0,94.645294
106.0,94.65002
114.0,94.652954
104.0,94.65394
112.0,94.65605
127.0,94.65206
114.99999999999999,94.64459
110.0,94.642914
99.99999999999999,94.65325
108.00000000000001,94.66316
125.00000000000001,94.67159
122.99999999999999,94.67589
122.0,94.67439
122.0,94.66812
102.0,94.65753
104.0,94.64972
106.0,94.64573
114.0,94.6424
110.0,94.64467
108.00000000000001,94.65118
108.00000000000001,94.6607
108.00000000000001,94.66786
102.0,94.66881
108.00000000000001,94.65861
117.00000000000001,94.649284
98.8,94.64433
94.6,94.64603
86.2,94.64723
85.4,94.64766
83.3,94.65023
83.0,94.653496
106.99999999999999,94.65604
89.6,94.66069
90.7,94.664856
89.9,94.66977
78.3,94.67054
73.3,94.66556
78.2,94.66319
93.1,94.66703
94.9,94.66209
89.1,94.657715
81.3,94.65876
75.6,94.65609
115.99999999999999,94.65036
105.0,94.64931
112.0,94.64741
120.0,94.64522
104.0,94.64865
103.0,94.655045
102.0,94.664345
101.00000000000001,94.661385
106.99999999999999,94.65535
106.0,94.654144
106.0,94.65773
89.5,94.65549
112.0,94.654465
87.3,94.65471
92.4,94.654274
99.5,94.656235
97.0,94.661446
99.99999999999999,94.663475
98.2,94.65749
95.4,94.65713
99.9,94.65649
105.0,94.657295
102.0,94.65242
97.0,94.65205
84.5,94.65137
95.2,94.65378
101.00000000000001,94.65625
97.2,94.65563
124.00000000000001,94.650024
125.00000000000001,94.64525
122.0,94.64397
112.0,94.64088
117.00000000000001,94.64175
109.00000000000001,94.642624
113.0,94.643486
110.0,94.64394
108.00000000000001,94.64451
98.3,94.64458
102.0,94.6433
105.0,94.642395
108.00000000000001,94.64414
111.0,94.64545
114.0,94.64593
102.0,94.647705
106.0,94.64859
90.0,94.64758
85.8,94.64599
93.0,94.645454
94.0,94.64523
104.0,94.646034
106.0,94.6472
106.99999999999999,94.64838
92.9,94.64883
103.0,94.64935
95.0,94.649414
95.5,94.64923
132.0,94.64883
131.0,94.64571
131.0,94.5805
134.0,94.48328
141.0,94.448715
135.0,94.64788
143.0,94.652855
156.0,94.65446
189.0,94.64797
222.0,94.639206
162.0,94.63124
150.0,94.623375
150.0,94.620255
140.0,94.634476
167.0,94.64852
147.0,94.653114
153.0,94.649345
139.0,94.636665
142.0,94.63232
131.0,94.632675
143.0,94.63901
141.0,94.63839
139.0,94.63965
132.0,94.64604
135.0,94.64827
131.0,94.64887
136.0,94.64483
147.0,94.63529
72.9,94.6223
72.9,94.74655
74.2,94.94448
81.9,95.1366
81.9,95.13562
83.3,95.13417
79.3,95.13492
79.3,95.13665
78.1,95.1386
78.1,95.13986
78.1,95.13956
78.1,95.13818
78.1,95.136734
80.6,95.13636
83.3,95.137085
83.3,95.13784
84.7,95.13915
81.9,95.14012
81.9,95.14046
81.9,95.13996
79.3,95.13982
79.3,95.1391
79.3,95.13958
79.3,95.14107
79.3,95.14135
76.8,95.141914
76.8,95.14298
76.8,95.14436
79.3,95.145294
85.1,95.14525
84.0,95.14401
81.7,95.14156
80.6,95.13842
79.6,95.138336
79.6,95.13573
79.6,95.13714
78.5,95.13807
76.4,95.139786
75.4,95.134926
74.4,95.126305
74.4,95.12555
73.3,95.12682
74.4,95.133705
74.4,95.1395
72.3,95.1414
72.3,95.140274
70.2,95.13778
70.2,95.13976
70.2,95.14191
72.3,95.14628
70.2,95.14803
69.2,95.146065
68.3,95.1453
69.2,95.148636
69.2,95.150024
67.3,95.14841
66.3,95.14786
126.0,95.147865
126.0,95.14706
124.00000000000001,95.13973
118.0,95.129715
118.0,95.12695
119.0,95.12436
115.99999999999999,95.12098
113.0,95.119675
112.0,95.11712
112.0,95.119415
110.0,95.120705
110.0,95.12266
110.0,95.122444
109.00000000000001,95.12548
106.99999999999999,95.12645
105.0,95.127396
105.0,95.12945
110.0,95.13423
105.0,95.13816
103.0,95.1409
102.0,95.13967
102.0,95.13245
99.99999999999999,95.132965
99.10000000000001,95.13273
97.9,95.13256
96.7,95.13294
96.7,95.13384
96.7,95.13537
87.3,95.136375
86.2,95.13376
85.1,95.12225
82.8,95.110916
81.7,95.1089
80.6,95.10652
80.6,95.10411
80.6,95.101166
78.5,95.10043
78.5,95.10345
76.4,95.11006
75.4,95.11477
75.4,95.11989
75.4,95.12278
75.4,95.12369
74.4,95.12302
72.3,95.12295
70.2,95.12382
70.2,95.12506
70.2,95.12588
68.3,95.12624
68.3,95.12653
69.2,95.12698
70.2,95.12759
70.2,95.12736
72.3,95.128006
70.2,95.13138
70.2,95.134865
74.7,95.13806
75.9,95.13772
74.7,95.132355
73.5,95.12068
72.2,95.116295
69.8,95.11611
68.6,95.12278
68.6,95.12396
68.6,95.12409
69.8,95.12504
69.8,95.12604
68.6,95.12701
68.6,95.12627
66.1,95.123665
64.9,95.12024
64.9,95.12024
63.7,95.12316
63.7,95.12853
62.6,95.132866
63.7,95.13138
68.6,95.13472
68.6,95.135796
63.7,95.13345
62.6,95.12978
61.49999999999999,95.127686
60.4,95.12836
59.300000000000004,95.13138
59.300000000000004,95.134865
59.300000000000004,95.13806
92.2,95.13986
92.2,95.136955
92.9,95.1254
90.7,95.11945
92.2,95.12613
92.2,95.13538
92.2,95.13245
90.7,95.1329
90.7,95.13256
87.9,95.13294
88.5,95.13384
87.2,95.13585
86.5,95.135796
86.5,95.13575
85.2,95.13373
83.9,95.13672
86.5,95.13199
86.5,95.130554
85.9,95.133865
85.2,95.13648
85.9,95.135796
86.5,95.13345
85.2,95.13145
83.9,95.13301
90.7,95.13662
90.0,95.13819
86.5,95.142876
86.5,95.14949
450.22969414423966,95.15351
450.22969414423966,95.14703
450.22969414423966,95.13013
450.22969414423966,95.11162
450.22969414423966,95.11146
450.22969414423966,95.111084
450.22969414423966,95.109985
450.22969414423966,95.11006
450.22969414423966,95.11177
450.22969414423966,95.112816
450.22969414423966,95.1146
126.0,95.11734
117.00000000000001,95.11989
112.0,95.12292
113.0,95.12457
118.0,95.12537
113.0,95.126656
109.00000000000001,95.12836
106.99999999999999,95.13138
106.99999999999999,95.137
105.0,95.14292
105.0,95.14427
104.0,95.13819
101.00000000000001,95.1354
97.9,95.13678
94.6,95.13482
93.7,95.13215
93.1,95.12683
120.0,95.12648
122.99999999999999,95.124855
126.0,95.12065
124.00000000000001,95.11729
124.00000000000001,95.11477
124.00000000000001,95.11989
122.99999999999999,95.12278
122.0,95.12369
122.0,95.1212
122.0,95.11728
122.99999999999999,95.11376
120.0,95.112434
120.0,95.107414
120.0,95.10466
120.0,95.10911
120.0,95.117645
120.0,95.12506
122.0,95.12575
122.0,95.12605
119.0,95.12638
117.00000000000001,95.12701
114.0,95.127655
113.0,95.12793
113.0,95.12736
111.0,95.128006
110.0,95.13138
110.0,95.134865
110.0,95.13806
96.6,95.13986
96.6,95.13917
98.1,95.134125
96.6,95.1319
95.1,95.13188
98.1,95.13246
99.6,95.13256
101.00000000000001,95.13187
99.6,95.13145
98.1,95.13163
98.1,95.13161
96.6,95.12924
96.6,95.1325
93.6,95.135796
95.1,95.13484
93.6,95.13528
93.6,95.13724
92.2,95.13695
92.2,95.13554
89.2,95.13448
89.2,95.12928
90.7,95.12635
93.6,95.1263
93.6,95.12243
96.6,95.11906
95.1,95.12016
90.7,95.12566
89.2,95.13143
90.7,95.13656
72.0,95.14007
72.0,95.14759
70.0,95.15146
69.0,95.15137
67.9,95.142555
67.9,95.137886
66.9,95.143234
62.79999999999999,95.15338
61.8,95.15068
60.9,95.14254
60.9,95.13784
60.0,95.14674
58.10000000000001,95.15099
57.20000000000001,95.14278
57.20000000000001,95.13663
56.3,95.13652
55.4,95.140884
55.4,95.14041
56.3,95.13286
62.79999999999999,95.128876
62.79999999999999,95.1287
60.0,95.13373
59.1,95.1396
58.10000000000001,95.13849
57.20000000000001,95.131195
58.10000000000001,95.1388
57.20000000000001,95.149414
58.10000000000001,95.14749
91.7,95.14633
90.1,95.15129
88.5,95.14652
85.2,95.1428
91.7,95.1396
88.5,95.13335
86.8,95.137955
85.2,95.14138
83.6,95.14003
83.6,95.13809
82.0,95.14166
82.0,95.147354
78.8,95.14649
77.4,95.14576
75.9,95.149605
74.5,95.15454
73.0,95.155876
73.0,95.14316
74.5,95.131454
74.5,95.131256
73.0,95.13372
73.0,95.12744
73.0,95.12138
74.5,95.12739
74.5,95.13087
73.0,95.135796
77.4,95.13422
78.8,95.13019
91.7,95.13634
90.1,95.14192
88.5,95.13731
85.2,95.13002
91.7,95.126
88.5,95.11937
86.8,95.11478
85.2,95.11537
83.6,95.12387
83.6,95.127464
82.0,95.13565
82.0,95.141464
78.8,95.14722
77.4,95.14762
75.9,95.14806
74.5,95.14281
73.0,95.135155
73.0,95.13166
74.5,95.13201
74.5,95.14227
73.0,95.15372
73.0,95.15567
73.0,95.14798
74.5,95.14374
74.5,95.14562
73.0,95.14873
77.4,95.14548
90.1,95.14407
118.0,95.14361
120.0,95.14646
115.99999999999999,95.146545
114.0,95.14578
110.0,95.1394
114.0,95.13158
112.0,95.127754
126.0,95.134796
128.0,95.13801
120.0,95.14235
106.0,95.13983
110.0,95.12783
106.0,95.12471
102.0,95.12773
106.0,95.13338
104.0,95.13893
102.0,95.13707
102.0,95.13744
98.0,95.13945
96.0,95.13589
94.0,95.13074
94.0,95.129234
94.0,95.13932
92.0,95.14139
92.0,95.13202
90.0,95.12068
90.0,95.11634
90.0,95.12162
94.0,95.13702
84.0,95.13689
82.0,95.13637
80.0,95.13703
78.5,95.12865
78.5,95.12395
78.5,95.125534
77.0,95.12911
75.5,95.135414
74.0,95.145134
86.0,95.15993
94.0,95.16096
82.0,95.15682
78.5,95.14533
82.0,95.142586
88.0,95.14377
88.0,95.147514
84.0,95.1498
84.0,95.151215
77.0,95.14711
75.5,95.145386
74.0,95.141106
72.5,95.12975
69.5,95.12713
68.0,95.12499
66.5,95.12418
68.0,95.11642
71.0,95.12471
71.0,95.13607
91.7,95.14243
88.5,95.14148
86.8,95.1396
85.2,95.13526
83.6,95.13381
83.6,95.12693
80.4,95.13052
78.8,95.13668
86.8,95.137436
113.0,95.134346
111.0,95.14513
102.0,95.14583
94.9,95.13801
85.2,95.13109
82.0,95.12855
82.0,95.12917
80.4,95.12526
78.8,95.12168
77.4,95.122986
75.9,95.12532
74.5,95.127495
74.5,95.12999
85.2,95.135254
78.8,95.14226
78.8,95.14452
75.9,95.13021
73.0,95.126724
71.6,95.1319
82.0,95.13669
82.0,95.14194
82.0,95.14407
80.0,95.14307
78.5,95.14304
80.0,95.14596
80.0,95.14721
78.5,95.14411
77.0,95.1441
80.0,95.14678
80.0,95.14965
80.0,95.14697
80.0,95.1519
78.5,95.15227
78.5,95.151764
84.0,95.14854
92.0,95.144104
84.0,95.14133
82.0,95.13852
78.5,95.138245
77.0,95.13797
74.0,95.13354
78.5,95.13374
96.0,95.14328
96.0,95.148056
82.0,95.15065
75.5,95.14569
77.0,95.14219
93.4,95.1414
91.1,95.144264
91.1,95.14317
88.9,95.145706
86.7,95.14545
85.2,95.14802
83.1,95.14589
81.6,95.14645
81.6,95.1461
109.00000000000001,95.14752
149.0,95.14509
194.0,95.14056
148.0,95.12918
127.0,95.12541
115.99999999999999,95.12705
113.0,95.1344
108.00000000000001,95.14167
103.0,95.14719
98.8,95.1474
99.6,95.14052
98.1,95.143974
95.0,95.14531
91.9,95.14393
91.1,95.1398
88.9,95.13694
108.00000000000001,95.14149
108.00000000000001,95.15315
149.0,95.162056
121.0,95.15593
89.6,95.14587
88.2,95.1427
87.4,95.14153
86.7,95.1366
88.9,95.13562
86.7,95.13417
85.2,95.13492
83.8,95.13665
83.1,95.1386
81.6,95.13986
80.9,95.13956
79.4,95.13818
78.0,95.136734
76.6,95.13636
76.6,95.137085
76.6,95.13784
73.8,95.13915
72.5,95.14012
69.9,95.14046
68.6,95.13996
68.6,95.13982
69.2,95.1391
69.2,95.13958
72.5,95.14107
71.2,95.14135
71.8,95.141914
73.1,95.14298
72.5,95.14436
109.00000000000001,95.145294
108.00000000000001,95.1439
111.0,95.14156
112.0,95.14096
110.0,95.143585
106.99999999999999,95.14183
106.0,95.13411
106.0,95.131836
105.0,95.13215
103.0,95.136024
102.0,95.13648
102.0,95.1397
102.0,95.13904
102.0,95.1379
101.00000000000001,95.13897
98.8,95.14046
97.4,95.14325
96.0,95.141304
96.7,95.14547
102.0,95.15067
98.1,95.151405
96.0,95.151505
94.6,95.15537
92.6,95.15938
101.00000000000001,95.16168
106.0,95.1625
97.4,95.16351
101.00000000000001,95.16555
103.0,95.16801
102.0,95.161964
102.0,95.152695
101.00000000000001,95.14371
109.00000000000001,95.15479
98.8,95.15591
97.3,95.15278
96.5,95.14233
95.8,95.14262
95.8,95.1454
94.2,95.14891
94.2,95.1522
92.7,95.157875
91.9,95.15146
91.1,95.14999
89.6,95.15555
90.4,95.15823
89.6,95.157745
88.2,95.15766
86.7,95.15683
87.4,95.15628
86.7,95.152725
85.2,95.15028
88.2,95.15017
87.4,95.15359
86.7,95.15518
86.0,95.15892
85.2,95.1633
92.7,95.16076
95.5,95.15204
94.8,95.141075
92.7,95.133545
91.3,95.13429
94.8,95.13036
97.0,95.13705
99.10000000000001,95.14103
96.2,95.14048
93.4,95.13429
91.3,95.12881
92.7,95.12893
99.10000000000001,95.131584
96.2,95.14174
92.0,95.14826
89.9,95.13965
88.6,95.13156
87.3,95.13986
85.3,95.151375
84.6,95.14785
83.3,95.13862
82.0,95.1244
82.0,95.11789
79.3,95.12301
78.0,95.126625
78.0,95.1253
76.7,95.126076
76.7,95.126015
78.0,95.12825
99.3,95.133865
97.4,95.14407
95.5,95.15095
91.3,95.15619
89.9,95.146805
89.5,95.141685
87.7,95.141304
87.7,95.14633
87.3,95.15008
88.1,95.143616
89.5,95.1403
92.7,95.139885
90.4,95.14144
88.6,95.140785
87.3,95.14116
87.3,95.14381
86.4,95.147156
85.1,95.146774
83.3,95.14786
83.3,95.146515
82.0,95.142815
86.8,95.14246
85.9,95.14626
84.6,95.14863
85.5,95.14796
88.6,95.148026
88.6,95.15411
87.3,95.1577
90.0,95.15173
86.8,95.139626
95.5,95.13843
81.04,95.137665
86.4,95.136055
86.2,95.13574
110.0,95.13834
111.0,95.14277
103.0,95.15167
101.00000000000001,95.16235
99.3,95.15951
104.0,95.15383
450.22969414423966,95.14686
450.22969414423966,95.13692
450.22969414423966,95.137085
450.22969414423966,95.138115
450.22969414423966,95.1394
450.22969414423966,95.1453
450.22969414423966,95.151115
450.22969414423966,95.150635
450.22969414423966,95.14901
450.22969414423966,95.14884
450.22969414423966,95.14913
450.22969414423966,95.14888
450.22969414423966,95.14608
450.22969414423966,95.148186
450.22969414423966,95.14421
450.22969414423966,95.13936
450.22969414423966,95.13415
450.22969414423966,95.135994
450.22969414423966,95.14402
450.22969414423966,95.14956
450.22969414423966,95.141014
450.22969414423966,95.13299
450.22969414423966,95.13286
450.22969414423966,95.1379
450.22969414423966,95.14137
450.22969414423966,95.14384
450.22969414423966,95.13696
450.22969414423966,95.13221
97.5,95.12999
98.2,95.12783
98.6,95.12701
92.4,95.1284
91.2,95.13277
86.3,95.13688
101.00000000000001,95.1376
120.0,95.140755
131.0,95.1411
113.0,95.13692
104.0,95.13792
103.0,95.142105
92.3,95.1445
82.9,95.14689
102.0,95.14821
108.00000000000001,95.14917
122.0,95.151985
120.0,95.15384
122.0,95.149925
128.0,95.14463
120.0,95.13829
119.0,95.13508
114.0,95.1379
114.99999999999999,95.13795
109.00000000000001,95.13716
113.0,95.141205
113.0,95.13915
106.0,95.13929
109.00000000000001,95.139305
106.0,95.14127
101.00000000000001,95.141426
114.99999999999999,95.139626
112.0,95.138626
97.2,95.142715
105.0,95.14865
104.0,95.14926
108.00000000000001,95.15064
85.1,95.15268
106.99999999999999,95.1495
113.0,95.14855
111.0,95.14997
101.00000000000001,95.15552
113.0,95.16106
121.0,95.159996
106.0,95.16164
122.0,95.15801
121.0,95.15578
111.0,95.15059
108.00000000000001,95.14654
105.0,95.140785
99.5,95.135254
126.0,95.135574
122.99999999999999,95.13649
115.99999999999999,95.13844
119.0,95.14771
102.0,95.15014
109.00000000000001,95.143845
94.3,95.1391
92.0,95.14324
98.8,95.1433
106.99999999999999,95.14197
114.99999999999999,95.14861
124.00000000000001,95.15667
101.00000000000001,95.156876
114.0,95.14725
111.0,95.13997
104.0,95.142456
99.9,95.14388
104.0,95.14601
108.00000000000001,95.142426
105.0,95.14662
104.0,95.147736
103.0,95.150764
108.00000000000001,95.15269
105.0,95.15144
110.0,95.15324
108.00000000000001,95.15382
98.7,95.15291
99.99999999999999,95.15006
99.99999999999999,95.148125
99.99999999999999,95.153595
95.4,95.158394
114.0,95.15475
121.0,95.152
109.00000000000001,95.149574
106.99999999999999,95.148605
96.2,95.146416
97.6,95.14841
115.99999999999999,95.149414
109.00000000000001,95.15014
111.0,95.15101
108.00000000000001,95.15073
111.0,95.148834
106.99999999999999,95.15223
106.99999999999999,95.15338
108.00000000000001,95.15612
102.0,95.158936
111.0,95.16094
109.00000000000001,95.166046
108.00000000000001,95.165825
92.1,95.163475
89.7,95.157524
105.0,95.15517
96.7,95.1499
99.7,95.147644
103.0,95.15271
120.0,95.15521
90.1,95.15663
96.8,95.15413
106.0,95.14936
95.8,95.14436
90.1,95.141205
84.8,95.13717
89.5,95.1381
245.0,95.141685
205.0,95.13828
160.0,95.13093
128.0,95.12448
96.3,95.12132
105.0,95.12024
114.0,95.11833
104.0,95.11527
104.0,95.124664
109.00000000000001,95.137146
97.9,95.14637
93.5,95.14459
103.0,95.14235
98.2,95.140656
98.5,95.13983
129.0,95.139015
127.0,95.134285
118.0,95.129616
108.00000000000001,95.12341
99.9,95.1224
124.00000000000001,95.12464
106.99999999999999,95.12804
105.0,95.12595
103.0,95.135605
103.0,95.15661
106.0,95.16843
97.1,95.160484
94.8,95.14279
98.8,95.13483
97.1,95.132256
99.99999999999999,95.1295
102.0,95.1307
112.0,95.13499
121.0,95.133705
108.00000000000001,95.1395
106.99999999999999,95.13947
106.0,95.13374
99.20000000000002,95.1294
102.0,95.13719
102.0,95.14459
101.00000000000001,95.145226
105.0,95.14471
102.0,95.13839
99.99999999999999,95.13608
91.1,95.13844
84.9,95.14426
75.4,95.14569
82.3,95.14182
86.9,95.14513
87.3,95.14299
79.8,95.140305
69.4,95.13813
79.9,95.138756
81.5,95.139915
81.3,95.13951
88.9,95.14386
76.6,95.14574
81.3,95.14239
82.0,95.141464
72.1,95.14156
81.4,95.14523
81.3,95.14239
78.7,95.14095
81.3,95.14559
75.9,95.15086
77.0,95.14964
72.2,95.143875
74.4,95.14558
74.0,95.144104
74.0,95.14314
75.1,95.14594
60.4,95.14923
85.8,95.14976
86.4,95.14032
103.0,95.13775
98.9,95.13609
90.7,95.13405
98.1,95.124664
96.8,95.12391
86.6,95.127815
95.9,95.13585
97.1,95.1415
132.0,95.14225
131.0,95.14028
114.99999999999999,95.13459
109.00000000000001,95.13253
103.0,95.13859
103.0,95.13818
96.5,95.134186
102.0,95.13459
97.2,95.13883
96.9,95.1414
101.00000000000001,95.14182
97.3,95.14014
91.7,95.13968
94.9,95.1432
89.7,95.146545
88.9,95.14504
88.2,95.14081
77.1,95.13827
111.0,95.14266
104.0,95.14119
119.0,95.135414
112.0,95.1308
105.0,95.13826
97.3,95.139145
110.0,95.138214
97.8,95.13835
106.99999999999999,95.1378
106.0,95.13911
106.99999999999999,95.14009
108.00000000000001,95.14045
87.8,95.14037
106.99999999999999,95.14113
109.00000000000001,95.14248
87.8,95.145996
129.0,95.15312
124.00000000000001,95.156105
118.0,95.14866
109.00000000000001,95.13194
105.0,95.126495
99.79999999999998,95.128586
109.00000000000001,95.1309
110.0,95.13392
105.0,95.13874
109.00000000000001,95.142525
99.99999999999999,95.14512
106.0,95.14783
83.9,95.143394
85.3,95.13249
89.7,95.126465
91.1,95.12546
92.7,95.12987
83.1,95.13422
86.8,95.14289
110.0,95.14947
99.4,95.15166
122.0,95.14004
101.00000000000001,95.14186
96.7,95.13468
87.3,95.12759
90.6,95.123825
92.8,95.12688
96.2,95.13215
98.7,95.13666
98.7,95.13883
97.7,95.13334
92.6,95.13052
86.3,95.13583
84.4,95.13986
94.1,95.14418
88.2,95.14927
90.2,95.14523
88.2,95.14029
87.3,95.14037
87.8,95.14405
85.0,95.14978
86.8,95.153275
89.3,95.14863
85.8,95.14274
83.9,95.143715
85.8,95.14187
111.0,95.13932
135.0,95.140656
121.0,95.14381
96.1,95.15045
93.6,95.15405
101.00000000000001,95.151306
91.7,95.139824
95.9,95.13946
93.7,95.1427
98.0,95.1488
86.3,95.14968
92.2,95.1456
103.0,95.14344
145.0,95.14405
105.0,95.13804
105.0,95.12962
102.0,95.12737
106.99999999999999,95.13677
97.1,95.14116
91.6,95.145645
95.8,95.14862
101.00000000000001,95.14893
105.0,95.14731
110.0,95.14454
110.0,95.143974
136.0,95.14326
133.0,95.143295
132.0,95.145645
130.0,95.14647
130.0,95.14516
129.0,95.14332
129.0,95.142914
132.0,95.14117
113.0,95.13928
117.00000000000001,95.13929
101.00000000000001,95.14392
96.1,95.146
111.0,95.14026
127.0,95.13654
134.0,95.1488
138.0,95.15481
125.00000000000001,95.14212
124.00000000000001,95.137314
111.0,95.13696
125.00000000000001,95.13979
114.0,95.140305
114.0,95.142555
104.0,95.14329
106.99999999999999,95.14223
102.0,95.13898
104.0,95.14434
106.0,95.148
117.00000000000001,95.145515
115.99999999999999,95.143326
120.0,95.14137
119.0,95.14133
121.0,95.13688
118.0,95.13493
117.00000000000001,95.139114
99.3,95.14638
112.0,95.14315
110.0,95.13711
101.00000000000001,95.13499
101.00000000000001,95.137245
101.00000000000001,95.14034
104.0,95.13906
106.0,95.13857
114.0,95.14212
104.0,95.14402
112.0,95.15009
127.0,95.15131
114.99999999999999,95.14916
110.0,95.14432
99.99999999999999,95.14197
108.00000000000001,95.14297
125.00000000000001,95.14922
122.99999999999999,95.15771
122.0,95.16138
122.0,95.15806
102.0,95.156006
104.0,95.15428
106.0,95.149345
114.0,95.13512
110.0,95.13127
108.00000000000001,95.13189
108.00000000000001,95.137886
108.00000000000001,95.144356
102.0,95.14974
108.00000000000001,95.154175
117.00000000000001,95.15269
98.8,95.14448
94.6,95.1394
86.2,95.14312
85.4,95.146065
83.3,95.143005
83.0,95.14728
106.99999999999999,95.14646
89.6,95.15525
90.7,95.154236
89.9,95.15405
78.3,95.1576
73.3,95.165634
78.2,95.16166
93.1,95.149445
94.9,95.15009
89.1,95.15174
81.3,95.153694
75.6,95.14991
115.99999999999999,95.146484
105.0,95.1479
112.0,95.14492
120.0,95.14134
104.0,95.14417
103.0,95.1474
102.0,95.1532
101.00000000000001,95.15623
106.99999999999999,95.15624
106.0,95.155045
106.0,95.14512
89.5,95.14227
112.0,95.136635
87.3,95.13493
92.4,95.13625
99.5,95.140045
97.0,95.145256
99.99999999999999,95.14939
98.2,95.1485
95.4,95.15009
99.9,95.152725
105.0,95.15773
102.0,95.15642
97.0,95.15432
84.5,95.15197
95.2,95.14996
101.00000000000001,95.14133
97.2,95.14427
124.00000000000001,95.14728
125.00000000000001,95.14503
122.0,95.13922
112.0,95.1366
117.00000000000001,95.135605
109.00000000000001,95.13416
113.0,95.13492
110.0,95.13664
108.00000000000001,95.13862
98.3,95.13987
102.0,95.13957
105.0,95.1382
108.00000000000001,95.13675
111.0,95.13637
114.0,95.137085
102.0,95.137825
106.0,95.139145
90.0,95.14013
85.8,95.140465
93.0,95.13996
94.0,95.13981
104.0,95.13909
106.0,95.13957
106.99999999999999,95.14106
92.9,95.14134
103.0,95.141914
95.0,95.143
95.5,95.14438
132.0,95.1453
131.0,95.14266
131.0,95.137856
134.0,95.13456
141.0,95.137085
135.0,95.1358
143.0,95.13422
156.0,95.136955
189.0,95.137245
222.0,95.13757
162.0,95.13736
150.0,95.13085
150.0,95.12433
140.0,95.12448
167.0,95.12953
147.0,95.13724
153.0,95.14271
139.0,95.14197
142.0,95.13621
131.0,95.1317
143.0,95.12974
141.0,95.13521
139.0,95.14061
132.0,95.14313
135.0,95.14639
131.0,95.14698
136.0,95.14236
147.0,95.139694
