actual_runoff,predicted_runoff
120.25422867650096,87.66345
118.24359117870814,87.664665
120.25422867650096,87.65251
126.28614116987943,87.65252
118.24359117870814,87.65104
117.23827242981173,87.65104
112.21167868532967,87.65104
113.21699743422607,87.65104
107.18508494084763,87.65104
111.20635993643326,87.65104
111.20635993643326,87.65104
104.16912869415839,87.65104
107.18508494084763,87.65104
104.16912869415839,87.65104
99.14253494967635,87.65104
113.21699743422607,87.65269
110.20104118753686,87.65849
95.32232370386998,87.66136
103.16380994526197,87.659584
102.15849119636557,87.652626
106.17976619195122,87.65251
83.1579668422234,87.65295
105.17444744305479,87.65282
111.20635993643326,87.65104
109.19572243864044,87.65104
99.14253494967635,87.65104
111.20635993643326,87.65104
119.24890992760456,87.65104
104.16912869415839,87.65104
120.25422867650096,87.65104
119.24890992760456,87.65104
109.19572243864044,87.65236
106.17976619195122,87.65663
103.16380994526197,87.65793
97.63455682633172,87.656204
124.27550367208661,87.65104
121.25954742539737,87.65104
114.22231618312249,87.65104
117.23827242981173,87.65104
100.14785369857275,87.654884
107.18508494084763,87.65616
92.40689933207038,87.656204
90.09466620960863,87.65104
96.93083370210422,87.65104
105.17444744305479,87.65104
113.21699743422607,87.65104
122.2648661742938,87.65104
99.14253494967635,87.65104
112.21167868532967,87.65104
109.19572243864044,87.65104
102.15849119636557,87.65104
98.03668432589028,87.65104
102.15849119636557,87.65104
106.17976619195122,87.658165
103.16380994526197,87.66054
102.15849119636557,87.66062
101.15317244746916,87.65104
106.17976619195122,87.65104
103.16380994526197,87.65104
108.19040368974404,87.65104
106.17976619195122,87.65104
96.8303018272146,87.65104
98.13721620077992,87.65104
98.13721620077992,87.65104
98.13721620077992,87.65104
93.51274995585644,87.65104
112.21167868532967,87.65104
119.24890992760456,87.65104
107.18508494084763,87.66558
105.17444744305479,87.67043
94.31700495497356,87.670616
95.72445120342853,87.65104
114.22231618312249,87.65104
107.18508494084763,87.65104
109.19572243864044,87.65104
106.17976619195122,87.65104
109.19572243864044,87.65104
105.17444744305479,87.65104
105.17444744305479,87.65104
106.17976619195122,87.65104
100.14785369857275,87.65104
109.19572243864044,87.65104
107.18508494084763,87.65104
106.17976619195122,87.65104
90.19519808449827,87.65104
87.7824330871469,87.65104
103.16380994526197,87.66035
94.81966432942177,87.66345
97.835620576111,87.66357
101.15317244746916,87.65104
118.24359117870814,87.65104
88.18456058670544,87.65893
94.92019620431141,87.66155
104.16912869415839,87.66625
93.914877455415,87.65849
88.18456058670544,87.659325
82.85637121755447,87.65325
87.5813693373676,87.653786
243.90843479075954,87.65794
203.69568483490303,87.66331
158.45634113456458,87.81322
126.28614116987943,87.87251
94.4175368298632,87.86035
103.16380994526197,87.66871
112.21167868532967,87.65104
102.15849119636557,87.65104
102.15849119636557,87.65104
107.18508494084763,87.65104
96.02604682809746,87.65104
91.60264433295325,87.65269
101.15317244746916,87.65324
96.32764245276638,87.65326
96.62923807743532,87.66231
127.29145991877584,87.67645
125.28082242098303,87.68007
116.23295368091533,87.66504
106.17976619195122,87.65104
98.03668432589028,87.65104
122.2648661742938,87.65104
105.17444744305479,87.65104
103.16380994526197,87.65104
101.15317244746916,87.65104
101.15317244746916,87.65104
104.16912869415839,87.65104
95.22179182898033,87.65104
92.90955870651858,87.65104
96.93083370210422,87.65104
95.22179182898033,87.65104
98.13721620077992,87.65104
100.14785369857275,87.65104
110.20104118753686,87.65104
119.24890992760456,87.65104
106.17976619195122,87.65104
105.17444744305479,87.65104
104.16912869415839,87.65104
97.33296120166281,87.65104
100.14785369857275,87.65104
100.14785369857275,87.65104
99.14253494967635,87.65104
103.16380994526197,87.65104
100.14785369857275,87.65104
98.13721620077992,87.65104
89.18987933560186,87.65104
82.95690309244412,87.65104
73.40637497792821,87.65104
80.34307434531344,87.65104
84.96754059023694,87.65104
85.36966808979551,87.65104
77.82977747307243,87.65104
67.37446248454975,87.65104
77.93030934796207,87.65104
79.53881934619632,87.65104
79.33775559641704,87.65104
86.97817808802976,87.65104
74.6127574766039,87.65104
79.33775559641704,87.65881
80.04147872064452,87.66141
70.08882310657006,87.66151
79.4382874713067,87.65104
79.33775559641704,87.65104
76.72392684928637,87.65104
79.33775559641704,87.65104
73.90903435237642,87.65104
75.01488497616246,87.65104
70.1893549814597,87.65104
72.40105622903181,87.65104
71.99892872947323,87.65104
71.99892872947323,87.65104
73.10477935325929,87.65104
58.32659374448205,87.65104
83.86168996645088,87.65104
84.46488121578874,87.65104
101.15317244746916,87.65104
97.03136557699388,87.65104
88.7877518360433,87.65104
96.22711057787674,87.65104
94.92019620431141,87.65104
84.66594496556802,87.65104
94.01540933030464,87.65104
95.22179182898033,87.65104
130.30741616546507,87.66743
129.30209741656864,87.703476
113.21699743422607,87.71115
107.18508494084763,87.68949
101.15317244746916,87.65104
101.15317244746916,87.65104
94.61860057964249,87.65104
100.14785369857275,87.65104
95.32232370386998,87.65104
95.02072807920106,87.65104
99.14253494967635,87.65104
95.42285557875961,87.65104
89.79307058493971,87.65104
93.01009058140824,87.65104
87.7824330871469,87.655975
86.97817808802976,87.657616
86.27445496380227,87.65768
75.1154168510521,87.65104
109.19572243864044,87.66841
102.15849119636557,87.67804
117.23827242981173,87.67954
110.20104118753686,87.656204
103.16380994526197,87.65104
95.42285557875961,87.65104
108.19040368974404,87.65104
95.92551495320781,87.65104
105.17444744305479,87.65104
104.16912869415839,87.65104
105.17444744305479,87.65104
106.17976619195122,87.65104
85.87232746424371,87.65104
105.17444744305479,87.65104
107.18508494084763,87.65104
85.87232746424371,87.65104
127.29145991877584,87.65181
122.2648661742938,87.67518
116.23295368091533,87.686966
107.18508494084763,87.68759
103.16380994526197,87.6565
97.93615245100064,87.65104
107.18508494084763,87.65104
108.19040368974404,87.65104
103.16380994526197,87.65104
107.18508494084763,87.65104
98.13721620077992,87.65104
104.16912869415839,87.65104
81.95158434354771,87.65104
83.35903059200268,87.65104
87.7824330871469,87.65104
89.18987933560186,87.65104
90.79838933383613,87.65104
81.14732934443057,87.65104
84.8670087153473,87.65104
108.19040368974404,87.65104
97.53402495144209,87.65104
120.25422867650096,87.6747
99.14253494967635,87.70773
94.81966432942177,87.71647
85.36966808979551,87.68496
88.68721996115366,87.65104
90.89892120872577,87.65104
94.31700495497356,87.65104
96.8303018272146,87.65104
96.8303018272146,87.65104
95.82498307831818,87.65104
90.69785745894649,87.65104
84.36434934089908,87.65104
82.45424371799592,87.65104
92.20583558229109,87.65104
86.27445496380227,87.65104
88.2850924615951,87.65104
86.27445496380227,87.65104
85.36966808979551,87.65104
85.87232746424371,87.65104
83.05743496733376,87.65104
84.8670087153473,87.65104
87.38030558758832,87.65104
83.86168996645088,87.65104
81.95158434354771,87.65126
83.86168996645088,87.655174
109.19572243864044,87.656456
133.3233724121543,87.66398
119.24890992760456,87.70336
94.21647308008392,87.71201
91.70317620784289,87.69985
99.14253494967635,87.65267
89.79307058493971,87.65104
94.01540933030464,87.65104
91.80370808273254,87.65104
96.12657870298709,87.65104
84.36434934089908,87.65104
90.29572995938791,87.65104
101.15317244746916,87.65115
143.3765599011184,87.661476
103.16380994526197,87.67201
103.16380994526197,87.67438
100.14785369857275,87.66062
105.17444744305479,87.65104
95.22179182898033,87.65104
89.69253871005006,87.65104
93.914877455415,87.65104
99.14253494967635,87.66525
103.16380994526197,87.67
108.19040368974404,87.67017
108.19040368974404,87.65104
134.32869116105073,87.65104
131.3127349143615,87.65104
130.30741616546507,87.65104
128.29677866767224,87.65104
128.29677866767224,87.65104
127.29145991877584,87.65104
127.29145991877584,87.65104
130.30741616546507,87.65104
111.20635993643326,87.65104
115.22763493201892,87.65104
99.14253494967635,87.65104
94.21647308008392,87.65104
109.19572243864044,87.65104
125.28082242098303,87.65324
132.3180536632579,87.65955
136.33932865884353,87.6703
123.2701849231902,87.674324
122.2648661742938,87.668236
109.19572243864044,87.65636
123.2701849231902,87.65104
112.21167868532967,87.65104
112.21167868532967,87.65104
102.15849119636557,87.65104
105.17444744305479,87.65104
100.14785369857275,87.65104
102.15849119636557,87.65104
104.16912869415839,87.651695
115.22763493201892,87.651924
114.22231618312249,87.65193
118.24359117870814,87.65104
117.23827242981173,87.65104
119.24890992760456,87.65236
116.23295368091533,87.6528
115.22763493201892,87.65282
97.43349307655244,87.65104
110.20104118753686,87.65104
108.19040368974404,87.65104
99.14253494967635,87.65104
99.14253494967635,87.65104
99.14253494967635,87.65104
102.15849119636557,87.65104
104.16912869415839,87.65104
112.21167868532967,87.66318
102.15849119636557,87.66723
110.20104118753686,87.66739
125.28082242098303,87.6562
113.21699743422607,87.66743
108.19040368974404,87.67067
98.13721620077992,87.66386
106.17976619195122,87.65104
123.2701849231902,87.65104
121.25954742539737,87.65104
120.25422867650096,87.65104
120.25422867650096,87.65893
100.14785369857275,87.66254
102.15849119636557,87.66297
104.16912869415839,87.652374
112.21167868532967,87.65104
108.19040368974404,87.65104
106.17976619195122,87.65104
106.17976619195122,87.65104
106.17976619195122,87.65104
100.14785369857275,87.65104
106.17976619195122,87.65104
115.22763493201892,87.65104
96.93083370210422,87.65104
92.7084949567393,87.65104
84.26381746600946,87.65104
83.45956246689234,87.65104
81.34839309420987,87.65104
81.04679746954093,87.65104
105.17444744305479,87.65104
87.68190121225724,87.65104
88.7877518360433,87.65104
87.98349683692618,87.65104
76.3217993497278,87.65104
71.29520560524574,87.65104
76.22126747483817,87.65104
91.20051683339469,87.65104
93.01009058140824,87.65104
87.17924183780904,87.65104
79.33775559641704,87.65104
73.60743872770749,87.65104
114.22231618312249,87.65104
103.16380994526197,87.65104
110.20104118753686,87.65104
118.24359117870814,87.65104
102.15849119636557,87.65104
101.15317244746916,87.65104
100.14785369857275,87.65104
99.14253494967635,87.65104
105.17444744305479,87.65269
104.16912869415839,87.65324
104.16912869415839,87.65326
87.5813693373676,87.65104
110.20104118753686,87.65104
85.36966808979551,87.65104
90.4967937091672,87.65104
97.63455682633172,87.65104
95.12125995409069,87.65104
98.13721620077992,87.65104
96.32764245276638,87.65104
93.51274995585644,87.65104
98.03668432589028,87.65104
103.16380994526197,87.65104
100.14785369857275,87.65104
95.12125995409069,87.65104
82.55477559288555,87.65104
93.31168620607716,87.65104
99.14253494967635,87.65104
95.32232370386998,87.65104
122.2648661742938,87.65104
123.2701849231902,87.65104
120.25422867650096,87.65104
110.20104118753686,87.65104
115.22763493201892,87.65104
107.18508494084763,87.65104
111.20635993643326,87.65104
108.19040368974404,87.65104
106.17976619195122,87.65104
96.42817432765602,87.65104
100.14785369857275,87.65104
103.16380994526197,87.65104
106.17976619195122,87.65104
109.19572243864044,87.65104
112.21167868532967,87.65378
100.14785369857275,87.6547
104.16912869415839,87.65473
88.0840287118158,87.65104
83.86168996645088,87.65104
91.09998495850505,87.65104
92.10530370740146,87.65104
102.15849119636557,87.65104
104.16912869415839,87.65269
105.17444744305479,87.65324
90.99945308361542,87.65326
101.15317244746916,87.65104
93.11062245629788,87.65104
93.61328183074608,87.65925
130.30741616546507,87.66199
129.30209741656864,87.662094
129.30209741656864,87.65104
132.3180536632579,87.65104
139.35528490553278,87.65104
133.3233724121543,87.65104
141.36592240332558,87.65104
154.43506613897895,87.65104
187.6105848525605,87.667786
220.78610356614203,87.89359
160.4669786323574,88.018845
148.40315364560047,88.00094
148.40315364560047,87.701096
138.34996615663638,87.65104
165.49357237683947,87.65104
145.38719739891124,87.65104
151.4191098922897,87.65969
137.34464740773996,87.68123
140.36060365442918,87.688866
129.30209741656864,87.67791
141.36592240332558,87.688194
139.35528490553278,87.69301
137.34464740773996,87.69391
130.30741616546507,87.652565
133.3233724121543,87.65191
129.30209741656864,87.65191
134.32869116105073,87.652985
145.38719739891124,87.66909
70.8930781056872,87.68907
70.8930781056872,89.86217
72.19999247925253,91.660736
79.9409468457549,92.829926
79.9409468457549,92.83443
81.34839309420987,92.83978
77.32711809862423,92.85916
77.32711809862423,92.867325
76.12073559994852,92.87564
76.12073559994852,92.829926
76.12073559994852,92.829926
76.12073559994852,92.829926
76.12073559994852,92.829926
78.63403247218955,92.829926
81.34839309420987,92.829926
81.34839309420987,92.829926
82.75583934266483,92.829926
79.9409468457549,92.829926
79.9409468457549,92.829926
79.9409468457549,92.83054
77.32711809862423,92.83128
77.32711809862423,92.83161
77.32711809862423,92.829926
77.32711809862423,92.829926
77.32711809862423,92.829926
74.81382122638318,92.829926
74.81382122638318,92.829926
74.81382122638318,92.829926
77.32711809862423,92.829926
83.1579668422234,92.829926
82.05211621843735,92.829926
79.73988309597561,92.83582
78.63403247218955,92.8433
77.62871372329313,92.8469
77.62871372329313,92.83119
77.62871372329313,92.829926
76.52286309950709,92.829926
74.41169372682464,92.8307
73.40637497792821,92.83163
72.40105622903181,92.83203
72.40105622903181,92.829926
71.29520560524574,92.830315
72.40105622903181,92.83077
72.40105622903181,92.83098
70.28988685634934,92.829926
70.28988685634934,92.829926
68.17871748366689,92.829926
68.17871748366689,92.829926
68.17871748366689,92.829926
70.28988685634934,92.829926
68.17871748366689,92.829926
67.17339873477047,92.829926
66.2686118607637,92.829926
67.17339873477047,92.829926
67.17339873477047,92.829926
65.26329311186728,92.829926
64.25797436297087,92.829926
124.27550367208661,92.829926
124.27550367208661,92.829926
122.2648661742938,92.835976
116.23295368091533,92.84348
116.23295368091533,92.84698
117.23827242981173,92.83217
114.22231618312249,92.84012
111.20635993643326,92.84933
110.20104118753686,92.84923
110.20104118753686,92.829926
108.19040368974404,92.829926
108.19040368974404,92.829926
108.19040368974404,92.829926
107.18508494084763,92.831085
105.17444744305479,92.83248
103.16380994526197,92.83308
103.16380994526197,92.829926
108.19040368974404,92.829926
103.16380994526197,92.8307
101.15317244746916,92.83163
100.14785369857275,92.83203
100.14785369857275,92.829926
98.13721620077992,92.829926
97.23242932677316,92.829926
96.02604682809746,92.829926
94.81966432942177,92.829926
94.81966432942177,92.829926
94.81966432942177,92.829926
85.36966808979551,92.829926
84.26381746600946,92.829926
83.1579668422234,92.829926
80.84573371976165,92.829926
79.73988309597561,92.829926
78.63403247218955,92.829926
78.63403247218955,92.829926
78.63403247218955,92.829926
76.52286309950709,92.829926
76.52286309950709,92.829926
74.41169372682464,92.829926
73.40637497792821,92.829926
73.40637497792821,92.829926
73.40637497792821,92.829926
73.40637497792821,92.829926
72.40105622903181,92.829926
70.28988685634934,92.829926
68.17871748366689,92.829926
68.17871748366689,92.829926
68.17871748366689,92.829926
66.2686118607637,92.829926
66.2686118607637,92.829926
67.17339873477047,92.829926
68.17871748366689,92.829926
68.17871748366689,92.829926
70.28988685634934,92.829926
68.17871748366689,92.8338
68.17871748366689,92.83843
72.70265185370073,92.84043
73.90903435237642,92.829926
72.70265185370073,92.829926
71.49626935502503,92.829926
70.1893549814597,92.829926
67.77658998410831,92.83047
66.57020748543262,92.831116
66.57020748543262,92.831474
66.57020748543262,92.83009
67.77658998410831,92.83014
67.77658998410831,92.829926
66.57020748543262,92.829926
66.57020748543262,92.83024
64.05691061319159,92.83146
62.85052811451591,92.83264
62.85052811451591,92.83224
61.64414561584021,92.829926
61.64414561584021,92.829926
60.538294992054155,92.829926
61.64414561584021,92.829926
66.57020748543262,92.8321
66.57020748543262,92.83941
61.64414561584021,92.84632
60.538294992054155,92.84308
59.4324443682681,92.830345
58.32659374448205,92.829926
57.220743120696,92.829926
57.220743120696,92.829926
57.220743120696,92.829926
90.29572995938791,92.829926
90.29572995938791,92.829926
90.99945308361542,92.83008
88.7877518360433,92.83027
90.29572995938791,92.83042
90.29572995938791,92.83009
90.29572995938791,92.830215
88.7877518360433,92.83165
88.7877518360433,92.83377
85.97285933913335,92.83464
86.57605058847119,92.83056
85.26913621490587,92.829926
84.56541309067838,92.829926
84.56541309067838,92.829926
83.25849871711304,92.829926
81.95158434354771,92.829926
84.56541309067838,92.829926
84.56541309067838,92.829926
83.96222184134054,92.829926
83.25849871711304,92.829926
83.96222184134054,92.829926
84.56541309067838,92.829926
83.25849871711304,92.829926
81.95158434354771,92.829926
88.7877518360433,92.829926
88.0840287118158,92.829926
84.56541309067838,92.829926
84.56541309067838,92.829926
450.2296941442396,92.829926
450.2296941442396,92.829926
450.2296941442396,92.829926
450.2296941442396,92.829926
450.2296941442396,92.83
450.2296941442396,92.83009
450.2296941442396,92.83014
450.2296941442396,92.829926
450.2296941442396,92.829926
450.2296941442396,92.829926
450.2296941442396,92.829926
124.27550367208661,92.84457
115.22763493201892,92.875114
110.20104118753686,92.89825
111.20635993643326,92.86587
116.23295368091533,92.829926
111.20635993643326,92.84634
107.18508494084763,92.86581
105.17444744305479,92.87409
105.17444744305479,92.83044
103.16380994526197,92.83056
103.16380994526197,92.829926
102.15849119636557,92.829926
99.14253494967635,92.829926
96.02604682809746,92.829926
92.7084949567393,92.829926
91.80370808273254,92.829926
91.20051683339469,92.829926
118.24359117870814,92.829926
121.25954742539737,92.829926
124.27550367208661,92.829926
122.2648661742938,92.829926
122.2648661742938,92.83559
122.2648661742938,92.84232
121.25954742539737,92.845245
120.25422867650096,92.829926
120.25422867650096,92.829926
120.25422867650096,92.829926
121.25954742539737,92.829926
118.24359117870814,92.829926
118.24359117870814,92.829926
118.24359117870814,92.829926
118.24359117870814,92.829926
118.24359117870814,92.83551
118.24359117870814,92.84262
120.25422867650096,92.84683
120.25422867650096,92.83304
117.23827242981173,92.83237
115.22763493201892,92.830345
112.21167868532967,92.829926
111.20635993643326,92.829926
111.20635993643326,92.829926
109.19572243864044,92.829926
108.19040368974404,92.829926
108.19040368974404,92.83047
108.19040368974404,92.832825
94.71913245453213,92.835144
94.71913245453213,92.83455
96.22711057787674,92.829926
94.71913245453213,92.831085
93.2111543311875,92.83286
96.22711057787674,92.83432
97.73508870122134,92.831825
99.14253494967635,92.83098
97.73508870122134,92.83016
96.22711057787674,92.83059
96.22711057787674,92.83098
94.71913245453213,92.83051
94.71913245453213,92.83014
91.70317620784289,92.829926
93.2111543311875,92.829926
91.70317620784289,92.8338
91.70317620784289,92.83843
90.29572995938791,92.84043
90.29572995938791,92.829926
87.2797737126987,92.829926
87.2797737126987,92.829926
88.7877518360433,92.829926
91.70317620784289,92.829926
91.70317620784289,92.831085
94.71913245453213,92.8331
93.2111543311875,92.83692
88.7877518360433,92.83705
87.2797737126987,92.83665
88.7877518360433,92.829926
69.98829123168042,92.829926
69.98829123168042,92.829926
67.9776537338876,92.829926
66.97233498499118,92.829926
65.86648436120514,92.829926
65.86648436120514,92.829926
64.86116561230872,92.829926
60.73935874183343,92.8307
59.73403999293702,92.83163
58.829253118930254,92.83203
58.829253118930254,92.829926
57.92446624492349,92.829926
56.01436062202031,92.829926
55.109573748013545,92.829926
55.109573748013545,92.829926
54.204786874006764,92.829926
53.3,92.829926
53.3,92.829926
54.204786874006764,92.829926
60.73935874183343,92.829926
60.73935874183343,92.84703
57.92446624492349,92.87283
57.01967937091672,92.887764
56.01436062202031,92.84504
55.109573748013545,92.829926
56.01436062202031,92.829926
55.109573748013545,92.829926
56.01436062202031,92.829926
89.79307058493971,92.829926
88.18456058670544,92.829926
86.57605058847119,92.829926
83.25849871711304,92.829926
89.79307058493971,92.829926
86.57605058847119,92.829926
84.8670087153473,92.829926
83.25849871711304,92.829926
81.64998871887877,92.829926
81.64998871887877,92.829926
80.04147872064452,92.829926
80.04147872064452,92.829926
76.824458724176,92.83698
75.41701247572104,92.84538
73.90903435237642,92.84964
72.50158810392145,92.86278
70.99360998057682,92.9037
70.99360998057682,92.9172
72.50158810392145,92.83098
72.50158810392145,92.829926
70.99360998057682,92.836205
70.99360998057682,92.84847
70.99360998057682,92.857666
72.50158810392145,92.84346
72.50158810392145,92.83056
70.99360998057682,92.83388
75.41701247572104,92.8413
76.824458724176,92.84658
89.79307058493971,92.83728
88.18456058670544,92.829926
86.57605058847119,92.829926
83.25849871711304,92.829926
89.79307058493971,92.829926
86.57605058847119,92.829926
84.8670087153473,92.829926
83.25849871711304,92.829926
81.64998871887877,92.829926
81.64998871887877,92.829926
80.04147872064452,92.829926
80.04147872064452,92.829926
76.824458724176,92.829926
75.41701247572104,92.829926
73.90903435237642,92.829926
72.50158810392145,92.829926
70.99360998057682,92.829926
70.99360998057682,92.829926
72.50158810392145,92.829926
72.50158810392145,92.829926
70.99360998057682,92.829926
70.99360998057682,92.829926
70.99360998057682,92.829926
72.50158810392145,92.829926
72.50158810392145,92.829926
70.99360998057682,92.829926
75.41701247572104,92.829926
88.18456058670544,92.83117
116.23295368091533,92.8475
118.24359117870814,92.86847
114.22231618312249,92.875824
112.21167868532967,92.83728
108.19040368974404,92.829926
112.21167868532967,92.829926
110.20104118753686,92.829926
124.27550367208661,92.829926
126.28614116987943,92.84564
118.24359117870814,92.86645
104.16912869415839,92.87681
108.19040368974404,92.83581
104.16912869415839,92.829926
100.14785369857275,92.829926
104.16912869415839,92.83133
102.15849119636557,92.832985
100.14785369857275,92.83371
100.14785369857275,92.829926
96.12657870298709,92.829926
94.11594120519428,92.829926
92.10530370740146,92.829926
92.10530370740146,92.829926
92.10530370740146,92.829926
90.09466620960863,92.829926
90.09466620960863,92.829926
88.0840287118158,92.829926
88.0840287118158,92.829926
88.0840287118158,92.83186
92.10530370740146,92.834175
82.05211621843735,92.83518
80.04147872064452,92.83512
78.0308412228517,92.84749
76.52286309950709,92.85755
76.52286309950709,92.84672
76.52286309950709,92.829926
75.01488497616246,92.829926
73.50690685281786,92.829926
71.99892872947323,92.829926
84.06275371623018,92.829926
92.10530370740146,92.829926
80.04147872064452,92.829926
76.52286309950709,92.829926
80.04147872064452,92.829926
86.07339121402299,92.829926
86.07339121402299,92.829926
82.05211621843735,92.829926
82.05211621843735,92.829926
75.01488497616246,92.831245
73.50690685281786,92.83282
71.99892872947323,92.83373
70.49095060612862,92.83044
67.47499435943938,92.83056
65.96701623609478,92.829926
64.45903811275016,92.829926
65.96701623609478,92.829926
68.982972482784,92.83148
68.982972482784,92.83418
89.79307058493971,92.836
86.57605058847119,92.83224
84.8670087153473,92.829926
83.25849871711304,92.829926
81.64998871887877,92.829926
81.64998871887877,92.829926
78.43296872241028,92.829926
76.824458724176,92.829926
84.8670087153473,92.829926
111.20635993643326,92.8328
109.19572243864044,92.8572
100.14785369857275,92.88359
93.01009058140824,92.88569
83.25849871711304,92.829926
80.04147872064452,92.829926
80.04147872064452,92.829926
78.43296872241028,92.829926
76.824458724176,92.829926
75.41701247572104,92.829926
73.90903435237642,92.829926
72.50158810392145,92.829926
72.50158810392145,92.829926
83.25849871711304,92.829926
76.824458724176,92.84764
76.824458724176,92.86867
73.90903435237642,92.87722
70.99360998057682,92.829926
69.58616373212185,92.829926
80.04147872064452,92.829926
80.04147872064452,92.829926
80.04147872064452,92.829926
78.0308412228517,92.829926
76.52286309950709,92.829926
78.0308412228517,92.829926
78.0308412228517,92.829926
76.52286309950709,92.829926
75.01488497616246,92.829926
78.0308412228517,92.829926
78.0308412228517,92.829926
78.0308412228517,92.829926
78.0308412228517,92.829926
76.52286309950709,92.829926
76.52286309950709,92.829926
82.05211621843735,92.829926
90.09466620960863,92.829926
82.05211621843735,92.835976
80.04147872064452,92.84318
76.52286309950709,92.8463
75.01488497616246,92.829926
71.99892872947323,92.829926
76.52286309950709,92.829926
94.11594120519428,92.829926
94.11594120519428,92.853714
80.04147872064452,92.8819
73.50690685281786,92.89262
75.01488497616246,92.829926
91.50211245806362,92.829926
89.18987933560186,92.829926
89.18987933560186,92.829926
86.97817808802976,92.829926
84.76647684045766,92.829926
83.25849871711304,92.829926
81.14732934443057,92.829926
79.63935122108596,92.829926
79.63935122108596,92.829926
107.18508494084763,92.829926
147.39783489670407,92.829926
192.63717859704255,92.86846
146.39251614780764,92.97455
125.28082242098303,93.06599
114.22231618312249,92.983925
111.20635993643326,92.83098
106.17976619195122,92.829926
101.15317244746916,92.829926
96.93083370210422,92.829926
97.73508870122134,92.829926
96.22711057787674,92.829926
93.11062245629788,92.829926
89.99413433471899,92.829926
89.18987933560186,92.829926
86.97817808802976,92.829926
106.17976619195122,92.829926
106.17976619195122,92.83148
147.39783489670407,92.84076
119.24890992760456,92.87964
87.68190121225724,92.915596
86.27445496380227,92.908035
85.47019996468515,92.829926
84.76647684045766,92.829926
86.97817808802976,92.829926
84.76647684045766,92.829926
83.25849871711304,92.829926
81.85105246865807,92.829926
81.14732934443057,92.829926
79.63935122108596,92.829926
78.93562809685848,92.829926
77.42764997351387,92.829926
76.02020372505889,92.829926
74.6127574766039,92.829926
74.6127574766039,92.829926
74.6127574766039,92.829926
71.79786497969395,92.829926
70.49095060612862,92.829926
67.87712185899795,92.829926
66.57020748543262,92.829926
66.57020748543262,92.829926
67.17339873477047,92.83194
67.17339873477047,92.83435
70.49095060612862,92.83539
69.18403623256329,92.829926
69.78722748190114,92.829926
71.09414185546646,92.829926
70.49095060612862,92.83093
107.18508494084763,92.83214
106.17976619195122,92.83266
109.19572243864044,92.829926
110.20104118753686,92.829926
108.19040368974404,92.83093
105.17444744305479,92.83214
104.16912869415839,92.83266
104.16912869415839,92.829926
103.16380994526197,92.829926
101.15317244746916,92.829926
100.14785369857275,92.829926
100.14785369857275,92.829926
100.14785369857275,92.829926
100.14785369857275,92.829926
99.14253494967635,92.829926
96.93083370210422,92.829926
95.52338745364926,92.829926
94.11594120519428,92.829926
94.81966432942177,92.829926
100.14785369857275,92.829926
96.22711057787674,92.829926
94.11594120519428,92.829926
92.7084949567393,92.829926
90.69785745894649,92.829926
99.14253494967635,92.829926
104.16912869415839,92.83024
95.52338745364926,92.84501
99.14253494967635,92.863266
101.15317244746916,92.870926
100.14785369857275,92.83266
100.14785369857275,92.829926
99.14253494967635,92.829926
107.18508494084763,92.83233
96.93083370210422,92.8352
95.42285557875961,92.83644
94.61860057964249,92.829926
93.914877455415,92.829926
93.914877455415,92.829926
92.30636745718074,92.829926
92.30636745718074,92.829926
90.79838933383613,92.829926
89.99413433471899,92.829926
89.18987933560186,92.829926
87.68190121225724,92.829926
88.48615621137438,92.829926
87.68190121225724,92.829926
86.27445496380227,92.829926
84.76647684045766,92.829926
85.47019996468515,92.829926
84.76647684045766,92.829926
83.25849871711304,92.829926
86.27445496380227,92.829926
85.47019996468515,92.829926
84.76647684045766,92.829926
84.06275371623018,92.829926
83.25849871711304,92.829926
90.79838933383613,92.829926
93.61328183074608,92.829926
92.90955870651858,92.829926
90.79838933383613,92.84147
89.39094308538115,92.855194
92.90955870651858,92.86115
95.12125995409069,92.829926
97.23242932677316,92.848724
94.31700495497356,92.87101
91.50211245806362,92.87998
89.39094308538115,92.829926
90.79838933383613,92.829926
97.23242932677316,92.829926
94.31700495497356,92.829926
90.09466620960863,92.829926
87.98349683692618,92.829926
86.67658246336083,92.829926
85.36966808979551,92.829926
83.35903059200268,92.829926
82.65530746777519,92.833496
81.34839309420987,92.837746
80.04147872064452,92.83959
80.04147872064452,92.829926
77.32711809862423,92.829926
76.02020372505889,92.829926
76.02020372505889,92.829926
74.71328935149354,92.829926
74.71328935149354,92.829926
76.02020372505889,92.829926
97.43349307655244,92.829926
95.52338745364926,92.829926
93.61328183074608,92.829926
89.39094308538115,92.829926
87.98349683692618,92.829926
87.5813693373676,92.829926
85.77179558935407,92.829926
85.77179558935407,92.829926
85.36966808979551,92.829926
86.17392308891263,92.829926
87.5813693373676,92.829926
90.79838933383613,92.829926
88.48615621137438,92.829926
86.67658246336083,92.829926
85.36966808979551,92.829926
85.36966808979551,92.829926
84.46488121578874,92.829926
83.1579668422234,92.834274
81.34839309420987,92.83945
81.34839309420987,92.84169
80.04147872064452,92.829926
84.8670087153473,92.829926
83.96222184134054,92.829926
82.65530746777519,92.829926
83.56009434178196,92.829926
86.67658246336083,92.829926
86.67658246336083,92.83008
85.36966808979551,92.84204
88.0840287118158,92.85612
84.8670087153473,92.86178
93.61328183074608,92.829926
79.07637272170398,92.829926
84.46488121578874,92.829926
84.26381746600946,92.829926
108.19040368974404,92.829926
109.19572243864044,92.829926
101.15317244746916,92.83016
99.14253494967635,92.83517
97.43349307655244,92.84108
102.15849119636557,92.84308
450.2296941442396,92.830345
450.2296941442396,92.85783
450.2296941442396,92.892365
450.2296941442396,92.90426
450.2296941442396,92.829926
450.2296941442396,92.829926
450.2296941442396,92.829926
450.2296941442396,92.829926
450.2296941442396,92.829926
450.2296941442396,92.829926
450.2296941442396,92.829926
450.2296941442396,92.829926
450.2296941442396,92.829926
450.2296941442396,92.829926
450.2296941442396,92.84232
450.2296941442396,92.85782
450.2296941442396,92.865105
450.2296941442396,92.83211
450.2296941442396,92.85596
450.2296941442396,92.88741
450.2296941442396,92.899376
450.2296941442396,92.83203
450.2296941442396,92.829926
450.2296941442396,92.829926
450.2296941442396,92.829926
450.2296941442396,92.829926
450.2296941442396,92.829926
450.2296941442396,92.829926
95.62391932853889,92.829926
96.32764245276638,92.829926
96.72976995232494,92.829926
90.4967937091672,92.829926
89.29041121049151,92.829926
84.36434934089908,92.829926
99.14253494967635,92.829926
118.24359117870814,92.829926
129.30209741656864,92.863525
111.20635993643326,92.91438
102.15849119636557,92.93884
101.15317244746916,92.84923
90.39626183427755,92.829926
80.9462655946513,92.829926
100.14785369857275,92.829926
106.17976619195122,92.829926
120.25422867650096,92.829926
118.24359117870814,92.829926
120.25422867650096,92.829926
126.28614116987943,92.829926
118.24359117870814,92.829926
117.23827242981173,92.829926
112.21167868532967,92.829926
113.21699743422607,92.829926
107.18508494084763,92.829926
111.20635993643326,92.829926
111.20635993643326,92.829926
104.16912869415839,92.829926
107.18508494084763,92.829926
104.16912869415839,92.829926
99.14253494967635,92.829926
113.21699743422607,92.829926
110.20104118753686,92.829926
95.32232370386998,92.829926
103.16380994526197,92.829926
102.15849119636557,92.829926
106.17976619195122,92.829926
83.1579668422234,92.829926
105.17444744305479,92.829926
111.20635993643326,92.829926
109.19572243864044,92.829926
99.14253494967635,92.829926
111.20635993643326,92.829926
119.24890992760456,92.829926
104.16912869415839,92.829926
120.25422867650096,92.829926
119.24890992760456,92.829926
109.19572243864044,92.83473
106.17976619195122,92.84046
103.16380994526197,92.84295
97.63455682633172,92.829926
124.27550367208661,92.829926
121.25954742539737,92.829926
114.22231618312249,92.829926
117.23827242981173,92.83062
100.14785369857275,92.83317
107.18508494084763,92.83556
92.40689933207038,92.83455
90.09466620960863,92.829926
96.93083370210422,92.829926
105.17444744305479,92.829926
113.21699743422607,92.829926
122.2648661742938,92.836205
99.14253494967635,92.84369
112.21167868532967,92.84693
109.19572243864044,92.829926
102.15849119636557,92.829926
98.03668432589028,92.829926
102.15849119636557,92.829926
106.17976619195122,92.83667
103.16380994526197,92.8447
102.15849119636557,92.84818
101.15317244746916,92.829926
106.17976619195122,92.829926
103.16380994526197,92.829926
108.19040368974404,92.829926
106.17976619195122,92.829926
96.8303018272146,92.829926
98.13721620077992,92.829926
98.13721620077992,92.829926
98.13721620077992,92.829926
93.51274995585644,92.829926
112.21167868532967,92.829926
119.24890992760456,92.829926
107.18508494084763,92.83008
105.17444744305479,92.83027
94.31700495497356,92.830345
95.72445120342853,92.829926
114.22231618312249,92.829926
107.18508494084763,92.829926
109.19572243864044,92.829926
106.17976619195122,92.829926
109.19572243864044,92.829926
105.17444744305479,92.829926
105.17444744305479,92.829926
106.17976619195122,92.829926
100.14785369857275,92.829926
109.19572243864044,92.829926
107.18508494084763,92.829926
106.17976619195122,92.829926
90.19519808449827,92.829926
87.7824330871469,92.829926
103.16380994526197,92.829926
94.81966432942177,92.829926
97.835620576111,92.829926
101.15317244746916,92.829926
118.24359117870814,92.829926
88.18456058670544,92.829926
94.92019620431141,92.829926
104.16912869415839,92.829926
93.914877455415,92.831085
88.18456058670544,92.832634
82.85637121755447,92.83342
87.5813693373676,92.83693
243.90843479075954,92.8463
203.69568483490303,92.852005
158.45634113456458,92.89923
126.28614116987943,92.982834
94.4175368298632,93.01699
103.16380994526197,92.829926
112.21167868532967,92.829926
102.15849119636557,92.829926
102.15849119636557,92.829926
107.18508494084763,92.829926
96.02604682809746,92.829926
91.60264433295325,92.829926
101.15317244746916,92.829926
96.32764245276638,92.829926
96.62923807743532,92.83775
127.29145991877584,92.84708
125.28082242098303,92.85112
116.23295368091533,92.829926
106.17976619195122,92.829926
98.03668432589028,92.829926
122.2648661742938,92.829926
105.17444744305479,92.829926
103.16380994526197,92.829926
101.15317244746916,92.829926
101.15317244746916,92.829926
104.16912869415839,92.829926
95.22179182898033,92.829926
92.90955870651858,92.829926
96.93083370210422,92.829926
95.22179182898033,92.829926
98.13721620077992,92.829926
100.14785369857275,92.829926
110.20104118753686,92.829926
119.24890992760456,92.829926
106.17976619195122,92.829926
105.17444744305479,92.83571
104.16912869415839,92.84259
97.33296120166281,92.84558
100.14785369857275,92.829926
100.14785369857275,92.829926
99.14253494967635,92.829926
103.16380994526197,92.829926
100.14785369857275,92.829926
98.13721620077992,92.829926
89.18987933560186,92.829926
82.95690309244412,92.829926
73.40637497792821,92.829926
80.34307434531344,92.829926
84.96754059023694,92.829926
85.36966808979551,92.829926
77.82977747307243,92.840385
67.37446248454975,92.85283
77.93030934796207,92.85822
79.53881934619632,92.829926
79.33775559641704,92.829926
86.97817808802976,92.829926
74.6127574766039,92.833954
79.33775559641704,92.83877
80.04147872064452,92.84085
70.08882310657006,92.829926
79.4382874713067,92.829926
79.33775559641704,92.829926
76.72392684928637,92.829926
79.33775559641704,92.829926
73.90903435237642,92.829926
75.01488497616246,92.829926
70.1893549814597,92.829926
72.40105622903181,92.829926
71.99892872947323,92.829926
71.99892872947323,92.829926
73.10477935325929,92.829926
58.32659374448205,92.829926
83.86168996645088,92.829926
84.46488121578874,92.829926
101.15317244746916,92.829926
97.03136557699388,92.829926
88.7877518360433,92.829926
96.22711057787674,92.829926
94.92019620431141,92.829926
84.66594496556802,92.829926
94.01540933030464,92.829926
95.22179182898033,92.829926
130.30741616546507,92.839615
129.30209741656864,92.878
113.21699743422607,92.91554
107.18508494084763,92.90088
101.15317244746916,92.829926
101.15317244746916,92.83458
94.61860057964249,92.840126
100.14785369857275,92.84253
95.32232370386998,92.829926
95.02072807920106,92.829926
99.14253494967635,92.829926
95.42285557875961,92.829926
89.79307058493971,92.829926
93.01009058140824,92.829926
87.7824330871469,92.829926
86.97817808802976,92.83016
86.27445496380227,92.83044
75.1154168510521,92.83056
109.19572243864044,92.829926
102.15849119636557,92.829926
117.23827242981173,92.829926
110.20104118753686,92.829926
103.16380994526197,92.829926
95.42285557875961,92.829926
108.19040368974404,92.829926
95.92551495320781,92.829926
105.17444744305479,92.829926
104.16912869415839,92.829926
105.17444744305479,92.829926
106.17976619195122,92.829926
85.87232746424371,92.829926
105.17444744305479,92.829926
107.18508494084763,92.829926
85.87232746424371,92.829926
127.29145991877584,92.829926
122.2648661742938,92.839615
116.23295368091533,92.86467
107.18508494084763,92.8858
103.16380994526197,92.86669
97.93615245100064,92.829926
107.18508494084763,92.829926
108.19040368974404,92.829926
103.16380994526197,92.829926
107.18508494084763,92.829926
98.13721620077992,92.829926
104.16912869415839,92.829926
81.95158434354771,92.829926
83.35903059200268,92.829926
87.7824330871469,92.829926
89.18987933560186,92.829926
90.79838933383613,92.829926
81.14732934443057,92.829926
84.8670087153473,92.829926
108.19040368974404,92.829926
97.53402495144209,92.829926
120.25422867650096,92.85772
99.14253494967635,92.92119
94.81966432942177,92.96778
85.36966808979551,92.90501
88.68721996115366,92.829926
90.89892120872577,92.829926
94.31700495497356,92.829926
96.8303018272146,92.829926
96.8303018272146,92.829926
95.82498307831818,92.83008
90.69785745894649,92.83027
84.36434934089908,92.830345
82.45424371799592,92.829926
92.20583558229109,92.829926
86.27445496380227,92.829926
88.2850924615951,92.829926
86.27445496380227,92.829926
85.36966808979551,92.829926
85.87232746424371,92.829926
83.05743496733376,92.829926
84.8670087153473,92.829926
87.38030558758832,92.829926
83.86168996645088,92.829926
81.95158434354771,92.829926
83.86168996645088,92.829926
109.19572243864044,92.829926
133.3233724121543,92.829926
119.24890992760456,92.829926
94.21647308008392,92.829926
91.70317620784289,92.829926
99.14253494967635,92.829926
89.79307058493971,92.829926
94.01540933030464,92.829926
91.80370808273254,92.829926
96.12657870298709,92.829926
84.36434934089908,92.829926
90.29572995938791,92.829926
101.15317244746916,92.829926
143.3765599011184,92.829926
103.16380994526197,92.829926
103.16380994526197,92.829926
100.14785369857275,92.829926
105.17444744305479,92.829926
95.22179182898033,92.829926
89.69253871005006,92.829926
93.914877455415,92.829926
99.14253494967635,92.829926
103.16380994526197,92.829926
108.19040368974404,92.829926
108.19040368974404,92.829926
134.32869116105073,92.829926
131.3127349143615,92.829926
130.30741616546507,92.829926
128.29677866767224,92.829926
128.29677866767224,92.829926
127.29145991877584,92.829926
127.29145991877584,92.829926
130.30741616546507,92.829926
111.20635993643326,92.829926
115.22763493201892,92.829926
99.14253494967635,92.830315
94.21647308008392,92.83077
109.19572243864044,92.83098
125.28082242098303,92.831245
132.3180536632579,92.8425
136.33932865884353,92.87044
123.2701849231902,92.90422
122.2648661742938,92.90072
109.19572243864044,92.86505
123.2701849231902,92.829926
112.21167868532967,92.829926
112.21167868532967,92.829926
102.15849119636557,92.829926
105.17444744305479,92.829926
100.14785369857275,92.829926
102.15849119636557,92.829926
104.16912869415839,92.844406
115.22763493201892,92.8616
114.22231618312249,92.86893
118.24359117870814,92.829926
117.23827242981173,92.829926
119.24890992760456,92.83977
116.23295368091533,92.85147
115.22763493201892,92.85655
97.43349307655244,92.829926
110.20104118753686,92.829926
108.19040368974404,92.829926
99.14253494967635,92.829926
99.14253494967635,92.829926
99.14253494967635,92.829926
102.15849119636557,92.829926
104.16912869415839,92.829926
112.21167868532967,92.829926
102.15849119636557,92.829926
110.20104118753686,92.829926
125.28082242098303,92.829926
113.21699743422607,92.83179
108.19040368974404,92.83401
98.13721620077992,92.83497
106.17976619195122,92.829926
123.2701849231902,92.829926
121.25954742539737,92.829926
120.25422867650096,92.829926
120.25422867650096,92.83628
100.14785369857275,92.84509
102.15849119636557,92.84985
104.16912869415839,92.83329
112.21167868532967,92.829926
108.19040368974404,92.829926
106.17976619195122,92.829926
106.17976619195122,92.829926
106.17976619195122,92.829926
100.14785369857275,92.829926
106.17976619195122,92.83311
115.22763493201892,92.8369
96.93083370210422,92.83854
92.7084949567393,92.829926
84.26381746600946,92.829926
83.45956246689234,92.829926
81.34839309420987,92.829926
81.04679746954093,92.829926
105.17444744305479,92.829926
87.68190121225724,92.829926
88.7877518360433,92.829926
87.98349683692618,92.829926
76.3217993497278,92.829926
71.29520560524574,92.83264
76.22126747483817,92.83588
91.20051683339469,92.83728
93.01009058140824,92.829926
87.17924183780904,92.829926
79.33775559641704,92.829926
73.60743872770749,92.829926
114.22231618312249,92.829926
103.16380994526197,92.829926
110.20104118753686,92.829926
118.24359117870814,92.829926
102.15849119636557,92.829926
101.15317244746916,92.829926
100.14785369857275,92.829926
99.14253494967635,92.829926
105.17444744305479,92.829926
104.16912869415839,92.829926
104.16912869415839,92.829926
87.5813693373676,92.829926
110.20104118753686,92.829926
85.36966808979551,92.829926
90.4967937091672,92.829926
97.63455682633172,92.829926
95.12125995409069,92.829926
98.13721620077992,92.829926
96.32764245276638,92.829926
93.51274995585644,92.829926
98.03668432589028,92.829926
103.16380994526197,92.829926
100.14785369857275,92.829926
95.12125995409069,92.829926
82.55477559288555,92.829926
93.31168620607716,92.829926
99.14253494967635,92.829926
95.32232370386998,92.829926
122.2648661742938,92.829926
123.2701849231902,92.829926
120.25422867650096,92.829926
110.20104118753686,92.829926
115.22763493201892,92.829926
107.18508494084763,92.829926
111.20635993643326,92.829926
108.19040368974404,92.829926
106.17976619195122,92.829926
96.42817432765602,92.829926
100.14785369857275,92.829926
103.16380994526197,92.829926
106.17976619195122,92.829926
109.19572243864044,92.829926
112.21167868532967,92.83775
100.14785369857275,92.84708
104.16912869415839,92.85112
88.0840287118158,92.829926
83.86168996645088,92.829926
91.09998495850505,92.829926
92.10530370740146,92.829926
102.15849119636557,92.829926
104.16912869415839,92.829926
105.17444744305479,92.829926
90.99945308361542,92.829926
101.15317244746916,92.829926
93.11062245629788,92.829926
93.61328183074608,92.829926
130.30741616546507,92.829926
129.30209741656864,92.829926
129.30209741656864,92.829926
132.3180536632579,92.829926
139.35528490553278,92.829926
133.3233724121543,92.829926
141.36592240332558,92.829926
154.43506613897895,92.829926
187.6105848525605,92.83651
220.78610356614203,92.870094
160.4669786323574,92.93601
148.40315364560047,92.967354
148.40315364560047,92.912674
138.34996615663638,92.829926
165.49357237683947,92.829926
145.38719739891124,92.829926
151.4191098922897,92.8393
137.34464740773996,92.854385
140.36060365442918,92.86701
129.30209741656864,92.84743
141.36592240332558,92.83988
139.35528490553278,92.83333
137.34464740773996,92.83413
130.30741616546507,92.829926
133.3233724121543,92.829926
129.30209741656864,92.829926
134.32869116105073,92.829926
145.38719739891124,92.829926
70.8930781056872,92.83458
70.8930781056872,92.86462
72.19999247925253,92.876274
79.9409468457549,92.885216
79.9409468457549,92.885216
81.34839309420987,92.89009
77.32711809862423,92.89854
77.32711809862423,92.90534
76.12073559994852,92.89453
76.12073559994852,92.893875
76.12073559994852,92.885216
76.12073559994852,92.885216
76.12073559994852,92.885216
78.63403247218955,92.885216
81.34839309420987,92.885216
81.34839309420987,92.885216
82.75583934266483,92.896965
79.9409468457549,92.91944
79.9409468457549,92.932785
79.9409468457549,92.900475
77.32711809862423,92.90218
77.32711809862423,92.91946
77.32711809862423,92.91816
77.32711809862423,92.89007
77.32711809862423,92.89252
74.81382122638318,92.8883
74.81382122638318,92.88582
74.81382122638318,92.88677
77.32711809862423,92.887146
83.1579668422234,92.88642
82.05211621843735,92.88833
79.73988309597561,92.88907
78.63403247218955,92.885216
77.62871372329313,92.885216
77.62871372329313,92.885216
77.62871372329313,92.885216
76.52286309950709,92.885216
74.41169372682464,92.885216
73.40637497792821,92.885216
72.40105622903181,92.885216
72.40105622903181,92.88648
71.29520560524574,92.88849
72.40105622903181,92.88925
72.40105622903181,92.885216
70.28988685634934,92.885216
70.28988685634934,92.885216
68.17871748366689,92.885216
68.17871748366689,92.885216
68.17871748366689,92.885216
70.28988685634934,92.885216
68.17871748366689,92.885216
67.17339873477047,92.885216
66.2686118607637,92.885216
67.17339873477047,92.885216
67.17339873477047,92.885216
65.26329311186728,92.885216
64.25797436297087,92.885216
124.27550367208661,92.885216
124.27550367208661,92.885216
122.2648661742938,92.888885
116.23295368091533,92.89471
116.23295368091533,92.89695
117.23827242981173,92.885216
114.22231618312249,92.89003
111.20635993643326,92.89766
110.20104118753686,92.90059
110.20104118753686,92.88582
108.19040368974404,92.887314
108.19040368974404,92.88854
108.19040368974404,92.88695
107.18508494084763,92.885216
105.17444744305479,92.885216
103.16380994526197,92.885216
103.16380994526197,92.885216
108.19040368974404,92.885216
103.16380994526197,92.885216
101.15317244746916,92.885216
100.14785369857275,92.885216
100.14785369857275,92.885216
98.13721620077992,92.885216
97.23242932677316,92.885216
96.02604682809746,92.885216
94.81966432942177,92.885216
94.81966432942177,92.885216
94.81966432942177,92.885216
85.36966808979551,92.885216
84.26381746600946,92.889305
83.1579668422234,92.90303
80.84573371976165,92.91703
79.73988309597561,92.908455
78.63403247218955,92.885216
78.63403247218955,92.885216
78.63403247218955,92.885216
76.52286309950709,92.885216
76.52286309950709,92.885216
74.41169372682464,92.885216
73.40637497792821,92.885216
73.40637497792821,92.885216
73.40637497792821,92.885216
73.40637497792821,92.885216
72.40105622903181,92.885216
70.28988685634934,92.885216
68.17871748366689,92.885216
68.17871748366689,92.885216
68.17871748366689,92.885216
66.2686118607637,92.885216
66.2686118607637,92.885216
67.17339873477047,92.88678
68.17871748366689,92.88927
68.17871748366689,92.89022
70.28988685634934,92.885216
68.17871748366689,92.885216
68.17871748366689,92.885216
72.70265185370073,92.885216
73.90903435237642,92.885216
72.70265185370073,92.885216
71.49626935502503,92.885216
70.1893549814597,92.885216
67.77658998410831,92.885216
66.57020748543262,92.885216
66.57020748543262,92.885216
66.57020748543262,92.885216
67.77658998410831,92.885574
67.77658998410831,92.88615
66.57020748543262,92.88637
66.57020748543262,92.885216
64.05691061319159,92.885216
62.85052811451591,92.885216
62.85052811451591,92.885216
61.64414561584021,92.885216
61.64414561584021,92.885216
60.538294992054155,92.885216
61.64414561584021,92.885216
66.57020748543262,92.885216
66.57020748543262,92.88853
61.64414561584021,92.893776
60.538294992054155,92.8958
59.4324443682681,92.885216
58.32659374448205,92.885216
57.220743120696,92.885216
57.220743120696,92.885216
57.220743120696,92.885216
90.29572995938791,92.885216
90.29572995938791,92.885216
90.99945308361542,92.885216
88.7877518360433,92.89123
90.29572995938791,92.90076
90.29572995938791,92.904434
90.29572995938791,92.885216
88.7877518360433,92.88835
88.7877518360433,92.89331
85.97285933913335,92.89654
86.57605058847119,92.88864
85.26913621490587,92.88945
84.56541309067838,92.885216
84.56541309067838,92.885216
83.25849871711304,92.885216
81.95158434354771,92.885216
84.56541309067838,92.885216
84.56541309067838,92.885635
83.96222184134054,92.8863
83.25849871711304,92.886566
83.96222184134054,92.885216
84.56541309067838,92.885216
83.25849871711304,92.885216
81.95158434354771,92.885216
88.7877518360433,92.885216
88.0840287118158,92.885216
84.56541309067838,92.885216
84.56541309067838,92.885216
450.2296941442396,92.885216
450.2296941442396,92.885216
450.2296941442396,92.885216
450.2296941442396,92.885216
450.2296941442396,92.885216
450.2296941442396,92.885216
450.2296941442396,92.885216
450.2296941442396,92.885216
450.2296941442396,92.885216
450.2296941442396,92.885216
450.2296941442396,92.885216
124.27550367208661,92.88528
115.22763493201892,92.90045
110.20104118753686,92.92439
111.20635993643326,92.93342
116.23295368091533,92.8854
111.20635993643326,92.89738
107.18508494084763,92.91767
105.17444744305479,92.926895
105.17444744305479,92.8906
103.16380994526197,92.885216
103.16380994526197,92.885216
102.15849119636557,92.885216
99.14253494967635,92.885216
96.02604682809746,92.885216
92.7084949567393,92.885216
91.80370808273254,92.885216
91.20051683339469,92.885216
118.24359117870814,92.885216
121.25954742539737,92.885216
124.27550367208661,92.885216
122.2648661742938,92.885216
122.2648661742938,92.885216
122.2648661742938,92.887505
121.25954742539737,92.89113
120.25422867650096,92.892525
120.25422867650096,92.885216
120.25422867650096,92.885216
121.25954742539737,92.885216
118.24359117870814,92.88533
118.24359117870814,92.88552
118.24359117870814,92.8856
118.24359117870814,92.885216
118.24359117870814,92.885216
118.24359117870814,92.885216
120.25422867650096,92.885216
120.25422867650096,92.885216
117.23827242981173,92.88763
115.22763493201892,92.89144
112.21167868532967,92.89291
111.20635993643326,92.885216
111.20635993643326,92.885216
109.19572243864044,92.885216
108.19040368974404,92.885216
108.19040368974404,92.885216
108.19040368974404,92.885216
94.71913245453213,92.885216
94.71913245453213,92.885216
96.22711057787674,92.885216
94.71913245453213,92.885216
93.2111543311875,92.885216
96.22711057787674,92.885216
97.73508870122134,92.885216
99.14253494967635,92.885216
97.73508870122134,92.885216
96.22711057787674,92.885216
96.22711057787674,92.885216
94.71913245453213,92.885216
94.71913245453213,92.885216
91.70317620784289,92.885216
93.2111543311875,92.885216
91.70317620784289,92.88533
91.70317620784289,92.88974
90.29572995938791,92.896484
90.29572995938791,92.898674
87.2797737126987,92.88642
87.2797737126987,92.88833
88.7877518360433,92.88907
91.70317620784289,92.885216
91.70317620784289,92.88895
94.71913245453213,92.89486
93.2111543311875,92.89876
88.7877518360433,92.88942
87.2797737126987,92.89053
88.7877518360433,92.88552
69.98829123168042,92.8856
69.98829123168042,92.885216
67.9776537338876,92.885216
66.97233498499118,92.885216
65.86648436120514,92.885216
65.86648436120514,92.885216
64.86116561230872,92.885216
60.73935874183343,92.885216
59.73403999293702,92.885216
58.829253118930254,92.885216
58.829253118930254,92.885216
57.92446624492349,92.885216
56.01436062202031,92.885216
55.109573748013545,92.885216
55.109573748013545,92.885216
54.204786874006764,92.885216
53.3,92.885216
53.3,92.885216
54.204786874006764,92.885216
60.73935874183343,92.885216
60.73935874183343,92.887024
57.92446624492349,92.889885
57.01967937091672,92.89098
56.01436062202031,92.885216
55.109573748013545,92.885216
56.01436062202031,92.885216
55.109573748013545,92.885216
56.01436062202031,92.885216
89.79307058493971,92.885216
88.18456058670544,92.885216
86.57605058847119,92.885216
83.25849871711304,92.885216
89.79307058493971,92.9003
86.57605058847119,92.9242
84.8670087153473,92.93342
83.25849871711304,92.885216
81.64998871887877,92.885216
81.64998871887877,92.885216
80.04147872064452,92.885216
80.04147872064452,92.885216
76.824458724176,92.89213
75.41701247572104,92.91496
73.90903435237642,92.94031
72.50158810392145,92.92924
70.99360998057682,92.892334
70.99360998057682,92.89123
72.50158810392145,92.90076
72.50158810392145,92.90802
70.99360998057682,92.90322
70.99360998057682,92.9192
70.99360998057682,92.91304
72.50158810392145,92.885216
72.50158810392145,92.885216
70.99360998057682,92.885216
75.41701247572104,92.885216
76.824458724176,92.885216
89.79307058493971,92.885216
88.18456058670544,92.885216
86.57605058847119,92.885216
83.25849871711304,92.885216
89.79307058493971,92.885216
86.57605058847119,92.88733
84.8670087153473,92.89067
83.25849871711304,92.89195
81.64998871887877,92.885216
81.64998871887877,92.885216
80.04147872064452,92.885216
80.04147872064452,92.885216
76.824458724176,92.885216
75.41701247572104,92.885216
73.90903435237642,92.885216
72.50158810392145,92.885216
70.99360998057682,92.885216
70.99360998057682,92.885216
72.50158810392145,92.885216
72.50158810392145,92.885216
70.99360998057682,92.885216
70.99360998057682,92.885216
70.99360998057682,92.885216
72.50158810392145,92.885216
72.50158810392145,92.885216
70.99360998057682,92.885216
75.41701247572104,92.885216
88.18456058670544,92.885216
116.23295368091533,92.89875
118.24359117870814,92.92552
114.22231618312249,92.94232
112.21167868532967,92.90251
108.19040368974404,92.885216
112.21167868532967,92.885216
110.20104118753686,92.885216
124.27550367208661,92.885216
126.28614116987943,92.89542
118.24359117870814,92.91158
104.16912869415839,92.917816
108.19040368974404,92.885216
104.16912869415839,92.885216
100.14785369857275,92.885216
104.16912869415839,92.885216
102.15849119636557,92.885216
100.14785369857275,92.885216
100.14785369857275,92.885216
96.12657870298709,92.885216
94.11594120519428,92.885216
92.10530370740146,92.885216
92.10530370740146,92.885216
92.10530370740146,92.885216
90.09466620960863,92.885216
90.09466620960863,92.885216
88.0840287118158,92.885216
88.0840287118158,92.885216
88.0840287118158,92.885216
92.10530370740146,92.885216
82.05211621843735,92.885216
80.04147872064452,92.885216
78.0308412228517,92.88853
76.52286309950709,92.893776
76.52286309950709,92.8958
76.52286309950709,92.885216
75.01488497616246,92.885216
73.50690685281786,92.885216
71.99892872947323,92.885216
84.06275371623018,92.885216
92.10530370740146,92.885216
80.04147872064452,92.885216
76.52286309950709,92.885216
80.04147872064452,92.885216
86.07339121402299,92.885216
86.07339121402299,92.885216
82.05211621843735,92.885216
82.05211621843735,92.885216
75.01488497616246,92.885216
73.50690685281786,92.88744
71.99892872947323,92.890976
70.49095060612862,92.89528
67.47499435943938,92.892845
65.96701623609478,92.894646
64.45903811275016,92.885216
65.96701623609478,92.885216
68.982972482784,92.885216
68.982972482784,92.885216
89.79307058493971,92.885216
86.57605058847119,92.89003
84.8670087153473,92.89766
83.25849871711304,92.90059
81.64998871887877,92.885216
81.64998871887877,92.885216
78.43296872241028,92.885216
76.824458724176,92.885216
84.8670087153473,92.885216
111.20635993643326,92.885216
109.19572243864044,92.89631
100.14785369857275,92.915085
93.01009058140824,92.92376
83.25849871711304,92.88907
80.04147872064452,92.885216
80.04147872064452,92.885216
78.43296872241028,92.885216
76.824458724176,92.88582
75.41701247572104,92.88677
73.90903435237642,92.887146
72.50158810392145,92.885216
72.50158810392145,92.885216
83.25849871711304,92.885216
76.824458724176,92.88883
76.824458724176,92.894554
73.90903435237642,92.89675
70.99360998057682,92.885216
69.58616373212185,92.885216
80.04147872064452,92.885216
80.04147872064452,92.885216
80.04147872064452,92.885216
78.0308412228517,92.885216
76.52286309950709,92.885216
78.0308412228517,92.885216
78.0308412228517,92.885216
76.52286309950709,92.885216
75.01488497616246,92.885216
78.0308412228517,92.885216
78.0308412228517,92.885216
78.0308412228517,92.885216
78.0308412228517,92.885216
76.52286309950709,92.885216
76.52286309950709,92.885216
82.05211621843735,92.885216
90.09466620960863,92.88593
82.05211621843735,92.887085
80.04147872064452,92.88752
76.52286309950709,92.885216
75.01488497616246,92.885216
71.99892872947323,92.885216
76.52286309950709,92.885216
94.11594120519428,92.885216
94.11594120519428,92.90433
80.04147872064452,92.9441
73.50690685281786,92.97107
75.01488497616246,92.91629
91.50211245806362,92.885216
89.18987933560186,92.885216
89.18987933560186,92.885216
86.97817808802976,92.885216
84.76647684045766,92.885216
83.25849871711304,92.885216
81.14732934443057,92.885216
79.63935122108596,92.885216
79.63935122108596,92.885216
107.18508494084763,92.885216
147.39783489670407,92.88642
192.63717859704255,92.900894
146.39251614780764,92.9401
125.28082242098303,92.977036
114.22231618312249,92.95429
111.20635993643326,92.89618
106.17976619195122,92.885216
101.15317244746916,92.889786
96.93083370210422,92.89704
97.73508870122134,92.899826
96.22711057787674,92.885216
93.11062245629788,92.885216
89.99413433471899,92.885216
89.18987933560186,92.88805
86.97817808802976,92.89253
106.17976619195122,92.89426
106.17976619195122,92.89003
147.39783489670407,92.900475
119.24890992760456,92.91467
87.68190121225724,92.911934
86.27445496380227,92.90711
85.47019996468515,92.885216
84.76647684045766,92.885216
86.97817808802976,92.885216
84.76647684045766,92.886116
83.25849871711304,92.88755
81.85105246865807,92.8881
81.14732934443057,92.885216
79.63935122108596,92.885216
78.93562809685848,92.885216
77.42764997351387,92.885216
76.02020372505889,92.885216
74.6127574766039,92.885216
74.6127574766039,92.885216
74.6127574766039,92.885216
71.79786497969395,92.885216
70.49095060612862,92.885216
67.87712185899795,92.885216
66.57020748543262,92.885216
66.57020748543262,92.885216
67.17339873477047,92.885216
67.17339873477047,92.885216
70.49095060612862,92.885216
69.18403623256329,92.8878
69.78722748190114,92.89191
71.09414185546646,92.893486
70.49095060612862,92.885216
107.18508494084763,92.885216
106.17976619195122,92.885216
109.19572243864044,92.885216
110.20104118753686,92.885216
108.19040368974404,92.885216
105.17444744305479,92.885216
104.16912869415839,92.885216
104.16912869415839,92.885216
103.16380994526197,92.885216
101.15317244746916,92.885216
100.14785369857275,92.885216
100.14785369857275,92.885216
100.14785369857275,92.885216
100.14785369857275,92.885216
99.14253494967635,92.885216
96.93083370210422,92.885216
95.52338745364926,92.885216
94.11594120519428,92.885216
94.81966432942177,92.885216
100.14785369857275,92.885216
96.22711057787674,92.885216
94.11594120519428,92.885216
92.7084949567393,92.885216
90.69785745894649,92.885216
99.14253494967635,92.885216
104.16912869415839,92.88642
95.52338745364926,92.8947
99.14253494967635,92.905525
101.15317244746916,92.90558
100.14785369857275,92.885216
100.14785369857275,92.885216
99.14253494967635,92.885216
107.18508494084763,92.885216
96.93083370210422,92.885216
95.42285557875961,92.885216
94.61860057964249,92.885216
93.914877455415,92.885216
93.914877455415,92.885216
92.30636745718074,92.885216
92.30636745718074,92.885216
90.79838933383613,92.885216
89.99413433471899,92.885216
89.18987933560186,92.885216
87.68190121225724,92.885216
88.48615621137438,92.885216
87.68190121225724,92.885216
86.27445496380227,92.885216
84.76647684045766,92.885216
85.47019996468515,92.885216
84.76647684045766,92.885216
83.25849871711304,92.88582
86.27445496380227,92.88677
85.47019996468515,92.887146
84.76647684045766,92.885216
84.06275371623018,92.885216
83.25849871711304,92.885216
90.79838933383613,92.885216
93.61328183074608,92.885216
92.90955870651858,92.885216
90.79838933383613,92.885216
89.39094308538115,92.885216
92.90955870651858,92.885216
95.12125995409069,92.885216
97.23242932677316,92.885216
94.31700495497356,92.88991
91.50211245806362,92.89735
89.39094308538115,92.90021
90.79838933383613,92.885216
97.23242932677316,92.885216
94.31700495497356,92.885216
90.09466620960863,92.889725
87.98349683692618,92.89688
86.67658246336083,92.899635
85.36966808979551,92.885216
83.35903059200268,92.885216
82.65530746777519,92.885216
81.34839309420987,92.885216
80.04147872064452,92.885216
80.04147872064452,92.885216
77.32711809862423,92.885216
76.02020372505889,92.885216
76.02020372505889,92.885216
74.71328935149354,92.885216
74.71328935149354,92.885216
76.02020372505889,92.885216
97.43349307655244,92.885216
95.52338745364926,92.885216
93.61328183074608,92.885216
89.39094308538115,92.885216
87.98349683692618,92.885216
87.5813693373676,92.885216
85.77179558935407,92.885216
85.77179558935407,92.885216
85.36966808979551,92.885216
86.17392308891263,92.885216
87.5813693373676,92.885216
90.79838933383613,92.885216
88.48615621137438,92.885216
86.67658246336083,92.885216
85.36966808979551,92.885216
85.36966808979551,92.885216
84.46488121578874,92.885216
83.1579668422234,92.885216
81.34839309420987,92.885216
81.34839309420987,92.885216
80.04147872064452,92.885216
84.8670087153473,92.885216
83.96222184134054,92.88763
82.65530746777519,92.89144
83.56009434178196,92.89291
86.67658246336083,92.885216
86.67658246336083,92.88678
85.36966808979551,92.90135
88.0840287118158,92.921486
84.8670087153473,92.92391
93.61328183074608,92.885216
79.07637272170398,92.885216
84.46488121578874,92.885216
84.26381746600946,92.885216
108.19040368974404,92.885216
109.19572243864044,92.885216
101.15317244746916,92.885216
99.14253494967635,92.885216
97.43349307655244,92.88673
102.15849119636557,92.88911
450.2296941442396,92.89003
450.2296941442396,92.885216
450.2296941442396,92.894516
450.2296941442396,92.90927
450.2296941442396,92.914955
450.2296941442396,92.885216
450.2296941442396,92.885216
450.2296941442396,92.885216
450.2296941442396,92.885216
450.2296941442396,92.885216
450.2296941442396,92.885216
450.2296941442396,92.885216
450.2296941442396,92.885216
450.2296941442396,92.885216
450.2296941442396,92.885216
450.2296941442396,92.8923
450.2296941442396,92.906654
450.2296941442396,92.91593
450.2296941442396,92.908714
450.2296941442396,92.920204
450.2296941442396,92.928474
450.2296941442396,92.885216
450.2296941442396,92.885216
450.2296941442396,92.885216
450.2296941442396,92.885216
450.2296941442396,92.885216
450.2296941442396,92.885216
450.2296941442396,92.885216
95.62391932853889,92.885216
96.32764245276638,92.885216
96.72976995232494,92.885216
90.4967937091672,92.885216
89.29041121049151,92.885216
84.36434934089908,92.885216
99.14253494967635,92.885216
118.24359117870814,92.885216
129.30209741656864,92.90267
111.20635993643326,92.93815
102.15849119636557,92.96137
101.15317244746916,92.91075
90.39626183427755,92.885216
80.9462655946513,92.885216
100.14785369857275,92.89762
106.17976619195122,92.91728
120.25422867650096,92.92486
118.24359117870814,92.885216
120.25422867650096,92.885216
126.28614116987943,92.885216
118.24359117870814,92.885216
117.23827242981173,92.885216
112.21167868532967,92.885216
113.21699743422607,92.885216
107.18508494084763,92.88582
111.20635993643326,92.88677
111.20635993643326,92.887146
104.16912869415839,92.885216
107.18508494084763,92.885216
104.16912869415839,92.885216
99.14253494967635,92.885216
113.21699743422607,92.885216
110.20104118753686,92.885216
95.32232370386998,92.885216
103.16380994526197,92.885216
102.15849119636557,92.885216
106.17976619195122,92.885216
83.1579668422234,92.88853
105.17444744305479,92.893776
111.20635993643326,92.8958
109.19572243864044,92.885216
99.14253494967635,92.885216
111.20635993643326,92.885216
119.24890992760456,92.885216
104.16912869415839,92.885216
120.25422867650096,92.885216
119.24890992760456,92.885216
109.19572243864044,92.887505
106.17976619195122,92.8939
103.16380994526197,92.89967
97.63455682633172,92.894066
124.27550367208661,92.885216
121.25954742539737,92.885216
114.22231618312249,92.885216
117.23827242981173,92.885216
100.14785369857275,92.885216
107.18508494084763,92.885216
92.40689933207038,92.885216
90.09466620960863,92.885216
96.93083370210422,92.885216
105.17444744305479,92.885216
113.21699743422607,92.885216
122.2648661742938,92.88642
99.14253494967635,92.88833
112.21167868532967,92.88907
109.19572243864044,92.885216
102.15849119636557,92.885216
98.03668432589028,92.885216
102.15849119636557,92.885216
106.17976619195122,92.885216
103.16380994526197,92.885216
102.15849119636557,92.885216
101.15317244746916,92.885216
106.17976619195122,92.885216
103.16380994526197,92.885216
108.19040368974404,92.885216
106.17976619195122,92.885216
96.8303018272146,92.885216
98.13721620077992,92.885216
98.13721620077992,92.885216
98.13721620077992,92.885216
93.51274995585644,92.885216
112.21167868532967,92.885216
119.24890992760456,92.885216
107.18508494084763,92.885216
105.17444744305479,92.885216
94.31700495497356,92.885216
95.72445120342853,92.885216
114.22231618312249,92.885216
107.18508494084763,92.885216
109.19572243864044,92.885216
106.17976619195122,92.885216
109.19572243864044,92.885216
105.17444744305479,92.885216
105.17444744305479,92.885216
106.17976619195122,92.885216
100.14785369857275,92.885216
109.19572243864044,92.885216
107.18508494084763,92.885216
106.17976619195122,92.885216
90.19519808449827,92.885216
87.7824330871469,92.885216
103.16380994526197,92.885216
94.81966432942177,92.885216
97.835620576111,92.885216
101.15317244746916,92.885216
118.24359117870814,92.88593
88.18456058670544,92.89088
94.92019620431141,92.89732
104.16912869415839,92.89799
93.914877455415,92.88693
88.18456058670544,92.88884
82.85637121755447,92.88911
87.5813693373676,92.89003
243.90843479075954,92.88817
203.69568483490303,92.89393
158.45634113456458,92.93539
126.28614116987943,92.99761
94.4175368298632,93.02454
103.16380994526197,92.90024
112.21167868532967,92.88677
102.15849119636557,92.887146
102.15849119636557,92.885216
107.18508494084763,92.885216
96.02604682809746,92.885216
91.60264433295325,92.885216
101.15317244746916,92.885216
96.32764245276638,92.885216
96.62923807743532,92.90769
127.29145991877584,92.963104
125.28082242098303,93.00786
116.23295368091533,92.94916
106.17976619195122,92.885216
98.03668432589028,92.885216
122.2648661742938,92.885216
105.17444744305479,92.885216
103.16380994526197,92.885216
101.15317244746916,92.885216
101.15317244746916,92.885216
104.16912869415839,92.885216
95.22179182898033,92.885216
92.90955870651858,92.885216
96.93083370210422,92.885216
95.22179182898033,92.885216
98.13721620077992,92.885216
100.14785369857275,92.885216
110.20104118753686,92.885216
119.24890992760456,92.885216
106.17976619195122,92.885216
105.17444744305479,92.885216
104.16912869415839,92.885216
97.33296120166281,92.885216
100.14785369857275,92.885216
100.14785369857275,92.885216
99.14253494967635,92.885216
103.16380994526197,92.885216
100.14785369857275,92.885216
98.13721620077992,92.885216
89.18987933560186,92.885216
82.95690309244412,92.885216
73.40637497792821,92.885216
80.34307434531344,92.885216
84.96754059023694,92.885216
85.36966808979551,92.885216
77.82977747307243,92.885216
67.37446248454975,92.885216
77.93030934796207,92.885216
79.53881934619632,92.885216
79.33775559641704,92.885216
86.97817808802976,92.885216
74.6127574766039,92.885216
79.33775559641704,92.885216
80.04147872064452,92.885216
70.08882310657006,92.885216
79.4382874713067,92.885216
79.33775559641704,92.885216
76.72392684928637,92.885216
79.33775559641704,92.885216
73.90903435237642,92.885216
75.01488497616246,92.885216
70.1893549814597,92.885216
72.40105622903181,92.885216
71.99892872947323,92.885216
71.99892872947323,92.885216
73.10477935325929,92.885216
58.32659374448205,92.885216
83.86168996645088,92.885216
84.46488121578874,92.885216
101.15317244746916,92.885216
97.03136557699388,92.885216
88.7877518360433,92.885216
96.22711057787674,92.885216
94.92019620431141,92.885216
84.66594496556802,92.885216
94.01540933030464,92.885216
95.22179182898033,92.885216
130.30741616546507,92.89135
129.30209741656864,92.91396
113.21699743422607,92.93826
107.18508494084763,92.926765
101.15317244746916,92.885216
101.15317244746916,92.887505
94.61860057964249,92.89113
100.14785369857275,92.89553
95.32232370386998,92.893
95.02072807920106,92.89483
99.14253494967635,92.885216
95.42285557875961,92.885216
89.79307058493971,92.885216
93.01009058140824,92.885216
87.7824330871469,92.885216
86.97817808802976,92.885216
86.27445496380227,92.885216
75.1154168510521,92.885216
109.19572243864044,92.885216
102.15849119636557,92.885216
117.23827242981173,92.885216
110.20104118753686,92.885216
103.16380994526197,92.885216
95.42285557875961,92.885216
108.19040368974404,92.885216
95.92551495320781,92.885216
105.17444744305479,92.885216
104.16912869415839,92.885216
105.17444744305479,92.885216
106.17976619195122,92.885216
85.87232746424371,92.885216
105.17444744305479,92.885216
107.18508494084763,92.885216
85.87232746424371,92.885216
127.29145991877584,92.885216
122.2648661742938,92.885216
116.23295368091533,92.887985
107.18508494084763,92.89238
103.16380994526197,92.894066
97.93615245100064,92.885216
107.18508494084763,92.885216
108.19040368974404,92.885216
103.16380994526197,92.885216
107.18508494084763,92.885216
98.13721620077992,92.885216
104.16912869415839,92.885216
81.95158434354771,92.885216
83.35903059200268,92.885216
87.7824330871469,92.885216
89.18987933560186,92.885216
90.79838933383613,92.885216
81.14732934443057,92.885216
84.8670087153473,92.885216
108.19040368974404,92.885216
97.53402495144209,92.885216
120.25422867650096,92.900116
99.14253494967635,92.940674
94.81966432942177,92.976974
85.36966808979551,92.94044
88.68721996115366,92.885216
90.89892120872577,92.885216
94.31700495497356,92.885216
96.8303018272146,92.885216
96.8303018272146,92.885216
95.82498307831818,92.885216
90.69785745894649,92.885216
84.36434934089908,92.885216
82.45424371799592,92.885216
92.20583558229109,92.885216
86.27445496380227,92.885216
88.2850924615951,92.885216
86.27445496380227,92.885216
85.36966808979551,92.885216
85.87232746424371,92.885216
83.05743496733376,92.885216
84.8670087153473,92.885216
87.38030558758832,92.885216
83.86168996645088,92.885216
81.95158434354771,92.885216
83.86168996645088,92.885216
109.19572243864044,92.885216
133.3233724121543,92.88991
119.24890992760456,92.91399
94.21647308008392,92.9445
91.70317620784289,92.9418
99.14253494967635,92.88907
89.79307058493971,92.885216
94.01540933030464,92.885216
91.80370808273254,92.885216
96.12657870298709,92.885216
84.36434934089908,92.885216
90.29572995938791,92.885216
101.15317244746916,92.885216
143.3765599011184,92.90149
103.16380994526197,92.93993
103.16380994526197,92.97024
100.14785369857275,92.926575
105.17444744305479,92.887505
95.22179182898033,92.89113
89.69253871005006,92.892525
93.914877455415,92.885216
99.14253494967635,92.885216
103.16380994526197,92.885216
108.19040368974404,92.885216
108.19040368974404,92.885216
134.32869116105073,92.885216
131.3127349143615,92.885216
130.30741616546507,92.885216
128.29677866767224,92.885216
128.29677866767224,92.885216
127.29145991877584,92.885216
127.29145991877584,92.885216
130.30741616546507,92.885216
111.20635993643326,92.885216
115.22763493201892,92.885216
99.14253494967635,92.885216
94.21647308008392,92.885216
109.19572243864044,92.885216
125.28082242098303,92.885216
132.3180536632579,92.887924
136.33932865884353,92.89223
123.2701849231902,92.89532
122.2648661742938,92.888954
109.19572243864044,92.88983
123.2701849231902,92.885216
112.21167868532967,92.885216
112.21167868532967,92.885216
102.15849119636557,92.885216
105.17444744305479,92.885216
100.14785369857275,92.885216
102.15849119636557,92.885216
104.16912869415839,92.88775
115.22763493201892,92.891754
114.22231618312249,92.893295
118.24359117870814,92.885216
117.23827242981173,92.885216
119.24890992760456,92.885216
116.23295368091533,92.885216
115.22763493201892,92.885216
97.43349307655244,92.885216
110.20104118753686,92.885216
108.19040368974404,92.885216
99.14253494967635,92.885216
99.14253494967635,92.885216
99.14253494967635,92.885216
102.15849119636557,92.885216
104.16912869415839,92.885216
112.21167868532967,92.885216
102.15849119636557,92.885216
110.20104118753686,92.885216
125.28082242098303,92.885216
113.21699743422607,92.885216
108.19040368974404,92.885216
98.13721620077992,92.885216
106.17976619195122,92.885216
123.2701849231902,92.885216
121.25954742539737,92.885216
120.25422867650096,92.885216
120.25422867650096,92.891945
100.14785369857275,92.91143
102.15849119636557,92.92958
104.16912869415839,92.91362
112.21167868532967,92.885216
108.19040368974404,92.885216
106.17976619195122,92.885216
106.17976619195122,92.885216
106.17976619195122,92.885216
100.14785369857275,92.885216
106.17976619195122,92.885635
115.22763493201892,92.89009
96.93083370210422,92.89636
92.7084949567393,92.89733
84.26381746600946,92.885216
83.45956246689234,92.885216
81.34839309420987,92.885216
81.04679746954093,92.885216
105.17444744305479,92.885216
87.68190121225724,92.885216
88.7877518360433,92.885216
87.98349683692618,92.885216
76.3217993497278,92.885216
71.29520560524574,92.885216
76.22126747483817,92.885216
91.20051683339469,92.885216
93.01009058140824,92.885216
87.17924183780904,92.88696
79.33775559641704,92.88973
73.60743872770749,92.8908
114.22231618312249,92.885216
103.16380994526197,92.885216
110.20104118753686,92.885216
118.24359117870814,92.885216
102.15849119636557,92.885216
101.15317244746916,92.885216
100.14785369857275,92.885216
99.14253494967635,92.885216
105.17444744305479,92.885216
104.16912869415839,92.885216
104.16912869415839,92.885216
87.5813693373676,92.885216
110.20104118753686,92.885216
85.36966808979551,92.885216
90.4967937091672,92.885216
97.63455682633172,92.885216
95.12125995409069,92.885216
98.13721620077992,92.885216
96.32764245276638,92.885216
93.51274995585644,92.885216
98.03668432589028,92.885216
103.16380994526197,92.885216
100.14785369857275,92.885216
95.12125995409069,92.885216
82.55477559288555,92.885216
93.31168620607716,92.885216
99.14253494967635,92.885216
95.32232370386998,92.885216
122.2648661742938,92.885216
123.2701849231902,92.885216
120.25422867650096,92.885216
110.20104118753686,92.885216
115.22763493201892,92.885216
107.18508494084763,92.885216
111.20635993643326,92.885216
108.19040368974404,92.885216
106.17976619195122,92.885216
96.42817432765602,92.885216
100.14785369857275,92.885216
103.16380994526197,92.885216
106.17976619195122,92.885216
109.19572243864044,92.885216
112.21167868532967,92.885216
100.14785369857275,92.885216
104.16912869415839,92.88733
88.0840287118158,92.89067
83.86168996645088,92.89195
91.09998495850505,92.885216
92.10530370740146,92.885216
102.15849119636557,92.885216
104.16912869415839,92.885216
105.17444744305479,92.885216
90.99945308361542,92.885216
101.15317244746916,92.885216
93.11062245629788,92.8863
93.61328183074608,92.888016
130.30741616546507,92.88868
129.30209741656864,92.885216
129.30209741656864,92.885216
132.3180536632579,92.885216
139.35528490553278,92.885216
133.3233724121543,92.885216
141.36592240332558,92.885216
154.43506613897895,92.885216
187.6105848525605,92.88955
220.78610356614203,92.91094
160.4669786323574,92.95373
148.40315364560047,92.976494
148.40315364560047,92.94101
138.34996615663638,92.885216
165.49357237683947,92.885216
145.38719739891124,92.885216
151.4191098922897,92.887566
137.34464740773996,92.89363
140.36060365442918,92.912186
129.30209741656864,92.92749
141.36592240332558,92.93037
139.35528490553278,92.89067
137.34464740773996,92.89195
130.30741616546507,92.885216
133.3233724121543,92.885216
129.30209741656864,92.885216
134.32869116105073,92.885216
145.38719739891124,92.885216
70.8930781056872,92.88835
70.8930781056872,92.86898
72.19999247925253,92.83657
79.9409468457549,92.781815
79.9409468457549,92.78419
81.34839309420987,92.78765
77.32711809862423,92.792404
77.32711809862423,92.78911
76.12073559994852,92.79134
76.12073559994852,92.781815
76.12073559994852,92.781815
76.12073559994852,92.781815
76.12073559994852,92.781815
78.63403247218955,92.781815
81.34839309420987,92.781815
81.34839309420987,92.781815
82.75583934266483,92.781815
79.9409468457549,92.781815
79.9409468457549,92.781815
79.9409468457549,92.781815
77.32711809862423,92.781815
77.32711809862423,92.781815
77.32711809862423,92.781815
77.32711809862423,92.781815
77.32711809862423,92.781815
74.81382122638318,92.781815
74.81382122638318,92.781815
74.81382122638318,92.781815
77.32711809862423,92.781815
83.1579668422234,92.781815
82.05211621843735,92.781815
79.73988309597561,92.781815
78.63403247218955,92.781815
77.62871372329313,92.781815
77.62871372329313,92.781815
77.62871372329313,92.781815
76.52286309950709,92.781815
74.41169372682464,92.7827
73.40637497792821,92.784004
72.40105622903181,92.78467
72.40105622903181,92.781815
71.29520560524574,92.781815
72.40105622903181,92.781815
72.40105622903181,92.781815
70.28988685634934,92.781815
70.28988685634934,92.781815
68.17871748366689,92.781815
68.17871748366689,92.781815
68.17871748366689,92.781815
70.28988685634934,92.781815
68.17871748366689,92.781815
67.17339873477047,92.781815
66.2686118607637,92.781815
67.17339873477047,92.781815
67.17339873477047,92.781815
65.26329311186728,92.781815
64.25797436297087,92.781815
124.27550367208661,92.781815
124.27550367208661,92.781815
122.2648661742938,92.78833
116.23295368091533,92.7984
116.23295368091533,92.804214
117.23827242981173,92.783714
114.22231618312249,92.781815
111.20635993643326,92.781815
110.20104118753686,92.781815
110.20104118753686,92.781815
108.19040368974404,92.781815
108.19040368974404,92.781815
108.19040368974404,92.781815
107.18508494084763,92.781815
105.17444744305479,92.781815
103.16380994526197,92.781815
103.16380994526197,92.781815
108.19040368974404,92.781815
103.16380994526197,92.781815
101.15317244746916,92.781815
100.14785369857275,92.781815
100.14785369857275,92.781815
98.13721620077992,92.781815
97.23242932677316,92.781815
96.02604682809746,92.781815
94.81966432942177,92.781815
94.81966432942177,92.781815
94.81966432942177,92.781815
85.36966808979551,92.781815
84.26381746600946,92.781815
83.1579668422234,92.781815
80.84573371976165,92.781815
79.73988309597561,92.781815
78.63403247218955,92.781815
78.63403247218955,92.781815
78.63403247218955,92.781815
76.52286309950709,92.781815
76.52286309950709,92.781815
74.41169372682464,92.781815
73.40637497792821,92.781815
73.40637497792821,92.781815
73.40637497792821,92.781815
73.40637497792821,92.781815
72.40105622903181,92.781815
70.28988685634934,92.781815
68.17871748366689,92.781815
68.17871748366689,92.781815
68.17871748366689,92.781815
66.2686118607637,92.781815
66.2686118607637,92.781815
67.17339873477047,92.781815
68.17871748366689,92.781815
68.17871748366689,92.781815
70.28988685634934,92.781815
68.17871748366689,92.783
68.17871748366689,92.78473
72.70265185370073,92.78563
73.90903435237642,92.781815
72.70265185370073,92.781815
71.49626935502503,92.781815
70.1893549814597,92.781815
67.77658998410831,92.781815
66.57020748543262,92.781815
66.57020748543262,92.781815
66.57020748543262,92.781815
67.77658998410831,92.781815
67.77658998410831,92.781815
66.57020748543262,92.781815
66.57020748543262,92.781815
64.05691061319159,92.781815
62.85052811451591,92.781815
62.85052811451591,92.781815
61.64414561584021,92.781815
61.64414561584021,92.781815
60.538294992054155,92.781815
61.64414561584021,92.781815
66.57020748543262,92.781815
66.57020748543262,92.783
61.64414561584021,92.787994
60.538294992054155,92.79364
59.4324443682681,92.7923
58.32659374448205,92.781815
57.220743120696,92.781815
57.220743120696,92.781815
57.220743120696,92.781815
90.29572995938791,92.781815
90.29572995938791,92.781815
90.99945308361542,92.781815
88.7877518360433,92.781815
90.29572995938791,92.781815
90.29572995938791,92.781815
90.29572995938791,92.781815
88.7877518360433,92.781815
88.7877518360433,92.781815
85.97285933913335,92.781815
86.57605058847119,92.781815
85.26913621490587,92.781815
84.56541309067838,92.781815
84.56541309067838,92.781815
83.25849871711304,92.781815
81.95158434354771,92.781815
84.56541309067838,92.781815
84.56541309067838,92.781815
83.96222184134054,92.781815
83.25849871711304,92.781815
83.96222184134054,92.781815
84.56541309067838,92.781815
83.25849871711304,92.781815
81.95158434354771,92.781815
88.7877518360433,92.781815
88.0840287118158,92.781815
84.56541309067838,92.781815
84.56541309067838,92.781815
450.2296941442396,92.781815
450.2296941442396,92.781815
450.2296941442396,92.781815
450.2296941442396,92.781815
450.2296941442396,92.781815
450.2296941442396,92.781815
450.2296941442396,92.781815
450.2296941442396,92.781815
450.2296941442396,92.781815
450.2296941442396,92.781815
450.2296941442396,92.781815
124.27550367208661,92.788925
115.22763493201892,92.8095
110.20104118753686,92.82985
111.20635993643326,92.8149
116.23295368091533,92.781815
111.20635993643326,92.785965
107.18508494084763,92.79793
105.17444744305479,92.809616
105.17444744305479,92.80086
103.16380994526197,92.781815
103.16380994526197,92.781815
102.15849119636557,92.781815
99.14253494967635,92.781815
96.02604682809746,92.781815
92.7084949567393,92.781815
91.80370808273254,92.781815
91.20051683339469,92.781815
118.24359117870814,92.781815
121.25954742539737,92.781815
124.27550367208661,92.781815
122.2648661742938,92.781815
122.2648661742938,92.781815
122.2648661742938,92.781815
121.25954742539737,92.781815
120.25422867650096,92.781815
120.25422867650096,92.781815
120.25422867650096,92.781815
121.25954742539737,92.781815
118.24359117870814,92.781815
118.24359117870814,92.781815
118.24359117870814,92.781815
118.24359117870814,92.781815
118.24359117870814,92.781815
118.24359117870814,92.781815
120.25422867650096,92.783
120.25422867650096,92.78473
117.23827242981173,92.79639
115.22763493201892,92.80868
112.21167868532967,92.81642
111.20635993643326,92.781815
111.20635993643326,92.781815
109.19572243864044,92.781815
108.19040368974404,92.781815
108.19040368974404,92.781815
108.19040368974404,92.781815
94.71913245453213,92.781815
94.71913245453213,92.781815
96.22711057787674,92.781815
94.71913245453213,92.781815
93.2111543311875,92.781815
96.22711057787674,92.781815
97.73508870122134,92.781815
99.14253494967635,92.781815
97.73508870122134,92.781815
96.22711057787674,92.781815
96.22711057787674,92.781815
94.71913245453213,92.781815
94.71913245453213,92.781815
91.70317620784289,92.781815
93.2111543311875,92.781815
91.70317620784289,92.78502
91.70317620784289,92.79206
90.29572995938791,92.79793
90.29572995938791,92.78944
87.2797737126987,92.781815
87.2797737126987,92.781815
88.7877518360433,92.781815
91.70317620784289,92.781815
91.70317620784289,92.781815
94.71913245453213,92.781815
93.2111543311875,92.788925
88.7877518360433,92.79927
87.2797737126987,92.80466
88.7877518360433,92.781815
69.98829123168042,92.781815
69.98829123168042,92.781815
67.9776537338876,92.781815
66.97233498499118,92.781815
65.86648436120514,92.781815
65.86648436120514,92.781815
64.86116561230872,92.781815
60.73935874183343,92.781815
59.73403999293702,92.781815
58.829253118930254,92.781815
58.829253118930254,92.781815
57.92446624492349,92.781815
56.01436062202031,92.781815
55.109573748013545,92.781815
55.109573748013545,92.781815
54.204786874006764,92.781815
53.3,92.781815
53.3,92.781815
54.204786874006764,92.781815
60.73935874183343,92.781815
60.73935874183343,92.78508
57.92446624492349,92.793976
57.01967937091672,92.80245
56.01436062202031,92.79515
55.109573748013545,92.781815
56.01436062202031,92.781815
55.109573748013545,92.781815
56.01436062202031,92.781815
89.79307058493971,92.781815
88.18456058670544,92.781815
86.57605058847119,92.781815
83.25849871711304,92.781815
89.79307058493971,92.781815
86.57605058847119,92.781815
84.8670087153473,92.781815
83.25849871711304,92.781815
81.64998871887877,92.781815
81.64998871887877,92.781815
80.04147872064452,92.781815
80.04147872064452,92.781815
76.824458724176,92.781815
75.41701247572104,92.781815
73.90903435237642,92.781815
72.50158810392145,92.819534
70.99360998057682,92.87909
70.99360998057682,92.89856
72.50158810392145,92.78658
72.50158810392145,92.781815
70.99360998057682,92.781815
70.99360998057682,92.781815
70.99360998057682,92.781815
72.50158810392145,92.781815
72.50158810392145,92.781815
70.99360998057682,92.781815
75.41701247572104,92.783295
76.824458724176,92.78546
89.79307058493971,92.78658
88.18456058670544,92.781815
86.57605058847119,92.781815
83.25849871711304,92.781815
89.79307058493971,92.781815
86.57605058847119,92.781815
84.8670087153473,92.781815
83.25849871711304,92.781815
81.64998871887877,92.781815
81.64998871887877,92.781815
80.04147872064452,92.781815
80.04147872064452,92.781815
76.824458724176,92.781815
75.41701247572104,92.781815
73.90903435237642,92.781815
72.50158810392145,92.781815
70.99360998057682,92.781815
70.99360998057682,92.781815
72.50158810392145,92.781815
72.50158810392145,92.781815
70.99360998057682,92.781815
70.99360998057682,92.781815
70.99360998057682,92.781815
72.50158810392145,92.781815
72.50158810392145,92.781815
70.99360998057682,92.781815
75.41701247572104,92.781815
88.18456058670544,92.78538
116.23295368091533,92.80499
118.24359117870814,92.82978
114.22231618312249,92.82827
112.21167868532967,92.781815
108.19040368974404,92.781815
112.21167868532967,92.781815
110.20104118753686,92.781815
124.27550367208661,92.790695
126.28614116987943,92.80717
118.24359117870814,92.818985
104.16912869415839,92.79324
108.19040368974404,92.781815
104.16912869415839,92.781815
100.14785369857275,92.781815
104.16912869415839,92.781815
102.15849119636557,92.781815
100.14785369857275,92.781815
100.14785369857275,92.781815
96.12657870298709,92.781815
94.11594120519428,92.781815
92.10530370740146,92.781815
92.10530370740146,92.781815
92.10530370740146,92.781815
90.09466620960863,92.781815
90.09466620960863,92.781815
88.0840287118158,92.781815
88.0840287118158,92.781815
88.0840287118158,92.781815
92.10530370740146,92.781815
82.05211621843735,92.781815
80.04147872064452,92.781815
78.0308412228517,92.781815
76.52286309950709,92.781815
76.52286309950709,92.781815
76.52286309950709,92.781815
75.01488497616246,92.781815
73.50690685281786,92.781815
71.99892872947323,92.781815
84.06275371623018,92.781815
92.10530370740146,92.781815
80.04147872064452,92.781815
76.52286309950709,92.781815
80.04147872064452,92.781815
86.07339121402299,92.781815
86.07339121402299,92.781815
82.05211621843735,92.781815
82.05211621843735,92.781815
75.01488497616246,92.781815
73.50690685281786,92.781815
71.99892872947323,92.78567
70.49095060612862,92.79129
67.47499435943938,92.7942
65.96701623609478,92.781815
64.45903811275016,92.781815
65.96701623609478,92.781815
68.982972482784,92.7824
68.982972482784,92.78327
89.79307058493971,92.783714
86.57605058847119,92.781815
84.8670087153473,92.781815
83.25849871711304,92.781815
81.64998871887877,92.781815
81.64998871887877,92.781815
78.43296872241028,92.781815
76.824458724176,92.781815
84.8670087153473,92.781815
111.20635993643326,92.781815
109.19572243864044,92.79388
100.14785369857275,92.81214
93.01009058140824,92.82059
83.25849871711304,92.781815
80.04147872064452,92.781815
80.04147872064452,92.781815
78.43296872241028,92.781815
76.824458724176,92.781815
75.41701247572104,92.781815
73.90903435237642,92.781815
72.50158810392145,92.781815
72.50158810392145,92.781815
83.25849871711304,92.781815
76.824458724176,92.78626
76.824458724176,92.79275
73.90903435237642,92.796104
70.99360998057682,92.781815
69.58616373212185,92.781815
80.04147872064452,92.781815
80.04147872064452,92.781815
80.04147872064452,92.781815
78.0308412228517,92.781815
76.52286309950709,92.781815
78.0308412228517,92.781815
78.0308412228517,92.781815
76.52286309950709,92.781815
75.01488497616246,92.781815
78.0308412228517,92.781815
78.0308412228517,92.781815
78.0308412228517,92.781815
78.0308412228517,92.781815
76.52286309950709,92.781815
76.52286309950709,92.781815
82.05211621843735,92.781815
90.09466620960863,92.78656
82.05211621843735,92.79937
80.04147872064452,92.81151
76.52286309950709,92.80086
75.01488497616246,92.781815
71.99892872947323,92.781815
76.52286309950709,92.781815
94.11594120519428,92.781815
94.11594120519428,92.79276
80.04147872064452,92.80915
73.50690685281786,92.816986
75.01488497616246,92.781815
91.50211245806362,92.781815
89.18987933560186,92.781815
89.18987933560186,92.781815
86.97817808802976,92.781815
84.76647684045766,92.781815
83.25849871711304,92.781815
81.14732934443057,92.781815
79.63935122108596,92.781815
79.63935122108596,92.781815
107.18508494084763,92.781815
147.39783489670407,92.781815
192.63717859704255,92.804504
146.39251614780764,92.86346
125.28082242098303,92.91346
114.22231618312249,92.85814
111.20635993643326,92.781815
106.17976619195122,92.781815
101.15317244746916,92.78987
96.93083370210422,92.801605
97.73508870122134,92.80769
96.22711057787674,92.781815
93.11062245629788,92.781815
89.99413433471899,92.781815
89.18987933560186,92.781815
86.97817808802976,92.781815
106.17976619195122,92.781815
106.17976619195122,92.781815
147.39783489670407,92.78863
119.24890992760456,92.80531
87.68190121225724,92.8203
86.27445496380227,92.80371
85.47019996468515,92.781815
84.76647684045766,92.781815
86.97817808802976,92.781815
84.76647684045766,92.781815
83.25849871711304,92.78448
81.85105246865807,92.788376
81.14732934443057,92.79039
79.63935122108596,92.781815
78.93562809685848,92.781815
77.42764997351387,92.781815
76.02020372505889,92.781815
74.6127574766039,92.781815
74.6127574766039,92.781815
74.6127574766039,92.781815
71.79786497969395,92.781815
70.49095060612862,92.781815
67.87712185899795,92.781815
66.57020748543262,92.781815
66.57020748543262,92.781815
67.17339873477047,92.781815
67.17339873477047,92.781815
70.49095060612862,92.781815
69.18403623256329,92.781815
69.78722748190114,92.781815
71.09414185546646,92.781815
70.49095060612862,92.781815
107.18508494084763,92.781815
106.17976619195122,92.781815
109.19572243864044,92.781815
110.20104118753686,92.781815
108.19040368974404,92.781815
105.17444744305479,92.781815
104.16912869415839,92.781815
104.16912869415839,92.781815
103.16380994526197,92.781815
101.15317244746916,92.781815
100.14785369857275,92.781815
100.14785369857275,92.781815
100.14785369857275,92.781815
100.14785369857275,92.781815
99.14253494967635,92.781815
96.93083370210422,92.781815
95.52338745364926,92.781815
94.11594120519428,92.781815
94.81966432942177,92.781815
100.14785369857275,92.781815
96.22711057787674,92.781815
94.11594120519428,92.781815
92.7084949567393,92.781815
90.69785745894649,92.781815
99.14253494967635,92.781815
104.16912869415839,92.781815
95.52338745364926,92.790405
99.14253494967635,92.81084
101.15317244746916,92.82885
100.14785369857275,92.80751
100.14785369857275,92.781815
99.14253494967635,92.781815
107.18508494084763,92.78276
96.93083370210422,92.78415
95.42285557875961,92.78487
94.61860057964249,92.781815
93.914877455415,92.781815
93.914877455415,92.781815
92.30636745718074,92.781815
92.30636745718074,92.781815
90.79838933383613,92.781815
89.99413433471899,92.781815
89.18987933560186,92.781815
87.68190121225724,92.781815
88.48615621137438,92.781815
87.68190121225724,92.781815
86.27445496380227,92.781815
84.76647684045766,92.781815
85.47019996468515,92.781815
84.76647684045766,92.781815
83.25849871711304,92.781815
86.27445496380227,92.781815
85.47019996468515,92.781815
84.76647684045766,92.781815
84.06275371623018,92.781815
83.25849871711304,92.781815
90.79838933383613,92.781815
93.61328183074608,92.781815
92.90955870651858,92.781815
90.79838933383613,92.781815
89.39094308538115,92.781815
92.90955870651858,92.781815
95.12125995409069,92.787445
97.23242932677316,92.79563
94.31700495497356,92.799904
91.50211245806362,92.781815
89.39094308538115,92.781815
90.79838933383613,92.781815
97.23242932677316,92.781815
94.31700495497356,92.7843
90.09466620960863,92.78794
87.98349683692618,92.78982
86.67658246336083,92.781815
85.36966808979551,92.781815
83.35903059200268,92.781815
82.65530746777519,92.781815
81.34839309420987,92.781815
80.04147872064452,92.781815
80.04147872064452,92.781815
77.32711809862423,92.781815
76.02020372505889,92.781815
76.02020372505889,92.781815
74.71328935149354,92.781815
74.71328935149354,92.781815
76.02020372505889,92.781815
97.43349307655244,92.781815
95.52338745364926,92.781815
93.61328183074608,92.781815
89.39094308538115,92.781815
87.98349683692618,92.781815
87.5813693373676,92.781815
85.77179558935407,92.781815
85.77179558935407,92.781815
85.36966808979551,92.781815
86.17392308891263,92.781815
87.5813693373676,92.781815
90.79838933383613,92.781815
88.48615621137438,92.781815
86.67658246336083,92.781815
85.36966808979551,92.781815
85.36966808979551,92.781815
84.46488121578874,92.781815
83.1579668422234,92.781815
81.34839309420987,92.781815
81.34839309420987,92.781815
80.04147872064452,92.781815
84.8670087153473,92.781815
83.96222184134054,92.7827
82.65530746777519,92.79288
83.56009434178196,92.80648
86.67658246336083,92.81035
86.67658246336083,92.781815
85.36966808979551,92.789215
88.0840287118158,92.8
84.8670087153473,92.80561
93.61328183074608,92.781815
79.07637272170398,92.781815
84.46488121578874,92.781815
84.26381746600946,92.781815
108.19040368974404,92.781815
109.19572243864044,92.781815
101.15317244746916,92.781815
99.14253494967635,92.781815
97.43349307655244,92.781815
102.15849119636557,92.781815
450.2296941442396,92.781815
450.2296941442396,92.79306
450.2296941442396,92.80994
450.2296941442396,92.81793
450.2296941442396,92.781815
450.2296941442396,92.781815
450.2296941442396,92.781815
450.2296941442396,92.781815
450.2296941442396,92.781815
450.2296941442396,92.781815
450.2296941442396,92.781815
450.2296941442396,92.781815
450.2296941442396,92.781815
450.2296941442396,92.781815
450.2296941442396,92.79011
450.2296941442396,92.804535
450.2296941442396,92.81423
450.2296941442396,92.78944
450.2296941442396,92.78951
450.2296941442396,92.80073
450.2296941442396,92.80656
450.2296941442396,92.781815
450.2296941442396,92.781815
450.2296941442396,92.781815
450.2296941442396,92.781815
450.2296941442396,92.781815
450.2296941442396,92.781815
450.2296941442396,92.781815
95.62391932853889,92.781815
96.32764245276638,92.781815
96.72976995232494,92.781815
90.4967937091672,92.781815
89.29041121049151,92.781815
84.36434934089908,92.781815
99.14253494967635,92.781815
118.24359117870814,92.781815
129.30209741656864,92.79806
111.20635993643326,92.834625
102.15849119636557,92.86171
101.15317244746916,92.81888
90.39626183427755,92.781815
80.9462655946513,92.781815
100.14785369857275,92.7827
106.17976619195122,92.784004
120.25422867650096,92.78467
118.24359117870814,92.781815
120.25422867650096,92.781815
126.28614116987943,92.781815
118.24359117870814,92.781815
117.23827242981173,92.781815
112.21167868532967,92.781815
113.21699743422607,92.781815
107.18508494084763,92.781815
111.20635993643326,92.781815
111.20635993643326,92.781815
104.16912869415839,92.781815
107.18508494084763,92.781815
104.16912869415839,92.781815
99.14253494967635,92.781815
113.21699743422607,92.781815
110.20104118753686,92.781815
95.32232370386998,92.781815
103.16380994526197,92.781815
102.15849119636557,92.781815
106.17976619195122,92.781815
83.1579668422234,92.781815
105.17444744305479,92.781815
111.20635993643326,92.781815
109.19572243864044,92.781815
99.14253494967635,92.781815
111.20635993643326,92.781815
119.24890992760456,92.781815
104.16912869415839,92.781815
120.25422867650096,92.781815
119.24890992760456,92.781815
109.19572243864044,92.78549
106.17976619195122,92.790855
103.16380994526197,92.793625
97.63455682633172,92.781815
124.27550367208661,92.781815
121.25954742539737,92.781815
114.22231618312249,92.781815
117.23827242981173,92.781815
100.14785369857275,92.781815
107.18508494084763,92.781815
92.40689933207038,92.781815
90.09466620960863,92.781815
96.93083370210422,92.781815
105.17444744305479,92.781815
113.21699743422607,92.781815
122.2648661742938,92.7843
99.14253494967635,92.78794
112.21167868532967,92.78982
109.19572243864044,92.781815
102.15849119636557,92.781815
98.03668432589028,92.781815
102.15849119636557,92.781815
106.17976619195122,92.78538
103.16380994526197,92.79056
102.15849119636557,92.79324
101.15317244746916,92.781815
106.17976619195122,92.781815
103.16380994526197,92.781815
108.19040368974404,92.781815
106.17976619195122,92.781815
96.8303018272146,92.781815
98.13721620077992,92.781815
98.13721620077992,92.781815
98.13721620077992,92.781815
93.51274995585644,92.781815
112.21167868532967,92.781815
119.24890992760456,92.781815
107.18508494084763,92.781815
105.17444744305479,92.781815
94.31700495497356,92.781815
95.72445120342853,92.781815
114.22231618312249,92.781815
107.18508494084763,92.781815
109.19572243864044,92.781815
106.17976619195122,92.781815
109.19572243864044,92.781815
105.17444744305479,92.781815
105.17444744305479,92.781815
106.17976619195122,92.781815
100.14785369857275,92.781815
109.19572243864044,92.781815
107.18508494084763,92.781815
106.17976619195122,92.781815
90.19519808449827,92.781815
87.7824330871469,92.781815
103.16380994526197,92.781815
94.81966432942177,92.781815
97.835620576111,92.781815
101.15317244746916,92.781815
118.24359117870814,92.781815
88.18456058670544,92.781815
94.92019620431141,92.781815
104.16912869415839,92.781815
93.914877455415,92.78538
88.18456058670544,92.79056
82.85637121755447,92.79324
87.5813693373676,92.781815
243.90843479075954,92.78389
203.69568483490303,92.78692
158.45634113456458,92.81603
126.28614116987943,92.85343
94.4175368298632,92.87011
103.16380994526197,92.78658
112.21167868532967,92.781815
102.15849119636557,92.781815
102.15849119636557,92.781815
107.18508494084763,92.781815
96.02604682809746,92.781815
91.60264433295325,92.781815
101.15317244746916,92.781815
96.32764245276638,92.781815
96.62923807743532,92.782524
127.29145991877584,92.78356
125.28082242098303,92.7841
116.23295368091533,92.781815
106.17976619195122,92.781815
98.03668432589028,92.781815
122.2648661742938,92.781815
105.17444744305479,92.781815
103.16380994526197,92.781815
101.15317244746916,92.781815
101.15317244746916,92.781815
104.16912869415839,92.781815
95.22179182898033,92.781815
92.90955870651858,92.781815
96.93083370210422,92.781815
95.22179182898033,92.781815
98.13721620077992,92.781815
100.14785369857275,92.781815
110.20104118753686,92.781815
119.24890992760456,92.781815
106.17976619195122,92.781815
105.17444744305479,92.781815
104.16912869415839,92.781815
97.33296120166281,92.781815
100.14785369857275,92.781815
100.14785369857275,92.781815
99.14253494967635,92.781815
103.16380994526197,92.781815
100.14785369857275,92.781815
98.13721620077992,92.781815
89.18987933560186,92.781815
82.95690309244412,92.781815
73.40637497792821,92.781815
80.34307434531344,92.781815
84.96754059023694,92.781815
85.36966808979551,92.781815
77.82977747307243,92.781815
67.37446248454975,92.781815
77.93030934796207,92.781815
79.53881934619632,92.781815
79.33775559641704,92.781815
86.97817808802976,92.781815
74.6127574766039,92.781815
79.33775559641704,92.781815
80.04147872064452,92.781815
70.08882310657006,92.781815
79.4382874713067,92.781815
79.33775559641704,92.781815
76.72392684928637,92.781815
79.33775559641704,92.781815
73.90903435237642,92.781815
75.01488497616246,92.781815
70.1893549814597,92.781815
72.40105622903181,92.781815
71.99892872947323,92.781815
71.99892872947323,92.781815
73.10477935325929,92.781815
58.32659374448205,92.781815
83.86168996645088,92.781815
84.46488121578874,92.781815
101.15317244746916,92.781815
97.03136557699388,92.781815
88.7877518360433,92.781815
96.22711057787674,92.781815
94.92019620431141,92.781815
84.66594496556802,92.781815
94.01540933030464,92.781815
95.22179182898033,92.781815
130.30741616546507,92.78703
129.30209741656864,92.8123
113.21699743422607,92.84374
107.18508494084763,92.838486
101.15317244746916,92.784424
101.15317244746916,92.78823
94.61860057964249,92.7902
100.14785369857275,92.781815
95.32232370386998,92.781815
95.02072807920106,92.781815
99.14253494967635,92.781815
95.42285557875961,92.781815
89.79307058493971,92.781815
93.01009058140824,92.781815
87.7824330871469,92.781815
86.97817808802976,92.78365
86.27445496380227,92.78634
75.1154168510521,92.78772
109.19572243864044,92.781815
102.15849119636557,92.781815
117.23827242981173,92.781815
110.20104118753686,92.781815
103.16380994526197,92.781815
95.42285557875961,92.781815
108.19040368974404,92.781815
95.92551495320781,92.781815
105.17444744305479,92.781815
104.16912869415839,92.781815
105.17444744305479,92.781815
106.17976619195122,92.781815
85.87232746424371,92.781815
105.17444744305479,92.781815
107.18508494084763,92.781815
85.87232746424371,92.781815
127.29145991877584,92.78246
122.2648661742938,92.78845
116.23295368091533,92.80364
107.18508494084763,92.816086
103.16380994526197,92.80561
97.93615245100064,92.781815
107.18508494084763,92.781815
108.19040368974404,92.781815
103.16380994526197,92.781815
107.18508494084763,92.781815
98.13721620077992,92.781815
104.16912869415839,92.781815
81.95158434354771,92.781815
83.35903059200268,92.781815
87.7824330871469,92.781815
89.18987933560186,92.781815
90.79838933383613,92.781815
81.14732934443057,92.781815
84.8670087153473,92.781815
108.19040368974404,92.781815
97.53402495144209,92.781815
120.25422867650096,92.807304
99.14253494967635,92.865875
94.81966432942177,92.90967
85.36966808979551,92.844444
88.68721996115366,92.781815
90.89892120872577,92.781815
94.31700495497356,92.783295
96.8303018272146,92.78546
96.8303018272146,92.78658
95.82498307831818,92.781815
90.69785745894649,92.781815
84.36434934089908,92.781815
82.45424371799592,92.781815
92.20583558229109,92.781815
86.27445496380227,92.781815
88.2850924615951,92.781815
86.27445496380227,92.781815
85.36966808979551,92.781815
85.87232746424371,92.781815
83.05743496733376,92.781815
84.8670087153473,92.781815
87.38030558758832,92.781815
83.86168996645088,92.781815
81.95158434354771,92.781815
83.86168996645088,92.781815
109.19572243864044,92.781815
133.3233724121543,92.7917
119.24890992760456,92.82315
94.21647308008392,92.8607
91.70317620784289,92.8468
99.14253494967635,92.796104
89.79307058493971,92.781815
94.01540933030464,92.781815
91.80370808273254,92.781815
96.12657870298709,92.781815
84.36434934089908,92.781815
90.29572995938791,92.781815
101.15317244746916,92.781815
143.3765599011184,92.79982
103.16380994526197,92.84196
103.16380994526197,92.87422
100.14785369857275,92.82754
105.17444744305479,92.7997
95.22179182898033,92.827675
89.69253871005006,92.83885
93.914877455415,92.781815
99.14253494967635,92.781815
103.16380994526197,92.781815
108.19040368974404,92.781815
108.19040368974404,92.781815
134.32869116105073,92.781815
131.3127349143615,92.781815
130.30741616546507,92.781815
128.29677866767224,92.781815
128.29677866767224,92.781815
127.29145991877584,92.781815
127.29145991877584,92.781815
130.30741616546507,92.781815
111.20635993643326,92.781815
115.22763493201892,92.781815
99.14253494967635,92.781815
94.21647308008392,92.781815
109.19572243864044,92.781815
125.28082242098303,92.781815
132.3180536632579,92.789215
136.33932865884353,92.80559
123.2701849231902,92.82661
122.2648661742938,92.81798
109.19572243864044,92.80561
123.2701849231902,92.781815
112.21167868532967,92.781815
112.21167868532967,92.781815
102.15849119636557,92.781815
105.17444744305479,92.781815
100.14785369857275,92.781815
102.15849119636557,92.781815
104.16912869415839,92.78306
115.22763493201892,92.784874
114.22231618312249,92.78582
118.24359117870814,92.781815
117.23827242981173,92.781815
119.24890992760456,92.78863
116.23295368091533,92.798546
115.22763493201892,92.80371
97.43349307655244,92.781815
110.20104118753686,92.781815
108.19040368974404,92.781815
99.14253494967635,92.781815
99.14253494967635,92.781815
99.14253494967635,92.781815
102.15849119636557,92.781815
104.16912869415839,92.781815
112.21167868532967,92.781815
102.15849119636557,92.781815
110.20104118753686,92.781815
125.28082242098303,92.781815
113.21699743422607,92.78502
108.19040368974404,92.78969
98.13721620077992,92.79211
106.17976619195122,92.781815
123.2701849231902,92.781815
121.25954742539737,92.781815
120.25422867650096,92.781815
120.25422867650096,92.78306
100.14785369857275,92.789085
102.15849119636557,92.79616
104.16912869415839,92.79534
112.21167868532967,92.781815
108.19040368974404,92.781815
106.17976619195122,92.781815
106.17976619195122,92.781815
106.17976619195122,92.781815
100.14785369857275,92.781815
106.17976619195122,92.782875
115.22763493201892,92.78444
96.93083370210422,92.78525
92.7084949567393,92.781815
84.26381746600946,92.781815
83.45956246689234,92.781815
81.34839309420987,92.781815
81.04679746954093,92.781815
105.17444744305479,92.781815
87.68190121225724,92.781815
88.7877518360433,92.781815
87.98349683692618,92.781815
76.3217993497278,92.781815
71.29520560524574,92.781815
76.22126747483817,92.781815
91.20051683339469,92.781815
93.01009058140824,92.781815
87.17924183780904,92.781815
79.33775559641704,92.781815
73.60743872770749,92.781815
114.22231618312249,92.781815
103.16380994526197,92.781815
110.20104118753686,92.781815
118.24359117870814,92.781815
102.15849119636557,92.781815
101.15317244746916,92.781815
100.14785369857275,92.781815
99.14253494967635,92.781815
105.17444744305479,92.781815
104.16912869415839,92.781815
104.16912869415839,92.781815
87.5813693373676,92.781815
110.20104118753686,92.781815
85.36966808979551,92.781815
90.4967937091672,92.781815
97.63455682633172,92.781815
95.12125995409069,92.781815
98.13721620077992,92.781815
96.32764245276638,92.781815
93.51274995585644,92.781815
98.03668432589028,92.781815
103.16380994526197,92.781815
100.14785369857275,92.781815
95.12125995409069,92.781815
82.55477559288555,92.781815
93.31168620607716,92.781815
99.14253494967635,92.781815
95.32232370386998,92.781815
122.2648661742938,92.781815
123.2701849231902,92.781815
120.25422867650096,92.781815
110.20104118753686,92.781815
115.22763493201892,92.781815
107.18508494084763,92.781815
111.20635993643326,92.781815
108.19040368974404,92.781815
106.17976619195122,92.781815
96.42817432765602,92.781815
100.14785369857275,92.781815
103.16380994526197,92.781815
106.17976619195122,92.781815
109.19572243864044,92.781815
112.21167868532967,92.783295
100.14785369857275,92.78546
104.16912869415839,92.78658
88.0840287118158,92.781815
83.86168996645088,92.781815
91.09998495850505,92.781815
92.10530370740146,92.781815
102.15849119636557,92.781815
104.16912869415839,92.781815
105.17444744305479,92.781815
90.99945308361542,92.781815
101.15317244746916,92.781815
93.11062245629788,92.781815
93.61328183074608,92.781815
130.30741616546507,92.781815
129.30209741656864,92.781815
129.30209741656864,92.781815
132.3180536632579,92.781815
139.35528490553278,92.781815
133.3233724121543,92.781815
141.36592240332558,92.781815
154.43506613897895,92.781815
187.6105848525605,92.784836
220.78610356614203,92.81805
160.4669786323574,92.881065
148.40315364560047,92.911606
148.40315364560047,92.83593
138.34996615663638,92.781815
165.49357237683947,92.781815
145.38719739891124,92.78223
151.4191098922897,92.78283
137.34464740773996,92.78314
140.36060365442918,92.78661
129.30209741656864,92.79361
141.36592240332558,92.79914
139.35528490553278,92.78648
137.34464740773996,92.78791
130.30741616546507,92.781815
133.3233724121543,92.781815
129.30209741656864,92.781815
134.32869116105073,92.781815
145.38719739891124,92.781815
70.8930781056872,92.78264
70.8930781056872,92.766556
72.19999247925253,92.753426
79.9409468457549,92.75825
79.9409468457549,92.76673
81.34839309420987,92.7779
77.32711809862423,92.78133
77.32711809862423,92.76179
76.12073559994852,92.75911
76.12073559994852,92.75825
76.12073559994852,92.75825
76.12073559994852,92.76014
76.12073559994852,92.76309
78.63403247218955,92.76443
81.34839309420987,92.76031
81.34839309420987,92.75825
82.75583934266483,92.75825
79.9409468457549,92.75923
79.9409468457549,92.76241
79.9409468457549,92.7667
77.32711809862423,92.7691
77.32711809862423,92.76709
77.32711809862423,92.76597
77.32711809862423,92.7636
77.32711809862423,92.764084
74.81382122638318,92.75825
74.81382122638318,92.75825
74.81382122638318,92.75825
77.32711809862423,92.75825
83.1579668422234,92.75825
82.05211621843735,92.75954
79.73988309597561,92.760925
78.63403247218955,92.76117
77.62871372329313,92.75825
77.62871372329313,92.75825
77.62871372329313,92.75825
76.52286309950709,92.75825
74.41169372682464,92.760216
73.40637497792821,92.762344
72.40105622903181,92.76272
72.40105622903181,92.760445
71.29520560524574,92.76282
72.40105622903181,92.76406
72.40105622903181,92.76411
70.28988685634934,92.76885
70.28988685634934,92.76772
68.17871748366689,92.75825
68.17871748366689,92.75825
68.17871748366689,92.75825
70.28988685634934,92.75825
68.17871748366689,92.75825
67.17339873477047,92.75825
66.2686118607637,92.75825
67.17339873477047,92.75825
67.17339873477047,92.75825
65.26329311186728,92.75825
64.25797436297087,92.75825
124.27550367208661,92.75825
124.27550367208661,92.75825
122.2648661742938,92.76746
116.23295368091533,92.77954
116.23295368091533,92.78276
117.23827242981173,92.76145
114.22231618312249,92.76506
111.20635993643326,92.77204
110.20104118753686,92.77233
110.20104118753686,92.75905
108.19040368974404,92.762375
108.19040368974404,92.76589
108.19040368974404,92.76542
107.18508494084763,92.75825
105.17444744305479,92.75825
103.16380994526197,92.75825
103.16380994526197,92.75825
108.19040368974404,92.75855
103.16380994526197,92.76287
101.15317244746916,92.76736
100.14785369857275,92.768906
100.14785369857275,92.7614
98.13721620077992,92.76169
97.23242932677316,92.75825
96.02604682809746,92.75825
94.81966432942177,92.75825
94.81966432942177,92.75825
94.81966432942177,92.75825
85.36966808979551,92.75825
84.26381746600946,92.76974
83.1579668422234,92.78342
80.84573371976165,92.78585
79.73988309597561,92.75825
78.63403247218955,92.75825
78.63403247218955,92.75848
78.63403247218955,92.75872
76.52286309950709,92.758766
76.52286309950709,92.75825
74.41169372682464,92.75825
73.40637497792821,92.75825
73.40637497792821,92.75825
73.40637497792821,92.75825
73.40637497792821,92.75825
72.40105622903181,92.75825
70.28988685634934,92.75825
68.17871748366689,92.75825
68.17871748366689,92.75825
68.17871748366689,92.75825
66.2686118607637,92.75825
66.2686118607637,92.75825
67.17339873477047,92.759384
68.17871748366689,92.76174
68.17871748366689,92.76493
70.28988685634934,92.76444
68.17871748366689,92.76371
68.17871748366689,92.76155
72.70265185370073,92.76268
73.90903435237642,92.76001
72.70265185370073,92.759796
71.49626935502503,92.75825
70.1893549814597,92.75825
67.77658998410831,92.75825
66.57020748543262,92.75825
66.57020748543262,92.75825
66.57020748543262,92.75825
67.77658998410831,92.75825
67.77658998410831,92.75825
66.57020748543262,92.75825
66.57020748543262,92.75961
64.05691061319159,92.762596
62.85052811451591,92.76449
62.85052811451591,92.76169
61.64414561584021,92.75825
61.64414561584021,92.75825
60.538294992054155,92.75825
61.64414561584021,92.75825
66.57020748543262,92.75825
66.57020748543262,92.76264
61.64414561584021,92.76757
60.538294992054155,92.76839
59.4324443682681,92.75825
58.32659374448205,92.75825
57.220743120696,92.75825
57.220743120696,92.75825
57.220743120696,92.75825
90.29572995938791,92.75825
90.29572995938791,92.75825
90.99945308361542,92.75825
88.7877518360433,92.76052
90.29572995938791,92.76297
90.29572995938791,92.76401
90.29572995938791,92.75989
88.7877518360433,92.761696
88.7877518360433,92.76254
85.97285933913335,92.76365
86.57605058847119,92.7639
85.26913621490587,92.76494
84.56541309067838,92.76367
84.56541309067838,92.75911
83.25849871711304,92.75825
81.95158434354771,92.75825
84.56541309067838,92.75825
84.56541309067838,92.7676
83.96222184134054,92.77999
83.25849871711304,92.7834
83.96222184134054,92.761345
84.56541309067838,92.75825
83.25849871711304,92.75825
81.95158434354771,92.75825
88.7877518360433,92.75825
88.0840287118158,92.75825
84.56541309067838,92.75825
84.56541309067838,92.75825
450.2296941442396,92.75825
450.2296941442396,92.75825
450.2296941442396,92.75825
450.2296941442396,92.75825
450.2296941442396,92.75825
450.2296941442396,92.75825
450.2296941442396,92.75825
450.2296941442396,92.75825
450.2296941442396,92.75825
450.2296941442396,92.75825
450.2296941442396,92.75825
124.27550367208661,92.75825
115.22763493201892,92.77034
110.20104118753686,92.78476
111.20635993643326,92.78733
116.23295368091533,92.75863
111.20635993643326,92.768715
107.18508494084763,92.78227
105.17444744305479,92.78564
105.17444744305479,92.762886
103.16380994526197,92.75825
103.16380994526197,92.75825
102.15849119636557,92.75825
99.14253494967635,92.75825
96.02604682809746,92.75825
92.7084949567393,92.75825
91.80370808273254,92.75825
91.20051683339469,92.75825
118.24359117870814,92.75825
121.25954742539737,92.75825
124.27550367208661,92.75825
122.2648661742938,92.77027
122.2648661742938,92.784615
122.2648661742938,92.78784
121.25954742539737,92.75967
120.25422867650096,92.759796
120.25422867650096,92.75825
120.25422867650096,92.75825
121.25954742539737,92.75825
118.24359117870814,92.75825
118.24359117870814,92.75825
118.24359117870814,92.75825
118.24359117870814,92.75825
118.24359117870814,92.75825
118.24359117870814,92.75825
120.25422867650096,92.759766
120.25422867650096,92.76374
117.23827242981173,92.766556
115.22763493201892,92.76357
112.21167868532967,92.75825
111.20635993643326,92.75825
111.20635993643326,92.75825
109.19572243864044,92.75825
108.19040368974404,92.75825
108.19040368974404,92.759
108.19040368974404,92.76596
94.71913245453213,92.77318
94.71913245453213,92.772675
96.22711057787674,92.75825
94.71913245453213,92.75825
93.2111543311875,92.75825
96.22711057787674,92.75825
97.73508870122134,92.75825
99.14253494967635,92.75825
97.73508870122134,92.75825
96.22711057787674,92.75825
96.22711057787674,92.75825
94.71913245453213,92.75825
94.71913245453213,92.75825
91.70317620784289,92.75825
93.2111543311875,92.75961
91.70317620784289,92.76146
91.70317620784289,92.76819
90.29572995938791,92.77217
90.29572995938791,92.77251
87.2797737126987,92.75825
87.2797737126987,92.75825
88.7877518360433,92.759384
91.70317620784289,92.762505
91.70317620784289,92.76861
94.71913245453213,92.77066
93.2111543311875,92.776985
88.7877518360433,92.7834
87.2797737126987,92.79232
88.7877518360433,92.772514
69.98829123168042,92.76525
69.98829123168042,92.75825
67.9776537338876,92.75825
66.97233498499118,92.75825
65.86648436120514,92.75825
65.86648436120514,92.75825
64.86116561230872,92.75825
60.73935874183343,92.75825
59.73403999293702,92.75825
58.829253118930254,92.75825
58.829253118930254,92.75825
57.92446624492349,92.75825
56.01436062202031,92.75825
55.109573748013545,92.75825
55.109573748013545,92.75825
54.204786874006764,92.75825
53.3,92.75825
53.3,92.75825
54.204786874006764,92.75825
60.73935874183343,92.75825
60.73935874183343,92.76633
57.92446624492349,92.78726
57.01967937091672,92.80265
56.01436062202031,92.78639
55.109573748013545,92.75926
56.01436062202031,92.75958
55.109573748013545,92.758766
56.01436062202031,92.75825
89.79307058493971,92.75825
88.18456058670544,92.75825
86.57605058847119,92.75825
83.25849871711304,92.75825
89.79307058493971,92.75825
86.57605058847119,92.75825
84.8670087153473,92.75825
83.25849871711304,92.75825
81.64998871887877,92.759
81.64998871887877,92.76172
80.04147872064452,92.7639
80.04147872064452,92.76854
76.824458724176,92.810005
75.41701247572104,92.860466
73.90903435237642,92.85767
72.50158810392145,92.78359
70.99360998057682,92.81331
70.99360998057682,92.81751
72.50158810392145,92.76169
72.50158810392145,92.75825
70.99360998057682,92.762314
70.99360998057682,92.76682
70.99360998057682,92.76764
72.50158810392145,92.75841
72.50158810392145,92.774826
70.99360998057682,92.811554
75.41701247572104,92.83613
76.824458724176,92.800705
89.79307058493971,92.76378
88.18456058670544,92.76954
86.57605058847119,92.77037
83.25849871711304,92.75825
89.79307058493971,92.75825
86.57605058847119,92.764854
84.8670087153473,92.772514
83.25849871711304,92.77383
81.64998871887877,92.75825
81.64998871887877,92.75825
80.04147872064452,92.75825
80.04147872064452,92.75825
76.824458724176,92.75825
75.41701247572104,92.75832
73.90903435237642,92.75841
72.50158810392145,92.75842
70.99360998057682,92.75825
70.99360998057682,92.75825
72.50158810392145,92.75825
72.50158810392145,92.75825
70.99360998057682,92.75825
70.99360998057682,92.75825
70.99360998057682,92.75825
72.50158810392145,92.75825
72.50158810392145,92.75825
70.99360998057682,92.75825
75.41701247572104,92.75825
88.18456058670544,92.7584
116.23295368091533,92.77431
118.24359117870814,92.79662
114.22231618312249,92.80524
112.21167868532967,92.77172
108.19040368974404,92.76985
112.21167868532967,92.769615
110.20104118753686,92.76591
124.27550367208661,92.75825
126.28614116987943,92.77167
118.24359117870814,92.79014
104.16912869415839,92.795616
108.19040368974404,92.76374
104.16912869415839,92.75848
100.14785369857275,92.76167
104.16912869415839,92.765205
102.15849119636557,92.76555
100.14785369857275,92.758934
100.14785369857275,92.75825
96.12657870298709,92.75825
94.11594120519428,92.759
92.10530370740146,92.75982
92.10530370740146,92.759964
92.10530370740146,92.75961
90.09466620960863,92.761086
90.09466620960863,92.761345
88.0840287118158,92.75825
88.0840287118158,92.75825
88.0840287118158,92.75825
92.10530370740146,92.75825
82.05211621843735,92.75832
80.04147872064452,92.75841
78.0308412228517,92.759026
76.52286309950709,92.75951
76.52286309950709,92.75962
76.52286309950709,92.75825
75.01488497616246,92.75825
73.50690685281786,92.75825
71.99892872947323,92.75825
84.06275371623018,92.75825
92.10530370740146,92.75825
80.04147872064452,92.75825
76.52286309950709,92.75825
80.04147872064452,92.75825
86.07339121402299,92.75825
86.07339121402299,92.75825
82.05211621843735,92.75825
82.05211621843735,92.75969
75.01488497616246,92.761246
73.50690685281786,92.76151
71.99892872947323,92.764854
70.49095060612862,92.77327
67.47499435943938,92.7754
65.96701623609478,92.759964
64.45903811275016,92.7584
65.96701623609478,92.75856
68.982972482784,92.75859
68.982972482784,92.75825
89.79307058493971,92.75825
86.57605058847119,92.76332
84.8670087153473,92.769066
83.25849871711304,92.770035
81.64998871887877,92.75825
81.64998871887877,92.75825
78.43296872241028,92.75825
76.824458724176,92.75825
84.8670087153473,92.75825
111.20635993643326,92.75825
109.19572243864044,92.77432
100.14785369857275,92.79675
93.01009058140824,92.80359
83.25849871711304,92.76532
80.04147872064452,92.75841
80.04147872064452,92.75842
78.43296872241028,92.759
76.824458724176,92.7599
75.41701247572104,92.77354
73.90903435237642,92.78791
72.50158810392145,92.79062
72.50158810392145,92.75825
83.25849871711304,92.75825
76.824458724176,92.76453
76.824458724176,92.77966
73.90903435237642,92.79019
70.99360998057682,92.77712
69.58616373212185,92.75825
80.04147872064452,92.75825
80.04147872064452,92.75825
80.04147872064452,92.759
78.0308412228517,92.75982
76.52286309950709,92.759964
78.0308412228517,92.75825
78.0308412228517,92.75832
76.52286309950709,92.77535
75.01488497616246,92.7958
78.0308412228517,92.799324
78.0308412228517,92.76264
78.0308412228517,92.76795
78.0308412228517,92.76917
76.52286309950709,92.75911
76.52286309950709,92.75825
82.05211621843735,92.75825
90.09466620960863,92.7612
82.05211621843735,92.769035
80.04147872064452,92.774826
76.52286309950709,92.78009
75.01488497616246,92.78327
71.99892872947323,92.78643
76.52286309950709,92.759964
94.11594120519428,92.75832
94.11594120519428,92.773155
80.04147872064452,92.79104
73.50690685281786,92.79422
75.01488497616246,92.75859
91.50211245806362,92.767
89.18987933560186,92.7773
89.18987933560186,92.779106
86.97817808802976,92.75825
84.76647684045766,92.76014
83.25849871711304,92.762184
81.14732934443057,92.76254
79.63935122108596,92.75825
79.63935122108596,92.75825
107.18508494084763,92.75825
147.39783489670407,92.769005
192.63717859704255,92.79043
146.39251614780764,92.81635
125.28082242098303,92.81607
114.22231618312249,92.806885
111.20635993643326,92.77564
106.17976619195122,92.75825
101.15317244746916,92.75832
96.93083370210422,92.75841
97.73508870122134,92.75842
96.22711057787674,92.75825
93.11062245629788,92.75848
89.99413433471899,92.7591
89.18987933560186,92.7616
86.97817808802976,92.76336
106.17976619195122,92.762886
106.17976619195122,92.76014
147.39783489670407,92.768715
119.24890992760456,92.79259
87.68190121225724,92.808975
86.27445496380227,92.797195
85.47019996468515,92.75863
84.76647684045766,92.76055
86.97817808802976,92.76339
84.76647684045766,92.76684
83.25849871711304,92.76778
81.85105246865807,92.768456
81.14732934443057,92.76511
79.63935122108596,92.768425
78.93562809685848,92.77014
77.42764997351387,92.76839
76.02020372505889,92.75825
74.6127574766039,92.75825
74.6127574766039,92.75825
74.6127574766039,92.75825
71.79786497969395,92.75825
70.49095060612862,92.75825
67.87712185899795,92.75825
66.57020748543262,92.75825
66.57020748543262,92.75825
67.17339873477047,92.7674
67.17339873477047,92.77819
70.49095060612862,92.78017
69.18403623256329,92.76548
69.78722748190114,92.77373
71.09414185546646,92.77514
70.49095060612862,92.75932
107.18508494084763,92.7604
106.17976619195122,92.76044
109.19572243864044,92.758766
110.20104118753686,92.75825
108.19040368974404,92.7612
105.17444744305479,92.76439
104.16912869415839,92.7693
104.16912869415839,92.76757
103.16380994526197,92.77065
101.15317244746916,92.76464
100.14785369857275,92.76686
100.14785369857275,92.76203
100.14785369857275,92.75825
100.14785369857275,92.75825
99.14253494967635,92.75825
96.93083370210422,92.75825
95.52338745364926,92.75825
94.11594120519428,92.75825
94.81966432942177,92.75825
100.14785369857275,92.75825
96.22711057787674,92.763985
94.11594120519428,92.77071
92.7084949567393,92.772
90.69785745894649,92.759125
99.14253494967635,92.759346
104.16912869415839,92.75953
95.52338745364926,92.76662
99.14253494967635,92.77627
101.15317244746916,92.77779
100.14785369857275,92.75825
100.14785369857275,92.75825
99.14253494967635,92.75825
107.18508494084763,92.75825
96.93083370210422,92.75825
95.42285557875961,92.75825
94.61860057964249,92.75825
93.914877455415,92.75825
93.914877455415,92.75825
92.30636745718074,92.75825
92.30636745718074,92.75825
90.79838933383613,92.75825
89.99413433471899,92.75825
89.18987933560186,92.75825
87.68190121225724,92.75825
88.48615621137438,92.75825
87.68190121225724,92.75825
86.27445496380227,92.75825
84.76647684045766,92.75825
85.47019996468515,92.75825
84.76647684045766,92.75825
83.25849871711304,92.75825
86.27445496380227,92.77127
85.47019996468515,92.78685
84.76647684045766,92.789635
84.06275371623018,92.75825
83.25849871711304,92.759
90.79838933383613,92.76043
93.61328183074608,92.76122
92.90955870651858,92.75962
90.79838933383613,92.759766
89.39094308538115,92.7614
92.90955870651858,92.76169
95.12125995409069,92.75825
97.23242932677316,92.76566
94.31700495497356,92.77506
91.50211245806362,92.777824
89.39094308538115,92.76611
90.79838933383613,92.7704
97.23242932677316,92.77037
94.31700495497356,92.76666
90.09466620960863,92.77655
87.98349683692618,92.778275
86.67658246336083,92.75825
85.36966808979551,92.75825
83.35903059200268,92.75825
82.65530746777519,92.75825
81.34839309420987,92.75825
80.04147872064452,92.75825
80.04147872064452,92.75825
77.32711809862423,92.75825
76.02020372505889,92.75825
76.02020372505889,92.75825
74.71328935149354,92.75825
74.71328935149354,92.75825
76.02020372505889,92.76318
97.43349307655244,92.76877
95.52338745364926,92.76971
93.61328183074608,92.75825
89.39094308538115,92.75825
87.98349683692618,92.75825
87.5813693373676,92.75825
85.77179558935407,92.75825
85.77179558935407,92.75825
85.36966808979551,92.75825
86.17392308891263,92.75825
87.5813693373676,92.75825
90.79838933383613,92.75825
88.48615621137438,92.75825
86.67658246336083,92.75825
85.36966808979551,92.75825
85.36966808979551,92.75825
84.46488121578874,92.75848
83.1579668422234,92.75872
81.34839309420987,92.758766
81.34839309420987,92.75825
80.04147872064452,92.76499
84.8670087153473,92.77379
83.96222184134054,92.7762
82.65530746777519,92.76588
83.56009434178196,92.76982
86.67658246336083,92.771996
86.67658246336083,92.76212
85.36966808979551,92.76548
88.0840287118158,92.7671
84.8670087153473,92.7664
93.61328183074608,92.7634
79.07637272170398,92.75825
84.46488121578874,92.75825
84.26381746600946,92.75825
108.19040368974404,92.75825
109.19572243864044,92.75825
101.15317244746916,92.7584
99.14253494967635,92.75856
97.43349307655244,92.75859
102.15849119636557,92.75825
450.2296941442396,92.75825
450.2296941442396,92.770935
450.2296941442396,92.7861
450.2296941442396,92.78881
450.2296941442396,92.75825
450.2296941442396,92.75825
450.2296941442396,92.75825
450.2296941442396,92.75825
450.2296941442396,92.77153
450.2296941442396,92.787445
450.2296941442396,92.790665
450.2296941442396,92.76571
450.2296941442396,92.77351
450.2296941442396,92.773994
450.2296941442396,92.7704
450.2296941442396,92.79143
450.2296941442396,92.80165
450.2296941442396,92.774956
450.2296941442396,92.779495
450.2296941442396,92.80376
450.2296941442396,92.80659
450.2296941442396,92.76082
450.2296941442396,92.75825
450.2296941442396,92.75825
450.2296941442396,92.75825
450.2296941442396,92.75825
450.2296941442396,92.75825
450.2296941442396,92.75825
95.62391932853889,92.75825
96.32764245276638,92.75825
96.72976995232494,92.75825
90.4967937091672,92.75825
89.29041121049151,92.75825
84.36434934089908,92.75825
99.14253494967635,92.75961
118.24359117870814,92.761086
129.30209741656864,92.78416
111.20635993643326,92.81541
102.15849119636557,92.82772
101.15317244746916,92.77301
90.39626183427755,92.75825
80.9462655946513,92.75825
100.14785369857275,92.76037
106.17976619195122,92.76266
120.25422867650096,92.770325
118.24359117870814,92.77401
120.25422867650096,92.77548
126.28614116987943,92.75825
118.24359117870814,92.75825
117.23827242981173,92.75825
112.21167868532967,92.75825
113.21699743422607,92.770004
107.18508494084763,92.78477
111.20635993643326,92.78807
111.20635993643326,92.760345
104.16912869415839,92.75903
107.18508494084763,92.75911
104.16912869415839,92.76052
99.14253494967635,92.76297
113.21699743422607,92.7634
110.20104118753686,92.763985
95.32232370386998,92.77057
103.16380994526197,92.77169
102.15849119636557,92.75825
106.17976619195122,92.772
83.1579668422234,92.78848
105.17444744305479,92.79144
111.20635993643326,92.75825
109.19572243864044,92.75825
99.14253494967635,92.75825
111.20635993643326,92.75885
119.24890992760456,92.75951
104.16912869415839,92.75962
120.25422867650096,92.75825
119.24890992760456,92.75825
109.19572243864044,92.76198
106.17976619195122,92.76978
103.16380994526197,92.77454
97.63455682633172,92.76674
124.27550367208661,92.75825
121.25954742539737,92.75825
114.22231618312249,92.75825
117.23827242981173,92.75825
100.14785369857275,92.75848
107.18508494084763,92.75872
92.40689933207038,92.758766
90.09466620960863,92.75825
96.93083370210422,92.75825
105.17444744305479,92.75825
113.21699743422607,92.75825
122.2648661742938,92.7584
99.14253494967635,92.75856
112.21167868532967,92.75859
109.19572243864044,92.75825
102.15849119636557,92.75825
98.03668432589028,92.75825
102.15849119636557,92.75825
106.17976619195122,92.75863
103.16380994526197,92.75903
102.15849119636557,92.75911
101.15317244746916,92.75825
106.17976619195122,92.75825
103.16380994526197,92.75825
108.19040368974404,92.75825
106.17976619195122,92.75825
96.8303018272146,92.75825
98.13721620077992,92.75825
98.13721620077992,92.75825
98.13721620077992,92.75825
93.51274995585644,92.75825
112.21167868532967,92.75825
119.24890992760456,92.75825
107.18508494084763,92.76766
105.17444744305479,92.77879
94.31700495497356,92.78075
95.72445120342853,92.75825
114.22231618312249,92.75825
107.18508494084763,92.75825
109.19572243864044,92.75825
106.17976619195122,92.75855
109.19572243864044,92.75888
105.17444744305479,92.758934
105.17444744305479,92.75863
106.17976619195122,92.76055
100.14785369857275,92.76225
109.19572243864044,92.76169
107.18508494084763,92.75825
106.17976619195122,92.75825
90.19519808449827,92.75825
87.7824330871469,92.75825
103.16380994526197,92.75825
94.81966432942177,92.75825
97.835620576111,92.75825
101.15317244746916,92.75825
118.24359117870814,92.759766
88.18456058670544,92.7728
94.92019620431141,92.787056
104.16912869415839,92.79215
93.914877455415,92.77142
88.18456058670544,92.773796
82.85637121755447,92.76266
87.5813693373676,92.76457
243.90843479075954,92.7686
203.69568483490303,92.78562
158.45634113456458,92.86143
126.28614116987943,92.93445
94.4175368298632,92.93312
103.16380994526197,92.76453
112.21167868532967,92.77267
102.15849119636557,92.77489
102.15849119636557,92.76031
107.18508494084763,92.75825
96.02604682809746,92.75825
91.60264433295325,92.75825
101.15317244746916,92.75825
96.32764245276638,92.75825
96.62923807743532,92.767
127.29145991877584,92.78431
125.28082242098303,92.796425
116.23295368091533,92.780876
106.17976619195122,92.766205
98.03668432589028,92.76169
122.2648661742938,92.75825
105.17444744305479,92.75825
103.16380994526197,92.75825
101.15317244746916,92.75825
101.15317244746916,92.75825
104.16912869415839,92.75825
95.22179182898033,92.75825
92.90955870651858,92.75825
96.93083370210422,92.75825
95.22179182898033,92.75825
98.13721620077992,92.75825
100.14785369857275,92.75825
110.20104118753686,92.75825
119.24890992760456,92.75825
106.17976619195122,92.75825
105.17444744305479,92.76128
104.16912869415839,92.76793
97.33296120166281,92.77214
100.14785369857275,92.76591
100.14785369857275,92.75825
99.14253494967635,92.75825
103.16380994526197,92.75825
100.14785369857275,92.75825
98.13721620077992,92.75863
89.18987933560186,92.75903
82.95690309244412,92.75911
73.40637497792821,92.75825
80.34307434531344,92.75825
84.96754059023694,92.7584
85.36966808979551,92.75856
77.82977747307243,92.75859
67.37446248454975,92.75825
77.93030934796207,92.75825
79.53881934619632,92.75825
79.33775559641704,92.75825
86.97817808802976,92.75825
74.6127574766039,92.761635
79.33775559641704,92.76532
80.04147872064452,92.76591
70.08882310657006,92.75825
79.4382874713067,92.75825
79.33775559641704,92.75825
76.72392684928637,92.75825
79.33775559641704,92.75825
73.90903435237642,92.75825
75.01488497616246,92.75825
70.1893549814597,92.75825
72.40105622903181,92.75825
71.99892872947323,92.75825
71.99892872947323,92.75825
73.10477935325929,92.75825
58.32659374448205,92.75825
83.86168996645088,92.75825
84.46488121578874,92.75825
101.15317244746916,92.75825
97.03136557699388,92.75825
88.7877518360433,92.75825
96.22711057787674,92.75825
94.92019620431141,92.75825
84.66594496556802,92.75825
94.01540933030464,92.75825
95.22179182898033,92.75825
130.30741616546507,92.782486
129.30209741656864,92.82114
113.21699743422607,92.83691
107.18508494084763,92.77927
101.15317244746916,92.76318
101.15317244746916,92.76877
94.61860057964249,92.76971
100.14785369857275,92.75825
95.32232370386998,92.75825
95.02072807920106,92.75825
99.14253494967635,92.75825
95.42285557875961,92.75825
89.79307058493971,92.75825
93.01009058140824,92.7584
87.7824330871469,92.75856
86.97817808802976,92.76245
86.27445496380227,92.76637
75.1154168510521,92.76707
109.19572243864044,92.7584
102.15849119636557,92.75856
117.23827242981173,92.75859
110.20104118753686,92.75825
103.16380994526197,92.75825
95.42285557875961,92.75825
108.19040368974404,92.75825
95.92551495320781,92.75825
105.17444744305479,92.75825
104.16912869415839,92.75825
105.17444744305479,92.75825
106.17976619195122,92.75825
85.87232746424371,92.75825
105.17444744305479,92.75825
107.18508494084763,92.75825
85.87232746424371,92.75878
127.29145991877584,92.75973
122.2648661742938,92.77611
116.23295368091533,92.80172
107.18508494084763,92.81334
103.16380994526197,92.776634
97.93615245100064,92.75825
107.18508494084763,92.759766
108.19040368974404,92.7614
103.16380994526197,92.76169
107.18508494084763,92.759766
98.13721620077992,92.764786
104.16912869415839,92.76875
81.95158434354771,92.76591
83.35903059200268,92.75825
87.7824330871469,92.75825
89.18987933560186,92.75825
90.79838933383613,92.75825
81.14732934443057,92.75825
84.8670087153473,92.75825
108.19040368974404,92.75825
97.53402495144209,92.75825
120.25422867650096,92.785835
99.14253494967635,92.830696
94.81966432942177,92.849785
85.36966808979551,92.78404
88.68721996115366,92.75825
90.89892120872577,92.75825
94.31700495497356,92.75825
96.8303018272146,92.75825
96.8303018272146,92.75825
95.82498307831818,92.75825
90.69785745894649,92.75825
84.36434934089908,92.75825
82.45424371799592,92.75825
92.20583558229109,92.75825
86.27445496380227,92.75825
88.2850924615951,92.75825
86.27445496380227,92.75825
85.36966808979551,92.75825
85.87232746424371,92.75825
83.05743496733376,92.75825
84.8670087153473,92.75825
87.38030558758832,92.75825
83.86168996645088,92.75825
81.95158434354771,92.76105
83.86168996645088,92.7646
109.19572243864044,92.76569
133.3233724121543,92.76559
119.24890992760456,92.78553
94.21647308008392,92.804436
91.70317620784289,92.79399
99.14253494967635,92.759964
89.79307058493971,92.75825
94.01540933030464,92.75825
91.80370808273254,92.75825
96.12657870298709,92.75825
84.36434934089908,92.75825
90.29572995938791,92.75825
101.15317244746916,92.759
143.3765599011184,92.77917
103.16380994526197,92.81009
103.16380994526197,92.821625
100.14785369857275,92.77659
105.17444744305479,92.75911
95.22179182898033,92.75825
89.69253871005006,92.75825
93.914877455415,92.7662
99.14253494967635,92.78219
103.16380994526197,92.79161
108.19040368974404,92.77416
108.19040368974404,92.75825
134.32869116105073,92.75825
131.3127349143615,92.75825
130.30741616546507,92.75825
128.29677866767224,92.75825
128.29677866767224,92.75825
127.29145991877584,92.75825
127.29145991877584,92.75825
130.30741616546507,92.75825
111.20635993643326,92.75825
115.22763493201892,92.75825
99.14253494967635,92.75825
94.21647308008392,92.75825
109.19572243864044,92.75825
125.28082242098303,92.759384
132.3180536632579,92.766075
136.33932865884353,92.7769
123.2701849231902,92.78467
122.2648661742938,92.77769
109.19572243864044,92.76839
123.2701849231902,92.75825
112.21167868532967,92.75825
112.21167868532967,92.75825
102.15849119636557,92.75825
105.17444744305479,92.75825
100.14785369857275,92.75825
102.15849119636557,92.75825
104.16912869415839,92.76143
115.22763493201892,92.76837
114.22231618312249,92.77277
118.24359117870814,92.76624
117.23827242981173,92.75825
119.24890992760456,92.76157
116.23295368091533,92.765175
115.22763493201892,92.76574
97.43349307655244,92.75825
110.20104118753686,92.75825
108.19040368974404,92.75825
99.14253494967635,92.75825
99.14253494967635,92.75825
99.14253494967635,92.75825
102.15849119636557,92.75825
104.16912869415839,92.75825
112.21167868532967,92.75863
102.15849119636557,92.75903
110.20104118753686,92.75911
125.28082242098303,92.76128
113.21699743422607,92.77613
108.19040368974404,92.790504
98.13721620077992,92.78618
106.17976619195122,92.75825
123.2701849231902,92.75825
121.25954742539737,92.75825
120.25422867650096,92.76385
120.25422867650096,92.77027
100.14785369857275,92.773994
102.15849119636557,92.763756
104.16912869415839,92.76426
112.21167868532967,92.75825
108.19040368974404,92.75825
106.17976619195122,92.75825
106.17976619195122,92.75825
106.17976619195122,92.75825
100.14785369857275,92.75825
106.17976619195122,92.75916
115.22763493201892,92.76279
96.93083370210422,92.765816
92.7084949567393,92.76426
84.26381746600946,92.75825
83.45956246689234,92.75825
81.34839309420987,92.75825
81.04679746954093,92.75825
105.17444744305479,92.75825
87.68190121225724,92.75825
88.7877518360433,92.75825
87.98349683692618,92.75825
76.3217993497278,92.75825
71.29520560524574,92.75825
76.22126747483817,92.75825
91.20051683339469,92.75825
93.01009058140824,92.75825
87.17924183780904,92.75878
79.33775559641704,92.759346
73.60743872770749,92.76096
114.22231618312249,92.76419
103.16380994526197,92.76751
110.20104118753686,92.76459
118.24359117870814,92.75832
102.15849119636557,92.75841
101.15317244746916,92.75842
100.14785369857275,92.75825
99.14253494967635,92.75825
105.17444744305479,92.75825
104.16912869415839,92.75825
104.16912869415839,92.75825
87.5813693373676,92.75825
110.20104118753686,92.75825
85.36966808979551,92.75825
90.4967937091672,92.75825
97.63455682633172,92.75825
95.12125995409069,92.75825
98.13721620077992,92.75825
96.32764245276638,92.75825
93.51274995585644,92.75825
98.03668432589028,92.75825
103.16380994526197,92.75825
100.14785369857275,92.75825
95.12125995409069,92.75825
82.55477559288555,92.75825
93.31168620607716,92.75825
99.14253494967635,92.75825
95.32232370386998,92.75825
122.2648661742938,92.75825
123.2701849231902,92.75825
120.25422867650096,92.75825
110.20104118753686,92.75825
115.22763493201892,92.75825
107.18508494084763,92.75825
111.20635993643326,92.75825
108.19040368974404,92.75825
106.17976619195122,92.75825
96.42817432765602,92.75825
100.14785369857275,92.75825
103.16380994526197,92.75825
106.17976619195122,92.75825
109.19572243864044,92.76298
112.21167868532967,92.768326
100.14785369857275,92.76921
104.16912869415839,92.75825
88.0840287118158,92.75825
83.86168996645088,92.75825
91.09998495850505,92.75825
92.10530370740146,92.75825
102.15849119636557,92.75825
104.16912869415839,92.75825
105.17444744305479,92.772
90.99945308361542,92.78848
101.15317244746916,92.79219
93.11062245629788,92.75982
93.61328183074608,92.76284
130.30741616546507,92.764984
129.30209741656864,92.76633
129.30209741656864,92.759964
132.3180536632579,92.75825
139.35528490553278,92.75825
133.3233724121543,92.75825
141.36592240332558,92.75825
154.43506613897895,92.75825
187.6105848525605,92.76666
220.78610356614203,92.791176
160.4669786323574,92.840935
148.40315364560047,92.86318
148.40315364560047,92.83564
138.34996615663638,92.75825
165.49357237683947,92.75825
145.38719739891124,92.75825
151.4191098922897,92.76211
137.34464740773996,92.78173
140.36060365442918,92.80132
129.30209741656864,92.796326
141.36592240332558,92.76168
139.35528490553278,92.7636
137.34464740773996,92.764084
130.30741616546507,92.75825
133.3233724121543,92.75825
129.30209741656864,92.75825
134.32869116105073,92.76014
145.38719739891124,92.762184
70.8930781056872,92.77128
70.8930781056872,92.79951
72.19999247925253,92.7996
79.9409468457549,92.749794
79.9409468457549,92.75058
81.34839309420987,92.751144
77.32711809862423,92.751625
77.32711809862423,92.75182
76.12073559994852,92.75261
76.12073559994852,92.753006
76.12073559994852,92.75199
76.12073559994852,92.75128
76.12073559994852,92.75303
78.63403247218955,92.75387
81.34839309420987,92.75381
81.34839309420987,92.75569
82.75583934266483,92.75682
79.9409468457549,92.756256
79.9409468457549,92.75472
79.9409468457549,92.75422
77.32711809862423,92.75379
77.32711809862423,92.75464
77.32711809862423,92.75622
77.32711809862423,92.75755
77.32711809862423,92.7581
74.81382122638318,92.75832
74.81382122638318,92.758446
74.81382122638318,92.75858
77.32711809862423,92.75848
83.1579668422234,92.758804
82.05211621843735,92.75824
79.73988309597561,92.752785
78.63403247218955,92.746475
77.62871372329313,92.74957
77.62871372329313,92.75892
77.62871372329313,92.76016
76.52286309950709,92.758446
74.41169372682464,92.75481
73.40637497792821,92.74924
72.40105622903181,92.74785
72.40105622903181,92.74544
71.29520560524574,92.74857
72.40105622903181,92.76077
72.40105622903181,92.767265
70.28988685634934,92.7652
70.28988685634934,92.763535
68.17871748366689,92.76535
68.17871748366689,92.76664
68.17871748366689,92.76995
70.28988685634934,92.77252
68.17871748366689,92.774635
67.17339873477047,92.77477
66.2686118607637,92.77435
67.17339873477047,92.775406
67.17339873477047,92.77546
65.26329311186728,92.77129
64.25797436297087,92.76707
124.27550367208661,92.763954
124.27550367208661,92.755714
122.2648661742938,92.74082
116.23295368091533,92.72948
116.23295368091533,92.731544
117.23827242981173,92.72597
114.22231618312249,92.72567
111.20635993643326,92.723976
110.20104118753686,92.72566
110.20104118753686,92.72987
108.19040368974404,92.73741
108.19040368974404,92.74112
108.19040368974404,92.74446
107.18508494084763,92.74534
105.17444744305479,92.744
103.16380994526197,92.74585
103.16380994526197,92.74971
108.19040368974404,92.74808
103.16380994526197,92.742714
101.15317244746916,92.73888
100.14785369857275,92.74632
100.14785369857275,92.75108
98.13721620077992,92.75128
97.23242932677316,92.750145
96.02604682809746,92.74956
94.81966432942177,92.75266
94.81966432942177,92.755936
94.81966432942177,92.75856
85.36966808979551,92.760666
84.26381746600946,92.7584
83.1579668422234,92.74921
80.84573371976165,92.7379
79.73988309597561,92.73762
78.63403247218955,92.73769
78.63403247218955,92.7349
78.63403247218955,92.732056
76.52286309950709,92.73333
76.52286309950709,92.737465
74.41169372682464,92.74167
73.40637497792821,92.74427
73.40637497792821,92.74711
73.40637497792821,92.74885
73.40637497792821,92.75003
72.40105622903181,92.75043
70.28988685634934,92.75156
68.17871748366689,92.75217
68.17871748366689,92.753426
68.17871748366689,92.754715
66.2686118607637,92.75708
66.2686118607637,92.75842
67.17339873477047,92.76043
68.17871748366689,92.75861
68.17871748366689,92.75435
70.28988685634934,92.7497
68.17871748366689,92.75122
68.17871748366689,92.75402
72.70265185370073,92.75728
73.90903435237642,92.75853
72.70265185370073,92.75185
71.49626935502503,92.73949
70.1893549814597,92.74173
67.77658998410831,92.74711
66.57020748543262,92.74914
66.57020748543262,92.75094
66.57020748543262,92.75229
67.77658998410831,92.754135
67.77658998410831,92.75608
66.57020748543262,92.75633
66.57020748543262,92.754234
64.05691061319159,92.751686
62.85052811451591,92.75179
62.85052811451591,92.75416
61.64414561584021,92.75674
61.64414561584021,92.76201
60.538294992054155,92.767715
61.64414561584021,92.766335
66.57020748543262,92.76486
66.57020748543262,92.766716
61.64414561584021,92.76347
60.538294992054155,92.75861
59.4324443682681,92.75424
58.32659374448205,92.75
57.220743120696,92.75287
57.220743120696,92.75753
57.220743120696,92.76014
90.29572995938791,92.76529
90.29572995938791,92.764244
90.99945308361542,92.75169
88.7877518360433,92.73623
90.29572995938791,92.7404
90.29572995938791,92.74632
90.29572995938791,92.75032
88.7877518360433,92.74981
88.7877518360433,92.74956
85.97285933913335,92.75266
86.57605058847119,92.75557
85.26913621490587,92.75457
84.56541309067838,92.74988
84.56541309067838,92.74781
83.25849871711304,92.75448
81.95158434354771,92.75622
84.56541309067838,92.7517
84.56541309067838,92.74937
83.96222184134054,92.7475
83.25849871711304,92.74801
83.96222184134054,92.752846
84.56541309067838,92.75861
83.25849871711304,92.761955
81.95158434354771,92.76028
88.7877518360433,92.76056
88.0840287118158,92.76253
84.56541309067838,92.76744
84.56541309067838,92.772934
450.2296941442396,92.7749
450.2296941442396,92.77124
450.2296941442396,92.7564
450.2296941442396,92.73929
450.2296941442396,92.73869
450.2296941442396,92.73785
450.2296941442396,92.735504
450.2296941442396,92.73424
450.2296941442396,92.73731
450.2296941442396,92.74052
450.2296941442396,92.74167
124.27550367208661,92.74427
115.22763493201892,92.74711
110.20104118753686,92.75063
111.20635993643326,92.75601
116.23295368091533,92.75895
111.20635993643326,92.75435
107.18508494084763,92.7497
105.17444744305479,92.75122
105.17444744305479,92.752846
103.16380994526197,92.74977
103.16380994526197,92.746635
102.15849119636557,92.749725
99.14253494967635,92.75909
96.02604682809746,92.75813
92.7084949567393,92.7536
91.80370808273254,92.74964
91.20051683339469,92.749916
118.24359117870814,92.75185
121.25954742539737,92.75401
124.27550367208661,92.75296
122.2648661742938,92.74431
122.2648661742938,92.745964
122.2648661742938,92.74722
121.25954742539737,92.74914
120.25422867650096,92.75032
120.25422867650096,92.74793
120.25422867650096,92.743324
121.25954742539737,92.7368
118.24359117870814,92.73578
118.24359117870814,92.73351
118.24359117870814,92.73682
118.24359117870814,92.743614
118.24359117870814,92.75217
118.24359117870814,92.753136
120.25422867650096,92.754135
120.25422867650096,92.75596
117.23827242981173,92.757225
115.22763493201892,92.75859
112.21167868532967,92.76043
111.20635993643326,92.759796
111.20635993643326,92.757195
109.19572243864044,92.75279
108.19040368974404,92.750885
108.19040368974404,92.75402
108.19040368974404,92.75728
94.71913245453213,92.763115
94.71913245453213,92.7665
96.22711057787674,92.76232
94.71913245453213,92.75693
93.2111543311875,92.7568
96.22711057787674,92.75698
97.73508870122134,92.757744
99.14253494967635,92.758545
97.73508870122134,92.75766
96.22711057787674,92.757805
96.22711057787674,92.75952
94.71913245453213,92.75999
94.71913245453213,92.7561
91.70317620784289,92.75173
93.2111543311875,92.75122
91.70317620784289,92.752846
91.70317620784289,92.75273
90.29572995938791,92.753975
90.29572995938791,92.75709
87.2797737126987,92.75369
87.2797737126987,92.748405
88.7877518360433,92.74585
91.70317620784289,92.74817
91.70317620784289,92.74624
94.71913245453213,92.74635
93.2111543311875,92.752785
88.7877518360433,92.75782
87.2797737126987,92.7573
88.7877518360433,92.75826
69.98829123168042,92.75311
69.98829123168042,92.74939
67.9776537338876,92.749214
66.97233498499118,92.74607
65.86648436120514,92.74046
65.86648436120514,92.74023
64.86116561230872,92.74258
60.73935874183343,92.74412
59.73403999293702,92.745834
58.829253118930254,92.74656
58.829253118930254,92.74926
57.92446624492349,92.7536
56.01436062202031,92.7567
55.109573748013545,92.75921
55.109573748013545,92.76082
54.204786874006764,92.75959
53.3,92.75304
53.3,92.74374
54.204786874006764,92.73958
60.73935874183343,92.741066
60.73935874183343,92.7432
57.92446624492349,92.74797
57.01967937091672,92.75072
56.01436062202031,92.74972
55.109573748013545,92.74961
56.01436062202031,92.75351
55.109573748013545,92.75799
56.01436062202031,92.76132
89.79307058493971,92.76753
88.18456058670544,92.77364
86.57605058847119,92.76987
83.25849871711304,92.76356
89.79307058493971,92.759796
86.57605058847119,92.76086
84.8670087153473,92.75782
83.25849871711304,92.75137
81.64998871887877,92.7474
81.64998871887877,92.7491
80.04147872064452,92.75025
80.04147872064452,92.75128
76.824458724176,92.75677
75.41701247572104,92.75978
73.90903435237642,92.75835
72.50158810392145,92.7509
70.99360998057682,92.74495
70.99360998057682,92.74992
72.50158810392145,92.7515
72.50158810392145,92.75019
70.99360998057682,92.74451
70.99360998057682,92.73763
70.99360998057682,92.7439
72.50158810392145,92.745346
72.50158810392145,92.74594
70.99360998057682,92.74499
75.41701247572104,92.74339
76.824458724176,92.74505
89.79307058493971,92.745575
88.18456058670544,92.746735
86.57605058847119,92.74983
83.25849871711304,92.75174
89.79307058493971,92.74524
86.57605058847119,92.73802
84.8670087153473,92.73882
83.25849871711304,92.74479
81.64998871887877,92.754135
81.64998871887877,92.75614
80.04147872064452,92.75806
80.04147872064452,92.76544
76.824458724176,92.767365
75.41701247572104,92.76111
73.90903435237642,92.759254
72.50158810392145,92.75799
70.99360998057682,92.7595
70.99360998057682,92.7622
72.50158810392145,92.764626
72.50158810392145,92.76143
70.99360998057682,92.75595
70.99360998057682,92.76117
70.99360998057682,92.772675
72.50158810392145,92.779175
72.50158810392145,92.78201
70.99360998057682,92.77961
75.41701247572104,92.77114
88.18456058670544,92.76425
116.23295368091533,92.75017
118.24359117870814,92.73424
114.22231618312249,92.74018
112.21167868532967,92.7457
108.19040368974404,92.74847
112.21167868532967,92.73859
110.20104118753686,92.740685
124.27550367208661,92.74886
126.28614116987943,92.74686
118.24359117870814,92.741745
104.16912869415839,92.74061
108.19040368974404,92.74373
104.16912869415839,92.7488
100.14785369857275,92.75015
104.16912869415839,92.75001
102.15849119636557,92.75429
100.14785369857275,92.75331
100.14785369857275,92.75067
96.12657870298709,92.74966
94.11594120519428,92.74687
92.10530370740146,92.750015
92.10530370740146,92.75174
92.10530370740146,92.74762
90.09466620960863,92.74398
90.09466620960863,92.74349
88.0840287118158,92.7439
88.0840287118158,92.7385
88.0840287118158,92.74353
92.10530370740146,92.7585
82.05211621843735,92.76277
80.04147872064452,92.75774
78.0308412228517,92.75548
76.52286309950709,92.75415
76.52286309950709,92.75666
76.52286309950709,92.75384
75.01488497616246,92.75616
73.50690685281786,92.76606
71.99892872947323,92.775505
84.06275371623018,92.76798
92.10530370740146,92.75527
80.04147872064452,92.7606
76.52286309950709,92.76661
80.04147872064452,92.763306
86.07339121402299,92.766205
86.07339121402299,92.77169
82.05211621843735,92.77532
82.05211621843735,92.773926
75.01488497616246,92.763664
73.50690685281786,92.75892
71.99892872947323,92.75166
70.49095060612862,92.74758
67.47499435943938,92.7416
65.96701623609478,92.73877
64.45903811275016,92.74077
65.96701623609478,92.744545
68.982972482784,92.746544
68.982972482784,92.74808
89.79307058493971,92.74863
86.57605058847119,92.747665
84.8670087153473,92.74206
83.25849871711304,92.73939
81.64998871887877,92.73836
81.64998871887877,92.74489
78.43296872241028,92.742424
76.824458724176,92.74464
84.8670087153473,92.7512
111.20635993643326,92.75525
109.19572243864044,92.750206
100.14785369857275,92.74155
93.01009058140824,92.748634
83.25849871711304,92.75069
80.04147872064452,92.74451
80.04147872064452,92.744415
78.43296872241028,92.75082
76.824458724176,92.748886
75.41701247572104,92.75087
73.90903435237642,92.751564
72.50158810392145,92.75234
72.50158810392145,92.758095
83.25849871711304,92.766685
76.824458724176,92.76185
76.824458724176,92.75224
73.90903435237642,92.75069
70.99360998057682,92.75776
69.58616373212185,92.75747
80.04147872064452,92.75831
80.04147872064452,92.75478
80.04147872064452,92.75316
78.0308412228517,92.75269
76.52286309950709,92.750145
78.0308412228517,92.75156
78.0308412228517,92.74714
76.52286309950709,92.74518
75.01488497616246,92.74928
78.0308412228517,92.758484
78.0308412228517,92.7609
78.0308412228517,92.75191
78.0308412228517,92.74622
76.52286309950709,92.74776
76.52286309950709,92.75116
82.05211621843735,92.756714
90.09466620960863,92.755165
82.05211621843735,92.74752
80.04147872064452,92.74396
76.52286309950709,92.746346
75.01488497616246,92.74253
71.99892872947323,92.736015
76.52286309950709,92.73663
94.11594120519428,92.73928
94.11594120519428,92.73941
80.04147872064452,92.73597
73.50690685281786,92.735916
75.01488497616246,92.745476
91.50211245806362,92.74961
89.18987933560186,92.74584
89.18987933560186,92.7471
86.97817808802976,92.75295
84.76647684045766,92.75482
83.25849871711304,92.75627
81.14732934443057,92.76151
79.63935122108596,92.759964
79.63935122108596,92.756195
107.18508494084763,92.75132
147.39783489670407,92.73924
192.63717859704255,92.73079
146.39251614780764,92.732994
125.28082242098303,92.73489
114.22231618312249,92.741005
111.20635993643326,92.75032
106.17976619195122,92.75293
101.15317244746916,92.75012
96.93083370210422,92.74877
97.73508870122134,92.75695
96.22711057787674,92.75653
93.11062245629788,92.74782
89.99413433471899,92.73945
89.18987933560186,92.742615
86.97817808802976,92.747925
106.17976619195122,92.753265
106.17976619195122,92.75469
147.39783489670407,92.75033
119.24890992760456,92.747574
87.68190121225724,92.74395
86.27445496380227,92.74901
85.47019996468515,92.74961
84.76647684045766,92.749794
86.97817808802976,92.75058
84.76647684045766,92.751144
83.25849871711304,92.751625
81.85105246865807,92.75182
81.14732934443057,92.75261
79.63935122108596,92.753006
78.93562809685848,92.75199
77.42764997351387,92.75128
76.02020372505889,92.75303
74.6127574766039,92.75341
74.6127574766039,92.7528
74.6127574766039,92.75471
71.79786497969395,92.75718
70.49095060612862,92.756256
67.87712185899795,92.75472
66.57020748543262,92.75422
66.57020748543262,92.75379
67.17339873477047,92.75464
67.17339873477047,92.75622
70.49095060612862,92.75755
69.18403623256329,92.758026
69.78722748190114,92.75693
71.09414185546646,92.75234
70.49095060612862,92.74662
107.18508494084763,92.74451
106.17976619195122,92.74832
109.19572243864044,92.75124
110.20104118753686,92.75499
108.19040368974404,92.751076
105.17444744305479,92.74485
104.16912869415839,92.7434
104.16912869415839,92.74136
103.16380994526197,92.74276
101.15317244746916,92.74489
100.14785369857275,92.746605
100.14785369857275,92.747215
100.14785369857275,92.74632
100.14785369857275,92.744255
99.14253494967635,92.74304
96.93083370210422,92.74348
95.52338745364926,92.74509
94.11594120519428,92.746475
94.81966432942177,92.74717
100.14785369857275,92.74788
96.22711057787674,92.74832
94.11594120519428,92.74945
92.7084949567393,92.75074
90.69785745894649,92.752
99.14253494967635,92.75337
104.16912869415839,92.7556
95.52338745364926,92.759796
99.14253494967635,92.762535
101.15317244746916,92.7631
100.14785369857275,92.76136
100.14785369857275,92.75593
99.14253494967635,92.75088
107.18508494084763,92.75523
96.93083370210422,92.75903
95.42285557875961,92.757645
94.61860057964249,92.75887
93.914877455415,92.76541
93.914877455415,92.77204
92.30636745718074,92.76622
92.30636745718074,92.75591
90.79838933383613,92.75651
89.99413433471899,92.76792
89.18987933560186,92.77316
87.68190121225724,92.7769
88.48615621137438,92.77932
87.68190121225724,92.78138
86.27445496380227,92.78058
84.76647684045766,92.77946
85.47019996468515,92.77741
84.76647684045766,92.77559
83.25849871711304,92.77279
86.27445496380227,92.77207
85.47019996468515,92.77398
84.76647684045766,92.77516
84.06275371623018,92.761024
83.25849871711304,92.75437
90.79838933383613,92.75412
93.61328183074608,92.75121
92.90955870651858,92.745255
90.79838933383613,92.73553
89.39094308538115,92.73555
92.90955870651858,92.74064
95.12125995409069,92.74438
97.23242932677316,92.73903
94.31700495497356,92.733246
91.50211245806362,92.73988
89.39094308538115,92.74235
90.79838933383613,92.74532
97.23242932677316,92.74835
94.31700495497356,92.74848
90.09466620960863,92.74406
87.98349683692618,92.74511
86.67658246336083,92.74993
85.36966808979551,92.75483
83.35903059200268,92.75414
82.65530746777519,92.74387
81.34839309420987,92.73591
80.04147872064452,92.734825
80.04147872064452,92.73663
77.32711809862423,92.74
76.02020372505889,92.74477
76.02020372505889,92.750305
74.71328935149354,92.75411
74.71328935149354,92.75237
76.02020372505889,92.74643
97.43349307655244,92.74253
95.52338745364926,92.750084
93.61328183074608,92.762375
89.39094308538115,92.777534
87.98349683692618,92.76987
87.5813693373676,92.76345
85.77179558935407,92.75678
85.77179558935407,92.75016
85.36966808979551,92.75403
86.17392308891263,92.76145
87.5813693373676,92.76681
90.79838933383613,92.76286
88.48615621137438,92.75948
86.67658246336083,92.75958
85.36966808979551,92.75967
85.36966808979551,92.76219
84.46488121578874,92.766075
83.1579668422234,92.76665
81.34839309420987,92.76731
81.34839309420987,92.7638
80.04147872064452,92.76003
84.8670087153473,92.75944
83.96222184134054,92.755135
82.65530746777519,92.74956
83.56009434178196,92.75025
86.67658246336083,92.75994
86.67658246336083,92.752106
85.36966808979551,92.74981
88.0840287118158,92.74919
84.8670087153473,92.75324
93.61328183074608,92.75421
79.07637272170398,92.75286
84.46488121578874,92.75816
84.26381746600946,92.76333
108.19040368974404,92.76265
109.19572243864044,92.76161
101.15317244746916,92.757805
99.14253494967635,92.755165
97.43349307655244,92.75524
102.15849119636557,92.75669
450.2296941442396,92.75903
450.2296941442396,92.75508
450.2296941442396,92.74656
450.2296941442396,92.74977
450.2296941442396,92.75772
450.2296941442396,92.76235
450.2296941442396,92.76082
450.2296941442396,92.75782
450.2296941442396,92.75739
450.2296941442396,92.75966
450.2296941442396,92.7602
450.2296941442396,92.758835
450.2296941442396,92.760216
450.2296941442396,92.760025
450.2296941442396,92.75175
450.2296941442396,92.74648
450.2296941442396,92.74594
450.2296941442396,92.7469
450.2296941442396,92.74109
450.2296941442396,92.734886
450.2296941442396,92.742165
450.2296941442396,92.749794
450.2296941442396,92.75551
450.2296941442396,92.75882
450.2296941442396,92.76171
450.2296941442396,92.75671
450.2296941442396,92.74832
450.2296941442396,92.75157
95.62391932853889,92.75025
96.32764245276638,92.74649
96.72976995232494,92.74381
90.4967937091672,92.74274
89.29041121049151,92.74896
84.36434934089908,92.75322
99.14253494967635,92.753624
118.24359117870814,92.75429
129.30209741656864,92.75484
111.20635993643326,92.75137
102.15849119636557,92.74761
101.15317244746916,92.74723
90.39626183427755,92.75505
80.9462655946513,92.75624
100.14785369857275,92.754776
106.17976619195122,92.75618
120.25422867650096,92.75814
118.24359117870814,92.75962
120.25422867650096,92.75726
126.28614116987943,92.74742
118.24359117870814,92.746994
117.23827242981173,92.749626
112.21167868532967,92.749344
113.21699743422607,92.74086
107.18508494084763,92.73616
111.20635993643326,92.74461
111.20635993643326,92.75561
104.16912869415839,92.754295
107.18508494084763,92.760895
104.16912869415839,92.76119
99.14253494967635,92.76131
113.21699743422607,92.75863
110.20104118753686,92.751236
95.32232370386998,92.75219
103.16380994526197,92.75799
102.15849119636557,92.764114
106.17976619195122,92.75782
83.1579668422234,92.75248
105.17444744305479,92.75122
111.20635993643326,92.758575
109.19572243864044,92.764694
99.14253494967635,92.77128
111.20635993643326,92.782906
119.24890992760456,92.784035
104.16912869415839,92.78053
120.25422867650096,92.77466
119.24890992760456,92.76765
109.19572243864044,92.75113
106.17976619195122,92.737885
103.16380994526197,92.740875
97.63455682633172,92.74397
124.27550367208661,92.743645
121.25954742539737,92.73971
114.22231618312249,92.73956
117.23827242981173,92.73651
100.14785369857275,92.73874
107.18508494084763,92.74493
92.40689933207038,92.75993
90.09466620960863,92.7642
96.93083370210422,92.75824
105.17444744305479,92.76207
113.21699743422607,92.75861
122.2648661742938,92.752945
99.14253494967635,92.7461
112.21167868532967,92.75035
109.19572243864044,92.75199
102.15849119636557,92.75594
98.03668432589028,92.76177
102.15849119636557,92.75969
106.17976619195122,92.75714
103.16380994526197,92.75709
102.15849119636557,92.76537
101.15317244746916,92.7673
106.17976619195122,92.76751
103.16380994526197,92.7704
108.19040368974404,92.77479
106.17976619195122,92.77547
96.8303018272146,92.76965
98.13721620077992,92.76559
98.13721620077992,92.77168
98.13721620077992,92.7763
93.51274995585644,92.778114
112.21167868532967,92.77014
119.24890992760456,92.76083
107.18508494084763,92.75814
105.17444744305479,92.76359
94.31700495497356,92.76919
95.72445120342853,92.76478
114.22231618312249,92.76227
107.18508494084763,92.761734
109.19572243864044,92.758606
106.17976619195122,92.75765
109.19572243864044,92.76902
105.17444744305479,92.775314
105.17444744305479,92.77307
106.17976619195122,92.77329
100.14785369857275,92.7798
109.19572243864044,92.78105
107.18508494084763,92.77797
106.17976619195122,92.782906
90.19519808449827,92.78859
87.7824330871469,92.788155
103.16380994526197,92.78197
94.81966432942177,92.77243
97.835620576111,92.767586
101.15317244746916,92.768
118.24359117870814,92.757614
88.18456058670544,92.74748
94.92019620431141,92.74425
104.16912869415839,92.741714
93.914877455415,92.7406
88.18456058670544,92.74347
82.85637121755447,92.75161
87.5813693373676,92.753265
243.90843479075954,92.74453
203.69568483490303,92.73468
158.45634113456458,92.742714
126.28614116987943,92.7416
94.4175368298632,92.73877
103.16380994526197,92.73275
112.21167868532967,92.72771
102.15849119636557,92.73317
102.15849119636557,92.74232
107.18508494084763,92.7551
96.02604682809746,92.76362
91.60264433295325,92.76352
101.15317244746916,92.75899
96.32764245276638,92.754585
96.62923807743532,92.7454
127.29145991877584,92.74011
125.28082242098303,92.740814
116.23295368091533,92.73561
106.17976619195122,92.72983
98.03668432589028,92.7405
122.2648661742938,92.741425
105.17444744305479,92.74626
103.16380994526197,92.74866
101.15317244746916,92.75294
101.15317244746916,92.75655
104.16912869415839,92.75668
95.22179182898033,92.75412
92.90955870651858,92.751236
96.93083370210422,92.75324
95.22179182898033,92.75424
98.13721620077992,92.751884
100.14785369857275,92.75035
110.20104118753686,92.75411
119.24890992760456,92.75571
106.17976619195122,92.7574
105.17444744305479,92.739494
104.16912869415839,92.73729
97.33296120166281,92.74557
100.14785369857275,92.762085
100.14785369857275,92.76328
99.14253494967635,92.75713
103.16380994526197,92.75569
100.14785369857275,92.75398
98.13721620077992,92.75528
89.18987933560186,92.764404
82.95690309244412,92.77609
73.40637497792821,92.77552
80.34307434531344,92.76659
84.96754059023694,92.76726
85.36966808979551,92.76359
77.82977747307243,92.76193
67.37446248454975,92.767746
77.93030934796207,92.76682
79.53881934619632,92.76919
79.33775559641704,92.77183
86.97817808802976,92.77595
74.6127574766039,92.77703
79.33775559641704,92.773895
80.04147872064452,92.77418
70.08882310657006,92.77845
79.4382874713067,92.78309
79.33775559641704,92.781166
76.72392684928637,92.77746
79.33775559641704,92.77146
73.90903435237642,92.771904
75.01488497616246,92.7698
70.1893549814597,92.767525
72.40105622903181,92.76419
71.99892872947323,92.76419
71.99892872947323,92.761696
73.10477935325929,92.760635
58.32659374448205,92.75944
83.86168996645088,92.75903
84.46488121578874,92.75651
101.15317244746916,92.75225
97.03136557699388,92.750374
88.7877518360433,92.74826
96.22711057787674,92.74868
94.92019620431141,92.75034
84.66594496556802,92.75635
94.01540933030464,92.76301
95.22179182898033,92.76256
130.30741616546507,92.75443
129.30209741656864,92.743195
113.21699743422607,92.74151
107.18508494084763,92.74696
101.15317244746916,92.74744
101.15317244746916,92.745766
94.61860057964249,92.75861
100.14785369857275,92.75698
95.32232370386998,92.75619
95.02072807920106,92.75595
99.14253494967635,92.75816
95.42285557875961,92.763756
89.79307058493971,92.76617
93.01009058140824,92.772026
87.7824330871469,92.77174
86.97817808802976,92.75907
86.27445496380227,92.74957
75.1154168510521,92.76087
109.19572243864044,92.76439
102.15849119636557,92.7629
117.23827242981173,92.760086
110.20104118753686,92.76013
103.16380994526197,92.76914
95.42285557875961,92.77262
108.19040368974404,92.774345
95.92551495320781,92.773506
105.17444744305479,92.77553
104.16912869415839,92.776306
105.17444744305479,92.77396
106.17976619195122,92.77203
85.87232746424371,92.77195
105.17444744305479,92.77279
107.18508494084763,92.77118
85.87232746424371,92.76622
127.29145991877584,92.75833
122.2648661742938,92.747986
116.23295368091533,92.7367
107.18508494084763,92.736244
103.16380994526197,92.74165
97.93615245100064,92.74503
107.18508494084763,92.75145
108.19040368974404,92.7531
103.16380994526197,92.754395
107.18508494084763,92.75777
98.13721620077992,92.75626
104.16912869415839,92.74876
81.95158434354771,92.74266
83.35903059200268,92.74503
87.7824330871469,92.74755
89.18987933560186,92.748665
90.79838933383613,92.748085
81.14732934443057,92.751396
84.8670087153473,92.75253
108.19040368974404,92.7589
97.53402495144209,92.76469
120.25422867650096,92.76616
99.14253494967635,92.75814
94.81966432942177,92.74711
85.36966808979551,92.74466
88.68721996115366,92.74415
90.89892120872577,92.74257
94.31700495497356,92.74587
96.8303018272146,92.7488
96.8303018272146,92.75148
95.82498307831818,92.75047
90.69785745894649,92.75015
84.36434934089908,92.75361
82.45424371799592,92.75922
92.20583558229109,92.76248
86.27445496380227,92.75943
88.2850924615951,92.75786
86.27445496380227,92.76624
85.36966808979551,92.77055
85.87232746424371,92.76919
83.05743496733376,92.77167
84.8670087153473,92.774826
87.38030558758832,92.76426
83.86168996645088,92.75341
81.95158434354771,92.74877
83.86168996645088,92.74607
109.19572243864044,92.74809
133.3233724121543,92.748245
119.24890992760456,92.746666
94.21647308008392,92.74459
91.70317620784289,92.74586
99.14253494967635,92.74658
89.79307058493971,92.74382
94.01540933030464,92.74933
91.80370808273254,92.75844
96.12657870298709,92.75874
84.36434934089908,92.754585
90.29572995938791,92.75634
101.15317244746916,92.75283
143.3765599011184,92.73769
103.16380994526197,92.73229
103.16380994526197,92.733635
100.14785369857275,92.73999
105.17444744305479,92.74274
95.22179182898033,92.75113
89.69253871005006,92.756485
93.914877455415,92.755455
99.14253494967635,92.751854
103.16380994526197,92.756035
108.19040368974404,92.769005
108.19040368974404,92.771324
134.32869116105073,92.76543
131.3127349143615,92.76072
130.30741616546507,92.76556
128.29677866767224,92.76842
128.29677866767224,92.76659
127.29145991877584,92.76038
127.29145991877584,92.75693
130.30741616546507,92.75802
111.20635993643326,92.75541
115.22763493201892,92.755844
99.14253494967635,92.756676
94.21647308008392,92.75303
109.19572243864044,92.74901
125.28082242098303,92.75416
132.3180536632579,92.75832
136.33932865884353,92.754776
123.2701849231902,92.745316
122.2648661742938,92.73772
109.19572243864044,92.745346
123.2701849231902,92.75367
112.21167868532967,92.759766
112.21167868532967,92.76145
102.15849119636557,92.75273
105.17444744305479,92.75024
100.14785369857275,92.7668
102.15849119636557,92.76861
104.16912869415839,92.760155
115.22763493201892,92.750435
114.22231618312249,92.74901
118.24359117870814,92.753426
117.23827242981173,92.75347
119.24890992760456,92.75021
116.23295368091533,92.75066
115.22763493201892,92.76168
97.43349307655244,92.76251
110.20104118753686,92.758766
108.19040368974404,92.75107
99.14253494967635,92.7493
99.14253494967635,92.75558
99.14253494967635,92.75345
102.15849119636557,92.754036
104.16912869415839,92.75878
112.21167868532967,92.761734
102.15849119636557,92.76272
110.20104118753686,92.76485
125.28082242098303,92.760826
113.21699743422607,92.75332
108.19040368974404,92.75164
98.13721620077992,92.76203
106.17976619195122,92.77199
123.2701849231902,92.78047
121.25954742539737,92.78478
120.25422867650096,92.78328
120.25422867650096,92.77698
100.14785369857275,92.766335
102.15849119636557,92.758484
104.16912869415839,92.75447
112.21167868532967,92.75113
108.19040368974404,92.7534
106.17976619195122,92.75995
106.17976619195122,92.76952
106.17976619195122,92.77672
100.14785369857275,92.77767
106.17976619195122,92.76741
115.22763493201892,92.75803
96.93083370210422,92.75307
92.7084949567393,92.75477
84.26381746600946,92.75598
83.45956246689234,92.75642
81.34839309420987,92.759
81.04679746954093,92.762276
105.17444744305479,92.76483
87.68190121225724,92.76951
88.7877518360433,92.7737
87.98349683692618,92.77864
76.3217993497278,92.77941
71.29520560524574,92.77441
76.22126747483817,92.772026
91.20051683339469,92.77588
93.01009058140824,92.77091
87.17924183780904,92.76652
79.33775559641704,92.76757
73.60743872770749,92.764885
114.22231618312249,92.75912
103.16380994526197,92.75806
110.20104118753686,92.75616
118.24359117870814,92.75396
102.15849119636557,92.75741
101.15317244746916,92.76383
100.14785369857275,92.77318
99.14253494967635,92.7702
105.17444744305479,92.764145
104.16912869415839,92.76293
104.16912869415839,92.76653
87.5813693373676,92.76428
110.20104118753686,92.763245
85.36966808979551,92.7635
90.4967937091672,92.76306
97.63455682633172,92.76503
95.12125995409069,92.77027
98.13721620077992,92.77231
96.32764245276638,92.7663
93.51274995585644,92.76593
98.03668432589028,92.76528
103.16380994526197,92.7661
100.14785369857275,92.76119
95.12125995409069,92.76082
82.55477559288555,92.76014
93.31168620607716,92.76256
99.14253494967635,92.76505
95.32232370386998,92.76443
122.2648661742938,92.75878
123.2701849231902,92.75398
120.25422867650096,92.75269
110.20104118753686,92.74959
115.22763493201892,92.75047
107.18508494084763,92.75135
111.20635993643326,92.75221
108.19040368974404,92.75267
106.17976619195122,92.75324
96.42817432765602,92.75331
100.14785369857275,92.75203
103.16380994526197,92.75112
106.17976619195122,92.75287
109.19572243864044,92.75418
112.21167868532967,92.75467
100.14785369857275,92.756454
104.16912869415839,92.75735
88.0840287118158,92.756325
83.86168996645088,92.75474
91.09998495850505,92.754196
92.10530370740146,92.753975
102.15849119636557,92.754776
104.16912869415839,92.75595
105.17444744305479,92.757126
90.99945308361542,92.75758
101.15317244746916,92.75811
93.11062245629788,92.75816
93.61328183074608,92.75798
130.30741616546507,92.75758
129.30209741656864,92.754456
129.30209741656864,92.68889
132.3180536632579,92.59115
139.35528490553278,92.55641
133.3233724121543,92.75664
141.36592240332558,92.76163
154.43506613897895,92.763245
187.6105848525605,92.75673
220.78610356614203,92.74791
160.4669786323574,92.7399
148.40315364560047,92.732
148.40315364560047,92.72885
138.34996615663638,92.74316
165.49357237683947,92.75728
145.38719739891124,92.7619
151.4191098922897,92.75811
137.34464740773996,92.74535
140.36060365442918,92.74098
129.30209741656864,92.74135
141.36592240332558,92.74771
139.35528490553278,92.747086
137.34464740773996,92.74835
130.30741616546507,92.754776
133.3233724121543,92.75702
129.30209741656864,92.75763
134.32869116105073,92.753555
145.38719739891124,92.74398
70.8930781056872,92.73092
70.8930781056872,92.85583
72.19999247925253,93.05481
79.9409468457549,93.247955
79.9409468457549,93.246956
81.34839309420987,93.24551
77.32711809862423,93.246254
77.32711809862423,93.248
76.12073559994852,93.24997
76.12073559994852,93.25123
76.12073559994852,93.25093
76.12073559994852,93.24955
76.12073559994852,93.248085
78.63403247218955,93.24771
81.34839309420987,93.24844
81.34839309420987,93.24919
82.75583934266483,93.25052
79.9409468457549,93.251495
79.9409468457549,93.25183
79.9409468457549,93.25133
77.32711809862423,93.25118
77.32711809862423,93.250465
77.32711809862423,93.25095
77.32711809862423,93.25244
77.32711809862423,93.252716
74.81382122638318,93.253296
74.81382122638318,93.25437
74.81382122638318,93.25576
77.32711809862423,93.25669
83.1579668422234,93.25664
82.05211621843735,93.2554
79.73988309597561,93.252945
78.63403247218955,93.24979
77.62871372329313,93.24969
77.62871372329313,93.24708
77.62871372329313,93.24849
76.52286309950709,93.24943
74.41169372682464,93.25115
73.40637497792821,93.24627
72.40105622903181,93.2376
72.40105622903181,93.23685
71.29520560524574,93.23812
72.40105622903181,93.24504
72.40105622903181,93.25087
70.28988685634934,93.25278
70.28988685634934,93.25164
68.17871748366689,93.24914
68.17871748366689,93.25114
68.17871748366689,93.25328
70.28988685634934,93.257675
68.17871748366689,93.259445
67.17339873477047,93.25747
66.2686118607637,93.25669
67.17339873477047,93.260056
67.17339873477047,93.26145
65.26329311186728,93.25982
64.25797436297087,93.25927
124.27550367208661,93.25928
124.27550367208661,93.25847
122.2648661742938,93.2511
116.23295368091533,93.24103
116.23295368091533,93.23825
117.23827242981173,93.23565
114.22231618312249,93.23224
111.20635993643326,93.230934
110.20104118753686,93.22837
110.20104118753686,93.230675
108.19040368974404,93.231964
108.19040368974404,93.23394
108.19040368974404,93.23372
107.18508494084763,93.23677
105.17444744305479,93.23775
103.16380994526197,93.23869
103.16380994526197,93.24077
108.19040368974404,93.24557
103.16380994526197,93.24952
101.15317244746916,93.25227
100.14785369857275,93.25104
100.14785369857275,93.243774
98.13721620077992,93.24429
97.23242932677316,93.24406
96.02604682809746,93.2439
94.81966432942177,93.24428
94.81966432942177,93.24518
94.81966432942177,93.24671
85.36966808979551,93.24773
84.26381746600946,93.24509
83.1579668422234,93.233536
80.84573371976165,93.22214
79.73988309597561,93.22011
78.63403247218955,93.21771
78.63403247218955,93.21529
78.63403247218955,93.21233
76.52286309950709,93.21159
76.52286309950709,93.214615
74.41169372682464,93.221275
73.40637497792821,93.226006
73.40637497792821,93.231155
73.40637497792821,93.23406
73.40637497792821,93.23497
72.40105622903181,93.2343
70.28988685634934,93.23423
68.17871748366689,93.2351
68.17871748366689,93.23635
68.17871748366689,93.237175
66.2686118607637,93.23753
66.2686118607637,93.23783
67.17339873477047,93.23829
68.17871748366689,93.238884
68.17871748366689,93.23866
70.28988685634934,93.23932
68.17871748366689,93.24269
68.17871748366689,93.24621
72.70265185370073,93.24941
73.90903435237642,93.24907
72.70265185370073,93.24368
71.49626935502503,93.23196
70.1893549814597,93.22754
67.77658998410831,93.227356
66.57020748543262,93.23406
66.57020748543262,93.235245
66.57020748543262,93.235374
67.77658998410831,93.23633
67.77658998410831,93.237335
66.57020748543262,93.2383
66.57020748543262,93.237564
64.05691061319159,93.234955
62.85052811451591,93.23151
62.85052811451591,93.23151
61.64414561584021,93.234436
61.64414561584021,93.23984
60.538294992054155,93.244194
61.64414561584021,93.24269
66.57020748543262,93.24606
66.57020748543262,93.24714
61.64414561584021,93.2448
60.538294992054155,93.24109
59.4324443682681,93.23899
58.32659374448205,93.23966
57.220743120696,93.24269
57.220743120696,93.24621
57.220743120696,93.24941
90.29572995938791,93.25123
90.29572995938791,93.2483
90.99945308361542,93.23669
88.7877518360433,93.23071
90.29572995938791,93.23743
90.29572995938791,93.246735
90.29572995938791,93.243774
88.7877518360433,93.244225
88.7877518360433,93.2439
85.97285933913335,93.24428
86.57605058847119,93.24518
85.26913621490587,93.2472
84.56541309067838,93.24714
84.56541309067838,93.2471
83.25849871711304,93.24506
81.95158434354771,93.24807
84.56541309067838,93.24331
84.56541309067838,93.241875
83.96222184134054,93.24521
83.25849871711304,93.24783
83.96222184134054,93.24714
84.56541309067838,93.2448
83.25849871711304,93.24277
81.95158434354771,93.24435
88.7877518360433,93.24797
88.0840287118158,93.24956
84.56541309067838,93.254265
84.56541309067838,93.26091
450.2296941442396,93.26495
450.2296941442396,93.25844
450.2296941442396,93.24144
450.2296941442396,93.22284
450.2296941442396,93.22268
450.2296941442396,93.2223
450.2296941442396,93.22119
450.2296941442396,93.221275
450.2296941442396,93.22299
450.2296941442396,93.22404
450.2296941442396,93.22583
124.27550367208661,93.22859
115.22763493201892,93.231155
110.20104118753686,93.2342
111.20635993643326,93.235855
116.23295368091533,93.23666
111.20635993643326,93.23795
107.18508494084763,93.23966
105.17444744305479,93.24269
105.17444744305479,93.24836
103.16380994526197,93.25431
103.16380994526197,93.25566
102.15849119636557,93.24956
99.14253494967635,93.24674
96.02604682809746,93.24814
92.7084949567393,93.24616
91.80370808273254,93.24348
91.20051683339469,93.23813
118.24359117870814,93.23777
121.25954742539737,93.236145
124.27550367208661,93.231926
122.2648661742938,93.22853
122.2648661742938,93.226006
122.2648661742938,93.231155
121.25954742539737,93.23406
120.25422867650096,93.23497
120.25422867650096,93.232475
120.25422867650096,93.22853
121.25954742539737,93.22499
118.24359117870814,93.223656
118.24359117870814,93.21861
118.24359117870814,93.21584
118.24359117870814,93.22032
118.24359117870814,93.22889
118.24359117870814,93.23635
120.25422867650096,93.23703
120.25422867650096,93.23735
117.23827242981173,93.23768
115.22763493201892,93.2383
112.21167868532967,93.23896
111.20635993643326,93.239235
111.20635993643326,93.23866
109.19572243864044,93.23932
108.19040368974404,93.24269
108.19040368974404,93.24621
108.19040368974404,93.24941
94.71913245453213,93.25123
94.71913245453213,93.250534
96.22711057787674,93.24546
94.71913245453213,93.243225
93.2111543311875,93.2432
96.22711057787674,93.24379
97.73508870122134,93.24388
99.14253494967635,93.243195
97.73508870122134,93.24277
96.22711057787674,93.24295
96.22711057787674,93.242935
94.71913245453213,93.240555
94.71913245453213,93.24383
91.70317620784289,93.24714
93.2111543311875,93.246185
91.70317620784289,93.24662
91.70317620784289,93.2486
90.29572995938791,93.2483
90.29572995938791,93.24689
87.2797737126987,93.24582
87.2797737126987,93.24059
88.7877518360433,93.23765
91.70317620784289,93.237595
91.70317620784289,93.233696
94.71913245453213,93.23032
93.2111543311875,93.23143
88.7877518360433,93.23695
87.2797737126987,93.24275
88.7877518360433,93.2479
69.98829123168042,93.25144
69.98829123168042,93.258995
67.9776537338876,93.26289
66.97233498499118,93.262794
65.86648436120514,93.253944
65.86648436120514,93.249245
64.86116561230872,93.254616
60.73935874183343,93.264824
59.73403999293702,93.26211
58.829253118930254,93.25393
58.829253118930254,93.24919
57.92446624492349,93.25814
56.01436062202031,93.26242
55.109573748013545,93.254166
55.109573748013545,93.24798
54.204786874006764,93.24787
53.3,93.25226
53.3,93.25178
54.204786874006764,93.244194
60.73935874183343,93.24018
60.73935874183343,93.240005
57.92446624492349,93.24506
57.01967937091672,93.25098
56.01436062202031,93.24985
55.109573748013545,93.24252
56.01436062202031,93.25017
55.109573748013545,93.26083
56.01436062202031,93.258896
89.79307058493971,93.25774
88.18456058670544,93.26272
86.57605058847119,93.25793
83.25849871711304,93.25419
89.79307058493971,93.25098
86.57605058847119,93.244675
84.8670087153473,93.24932
83.25849871711304,93.25276
81.64998871887877,93.251396
81.64998871887877,93.24945
80.04147872064452,93.253044
80.04147872064452,93.258766
76.824458724176,93.25789
75.41701247572104,93.25716
73.90903435237642,93.261024
72.50158810392145,93.26598
70.99360998057682,93.26733
70.99360998057682,93.25454
72.50158810392145,93.242775
72.50158810392145,93.24258
70.99360998057682,93.245056
70.99360998057682,93.23875
70.99360998057682,93.23265
72.50158810392145,93.23869
72.50158810392145,93.24219
70.99360998057682,93.24715
75.41701247572104,93.24556
76.824458724176,93.2415
89.79307058493971,93.24769
88.18456058670544,93.253296
86.57605058847119,93.24866
83.25849871711304,93.24133
89.79307058493971,93.2373
86.57605058847119,93.23064
84.8670087153473,93.226006
83.25849871711304,93.22661
81.64998871887877,93.23515
81.64998871887877,93.23877
80.04147872064452,93.247
80.04147872064452,93.252846
76.824458724176,93.25862
75.41701247572104,93.259026
73.90903435237642,93.25948
72.50158810392145,93.25419
70.99360998057682,93.2465
70.99360998057682,93.24298
72.50158810392145,93.24334
72.50158810392145,93.253654
70.99360998057682,93.26516
70.99360998057682,93.26713
70.99360998057682,93.2594
72.50158810392145,93.25513
72.50158810392145,93.25703
70.99360998057682,93.26014
75.41701247572104,93.256874
88.18456058670544,93.25546
116.23295368091533,93.255
118.24359117870814,93.25786
114.22231618312249,93.25795
112.21167868532967,93.25719
108.19040368974404,93.25076
112.21167868532967,93.2429
110.20104118753686,93.23906
124.27550367208661,93.24614
126.28614116987943,93.24936
118.24359117870814,93.25372
104.16912869415839,93.251205
108.19040368974404,93.239136
104.16912869415839,93.236
100.14785369857275,93.23903
104.16912869415839,93.24471
102.15849119636557,93.2503
100.14785369857275,93.24842
100.14785369857275,93.248795
96.12657870298709,93.25082
94.11594120519428,93.24724
92.10530370740146,93.24206
92.10530370740146,93.24055
92.10530370740146,93.25069
90.09466620960863,93.25276
90.09466620960863,93.24335
88.0840287118158,93.23195
88.0840287118158,93.227585
88.0840287118158,93.232895
92.10530370740146,93.24837
82.05211621843735,93.248245
80.04147872064452,93.24772
78.0308412228517,93.24838
76.52286309950709,93.23996
76.52286309950709,93.23523
76.52286309950709,93.236824
75.01488497616246,93.24042
73.50690685281786,93.246765
71.99892872947323,93.25653
84.06275371623018,93.2714
92.10530370740146,93.27244
80.04147872064452,93.26827
76.52286309950709,93.25673
80.04147872064452,93.253975
86.07339121402299,93.25516
86.07339121402299,93.25892
82.05211621843735,93.26122
82.05211621843735,93.26264
75.01488497616246,93.258514
73.50690685281786,93.25679
71.99892872947323,93.25248
70.49095060612862,93.241066
67.47499435943938,93.23843
65.96701623609478,93.236275
64.45903811275016,93.23547
65.96701623609478,93.22766
68.982972482784,93.236
68.982972482784,93.24742
89.79307058493971,93.25382
86.57605058847119,93.25285
84.8670087153473,93.25097
83.25849871711304,93.246605
81.64998871887877,93.24515
81.64998871887877,93.23822
78.43296872241028,93.24185
76.824458724176,93.24803
84.8670087153473,93.248795
111.20635993643326,93.24568
109.19572243864044,93.25653
100.14785369857275,93.25723
93.01009058140824,93.24936
83.25849871711304,93.24241
80.04147872064452,93.23985
80.04147872064452,93.240486
78.43296872241028,93.23655
76.824458724176,93.232956
75.41701247572104,93.23426
73.90903435237642,93.23661
72.50158810392145,93.2388
72.50158810392145,93.2413
83.25849871711304,93.24659
76.824458724176,93.25364
76.824458724176,93.25592
73.90903435237642,93.24152
70.99360998057682,93.23803
69.58616373212185,93.24322
80.04147872064452,93.24804
80.04147872064452,93.25332
80.04147872064452,93.255455
78.0308412228517,93.254456
76.52286309950709,93.254425
78.0308412228517,93.257355
78.0308412228517,93.25861
76.52286309950709,93.25551
75.01488497616246,93.255486
78.0308412228517,93.258194
78.0308412228517,93.26107
78.0308412228517,93.25838
78.0308412228517,93.26333
76.52286309950709,93.263695
76.52286309950709,93.2632
82.05211621843735,93.25996
90.09466620960863,93.255486
82.05211621843735,93.2527
80.04147872064452,93.249886
76.52286309950709,93.24961
75.01488497616246,93.24933
71.99892872947323,93.24487
76.52286309950709,93.24509
94.11594120519428,93.25466
94.11594120519428,93.259476
80.04147872064452,93.26208
73.50690685281786,93.257095
75.01488497616246,93.25356
91.50211245806362,93.25278
89.18987933560186,93.25566
89.18987933560186,93.25456
86.97817808802976,93.2571
84.76647684045766,93.25684
83.25849871711304,93.25943
81.14732934443057,93.25729
79.63935122108596,93.25785
79.63935122108596,93.25751
107.18508494084763,93.25893
147.39783489670407,93.256485
192.63717859704255,93.25192
146.39251614780764,93.24049
125.28082242098303,93.236694
114.22231618312249,93.23836
111.20635993643326,93.245735
106.17976619195122,93.25305
101.15317244746916,93.25858
96.93083370210422,93.25881
97.73508870122134,93.251884
96.22711057787674,93.25537
93.11062245629788,93.256714
89.99413433471899,93.255325
89.18987933560186,93.25117
86.97817808802976,93.2483
106.17976619195122,93.25287
106.17976619195122,93.26459
147.39783489670407,93.273544
119.24890992760456,93.26738
87.68190121225724,93.25727
86.27445496380227,93.25409
85.47019996468515,93.252914
84.76647684045766,93.247955
86.97817808802976,93.246956
84.76647684045766,93.24551
83.25849871711304,93.246254
81.85105246865807,93.248
81.14732934443057,93.24997
79.63935122108596,93.25123
78.93562809685848,93.25093
77.42764997351387,93.24955
76.02020372505889,93.248085
74.6127574766039,93.24771
74.6127574766039,93.24844
74.6127574766039,93.24919
71.79786497969395,93.25052
70.49095060612862,93.251495
67.87712185899795,93.25183
66.57020748543262,93.25133
66.57020748543262,93.25118
67.17339873477047,93.250465
67.17339873477047,93.25095
70.49095060612862,93.25244
69.18403623256329,93.252716
69.78722748190114,93.253296
71.09414185546646,93.25437
70.49095060612862,93.25576
107.18508494084763,93.25669
106.17976619195122,93.255295
109.19572243864044,93.252945
110.20104118753686,93.252335
108.19040368974404,93.25498
105.17444744305479,93.253204
104.16912869415839,93.24545
104.16912869415839,93.243164
103.16380994526197,93.24348
101.15317244746916,93.247375
100.14785369857275,93.24783
100.14785369857275,93.25107
100.14785369857275,93.250404
100.14785369857275,93.24926
99.14253494967635,93.250336
96.93083370210422,93.25183
95.52338745364926,93.25464
94.11594120519428,93.252686
94.81966432942177,93.256874
100.14785369857275,93.2621
96.22711057787674,93.26284
94.11594120519428,93.26293
92.7084949567393,93.26682
90.69785745894649,93.27085
99.14253494967635,93.27317
104.16912869415839,93.27399
95.52338745364926,93.27501
99.14253494967635,93.277054
101.15317244746916,93.279526
100.14785369857275,93.273445
100.14785369857275,93.26413
99.14253494967635,93.25509
107.18508494084763,93.266235
96.93083370210422,93.26736
95.42285557875961,93.26422
94.61860057964249,93.25371
93.914877455415,93.254005
93.914877455415,93.2568
92.30636745718074,93.26032
92.30636745718074,93.26364
90.79838933383613,93.26934
89.99413433471899,93.26289
89.18987933560186,93.261406
87.68190121225724,93.267006
88.48615621137438,93.26969
87.68190121225724,93.2692
86.27445496380227,93.26913
84.76647684045766,93.268295
85.47019996468515,93.26774
84.76647684045766,93.26416
83.25849871711304,93.26171
86.27445496380227,93.2616
85.47019996468515,93.26504
84.76647684045766,93.26664
84.06275371623018,93.27039
83.25849871711304,93.274796
90.79838933383613,93.27225
93.61328183074608,93.26347
92.90955870651858,93.25246
90.79838933383613,93.24488
89.39094308538115,93.245636
92.90955870651858,93.24168
95.12125995409069,93.2484
97.23242932677316,93.2524
94.31700495497356,93.25185
91.50211245806362,93.245636
89.39094308538115,93.24011
90.79838933383613,93.24024
97.23242932677316,93.24291
94.31700495497356,93.25312
90.09466620960863,93.259674
87.98349683692618,93.25101
86.67658246336083,93.24289
85.36966808979551,93.251236
83.35903059200268,93.26281
82.65530746777519,93.25926
81.34839309420987,93.24998
80.04147872064452,93.23569
80.04147872064452,93.22913
77.32711809862423,93.23429
76.02020372505889,93.23793
76.02020372505889,93.23659
74.71328935149354,93.23737
74.71328935149354,93.23731
76.02020372505889,93.239555
97.43349307655244,93.24521
95.52338745364926,93.25547
93.61328183074608,93.262375
89.39094308538115,93.26764
87.98349683692618,93.25821
87.5813693373676,93.25307
85.77179558935407,93.252686
85.77179558935407,93.25773
85.36966808979551,93.261505
86.17392308891263,93.255005
87.5813693373676,93.25167
90.79838933383613,93.25125
88.48615621137438,93.25282
86.67658246336083,93.25216
85.36966808979551,93.25253
85.36966808979551,93.255196
84.46488121578874,93.25856
83.1579668422234,93.25818
81.34839309420987,93.25927
81.34839309420987,93.25793
80.04147872064452,93.2542
84.8670087153473,93.253845
83.96222184134054,93.25767
82.65530746777519,93.26004
83.56009434178196,93.25938
86.67658246336083,93.25944
86.67658246336083,93.265564
85.36966808979551,93.269165
88.0840287118158,93.26316
84.8670087153473,93.25099
93.61328183074608,93.249794
79.07637272170398,93.24902
84.46488121578874,93.2474
84.26381746600946,93.247086
108.19040368974404,93.2497
109.19572243864044,93.25416
101.15317244746916,93.2631
99.14253494967635,93.27384
97.43349307655244,93.27098
102.15849119636557,93.265274
450.2296941442396,93.25826
450.2296941442396,93.24827
450.2296941442396,93.248436
450.2296941442396,93.24948
450.2296941442396,93.25076
450.2296941442396,93.2567
450.2296941442396,93.26254
450.2296941442396,93.26206
450.2296941442396,93.26043
450.2296941442396,93.26026
450.2296941442396,93.26055
450.2296941442396,93.2603
450.2296941442396,93.257484
450.2296941442396,93.259605
450.2296941442396,93.25561
450.2296941442396,93.250725
450.2296941442396,93.24549
450.2296941442396,93.24734
450.2296941442396,93.25541
450.2296941442396,93.26098
450.2296941442396,93.25239
450.2296941442396,93.24432
450.2296941442396,93.24419
450.2296941442396,93.24927
450.2296941442396,93.252754
450.2296941442396,93.25522
450.2296941442396,93.248314
450.2296941442396,93.24354
95.62391932853889,93.2413
96.32764245276638,93.239136
96.72976995232494,93.238304
90.4967937091672,93.23971
89.29041121049151,93.2441
84.36434934089908,93.24824
99.14253494967635,93.24896
118.24359117870814,93.25214
129.30209741656864,93.25247
111.20635993643326,93.24827
102.15849119636557,93.24927
101.15317244746916,93.25348
90.39626183427755,93.2559
80.9462655946513,93.25829
100.14785369857275,93.25962
106.17976619195122,93.26059
120.25422867650096,93.26342
118.24359117870814,93.265274
120.25422867650096,93.26135
126.28614116987943,93.25603
118.24359117870814,93.24965
117.23827242981173,93.24642
112.21167868532967,93.24926
113.21699743422607,93.2493
107.18508494084763,93.24852
111.20635993643326,93.25258
111.20635993643326,93.25052
104.16912869415839,93.25065
107.18508494084763,93.25067
104.16912869415839,93.25264
99.14253494967635,93.2528
113.21699743422607,93.251
110.20104118753686,93.24999
95.32232370386998,93.2541
103.16380994526197,93.26007
102.15849119636557,93.26067
106.17976619195122,93.26207
83.1579668422234,93.264114
105.17444744305479,93.26092
111.20635993643326,93.25997
109.19572243864044,93.26139
99.14253494967635,93.26697
111.20635993643326,93.27254
119.24890992760456,93.27148
104.16912869415839,93.27311
120.25422867650096,93.26948
119.24890992760456,93.26723
109.19572243864044,93.26201
106.17976619195122,93.25794
103.16380994526197,93.25217
97.63455682633172,93.246605
124.27550367208661,93.24692
121.25954742539737,93.24783
114.22231618312249,93.2498
117.23827242981173,93.25912
100.14785369857275,93.26156
107.18508494084763,93.25523
92.40689933207038,93.25046
90.09466620960863,93.25462
96.93083370210422,93.254684
105.17444744305479,93.25335
113.21699743422607,93.26003
122.2648661742938,93.268135
99.14253494967635,93.26834
112.21167868532967,93.25866
109.19572243864044,93.25134
102.15849119636557,93.25384
98.03668432589028,93.25527
102.15849119636557,93.25741
106.17976619195122,93.25381
103.16380994526197,93.258026
102.15849119636557,93.25915
101.15317244746916,93.26219
106.17976619195122,93.26412
103.16380994526197,93.26288
108.19040368974404,93.26467
106.17976619195122,93.26525
96.8303018272146,93.26435
98.13721620077992,93.26148
98.13721620077992,93.25954
98.13721620077992,93.26504
93.51274995585644,93.26986
112.21167868532967,93.26619
119.24890992760456,93.263435
107.18508494084763,93.260994
105.17444744305479,93.260025
94.31700495497356,93.25782
95.72445120342853,93.25983
114.22231618312249,93.260826
107.18508494084763,93.26156
109.19572243864044,93.262436
106.17976619195122,93.262146
109.19572243864044,93.26025
105.17444744305479,93.263664
105.17444744305479,93.26482
106.17976619195122,93.26757
100.14785369857275,93.2704
109.19572243864044,93.27243
107.18508494084763,93.27756
106.17976619195122,93.27733
90.19519808449827,93.27497
87.7824330871469,93.26899
103.16380994526197,93.26661
94.81966432942177,93.26132
97.835620576111,93.259056
101.15317244746916,93.26414
118.24359117870814,93.26666
88.18456058670544,93.26809
94.92019620431141,93.26557
104.16912869415839,93.26078
93.914877455415,93.25576
88.18456058670544,93.25258
82.85637121755447,93.24853
87.5813693373676,93.24946
243.90843479075954,93.25306
203.69568483490303,93.24964
158.45634113456458,93.24224
126.28614116987943,93.23577
94.4175368298632,93.23258
103.16380994526197,93.23151
112.21167868532967,93.22958
102.15849119636557,93.22651
102.15849119636557,93.235954
107.18508494084763,93.248505
96.02604682809746,93.257774
91.60264433295325,93.25598
101.15317244746916,93.25372
96.32764245276638,93.25203
96.62923807743532,93.2512
127.29145991877584,93.25038
125.28082242098303,93.24562
116.23295368091533,93.24093
106.17976619195122,93.234695
98.03668432589028,93.23367
122.2648661742938,93.23592
105.17444744305479,93.23934
103.16380994526197,93.23724
101.15317244746916,93.24695
101.15317244746916,93.26806
104.16912869415839,93.279945
95.22179182898033,93.271965
92.90955870651858,93.25418
96.93083370210422,93.24617
95.22179182898033,93.24358
98.13721620077992,93.24082
100.14785369857275,93.24202
110.20104118753686,93.24633
119.24890992760456,93.24504
106.17976619195122,93.25087
105.17444744305479,93.25084
104.16912869415839,93.24509
97.33296120166281,93.240715
100.14785369857275,93.24854
100.14785369857275,93.25598
99.14253494967635,93.256615
103.16380994526197,93.256096
100.14785369857275,93.249756
98.13721620077992,93.24743
89.18987933560186,93.24981
82.95690309244412,93.255646
73.40637497792821,93.257095
80.34307434531344,93.2532
84.96754059023694,93.25653
85.36966808979551,93.25437
77.82977747307243,93.25168
67.37446248454975,93.24949
77.93030934796207,93.25012
79.53881934619632,93.25129
79.33775559641704,93.25088
86.97817808802976,93.25524
74.6127574766039,93.25714
79.33775559641704,93.25377
80.04147872064452,93.25284
70.08882310657006,93.25294
79.4382874713067,93.25663
79.33775559641704,93.25377
76.72392684928637,93.25232
79.33775559641704,93.25699
73.90903435237642,93.2623
75.01488497616246,93.26106
70.1893549814597,93.25527
72.40105622903181,93.25698
71.99892872947323,93.25549
71.99892872947323,93.25453
73.10477935325929,93.25735
58.32659374448205,93.26065
83.86168996645088,93.26118
84.46488121578874,93.25169
101.15317244746916,93.249115
97.03136557699388,93.247444
88.7877518360433,93.24539
96.22711057787674,93.235954
94.92019620431141,93.23519
84.66594496556802,93.23912
94.01540933030464,93.24719
95.22179182898033,93.25288
130.30741616546507,93.25363
129.30209741656864,93.251656
113.21699743422607,93.24593
107.18508494084763,93.24385
101.15317244746916,93.24995
101.15317244746916,93.24955
94.61860057964249,93.24553
100.14785369857275,93.24593
95.32232370386998,93.25019
95.02072807920106,93.25278
99.14253494967635,93.2532
95.42285557875961,93.2515
89.79307058493971,93.25105
93.01009058140824,93.254585
87.7824330871469,93.25796
86.97817808802976,93.25644
86.27445496380227,93.25219
75.1154168510521,93.249626
109.19572243864044,93.254036
102.15849119636557,93.25256
117.23827242981173,93.24676
110.20104118753686,93.24212
103.16380994526197,93.24962
95.42285557875961,93.25051
108.19040368974404,93.24958
95.92551495320781,93.24971
105.17444744305479,93.24916
104.16912869415839,93.250465
105.17444744305479,93.25146
106.17976619195122,93.25182
85.87232746424371,93.25175
105.17444744305479,93.25251
107.18508494084763,93.25386
85.87232746424371,93.2574
127.29145991877584,93.26456
122.2648661742938,93.267555
116.23295368091533,93.26008
107.18508494084763,93.24327
103.16380994526197,93.23779
97.93615245100064,93.2399
107.18508494084763,93.24222
108.19040368974404,93.245255
103.16380994526197,93.25011
107.18508494084763,93.2539
98.13721620077992,93.256516
104.16912869415839,93.25925
81.95158434354771,93.25478
83.35903059200268,93.24382
87.7824330871469,93.237755
89.18987933560186,93.236755
90.79838933383613,93.24118
81.14732934443057,93.24555
84.8670087153473,93.25427
108.19040368974404,93.26089
97.53402495144209,93.263084
120.25422867650096,93.25141
99.14253494967635,93.253235
94.81966432942177,93.246025
85.36966808979551,93.238884
88.68721996115366,93.23511
90.89892120872577,93.238174
94.31700495497356,93.24348
96.8303018272146,93.24801
96.8303018272146,93.25019
95.82498307831818,93.244675
90.69785745894649,93.24185
84.36434934089908,93.24718
82.45424371799592,93.25123
92.20583558229109,93.25557
86.27445496380227,93.26069
88.2850924615951,93.25662
86.27445496380227,93.25166
85.36966808979551,93.25175
85.87232746424371,93.25544
83.05743496733376,93.26119
84.8670087153473,93.26472
87.38030558758832,93.26004
83.86168996645088,93.25411
81.95158434354771,93.2551
83.86168996645088,93.25325
109.19572243864044,93.250694
133.3233724121543,93.25203
119.24890992760456,93.25519
94.21647308008392,93.26187
91.70317620784289,93.2655
99.14253494967635,93.26274
89.79307058493971,93.25119
94.01540933030464,93.250824
91.80370808273254,93.25409
96.12657870298709,93.260216
84.36434934089908,93.26109
90.29572995938791,93.257
101.15317244746916,93.25483
143.3765599011184,93.25545
103.16380994526197,93.249405
103.16380994526197,93.24094
100.14785369857275,93.23868
105.17444744305479,93.24813
95.22179182898033,93.25253
89.69253871005006,93.25705
93.914877455415,93.26003
99.14253494967635,93.26035
103.16380994526197,93.25871
108.19040368974404,93.25593
108.19040368974404,93.25536
134.32869116105073,93.25464
131.3127349143615,93.254684
130.30741616546507,93.25705
128.29677866767224,93.257866
128.29677866767224,93.25656
127.29145991877584,93.25471
127.29145991877584,93.254295
130.30741616546507,93.25254
111.20635993643326,93.25065
115.22763493201892,93.250656
99.14253494967635,93.25531
94.21647308008392,93.25741
109.19572243864044,93.251625
125.28082242098303,93.24789
132.3180536632579,93.260216
136.33932865884353,93.26626
123.2701849231902,93.25351
122.2648661742938,93.248665
109.19572243864044,93.24832
123.2701849231902,93.25116
112.21167868532967,93.25168
112.21167868532967,93.25394
102.15849119636557,93.25467
105.17444744305479,93.2536
100.14785369857275,93.25034
102.15849119636557,93.25574
104.16912869415839,93.259415
115.22763493201892,93.25691
114.22231618312249,93.254715
118.24359117870814,93.25275
117.23827242981173,93.25271
119.24890992760456,93.24824
116.23295368091533,93.24628
115.22763493201892,93.25048
97.43349307655244,93.25778
110.20104118753686,93.25454
108.19040368974404,93.24846
99.14253494967635,93.24633
99.14253494967635,93.248604
99.14253494967635,93.25171
102.15849119636557,93.25043
104.16912869415839,93.24993
112.21167868532967,93.2535
102.15849119636557,93.25541
110.20104118753686,93.26152
125.28082242098303,93.26274
113.21699743422607,93.26058
108.19040368974404,93.255714
98.13721620077992,93.25335
106.17976619195122,93.25435
123.2701849231902,93.26064
121.25954742539737,93.26917
120.25422867650096,93.27285
120.25422867650096,93.26952
100.14785369857275,93.26746
102.15849119636557,93.265724
104.16912869415839,93.26077
112.21167868532967,93.24646
108.19040368974404,93.2426
106.17976619195122,93.24322
106.17976619195122,93.249245
106.17976619195122,93.255745
100.14785369857275,93.26116
106.17976619195122,93.26561
115.22763493201892,93.26412
96.93083370210422,93.255875
92.7084949567393,93.25076
84.26381746600946,93.2545
83.45956246689234,93.25746
81.34839309420987,93.25439
81.04679746954093,93.25869
105.17444744305479,93.257866
87.68190121225724,93.26669
88.7877518360433,93.26568
87.98349683692618,93.2655
76.3217993497278,93.26906
71.29520560524574,93.27714
76.22126747483817,93.27315
91.20051683339469,93.260864
93.01009058140824,93.26151
87.17924183780904,93.263176
79.33775559641704,93.26514
73.60743872770749,93.26134
114.22231618312249,93.25789
103.16380994526197,93.259315
110.20104118753686,93.25632
118.24359117870814,93.252716
102.15849119636557,93.25556
101.15317244746916,93.25881
100.14785369857275,93.26464
99.14253494967635,93.267685
105.17444744305479,93.26769
104.16912869415839,93.26649
104.16912869415839,93.25651
87.5813693373676,93.25366
110.20104118753686,93.247986
85.36966808979551,93.24628
90.4967937091672,93.247604
97.63455682633172,93.25142
95.12125995409069,93.25665
98.13721620077992,93.2608
96.32764245276638,93.25991
93.51274995585644,93.26151
98.03668432589028,93.26417
103.16380994526197,93.269196
100.14785369857275,93.267876
95.12125995409069,93.26577
82.55477559288555,93.263405
93.31168620607716,93.26139
99.14253494967635,93.25271
95.32232370386998,93.25567
122.2648661742938,93.25869
123.2701849231902,93.25643
120.25422867650096,93.25059
110.20104118753686,93.247955
115.22763493201892,93.24695
107.18508494084763,93.24551
111.20635993643326,93.246254
108.19040368974404,93.248
106.17976619195122,93.24998
96.42817432765602,93.25124
100.14785369857275,93.25094
103.16380994526197,93.24956
106.17976619195122,93.2481
109.19572243864044,93.24772
112.21167868532967,93.248436
100.14785369857275,93.24918
104.16912869415839,93.25051
88.0840287118158,93.2515
83.86168996645088,93.25184
91.09998495850505,93.25133
92.10530370740146,93.25118
102.15849119636557,93.25046
104.16912869415839,93.25094
105.17444744305479,93.252426
90.99945308361542,93.252716
101.15317244746916,93.253296
93.11062245629788,93.25438
93.61328183074608,93.25577
130.30741616546507,93.2567
129.30209741656864,93.254036
129.30209741656864,93.249214
132.3180536632579,93.2459
139.35528490553278,93.248436
133.3233724121543,93.247154
141.36592240332558,93.24555
154.43506613897895,93.24831
187.6105848525605,93.248604
220.78610356614203,93.24893
160.4669786323574,93.24871
148.40315364560047,93.242165
148.40315364560047,93.23561
138.34996615663638,93.23576
165.49357237683947,93.240845
145.38719739891124,93.24859
151.4191098922897,93.25409
137.34464740773996,93.25335
140.36060365442918,93.24756
129.30209741656864,93.24302
141.36592240332558,93.24106
139.35528490553278,93.24655
137.34464740773996,93.25198
130.30741616546507,93.25451
133.3233724121543,93.2578
129.30209741656864,93.25838
134.32869116105073,93.253746
145.38719739891124,93.25106
