actual_runoff,predicted_runoff
141.5997306077487,110.34973
139.6718107696782,110.35091
141.5997306077487,110.33924
147.3834901219603,110.33926
139.6718107696782,110.33784
138.7078508506429,110.33784
133.88805125546656,110.33784
134.85201117450183,110.33784
129.06825166029026,110.33784
132.9240913364313,110.33784
132.9240913364313,110.33784
126.17637190318445,110.33784
129.06825166029026,110.33784
126.17637190318445,110.33784
121.35657230800813,110.33784
134.85201117450183,110.33942
131.96013141739604,110.34498
117.69352461567411,110.34774
125.21241198414918,110.34602
124.24845206511392,110.339355
128.104291741255,110.33924
106.0296095953474,110.33966
127.14033182221971,110.33954
132.9240913364313,110.33784
130.99617149836078,110.33784
121.35657230800813,110.33784
132.9240913364313,110.33784
140.63577068871345,110.33784
126.17637190318445,110.33784
141.5997306077487,110.33784
140.63577068871345,110.33784
130.99617149836078,110.3391
128.104291741255,110.3432
125.21241198414918,110.34444
119.91063242945523,110.3428
145.45557028388978,110.33784
142.56369052678397,110.33784
135.8159710935371,110.33784
138.7078508506429,110.33784
122.3205322270434,110.34152
129.06825166029026,110.34275
114.89804085047184,110.3428
112.68093303669075,110.33784
119.23586048613053,110.33784
127.14033182221971,110.33784
134.85201117450183,110.33784
143.52765044581926,110.33784
121.35657230800813,110.33784
133.88805125546656,110.33784
130.99617149836078,110.33784
124.24845206511392,110.33784
120.29621639706933,110.33784
124.24845206511392,110.33784
128.104291741255,110.344666
125.21241198414918,110.34695
124.24845206511392,110.34702
123.28449214607866,110.33784
128.104291741255,110.33784
125.21241198414918,110.33784
130.03221157932552,110.33784
128.104291741255,110.33784
119.13946449422701,110.33784
120.39261238897285,110.33784
120.39261238897285,110.33784
120.39261238897285,110.33784
115.95839676141064,110.33784
133.88805125546656,110.33784
140.63577068871345,110.33784
129.06825166029026,110.351776
127.14033182221971,110.35643
116.72956469663885,110.356606
118.07910858328822,110.33784
135.8159710935371,110.33784
129.06825166029026,110.33784
130.99617149836078,110.33784
128.104291741255,110.33784
130.99617149836078,110.33784
127.14033182221971,110.33784
127.14033182221971,110.33784
128.104291741255,110.33784
122.3205322270434,110.33784
130.99617149836078,110.33784
129.06825166029026,110.33784
128.104291741255,110.33784
112.77732902859425,110.33784
110.46382522290962,110.33784
125.21241198414918,110.34676
117.21154465615649,110.34973
120.10342441326227,110.349846
123.28449214607866,110.33784
139.6718107696782,110.33784
110.84940919052373,110.3454
117.30794064806001,110.34792
126.17637190318445,110.352425
116.34398072902474,110.34498
110.84940919052373,110.34578
105.7404216196368,110.33996
110.27103323910255,110.34047
260.1668006490864,110.34446
221.60840388767576,110.3496
178.2302075310888,110.49335
147.3834901219603,110.55019
116.82596068854238,110.538536
125.21241198414918,110.35478
133.88805125546656,110.33784
124.24845206511392,110.33784
124.24845206511392,110.33784
129.06825166029026,110.33784
118.36829655899881,110.33784
114.12687291524362,110.33942
123.28449214607866,110.33994
118.6574845347094,110.339966
118.94667251041996,110.34865
148.34745004099557,110.3622
146.41953020292505,110.36567
137.74389093160764,110.35126
128.104291741255,110.33784
120.29621639706933,110.33784
143.52765044581926,110.33784
127.14033182221971,110.33784
125.21241198414918,110.33784
123.28449214607866,110.33784
123.28449214607866,110.33784
126.17637190318445,110.33784
117.5971286237706,110.33784
115.38002080998947,110.33784
119.23586048613053,110.33784
117.5971286237706,110.33784
120.39261238897285,110.33784
122.3205322270434,110.33784
131.96013141739604,110.33784
140.63577068871345,110.33784
128.104291741255,110.33784
127.14033182221971,110.33784
126.17637190318445,110.33784
119.62144445374466,110.33784
122.3205322270434,110.33784
122.3205322270434,110.33784
121.35657230800813,110.33784
125.21241198414918,110.33784
122.3205322270434,110.33784
120.39261238897285,110.33784
111.81336910955898,110.33784
105.83681761154037,110.33784
96.67919838070532,110.33784
103.33052182204865,110.33784
107.76473744961089,110.33784
108.150321417225,110.33784
100.92062202446049,110.33784
90.89543886649373,110.33784
101.01701801636402,110.33784
102.55935388682045,110.33784
102.36656190301338,110.33784
109.69265728768141,110.33784
97.83595028354763,110.33784
102.36656190301338,110.34529
103.04133384633806,110.347786
93.49813064788894,110.34788
102.46295789491693,110.33784
102.36656190301338,110.33784
99.86026611352172,110.33784
102.36656190301338,110.33784
97.16117834022295,110.33784
98.22153425116173,110.33784
93.59452663979246,110.33784
95.71523846167007,110.33784
95.32965449405594,110.33784
95.32965449405594,110.33784
96.39001040499473,110.33784
82.21979959517633,110.33784
106.7043815386721,110.33784
107.28275749009325,110.33784
123.28449214607866,110.33784
119.33225647803407,110.33784
111.4277851419449,110.33784
118.56108854280583,110.33784
117.30794064806001,110.33784
107.4755494739003,110.33784
116.44037672092828,110.33784
117.5971286237706,110.33784
151.23932979810135,110.353546
150.2753698790661,110.388115
134.85201117450183,110.39548
129.06825166029026,110.3747
123.28449214607866,110.33784
123.28449214607866,110.33784
117.01875267234942,110.33784
122.3205322270434,110.33784
117.69352461567411,110.33784
117.40433663996355,110.33784
121.35657230800813,110.33784
117.78992060757763,110.33784
112.39174506098016,110.33784
115.476416801893,110.33784
110.46382522290962,110.34257
109.69265728768141,110.34414
109.01788534435673,110.3442
98.31793024306526,110.33784
130.99617149836078,110.354485
124.24845206511392,110.36372
138.7078508506429,110.36516
131.96013141739604,110.3428
125.21241198414918,110.33784
117.78992060757763,110.33784
130.03221157932552,110.33784
118.27190056709527,110.33784
127.14033182221971,110.33784
126.17637190318445,110.33784
127.14033182221971,110.33784
128.104291741255,110.33784
108.63230137674262,110.33784
127.14033182221971,110.33784
129.06825166029026,110.33784
108.63230137674262,110.33784
148.34745004099557,110.33857
143.52765044581926,110.360985
137.74389093160764,110.372284
129.06825166029026,110.37289
125.21241198414918,110.34308
120.1998204051658,110.33784
129.06825166029026,110.33784
130.03221157932552,110.33784
125.21241198414918,110.33784
129.06825166029026,110.33784
120.39261238897285,110.33784
126.17637190318445,110.33784
104.87285769250508,110.33784
106.22240157915445,110.33784
110.46382522290962,110.33784
111.81336910955898,110.33784
113.35570498001542,110.33784
104.10168975727687,110.33784
107.66834145770733,110.33784
130.03221157932552,110.33784
119.81423643755171,110.33784
141.5997306077487,110.36052
121.35657230800813,110.392204
117.21154465615649,110.40057
108.150321417225,110.37037
111.33138915004135,110.33784
113.45210097191895,110.33784
116.72956469663885,110.33784
119.13946449422701,110.33784
119.13946449422701,110.33784
118.17550457519175,110.33784
113.25930898811188,110.33784
107.18636149818971,110.33784
105.35483765202272,110.33784
114.70524886666479,110.33784
109.01788534435673,110.33784
110.94580518242725,110.33784
109.01788534435673,110.33784
108.150321417225,110.33784
108.63230137674262,110.33784
105.93321360344387,110.33784
107.66834145770733,110.33784
110.07824125529552,110.33784
106.7043815386721,110.33784
104.87285769250508,110.33805
106.7043815386721,110.3418
130.99617149836078,110.34303
154.13120955520716,110.35024
140.63577068871345,110.38801
116.63316870473531,110.39629
114.22326890714716,110.384636
121.35657230800813,110.3394
112.39174506098016,110.33784
116.44037672092828,110.33784
114.31966489905068,110.33784
118.46469255090233,110.33784
107.18636149818971,110.33784
112.87372502049777,110.33784
123.28449214607866,110.33795
163.7708087455598,110.34784
125.21241198414918,110.35795
125.21241198414918,110.360214
122.3205322270434,110.34702
127.14033182221971,110.33784
117.5971286237706,110.33784
112.29534906907662,110.33784
116.34398072902474,110.33784
121.35657230800813,110.351456
125.21241198414918,110.35602
130.03221157932552,110.356186
130.03221157932552,110.33784
155.09516947424243,110.33784
152.20328971713664,110.33784
151.23932979810135,110.33784
149.31140996003083,110.33784
149.31140996003083,110.33784
148.34745004099557,110.33784
148.34745004099557,110.33784
151.23932979810135,110.33784
132.9240913364313,110.33784
136.77993101257238,110.33784
121.35657230800813,110.33784
116.63316870473531,110.33784
130.99617149836078,110.33784
146.41953020292505,110.33994
153.1672496361719,110.346
157.02308931231295,110.3563
144.49161036485452,110.36016
143.52765044581926,110.35433
130.99617149836078,110.342926
144.49161036485452,110.33784
133.88805125546656,110.33784
133.88805125546656,110.33784
124.24845206511392,110.33784
127.14033182221971,110.33784
122.3205322270434,110.33784
124.24845206511392,110.33784
126.17637190318445,110.33847
136.77993101257238,110.338684
135.8159710935371,110.338684
139.6718107696782,110.33784
138.7078508506429,110.33784
140.63577068871345,110.3391
137.74389093160764,110.33952
136.77993101257238,110.33954
119.71784044564818,110.33784
131.96013141739604,110.33784
130.03221157932552,110.33784
121.35657230800813,110.33784
121.35657230800813,110.33784
121.35657230800813,110.33784
124.24845206511392,110.33784
126.17637190318445,110.33784
133.88805125546656,110.34947
124.24845206511392,110.35336
131.96013141739604,110.35351
146.41953020292505,110.34278
134.85201117450183,110.353546
130.03221157932552,110.35665
120.39261238897285,110.35013
128.104291741255,110.33784
144.49161036485452,110.33784
142.56369052678397,110.33784
141.5997306077487,110.33784
141.5997306077487,110.3454
122.3205322270434,110.34886
124.24845206511392,110.34928
126.17637190318445,110.33912
133.88805125546656,110.33784
130.03221157932552,110.33784
128.104291741255,110.33784
128.104291741255,110.33784
128.104291741255,110.33784
122.3205322270434,110.33784
128.104291741255,110.33784
136.77993101257238,110.33784
119.23586048613053,110.33784
115.1872288261824,110.33784
107.08996550628619,110.33784
106.31879757105798,110.33784
104.29448174108393,110.33784
104.00529376537335,110.33784
127.14033182221971,110.33784
110.36742923100608,110.33784
111.4277851419449,110.33784
110.65661720671667,110.33784
99.47468214590758,110.33784
94.65488255073126,110.33784
99.37828615400407,110.33784
113.74128894762953,110.33784
115.476416801893,110.33784
109.88544927148845,110.33784
102.36656190301338,110.33784
96.87199036451236,110.33784
135.8159710935371,110.33784
125.21241198414918,110.33784
131.96013141739604,110.33784
139.6718107696782,110.33784
124.24845206511392,110.33784
123.28449214607866,110.33784
122.3205322270434,110.33784
121.35657230800813,110.33784
127.14033182221971,110.33942
126.17637190318445,110.33994
126.17637190318445,110.339966
110.27103323910255,110.33784
131.96013141739604,110.33784
108.150321417225,110.33784
113.06651700430484,110.33784
119.91063242945523,110.33784
117.50073263186705,110.33784
120.39261238897285,110.33784
118.6574845347094,110.33784
115.95839676141064,110.33784
120.29621639706933,110.33784
125.21241198414918,110.33784
122.3205322270434,110.33784
117.50073263186705,110.33784
105.45123364392623,110.33784
115.76560477760358,110.33784
121.35657230800813,110.33784
117.69352461567411,110.33784
143.52765044581926,110.33784
144.49161036485452,110.33784
141.5997306077487,110.33784
131.96013141739604,110.33784
136.77993101257238,110.33784
129.06825166029026,110.33784
132.9240913364313,110.33784
130.03221157932552,110.33784
128.104291741255,110.33784
118.75388052661292,110.33784
122.3205322270434,110.33784
125.21241198414918,110.33784
128.104291741255,110.33784
130.99617149836078,110.33784
133.88805125546656,110.34047
122.3205322270434,110.34134
126.17637190318445,110.34138
110.7530131986202,110.33784
106.7043815386721,110.33784
113.64489295572598,110.33784
114.60885287476127,110.33784
124.24845206511392,110.33784
126.17637190318445,110.33942
127.14033182221971,110.33994
113.54849696382247,110.339966
123.28449214607866,110.33784
115.57281279379653,110.33784
116.05479275331417,110.34571
151.23932979810135,110.34834
150.2753698790661,110.34844
150.2753698790661,110.33784
153.1672496361719,110.33784
159.91496906941876,110.33784
154.13120955520716,110.33784
161.84288890748928,110.33784
174.37436785494776,110.33784
206.1850451831115,110.3539
237.9957225112753,110.57041
180.15812736915933,110.690506
168.59060834073617,110.67335
168.59060834073617,110.38584
158.9510091503835,110.33784
184.97792696433567,110.33784
165.69872858363036,110.33784
171.48248809784195,110.34613
157.9870492313482,110.36678
160.87892898845402,110.37411
150.2753698790661,110.363594
161.84288890748928,110.37347
159.91496906941876,110.37808
157.9870492313482,110.378944
151.23932979810135,110.3393
154.13120955520716,110.33866
150.2753698790661,110.33868
155.09516947424243,110.3397
165.69872858363036,110.35515
94.26929858311716,110.374306
94.26929858311716,112.458
95.522446477863,114.18258
102.94493785443456,115.303665
102.94493785443456,115.307976
104.29448174108393,115.31311
100.43864206494284,115.331696
100.43864206494284,115.339516
99.28189016210054,115.347496
99.28189016210054,115.303665
99.28189016210054,115.303665
99.28189016210054,115.303665
99.28189016210054,115.303665
101.6917899596887,115.303665
104.29448174108393,115.303665
104.29448174108393,115.303665
105.64402562773328,115.303665
102.94493785443456,115.303665
102.94493785443456,115.303665
102.94493785443456,115.30425
100.43864206494284,115.30497
100.43864206494284,115.305275
100.43864206494284,115.303665
100.43864206494284,115.303665
100.43864206494284,115.303665
98.0287422673547,115.303665
98.0287422673547,115.303665
98.0287422673547,115.303665
100.43864206494284,115.303665
106.0296095953474,115.303665
104.9692536844086,115.303665
102.7521458706275,115.30931
101.6917899596887,115.31649
100.72783004065343,115.31994
100.72783004065343,115.30488
100.72783004065343,115.303665
99.66747412971463,115.303665
97.64315829974059,115.30441
96.67919838070532,115.3053
95.71523846167007,115.30568
95.71523846167007,115.303665
94.65488255073126,115.30404
95.71523846167007,115.30448
95.71523846167007,115.30467
93.690922631696,115.303665
93.690922631696,115.303665
91.66660680172194,115.303665
91.66660680172194,115.303665
91.66660680172194,115.303665
93.690922631696,115.303665
91.66660680172194,115.303665
90.70264688268668,115.303665
89.83508295555494,115.303665
90.70264688268668,115.303665
90.70264688268668,115.303665
88.87112303651966,115.303665
87.90716311748439,115.303665
145.45557028388978,115.303665
145.45557028388978,115.303665
143.52765044581926,115.30946
137.74389093160764,115.316666
137.74389093160764,115.32001
138.7078508506429,115.30581
135.8159710935371,115.31343
132.9240913364313,115.322266
131.96013141739604,115.322174
131.96013141739604,115.303665
130.03221157932552,115.303665
130.03221157932552,115.303665
130.03221157932552,115.303665
129.06825166029026,115.30478
127.14033182221971,115.306114
125.21241198414918,115.30668
125.21241198414918,115.303665
130.03221157932552,115.303665
125.21241198414918,115.30441
123.28449214607866,115.3053
122.3205322270434,115.30568
122.3205322270434,115.303665
120.39261238897285,115.303665
119.52504846184112,115.303665
118.36829655899881,115.303665
117.21154465615649,115.303665
117.21154465615649,115.303665
117.21154465615649,115.303665
108.150321417225,115.303665
107.08996550628619,115.303665
106.0296095953474,115.303665
103.81250178156628,115.303665
102.7521458706275,115.303665
101.6917899596887,115.303665
101.6917899596887,115.303665
101.6917899596887,115.303665
99.66747412971463,115.303665
99.66747412971463,115.303665
97.64315829974059,115.303665
96.67919838070532,115.303665
96.67919838070532,115.303665
96.67919838070532,115.303665
96.67919838070532,115.303665
95.71523846167007,115.303665
93.690922631696,115.303665
91.66660680172194,115.303665
91.66660680172194,115.303665
91.66660680172194,115.303665
89.83508295555494,115.303665
89.83508295555494,115.303665
90.70264688268668,115.303665
91.66660680172194,115.303665
91.66660680172194,115.303665
93.690922631696,115.303665
91.66660680172194,115.30739
91.66660680172194,115.31182
96.00442643738063,115.313736
97.16117834022295,115.303665
96.00442643738063,115.303665
94.84767453453831,115.303665
93.59452663979246,115.303665
91.28102283410783,115.304184
90.12427093126551,115.30481
90.12427093126551,115.30515
90.12427093126551,115.303825
91.28102283410783,115.30387
91.28102283410783,115.303665
90.12427093126551,115.303665
90.12427093126551,115.30396
87.71437113367735,115.30514
86.55761923083503,115.30626
86.55761923083503,115.30588
85.40086732799271,115.303665
85.40086732799271,115.303665
84.34051141705392,115.303665
85.40086732799271,115.303665
90.12427093126551,115.30575
90.12427093126551,115.31276
85.40086732799271,115.31938
84.34051141705392,115.31628
83.28015550611512,115.30406
82.21979959517633,115.303665
81.15944368423754,115.303665
81.15944368423754,115.303665
81.15944368423754,115.303665
112.87372502049777,115.303665
112.87372502049777,115.303665
113.54849696382247,115.30381
111.4277851419449,115.30399
112.87372502049777,115.30414
112.87372502049777,115.303825
112.87372502049777,115.30394
111.4277851419449,115.30532
111.4277851419449,115.30735
108.72869736864614,115.30818
109.30707332006732,115.30427
108.05392542532145,115.303665
107.37915348199678,115.303665
107.37915348199678,115.303665
106.12600558725093,115.303665
104.87285769250508,115.303665
107.37915348199678,115.303665
107.37915348199678,115.303665
106.8007775305756,115.303665
106.12600558725093,115.303665
106.8007775305756,115.303665
107.37915348199678,115.303665
106.12600558725093,115.303665
104.87285769250508,115.303665
111.4277851419449,115.303665
110.7530131986202,115.303665
107.37915348199678,115.303665
107.37915348199678,115.303665
458.0,115.303665
458.0,115.303665
458.0,115.303665
458.0,115.303665
458.0,115.303734
458.0,115.303825
458.0,115.30387
458.0,115.303665
458.0,115.303665
458.0,115.303665
458.0,115.303665
145.45557028388978,115.317696
136.77993101257238,115.34699
131.96013141739604,115.36917
132.9240913364313,115.33813
137.74389093160764,115.303665
132.9240913364313,115.3194
129.06825166029026,115.338066
127.14033182221971,115.346016
127.14033182221971,115.30415
125.21241198414918,115.30427
125.21241198414918,115.303665
124.24845206511392,115.303665
121.35657230800813,115.303665
118.36829655899881,115.303665
115.1872288261824,115.303665
114.31966489905068,115.303665
113.74128894762953,115.303665
139.6718107696782,115.303665
142.56369052678397,115.303665
145.45557028388978,115.303665
143.52765044581926,115.303665
143.52765044581926,115.30909
143.52765044581926,115.31555
142.56369052678397,115.31835
141.5997306077487,115.303665
141.5997306077487,115.303665
141.5997306077487,115.303665
142.56369052678397,115.303665
139.6718107696782,115.303665
139.6718107696782,115.303665
139.6718107696782,115.303665
139.6718107696782,115.303665
139.6718107696782,115.30902
139.6718107696782,115.315834
141.5997306077487,115.31987
141.5997306077487,115.30665
138.7078508506429,115.306
136.77993101257238,115.30406
133.88805125546656,115.303665
132.9240913364313,115.303665
132.9240913364313,115.303665
130.99617149836078,115.303665
130.03221157932552,115.303665
130.03221157932552,115.304184
130.03221157932552,115.30644
117.11514866425296,115.30867
117.11514866425296,115.3081
118.56108854280583,115.303665
117.11514866425296,115.30478
115.66920878570005,115.30648
118.56108854280583,115.30787
120.00702842135874,115.30549
121.35657230800813,115.30467
120.00702842135874,115.303894
118.56108854280583,115.3043
118.56108854280583,115.30467
117.11514866425296,115.30423
117.11514866425296,115.30387
114.22326890714716,115.303665
115.66920878570005,115.303665
114.22326890714716,115.30739
114.22326890714716,115.31182
112.87372502049777,115.313736
112.87372502049777,115.303665
109.981845263392,115.303665
109.981845263392,115.303665
111.4277851419449,115.303665
114.22326890714716,115.303665
114.22326890714716,115.30478
117.11514866425296,115.3067
115.66920878570005,115.31037
111.4277851419449,115.31049
109.981845263392,115.310104
111.4277851419449,115.303665
93.40173465598542,115.303665
93.40173465598542,115.303665
91.47381481791489,115.303665
90.50985489887961,115.303665
89.44949898794083,115.303665
89.44949898794083,115.303665
88.48553906890557,115.303665
84.53330340086096,115.30441
83.5693434818257,115.3053
82.70177955469396,115.30568
82.70177955469396,115.303665
81.83421562756223,115.303665
80.00269178139523,115.303665
79.13512785426349,115.303665
79.13512785426349,115.303665
78.26756392713175,115.303665
77.4,115.303665
77.4,115.303665
78.26756392713175,115.303665
84.53330340086096,115.303665
84.53330340086096,115.32007
81.83421562756223,115.3448
80.96665170043049,115.359116
80.00269178139523,115.31816
79.13512785426349,115.303665
80.00269178139523,115.303665
79.13512785426349,115.303665
80.00269178139523,115.303665
112.39174506098016,115.303665
110.84940919052373,115.303665
109.30707332006732,115.303665
106.12600558725093,115.303665
112.39174506098016,115.303665
109.30707332006732,115.303665
107.66834145770733,115.303665
106.12600558725093,115.303665
104.58366971679449,115.303665
104.58366971679449,115.303665
103.04133384633806,115.303665
103.04133384633806,115.303665
99.95666210542522,115.310425
98.60711821877585,115.31848
97.16117834022295,115.32257
95.81163445357359,115.33516
94.36569457502068,115.3744
94.36569457502068,115.38735
95.81163445357359,115.30467
95.81163445357359,115.303665
94.36569457502068,115.309685
94.36569457502068,115.32145
94.36569457502068,115.33026
95.81163445357359,115.31664
95.81163445357359,115.30427
94.36569457502068,115.30745
98.60711821877585,115.314575
99.95666210542522,115.31963
112.39174506098016,115.31072
110.84940919052373,115.303665
109.30707332006732,115.303665
106.12600558725093,115.303665
112.39174506098016,115.303665
109.30707332006732,115.303665
107.66834145770733,115.303665
106.12600558725093,115.303665
104.58366971679449,115.303665
104.58366971679449,115.303665
103.04133384633806,115.303665
103.04133384633806,115.303665
99.95666210542522,115.303665
98.60711821877585,115.303665
97.16117834022295,115.303665
95.81163445357359,115.303665
94.36569457502068,115.303665
94.36569457502068,115.303665
95.81163445357359,115.303665
95.81163445357359,115.303665
94.36569457502068,115.303665
94.36569457502068,115.303665
94.36569457502068,115.303665
95.81163445357359,115.303665
95.81163445357359,115.303665
94.36569457502068,115.303665
98.60711821877585,115.303665
110.84940919052373,115.304855
137.74389093160764,115.32052
139.6718107696782,115.34062
135.8159710935371,115.34767
133.88805125546656,115.31072
130.03221157932552,115.303665
133.88805125546656,115.303665
131.96013141739604,115.303665
145.45557028388978,115.303665
147.3834901219603,115.318726
139.6718107696782,115.33868
126.17637190318445,115.34862
130.03221157932552,115.3093
126.17637190318445,115.303665
122.3205322270434,115.303665
126.17637190318445,115.305
124.24845206511392,115.3066
122.3205322270434,115.3073
122.3205322270434,115.303665
118.46469255090233,115.303665
116.53677271283179,115.303665
114.60885287476127,115.303665
114.60885287476127,115.303665
114.60885287476127,115.303665
112.68093303669075,115.303665
112.68093303669075,115.303665
110.7530131986202,115.303665
110.7530131986202,115.303665
110.7530131986202,115.30553
114.60885287476127,115.30774
104.9692536844086,115.3087
103.04133384633806,115.30865
101.11341400826754,115.32051
99.66747412971463,115.33015
99.66747412971463,115.31976
99.66747412971463,115.303665
98.22153425116173,115.303665
96.77559437260885,115.303665
95.32965449405594,115.303665
106.89717352247914,115.303665
114.60885287476127,115.303665
103.04133384633806,115.303665
99.66747412971463,115.303665
103.04133384633806,115.303665
108.82509336054967,115.303665
108.82509336054967,115.303665
104.9692536844086,115.303665
104.9692536844086,115.303665
98.22153425116173,115.304924
96.77559437260885,115.306435
95.32965449405594,115.30732
93.88371461550305,115.30415
90.99183485839724,115.30427
89.54589497984435,115.303665
88.09995510129146,115.303665
89.54589497984435,115.303665
92.43777473695015,115.30515
92.43777473695015,115.30775
112.39174506098016,115.30949
109.30707332006732,115.30588
107.66834145770733,115.303665
106.12600558725093,115.303665
104.58366971679449,115.303665
104.58366971679449,115.303665
101.49899797588165,115.303665
99.95666210542522,115.303665
107.66834145770733,115.303665
132.9240913364313,115.30642
130.99617149836078,115.32982
122.3205322270434,115.35512
115.476416801893,115.35713
106.12600558725093,115.303665
103.04133384633806,115.303665
103.04133384633806,115.303665
101.49899797588165,115.303665
99.95666210542522,115.303665
98.60711821877585,115.303665
97.16117834022295,115.303665
95.81163445357359,115.303665
95.81163445357359,115.303665
106.12600558725093,115.303665
99.95666210542522,115.320656
99.95666210542522,115.34081
97.16117834022295,115.349014
94.36569457502068,115.303665
93.0161506883713,115.303665
103.04133384633806,115.303665
103.04133384633806,115.303665
103.04133384633806,115.303665
101.11341400826754,115.303665
99.66747412971463,115.303665
101.11341400826754,115.303665
101.11341400826754,115.303665
99.66747412971463,115.303665
98.22153425116173,115.303665
101.11341400826754,115.303665
101.11341400826754,115.303665
101.11341400826754,115.303665
101.11341400826754,115.303665
99.66747412971463,115.303665
99.66747412971463,115.303665
104.9692536844086,115.303665
112.68093303669075,115.303665
104.9692536844086,115.30946
103.04133384633806,115.31637
99.66747412971463,115.31936
98.22153425116173,115.303665
95.32965449405594,115.303665
99.66747412971463,115.303665
116.53677271283179,115.303665
116.53677271283179,115.32648
103.04133384633806,115.35349
96.77559437260885,115.36378
98.22153425116173,115.303665
114.03047692334012,115.303665
111.81336910955898,115.303665
111.81336910955898,115.303665
109.69265728768141,115.303665
107.57194546580382,115.303665
106.12600558725093,115.303665
104.10168975727687,115.303665
102.65574987872397,115.303665
102.65574987872397,115.303665
129.06825166029026,115.303665
167.62664842170088,115.303665
211.00484477828783,115.34061
166.66268850266562,115.44234
146.41953020292505,115.53001
135.8159710935371,115.451324
132.9240913364313,115.30467
128.104291741255,115.303665
123.28449214607866,115.303665
119.23586048613053,115.303665
120.00702842135874,115.303665
118.56108854280583,115.303665
115.57281279379653,115.303665
112.58453704478721,115.303665
111.81336910955898,115.303665
109.69265728768141,115.303665
128.104291741255,115.303665
128.104291741255,115.30515
167.62664842170088,115.31406
140.63577068871345,115.351326
110.36742923100608,115.38581
109.01788534435673,115.37856
108.24671740912851,115.303665
107.57194546580382,115.303665
109.69265728768141,115.303665
107.57194546580382,115.303665
106.12600558725093,115.303665
104.77646170060156,115.303665
104.10168975727687,115.303665
102.65574987872397,115.303665
101.9809779353993,115.303665
100.53503805684639,115.303665
99.18549417019702,115.303665
97.83595028354763,115.303665
97.83595028354763,115.303665
97.83595028354763,115.303665
95.13686251024889,115.303665
93.88371461550305,115.303665
91.37741882601136,115.303665
90.12427093126551,115.303665
90.12427093126551,115.303665
90.70264688268668,115.305595
90.70264688268668,115.30791
93.88371461550305,115.30891
92.6305667207572,115.303665
93.20894267217837,115.303665
94.4620905669242,115.303665
93.88371461550305,115.30463
129.06825166029026,115.305786
128.104291741255,115.30628
130.99617149836078,115.303665
131.96013141739604,115.303665
130.03221157932552,115.30463
127.14033182221971,115.305786
126.17637190318445,115.30628
126.17637190318445,115.303665
125.21241198414918,115.303665
123.28449214607866,115.303665
122.3205322270434,115.303665
122.3205322270434,115.303665
122.3205322270434,115.303665
122.3205322270434,115.303665
121.35657230800813,115.303665
119.23586048613053,115.303665
117.88631659948119,115.303665
116.53677271283179,115.303665
117.21154465615649,115.303665
122.3205322270434,115.303665
118.56108854280583,115.303665
116.53677271283179,115.303665
115.1872288261824,115.303665
113.25930898811188,115.303665
121.35657230800813,115.303665
126.17637190318445,115.30396
117.88631659948119,115.31812
121.35657230800813,115.335625
123.28449214607866,115.34298
122.3205322270434,115.30628
122.3205322270434,115.303665
121.35657230800813,115.303665
129.06825166029026,115.30597
119.23586048613053,115.30872
117.78992060757763,115.30991
117.01875267234942,115.303665
116.34398072902474,115.303665
116.34398072902474,115.303665
114.80164485856832,115.303665
114.80164485856832,115.303665
113.35570498001542,115.303665
112.58453704478721,115.303665
111.81336910955898,115.303665
110.36742923100608,115.303665
111.13859716623432,115.303665
110.36742923100608,115.303665
109.01788534435673,115.303665
107.57194546580382,115.303665
108.24671740912851,115.303665
107.57194546580382,115.303665
106.12600558725093,115.303665
109.01788534435673,115.303665
108.24671740912851,115.303665
107.57194546580382,115.303665
106.89717352247914,115.303665
106.12600558725093,115.303665
113.35570498001542,115.303665
116.05479275331417,115.303665
115.38002080998947,115.303665
113.35570498001542,115.314735
112.00616109336605,115.32789
115.38002080998947,115.33361
117.50073263186705,115.303665
119.52504846184112,115.321686
116.72956469663885,115.343056
114.03047692334012,115.351654
112.00616109336605,115.303665
113.35570498001542,115.303665
119.52504846184112,115.303665
116.72956469663885,115.303665
112.68093303669075,115.303665
110.65661720671667,115.303665
109.40346931197082,115.303665
108.150321417225,115.303665
106.22240157915445,115.303665
105.54762963582978,115.30709
104.29448174108393,115.311165
103.04133384633806,115.312935
103.04133384633806,115.303665
100.43864206494284,115.303665
99.18549417019702,115.303665
99.18549417019702,115.303665
97.93234627545117,115.303665
97.93234627545117,115.303665
99.18549417019702,115.303665
119.71784044564818,115.303665
117.88631659948119,115.303665
116.05479275331417,115.303665
112.00616109336605,115.303665
110.65661720671667,115.303665
110.27103323910255,115.303665
108.5359053848391,115.303665
108.5359053848391,115.303665
108.150321417225,115.303665
108.92148935245321,115.303665
110.27103323910255,115.303665
113.35570498001542,115.303665
111.13859716623432,115.303665
109.40346931197082,115.303665
108.150321417225,115.303665
108.150321417225,115.303665
107.28275749009325,115.303665
106.0296095953474,115.30782
104.29448174108393,115.3128
104.29448174108393,115.31494
103.04133384633806,115.303665
107.66834145770733,115.303665
106.8007775305756,115.303665
105.54762963582978,115.303665
106.4151935629615,115.303665
109.40346931197082,115.303665
109.40346931197082,115.30381
108.150321417225,115.31528
110.7530131986202,115.32877
107.66834145770733,115.3342
116.05479275331417,115.303665
102.11593232406422,115.303665
107.28275749009325,115.303665
107.08996550628619,115.303665
130.03221157932552,115.303665
130.99617149836078,115.303665
123.28449214607866,115.303894
121.35657230800813,115.308685
119.71784044564818,115.31436
124.24845206511392,115.31628
458.0,115.30406
458.0,115.33042
458.0,115.36353
458.0,115.37494
458.0,115.303665
458.0,115.303665
458.0,115.303665
458.0,115.303665
458.0,115.303665
458.0,115.303665
458.0,115.303665
458.0,115.303665
458.0,115.303665
458.0,115.303665
458.0,115.31555
458.0,115.330414
458.0,115.337395
458.0,115.30575
458.0,115.32862
458.0,115.35879
458.0,115.370255
458.0,115.30568
458.0,115.303665
458.0,115.303665
458.0,115.303665
458.0,115.303665
458.0,115.303665
458.0,115.303665
117.9827125913847,115.303665
118.6574845347094,115.303665
119.04306850232348,115.303665
113.06651700430484,115.303665
111.90976510146253,115.303665
107.18636149818971,115.303665
121.35657230800813,115.303665
139.6718107696782,115.303665
150.2753698790661,115.33588
132.9240913364313,115.38464
124.24845206511392,115.4081
123.28449214607866,115.322174
112.97012101240131,115.303665
103.90889777346982,115.303665
122.3205322270434,115.303665
128.104291741255,115.303665
141.5997306077487,115.303665
139.6718107696782,115.303665
141.5997306077487,115.303665
147.3834901219603,115.303665
139.6718107696782,115.303665
138.7078508506429,115.303665
133.88805125546656,115.303665
134.85201117450183,115.303665
129.06825166029026,115.303665
132.9240913364313,115.303665
132.9240913364313,115.303665
126.17637190318445,115.303665
129.06825166029026,115.303665
126.17637190318445,115.303665
121.35657230800813,115.303665
134.85201117450183,115.303665
131.96013141739604,115.303665
117.69352461567411,115.303665
125.21241198414918,115.303665
124.24845206511392,115.303665
128.104291741255,115.303665
106.0296095953474,115.303665
127.14033182221971,115.303665
132.9240913364313,115.303665
130.99617149836078,115.303665
121.35657230800813,115.303665
132.9240913364313,115.303665
140.63577068871345,115.303665
126.17637190318445,115.303665
141.5997306077487,115.303665
140.63577068871345,115.303665
130.99617149836078,115.308266
128.104291741255,115.313774
125.21241198414918,115.316154
119.91063242945523,115.303665
145.45557028388978,115.303665
142.56369052678397,115.303665
135.8159710935371,115.303665
138.7078508506429,115.30434
122.3205322270434,115.30677
129.06825166029026,115.30907
114.89804085047184,115.3081
112.68093303669075,115.303665
119.23586048613053,115.303665
127.14033182221971,115.303665
134.85201117450183,115.303665
143.52765044581926,115.309685
121.35657230800813,115.31686
133.88805125546656,115.31996
130.99617149836078,115.303665
124.24845206511392,115.303665
120.29621639706933,115.303665
124.24845206511392,115.303665
128.104291741255,115.31013
125.21241198414918,115.31783
124.24845206511392,115.32117
123.28449214607866,115.303665
128.104291741255,115.303665
125.21241198414918,115.303665
130.03221157932552,115.303665
128.104291741255,115.303665
119.13946449422701,115.303665
120.39261238897285,115.303665
120.39261238897285,115.303665
120.39261238897285,115.303665
115.95839676141064,115.303665
133.88805125546656,115.303665
140.63577068871345,115.303665
129.06825166029026,115.30381
127.14033182221971,115.30399
116.72956469663885,115.30406
118.07910858328822,115.303665
135.8159710935371,115.303665
129.06825166029026,115.303665
130.99617149836078,115.303665
128.104291741255,115.303665
130.99617149836078,115.303665
127.14033182221971,115.303665
127.14033182221971,115.303665
128.104291741255,115.303665
122.3205322270434,115.303665
130.99617149836078,115.303665
129.06825166029026,115.303665
128.104291741255,115.303665
112.77732902859425,115.303665
110.46382522290962,115.303665
125.21241198414918,115.303665
117.21154465615649,115.303665
120.10342441326227,115.303665
123.28449214607866,115.303665
139.6718107696782,115.303665
110.84940919052373,115.303665
117.30794064806001,115.303665
126.17637190318445,115.303665
116.34398072902474,115.30478
110.84940919052373,115.30626
105.7404216196368,115.30701
110.27103323910255,115.31038
260.1668006490864,115.31936
221.60840388767576,115.32483
178.2302075310888,115.370125
147.3834901219603,115.45028
116.82596068854238,115.48304
125.21241198414918,115.303665
133.88805125546656,115.303665
124.24845206511392,115.303665
124.24845206511392,115.303665
129.06825166029026,115.303665
118.36829655899881,115.303665
114.12687291524362,115.303665
123.28449214607866,115.303665
118.6574845347094,115.303665
118.94667251041996,115.31117
148.34745004099557,115.320114
146.41953020292505,115.32398
137.74389093160764,115.303665
128.104291741255,115.303665
120.29621639706933,115.303665
143.52765044581926,115.303665
127.14033182221971,115.303665
125.21241198414918,115.303665
123.28449214607866,115.303665
123.28449214607866,115.303665
126.17637190318445,115.303665
117.5971286237706,115.303665
115.38002080998947,115.303665
119.23586048613053,115.303665
117.5971286237706,115.303665
120.39261238897285,115.303665
122.3205322270434,115.303665
131.96013141739604,115.303665
140.63577068871345,115.303665
128.104291741255,115.303665
127.14033182221971,115.30921
126.17637190318445,115.31581
119.62144445374466,115.31867
122.3205322270434,115.303665
122.3205322270434,115.303665
121.35657230800813,115.303665
125.21241198414918,115.303665
122.3205322270434,115.303665
120.39261238897285,115.303665
111.81336910955898,115.303665
105.83681761154037,115.303665
96.67919838070532,115.303665
103.33052182204865,115.303665
107.76473744961089,115.303665
108.150321417225,115.303665
100.92062202446049,115.31369
90.89543886649373,115.32562
101.01701801636402,115.330795
102.55935388682045,115.303665
102.36656190301338,115.303665
109.69265728768141,115.303665
97.83595028354763,115.30753
102.36656190301338,115.31213
103.04133384633806,115.31413
93.49813064788894,115.303665
102.46295789491693,115.303665
102.36656190301338,115.303665
99.86026611352172,115.303665
102.36656190301338,115.303665
97.16117834022295,115.303665
98.22153425116173,115.303665
93.59452663979246,115.303665
95.71523846167007,115.303665
95.32965449405594,115.303665
95.32965449405594,115.303665
96.39001040499473,115.303665
82.21979959517633,115.303665
106.7043815386721,115.303665
107.28275749009325,115.303665
123.28449214607866,115.303665
119.33225647803407,115.303665
111.4277851419449,115.303665
118.56108854280583,115.303665
117.30794064806001,115.303665
107.4755494739003,115.303665
116.44037672092828,115.303665
117.5971286237706,115.303665
151.23932979810135,115.31295
150.2753698790661,115.34976
134.85201117450183,115.385765
129.06825166029026,115.3717
123.28449214607866,115.303665
123.28449214607866,115.30812
117.01875267234942,115.31344
122.3205322270434,115.31574
117.69352461567411,115.303665
117.40433663996355,115.303665
121.35657230800813,115.303665
117.78992060757763,115.303665
112.39174506098016,115.303665
115.476416801893,115.303665
110.46382522290962,115.303665
109.69265728768141,115.303894
109.01788534435673,115.30415
98.31793024306526,115.30427
130.99617149836078,115.303665
124.24845206511392,115.303665
138.7078508506429,115.303665
131.96013141739604,115.303665
125.21241198414918,115.303665
117.78992060757763,115.303665
130.03221157932552,115.303665
118.27190056709527,115.303665
127.14033182221971,115.303665
126.17637190318445,115.303665
127.14033182221971,115.303665
128.104291741255,115.303665
108.63230137674262,115.303665
127.14033182221971,115.303665
129.06825166029026,115.303665
108.63230137674262,115.303665
148.34745004099557,115.303665
143.52765044581926,115.31295
137.74389093160764,115.336975
129.06825166029026,115.35725
125.21241198414918,115.33892
120.1998204051658,115.303665
129.06825166029026,115.303665
130.03221157932552,115.303665
125.21241198414918,115.303665
129.06825166029026,115.303665
120.39261238897285,115.303665
126.17637190318445,115.303665
104.87285769250508,115.303665
106.22240157915445,115.303665
110.46382522290962,115.303665
111.81336910955898,115.303665
113.35570498001542,115.303665
104.10168975727687,115.303665
107.66834145770733,115.303665
130.03221157932552,115.303665
119.81423643755171,115.303665
141.5997306077487,115.33031
121.35657230800813,115.391174
117.21154465615649,115.43585
108.150321417225,115.375656
111.33138915004135,115.303665
113.45210097191895,115.303665
116.72956469663885,115.303665
119.13946449422701,115.303665
119.13946449422701,115.303665
118.17550457519175,115.30381
113.25930898811188,115.30399
107.18636149818971,115.30406
105.35483765202272,115.303665
114.70524886666479,115.303665
109.01788534435673,115.303665
110.94580518242725,115.303665
109.01788534435673,115.303665
108.150321417225,115.303665
108.63230137674262,115.303665
105.93321360344387,115.303665
107.66834145770733,115.303665
110.07824125529552,115.303665
106.7043815386721,115.303665
104.87285769250508,115.303665
106.7043815386721,115.303665
130.99617149836078,115.303665
154.13120955520716,115.303665
140.63577068871345,115.303665
116.63316870473531,115.303665
114.22326890714716,115.303665
121.35657230800813,115.303665
112.39174506098016,115.303665
116.44037672092828,115.303665
114.31966489905068,115.303665
118.46469255090233,115.303665
107.18636149818971,115.303665
112.87372502049777,115.303665
123.28449214607866,115.303665
163.7708087455598,115.303665
125.21241198414918,115.303665
125.21241198414918,115.303665
122.3205322270434,115.303665
127.14033182221971,115.303665
117.5971286237706,115.303665
112.29534906907662,115.303665
116.34398072902474,115.303665
121.35657230800813,115.303665
125.21241198414918,115.303665
130.03221157932552,115.303665
130.03221157932552,115.303665
155.09516947424243,115.303665
152.20328971713664,115.303665
151.23932979810135,115.303665
149.31140996003083,115.303665
149.31140996003083,115.303665
148.34745004099557,115.303665
148.34745004099557,115.303665
151.23932979810135,115.303665
132.9240913364313,115.303665
136.77993101257238,115.303665
121.35657230800813,115.30404
116.63316870473531,115.30448
130.99617149836078,115.30467
146.41953020292505,115.304924
153.1672496361719,115.31572
157.02308931231295,115.342514
144.49161036485452,115.37489
143.52765044581926,115.37154
130.99617149836078,115.33734
144.49161036485452,115.303665
133.88805125546656,115.303665
133.88805125546656,115.303665
124.24845206511392,115.303665
127.14033182221971,115.303665
122.3205322270434,115.303665
124.24845206511392,115.303665
126.17637190318445,115.31755
136.77993101257238,115.33404
135.8159710935371,115.341064
139.6718107696782,115.303665
138.7078508506429,115.303665
140.63577068871345,115.3131
137.74389093160764,115.32432
136.77993101257238,115.32919
119.71784044564818,115.303665
131.96013141739604,115.303665
130.03221157932552,115.303665
121.35657230800813,115.303665
121.35657230800813,115.303665
121.35657230800813,115.303665
124.24845206511392,115.303665
126.17637190318445,115.303665
133.88805125546656,115.303665
124.24845206511392,115.303665
131.96013141739604,115.303665
146.41953020292505,115.303665
134.85201117450183,115.30544
130.03221157932552,115.30758
120.39261238897285,115.308495
128.104291741255,115.303665
144.49161036485452,115.303665
142.56369052678397,115.303665
141.5997306077487,115.303665
141.5997306077487,115.30975
122.3205322270434,115.31821
124.24845206511392,115.32276
126.17637190318445,115.306885
133.88805125546656,115.303665
130.03221157932552,115.303665
128.104291741255,115.303665
128.104291741255,115.303665
128.104291741255,115.303665
122.3205322270434,115.303665
128.104291741255,115.30672
136.77993101257238,115.31035
119.23586048613053,115.31192
115.1872288261824,115.303665
107.08996550628619,115.303665
106.31879757105798,115.303665
104.29448174108393,115.303665
104.00529376537335,115.303665
127.14033182221971,115.303665
110.36742923100608,115.303665
111.4277851419449,115.303665
110.65661720671667,115.303665
99.47468214590758,115.303665
94.65488255073126,115.30626
99.37828615400407,115.30937
113.74128894762953,115.31072
115.476416801893,115.303665
109.88544927148845,115.303665
102.36656190301338,115.303665
96.87199036451236,115.303665
135.8159710935371,115.303665
125.21241198414918,115.303665
131.96013141739604,115.303665
139.6718107696782,115.303665
124.24845206511392,115.303665
123.28449214607866,115.303665
122.3205322270434,115.303665
121.35657230800813,115.303665
127.14033182221971,115.303665
126.17637190318445,115.303665
126.17637190318445,115.303665
110.27103323910255,115.303665
131.96013141739604,115.303665
108.150321417225,115.303665
113.06651700430484,115.303665
119.91063242945523,115.303665
117.50073263186705,115.303665
120.39261238897285,115.303665
118.6574845347094,115.303665
115.95839676141064,115.303665
120.29621639706933,115.303665
125.21241198414918,115.303665
122.3205322270434,115.303665
117.50073263186705,115.303665
105.45123364392623,115.303665
115.76560477760358,115.303665
121.35657230800813,115.303665
117.69352461567411,115.303665
143.52765044581926,115.303665
144.49161036485452,115.303665
141.5997306077487,115.303665
131.96013141739604,115.303665
136.77993101257238,115.303665
129.06825166029026,115.303665
132.9240913364313,115.303665
130.03221157932552,115.303665
128.104291741255,115.303665
118.75388052661292,115.303665
122.3205322270434,115.303665
125.21241198414918,115.303665
128.104291741255,115.303665
130.99617149836078,115.303665
133.88805125546656,115.31117
122.3205322270434,115.320114
126.17637190318445,115.32398
110.7530131986202,115.303665
106.7043815386721,115.303665
113.64489295572598,115.303665
114.60885287476127,115.303665
124.24845206511392,115.303665
126.17637190318445,115.303665
127.14033182221971,115.303665
113.54849696382247,115.303665
123.28449214607866,115.303665
115.57281279379653,115.303665
116.05479275331417,115.303665
151.23932979810135,115.303665
150.2753698790661,115.303665
150.2753698790661,115.303665
153.1672496361719,115.303665
159.91496906941876,115.303665
154.13120955520716,115.303665
161.84288890748928,115.303665
174.37436785494776,115.303665
206.1850451831115,115.30998
237.9957225112753,115.342186
180.15812736915933,115.40539
168.59060834073617,115.43543
168.59060834073617,115.383
158.9510091503835,115.303665
184.97792696433567,115.303665
165.69872858363036,115.303665
171.48248809784195,115.31266
157.9870492313482,115.32712
160.87892898845402,115.339226
150.2753698790661,115.32044
161.84288890748928,115.3132
159.91496906941876,115.30693
157.9870492313482,115.30769
151.23932979810135,115.303665
154.13120955520716,115.303665
150.2753698790661,115.303665
155.09516947424243,115.303665
165.69872858363036,115.303665
94.26929858311716,115.30812
94.26929858311716,115.33692
95.522446477863,115.34811
102.94493785443456,115.35668
102.94493785443456,115.35668
104.29448174108393,115.36135
100.43864206494284,115.36945
100.43864206494284,115.37598
99.28189016210054,115.36561
99.28189016210054,115.36498
99.28189016210054,115.35668
99.28189016210054,115.35668
99.28189016210054,115.35668
101.6917899596887,115.35668
104.29448174108393,115.35668
104.29448174108393,115.35668
105.64402562773328,115.36794
102.94493785443456,115.389496
102.94493785443456,115.40229
102.94493785443456,115.371315
100.43864206494284,115.37295
100.43864206494284,115.3895
100.43864206494284,115.38827
100.43864206494284,115.36133
100.43864206494284,115.36368
98.0287422673547,115.35963
98.0287422673547,115.35726
98.0287422673547,115.35817
100.43864206494284,115.35853
106.0296095953474,115.357834
104.9692536844086,115.359665
102.7521458706275,115.36037
101.6917899596887,115.35668
100.72783004065343,115.35668
100.72783004065343,115.35668
100.72783004065343,115.35668
99.66747412971463,115.35668
97.64315829974059,115.35668
96.67919838070532,115.35668
95.71523846167007,115.35668
95.71523846167007,115.357895
94.65488255073126,115.35981
95.71523846167007,115.36055
95.71523846167007,115.35668
93.690922631696,115.35668
93.690922631696,115.35668
91.66660680172194,115.35668
91.66660680172194,115.35668
91.66660680172194,115.35668
93.690922631696,115.35668
91.66660680172194,115.35668
90.70264688268668,115.35668
89.83508295555494,115.35668
90.70264688268668,115.35668
90.70264688268668,115.35668
88.87112303651966,115.35668
87.90716311748439,115.35668
145.45557028388978,115.35668
145.45557028388978,115.35668
143.52765044581926,115.3602
137.74389093160764,115.365776
137.74389093160764,115.367935
138.7078508506429,115.35668
135.8159710935371,115.3613
132.9240913364313,115.368614
131.96013141739604,115.37143
131.96013141739604,115.35726
130.03221157932552,115.35869
130.03221157932552,115.35987
130.03221157932552,115.35834
129.06825166029026,115.35668
127.14033182221971,115.35668
125.21241198414918,115.35668
125.21241198414918,115.35668
130.03221157932552,115.35668
125.21241198414918,115.35668
123.28449214607866,115.35668
122.3205322270434,115.35668
122.3205322270434,115.35668
120.39261238897285,115.35668
119.52504846184112,115.35668
118.36829655899881,115.35668
117.21154465615649,115.35668
117.21154465615649,115.35668
117.21154465615649,115.35668
108.150321417225,115.35668
107.08996550628619,115.3606
106.0296095953474,115.373764
103.81250178156628,115.387184
102.7521458706275,115.37896
101.6917899596887,115.35668
101.6917899596887,115.35668
101.6917899596887,115.35668
99.66747412971463,115.35668
99.66747412971463,115.35668
97.64315829974059,115.35668
96.67919838070532,115.35668
96.67919838070532,115.35668
96.67919838070532,115.35668
96.67919838070532,115.35668
95.71523846167007,115.35668
93.690922631696,115.35668
91.66660680172194,115.35668
91.66660680172194,115.35668
91.66660680172194,115.35668
89.83508295555494,115.35668
89.83508295555494,115.35668
90.70264688268668,115.35818
91.66660680172194,115.36056
91.66660680172194,115.36148
93.690922631696,115.35668
91.66660680172194,115.35668
91.66660680172194,115.35668
96.00442643738063,115.35668
97.16117834022295,115.35668
96.00442643738063,115.35668
94.84767453453831,115.35668
93.59452663979246,115.35668
91.28102283410783,115.35668
90.12427093126551,115.35668
90.12427093126551,115.35668
90.12427093126551,115.35668
91.28102283410783,115.35702
91.28102283410783,115.357574
90.12427093126551,115.35778
90.12427093126551,115.35668
87.71437113367735,115.35668
86.55761923083503,115.35668
86.55761923083503,115.35668
85.40086732799271,115.35668
85.40086732799271,115.35668
84.34051141705392,115.35668
85.40086732799271,115.35668
90.12427093126551,115.35668
90.12427093126551,115.359856
85.40086732799271,115.36488
84.34051141705392,115.36682
83.28015550611512,115.35668
82.21979959517633,115.35668
81.15944368423754,115.35668
81.15944368423754,115.35668
81.15944368423754,115.35668
112.87372502049777,115.35668
112.87372502049777,115.35668
113.54849696382247,115.35668
111.4277851419449,115.36244
112.87372502049777,115.37158
112.87372502049777,115.3751
112.87372502049777,115.35668
111.4277851419449,115.35969
111.4277851419449,115.36444
108.72869736864614,115.36754
109.30707332006732,115.359955
108.05392542532145,115.36074
107.37915348199678,115.35668
107.37915348199678,115.35668
106.12600558725093,115.35668
104.87285769250508,115.35668
107.37915348199678,115.35668
107.37915348199678,115.35708
106.8007775305756,115.35773
106.12600558725093,115.35797
106.8007775305756,115.35668
107.37915348199678,115.35668
106.12600558725093,115.35668
104.87285769250508,115.35668
111.4277851419449,115.35668
110.7530131986202,115.35668
107.37915348199678,115.35668
107.37915348199678,115.35668
458.0,115.35668
458.0,115.35668
458.0,115.35668
458.0,115.35668
458.0,115.35668
458.0,115.35668
458.0,115.35668
458.0,115.35668
458.0,115.35668
458.0,115.35668
458.0,115.35668
145.45557028388978,115.356735
136.77993101257238,115.37129
131.96013141739604,115.39425
132.9240913364313,115.4029
137.74389093160764,115.35685
132.9240913364313,115.36834
129.06825166029026,115.3878
127.14033182221971,115.39664
127.14033182221971,115.36184
125.21241198414918,115.35668
125.21241198414918,115.35668
124.24845206511392,115.35668
121.35657230800813,115.35668
118.36829655899881,115.35668
115.1872288261824,115.35668
114.31966489905068,115.35668
113.74128894762953,115.35668
139.6718107696782,115.35668
142.56369052678397,115.35668
145.45557028388978,115.35668
143.52765044581926,115.35668
143.52765044581926,115.35668
143.52765044581926,115.35887
142.56369052678397,115.36235
141.5997306077487,115.36369
141.5997306077487,115.35668
141.5997306077487,115.35668
142.56369052678397,115.35668
139.6718107696782,115.3568
139.6718107696782,115.35697
139.6718107696782,115.35704
139.6718107696782,115.35668
139.6718107696782,115.35668
139.6718107696782,115.35668
141.5997306077487,115.35668
141.5997306077487,115.35668
138.7078508506429,115.35899
136.77993101257238,115.36265
133.88805125546656,115.36405
132.9240913364313,115.35668
132.9240913364313,115.35668
130.99617149836078,115.35668
130.03221157932552,115.35668
130.03221157932552,115.35668
130.03221157932552,115.35668
117.11514866425296,115.35668
117.11514866425296,115.35668
118.56108854280583,115.35668
117.11514866425296,115.35668
115.66920878570005,115.35668
118.56108854280583,115.35668
120.00702842135874,115.35668
121.35657230800813,115.35668
120.00702842135874,115.35668
118.56108854280583,115.35668
118.56108854280583,115.35668
117.11514866425296,115.35668
117.11514866425296,115.35668
114.22326890714716,115.35668
115.66920878570005,115.35668
114.22326890714716,115.3568
114.22326890714716,115.361015
112.87372502049777,115.36749
112.87372502049777,115.36959
109.981845263392,115.357834
109.981845263392,115.359665
111.4277851419449,115.36037
114.22326890714716,115.35668
114.22326890714716,115.36025
117.11514866425296,115.36592
115.66920878570005,115.36967
111.4277851419449,115.36071
109.981845263392,115.36177
111.4277851419449,115.35697
93.40173465598542,115.35704
93.40173465598542,115.35668
91.47381481791489,115.35668
90.50985489887961,115.35668
89.44949898794083,115.35668
89.44949898794083,115.35668
88.48553906890557,115.35668
84.53330340086096,115.35668
83.5693434818257,115.35668
82.70177955469396,115.35668
82.70177955469396,115.35668
81.83421562756223,115.35668
80.00269178139523,115.35668
79.13512785426349,115.35668
79.13512785426349,115.35668
78.26756392713175,115.35668
77.4,115.35668
77.4,115.35668
78.26756392713175,115.35668
84.53330340086096,115.35668
84.53330340086096,115.35841
81.83421562756223,115.36116
80.96665170043049,115.36221
80.00269178139523,115.35668
79.13512785426349,115.35668
80.00269178139523,115.35668
79.13512785426349,115.35668
80.00269178139523,115.35668
112.39174506098016,115.35668
110.84940919052373,115.35668
109.30707332006732,115.35668
106.12600558725093,115.35668
112.39174506098016,115.37114
109.30707332006732,115.394066
107.66834145770733,115.4029
106.12600558725093,115.35668
104.58366971679449,115.35668
104.58366971679449,115.35668
103.04133384633806,115.35668
103.04133384633806,115.35668
99.95666210542522,115.363304
98.60711821877585,115.38521
97.16117834022295,115.4095
95.81163445357359,115.39889
94.36569457502068,115.36351
94.36569457502068,115.36244
95.81163445357359,115.37158
95.81163445357359,115.37855
94.36569457502068,115.37395
94.36569457502068,115.38927
94.36569457502068,115.38336
95.81163445357359,115.35668
95.81163445357359,115.35668
94.36569457502068,115.35668
98.60711821877585,115.35668
99.95666210542522,115.35668
112.39174506098016,115.35668
110.84940919052373,115.35668
109.30707332006732,115.35668
106.12600558725093,115.35668
112.39174506098016,115.35668
109.30707332006732,115.358696
107.66834145770733,115.36191
106.12600558725093,115.36314
104.58366971679449,115.35668
104.58366971679449,115.35668
103.04133384633806,115.35668
103.04133384633806,115.35668
99.95666210542522,115.35668
98.60711821877585,115.35668
97.16117834022295,115.35668
95.81163445357359,115.35668
94.36569457502068,115.35668
94.36569457502068,115.35668
95.81163445357359,115.35668
95.81163445357359,115.35668
94.36569457502068,115.35668
94.36569457502068,115.35668
94.36569457502068,115.35668
95.81163445357359,115.35668
95.81163445357359,115.35668
94.36569457502068,115.35668
98.60711821877585,115.35668
110.84940919052373,115.35668
137.74389093160764,115.36966
139.6718107696782,115.395325
135.8159710935371,115.41143
133.88805125546656,115.37326
130.03221157932552,115.35668
133.88805125546656,115.35668
131.96013141739604,115.35668
145.45557028388978,115.35668
147.3834901219603,115.366455
139.6718107696782,115.381966
126.17637190318445,115.38794
130.03221157932552,115.35668
126.17637190318445,115.35668
122.3205322270434,115.35668
126.17637190318445,115.35668
124.24845206511392,115.35668
122.3205322270434,115.35668
122.3205322270434,115.35668
118.46469255090233,115.35668
116.53677271283179,115.35668
114.60885287476127,115.35668
114.60885287476127,115.35668
114.60885287476127,115.35668
112.68093303669075,115.35668
112.68093303669075,115.35668
110.7530131986202,115.35668
110.7530131986202,115.35668
110.7530131986202,115.35668
114.60885287476127,115.35668
104.9692536844086,115.35668
103.04133384633806,115.35668
101.11341400826754,115.359856
99.66747412971463,115.36488
99.66747412971463,115.36682
99.66747412971463,115.35668
98.22153425116173,115.35668
96.77559437260885,115.35668
95.32965449405594,115.35668
106.89717352247914,115.35668
114.60885287476127,115.35668
103.04133384633806,115.35668
99.66747412971463,115.35668
103.04133384633806,115.35668
108.82509336054967,115.35668
108.82509336054967,115.35668
104.9692536844086,115.35668
104.9692536844086,115.35668
98.22153425116173,115.35668
96.77559437260885,115.35881
95.32965449405594,115.362206
93.88371461550305,115.36633
90.99183485839724,115.364
89.54589497984435,115.36572
88.09995510129146,115.35668
89.54589497984435,115.35668
92.43777473695015,115.35668
92.43777473695015,115.35668
112.39174506098016,115.35668
109.30707332006732,115.3613
107.66834145770733,115.368614
106.12600558725093,115.37143
104.58366971679449,115.35668
104.58366971679449,115.35668
101.49899797588165,115.35668
99.95666210542522,115.35668
107.66834145770733,115.35668
132.9240913364313,115.35668
130.99617149836078,115.36732
122.3205322270434,115.38532
115.476416801893,115.39364
106.12600558725093,115.36037
103.04133384633806,115.35668
103.04133384633806,115.35668
101.49899797588165,115.35668
99.95666210542522,115.35726
98.60711821877585,115.35817
97.16117834022295,115.35853
95.81163445357359,115.35668
95.81163445357359,115.35668
106.12600558725093,115.35668
99.95666210542522,115.36014
99.95666210542522,115.36563
97.16117834022295,115.36774
94.36569457502068,115.35668
93.0161506883713,115.35668
103.04133384633806,115.35668
103.04133384633806,115.35668
103.04133384633806,115.35668
101.11341400826754,115.35668
99.66747412971463,115.35668
101.11341400826754,115.35668
101.11341400826754,115.35668
99.66747412971463,115.35668
98.22153425116173,115.35668
101.11341400826754,115.35668
101.11341400826754,115.35668
101.11341400826754,115.35668
101.11341400826754,115.35668
99.66747412971463,115.35668
99.66747412971463,115.35668
104.9692536844086,115.35668
112.68093303669075,115.35737
104.9692536844086,115.358475
103.04133384633806,115.358894
99.66747412971463,115.35668
98.22153425116173,115.35668
95.32965449405594,115.35668
99.66747412971463,115.35668
116.53677271283179,115.35668
116.53677271283179,115.375
103.04133384633806,115.41315
96.77559437260885,115.438995
98.22153425116173,115.386475
114.03047692334012,115.35668
111.81336910955898,115.35668
111.81336910955898,115.35668
109.69265728768141,115.35668
107.57194546580382,115.35668
106.12600558725093,115.35668
104.10168975727687,115.35668
102.65574987872397,115.35668
102.65574987872397,115.35668
129.06825166029026,115.35668
167.62664842170088,115.357834
211.00484477828783,115.37171
166.66268850266562,115.40931
146.41953020292505,115.444725
135.8159710935371,115.42291
132.9240913364313,115.367195
128.104291741255,115.35668
123.28449214607866,115.36106
119.23586048613053,115.36801
120.00702842135874,115.37069
118.56108854280583,115.35668
115.57281279379653,115.35668
112.58453704478721,115.35668
111.81336910955898,115.35939
109.69265728768141,115.36369
128.104291741255,115.36535
128.104291741255,115.3613
167.62664842170088,115.371315
140.63577068871345,115.384926
110.36742923100608,115.38229
109.01788534435673,115.37768
108.24671740912851,115.35668
107.57194546580382,115.35668
109.69265728768141,115.35668
107.57194546580382,115.357544
106.12600558725093,115.35892
104.77646170060156,115.35945
104.10168975727687,115.35668
102.65574987872397,115.35668
101.9809779353993,115.35668
100.53503805684639,115.35668
99.18549417019702,115.35668
97.83595028354763,115.35668
97.83595028354763,115.35668
97.83595028354763,115.35668
95.13686251024889,115.35668
93.88371461550305,115.35668
91.37741882601136,115.35668
90.12427093126551,115.35668
90.12427093126551,115.35668
90.70264688268668,115.35668
90.70264688268668,115.35668
93.88371461550305,115.35668
92.6305667207572,115.35916
93.20894267217837,115.3631
94.4620905669242,115.36461
93.88371461550305,115.35668
129.06825166029026,115.35668
128.104291741255,115.35668
130.99617149836078,115.35668
131.96013141739604,115.35668
130.03221157932552,115.35668
127.14033182221971,115.35668
126.17637190318445,115.35668
126.17637190318445,115.35668
125.21241198414918,115.35668
123.28449214607866,115.35668
122.3205322270434,115.35668
122.3205322270434,115.35668
122.3205322270434,115.35668
122.3205322270434,115.35668
121.35657230800813,115.35668
119.23586048613053,115.35668
117.88631659948119,115.35668
116.53677271283179,115.35668
117.21154465615649,115.35668
122.3205322270434,115.35668
118.56108854280583,115.35668
116.53677271283179,115.35668
115.1872288261824,115.35668
113.25930898811188,115.35668
121.35657230800813,115.35668
126.17637190318445,115.357834
117.88631659948119,115.36577
121.35657230800813,115.37615
123.28449214607866,115.3762
122.3205322270434,115.35668
122.3205322270434,115.35668
121.35657230800813,115.35668
129.06825166029026,115.35668
119.23586048613053,115.35668
117.78992060757763,115.35668
117.01875267234942,115.35668
116.34398072902474,115.35668
116.34398072902474,115.35668
114.80164485856832,115.35668
114.80164485856832,115.35668
113.35570498001542,115.35668
112.58453704478721,115.35668
111.81336910955898,115.35668
110.36742923100608,115.35668
111.13859716623432,115.35668
110.36742923100608,115.35668
109.01788534435673,115.35668
107.57194546580382,115.35668
108.24671740912851,115.35668
107.57194546580382,115.35668
106.12600558725093,115.35726
109.01788534435673,115.35817
108.24671740912851,115.35853
107.57194546580382,115.35668
106.89717352247914,115.35668
106.12600558725093,115.35668
113.35570498001542,115.35668
116.05479275331417,115.35668
115.38002080998947,115.35668
113.35570498001542,115.35668
112.00616109336605,115.35668
115.38002080998947,115.35668
117.50073263186705,115.35668
119.52504846184112,115.35668
116.72956469663885,115.36118
114.03047692334012,115.36831
112.00616109336605,115.37105
113.35570498001542,115.35668
119.52504846184112,115.35668
116.72956469663885,115.35668
112.68093303669075,115.361
110.65661720671667,115.36787
109.40346931197082,115.37051
108.150321417225,115.35668
106.22240157915445,115.35668
105.54762963582978,115.35668
104.29448174108393,115.35668
103.04133384633806,115.35668
103.04133384633806,115.35668
100.43864206494284,115.35668
99.18549417019702,115.35668
99.18549417019702,115.35668
97.93234627545117,115.35668
97.93234627545117,115.35668
99.18549417019702,115.35668
119.71784044564818,115.35668
117.88631659948119,115.35668
116.05479275331417,115.35668
112.00616109336605,115.35668
110.65661720671667,115.35668
110.27103323910255,115.35668
108.5359053848391,115.35668
108.5359053848391,115.35668
108.150321417225,115.35668
108.92148935245321,115.35668
110.27103323910255,115.35668
113.35570498001542,115.35668
111.13859716623432,115.35668
109.40346931197082,115.35668
108.150321417225,115.35668
108.150321417225,115.35668
107.28275749009325,115.35668
106.0296095953474,115.35668
104.29448174108393,115.35668
104.29448174108393,115.35668
103.04133384633806,115.35668
107.66834145770733,115.35668
106.8007775305756,115.35899
105.54762963582978,115.36265
106.4151935629615,115.36405
109.40346931197082,115.35668
109.40346931197082,115.35818
108.150321417225,115.372154
110.7530131986202,115.39146
107.66834145770733,115.39378
116.05479275331417,115.35668
102.11593232406422,115.35668
107.28275749009325,115.35668
107.08996550628619,115.35668
130.03221157932552,115.35668
130.99617149836078,115.35668
123.28449214607866,115.35668
121.35657230800813,115.35668
119.71784044564818,115.35812
124.24845206511392,115.36041
458.0,115.3613
458.0,115.35668
458.0,115.36559
458.0,115.37974
458.0,115.38519
458.0,115.35668
458.0,115.35668
458.0,115.35668
458.0,115.35668
458.0,115.35668
458.0,115.35668
458.0,115.35668
458.0,115.35668
458.0,115.35668
458.0,115.35668
458.0,115.36347
458.0,115.377235
458.0,115.38612
458.0,115.3792
458.0,115.39023
458.0,115.39816
458.0,115.35668
458.0,115.35668
458.0,115.35668
458.0,115.35668
458.0,115.35668
458.0,115.35668
458.0,115.35668
117.9827125913847,115.35668
118.6574845347094,115.35668
119.04306850232348,115.35668
113.06651700430484,115.35668
111.90976510146253,115.35668
107.18636149818971,115.35668
121.35657230800813,115.35668
139.6718107696782,115.35668
150.2753698790661,115.37341
132.9240913364313,115.407425
124.24845206511392,115.4297
123.28449214607866,115.38117
112.97012101240131,115.35668
103.90889777346982,115.35668
122.3205322270434,115.368576
128.104291741255,115.38743
141.5997306077487,115.39469
139.6718107696782,115.35668
141.5997306077487,115.35668
147.3834901219603,115.35668
139.6718107696782,115.35668
138.7078508506429,115.35668
133.88805125546656,115.35668
134.85201117450183,115.35668
129.06825166029026,115.35726
132.9240913364313,115.35817
132.9240913364313,115.35853
126.17637190318445,115.35668
129.06825166029026,115.35668
126.17637190318445,115.35668
121.35657230800813,115.35668
134.85201117450183,115.35668
131.96013141739604,115.35668
117.69352461567411,115.35668
125.21241198414918,115.35668
124.24845206511392,115.35668
128.104291741255,115.35668
106.0296095953474,115.359856
127.14033182221971,115.36488
132.9240913364313,115.36682
130.99617149836078,115.35668
121.35657230800813,115.35668
132.9240913364313,115.35668
140.63577068871345,115.35668
126.17637190318445,115.35668
141.5997306077487,115.35668
140.63577068871345,115.35668
130.99617149836078,115.35887
128.104291741255,115.365005
125.21241198414918,115.370544
119.91063242945523,115.365166
145.45557028388978,115.35668
142.56369052678397,115.35668
135.8159710935371,115.35668
138.7078508506429,115.35668
122.3205322270434,115.35668
129.06825166029026,115.35668
114.89804085047184,115.35668
112.68093303669075,115.35668
119.23586048613053,115.35668
127.14033182221971,115.35668
134.85201117450183,115.35668
143.52765044581926,115.357834
121.35657230800813,115.359665
133.88805125546656,115.36037
130.99617149836078,115.35668
124.24845206511392,115.35668
120.29621639706933,115.35668
124.24845206511392,115.35668
128.104291741255,115.35668
125.21241198414918,115.35668
124.24845206511392,115.35668
123.28449214607866,115.35668
128.104291741255,115.35668
125.21241198414918,115.35668
130.03221157932552,115.35668
128.104291741255,115.35668
119.13946449422701,115.35668
120.39261238897285,115.35668
120.39261238897285,115.35668
120.39261238897285,115.35668
115.95839676141064,115.35668
133.88805125546656,115.35668
140.63577068871345,115.35668
129.06825166029026,115.35668
127.14033182221971,115.35668
116.72956469663885,115.35668
118.07910858328822,115.35668
135.8159710935371,115.35668
129.06825166029026,115.35668
130.99617149836078,115.35668
128.104291741255,115.35668
130.99617149836078,115.35668
127.14033182221971,115.35668
127.14033182221971,115.35668
128.104291741255,115.35668
122.3205322270434,115.35668
130.99617149836078,115.35668
129.06825166029026,115.35668
128.104291741255,115.35668
112.77732902859425,115.35668
110.46382522290962,115.35668
125.21241198414918,115.35668
117.21154465615649,115.35668
120.10342441326227,115.35668
123.28449214607866,115.35668
139.6718107696782,115.35737
110.84940919052373,115.3621
117.30794064806001,115.368286
126.17637190318445,115.36893
116.34398072902474,115.35832
110.84940919052373,115.36015
105.7404216196368,115.36041
110.27103323910255,115.3613
260.1668006490864,115.359505
221.60840388767576,115.36503
178.2302075310888,115.404785
147.3834901219603,115.46445
116.82596068854238,115.49027
125.21241198414918,115.371086
133.88805125546656,115.35817
124.24845206511392,115.35853
124.24845206511392,115.35668
129.06825166029026,115.35668
118.36829655899881,115.35668
114.12687291524362,115.35668
123.28449214607866,115.35668
118.6574845347094,115.35668
118.94667251041996,115.378235
148.34745004099557,115.43136
146.41953020292505,115.47428
137.74389093160764,115.417984
128.104291741255,115.35668
120.29621639706933,115.35668
143.52765044581926,115.35668
127.14033182221971,115.35668
125.21241198414918,115.35668
123.28449214607866,115.35668
123.28449214607866,115.35668
126.17637190318445,115.35668
117.5971286237706,115.35668
115.38002080998947,115.35668
119.23586048613053,115.35668
117.5971286237706,115.35668
120.39261238897285,115.35668
122.3205322270434,115.35668
131.96013141739604,115.35668
140.63577068871345,115.35668
128.104291741255,115.35668
127.14033182221971,115.35668
126.17637190318445,115.35668
119.62144445374466,115.35668
122.3205322270434,115.35668
122.3205322270434,115.35668
121.35657230800813,115.35668
125.21241198414918,115.35668
122.3205322270434,115.35668
120.39261238897285,115.35668
111.81336910955898,115.35668
105.83681761154037,115.35668
96.67919838070532,115.35668
103.33052182204865,115.35668
107.76473744961089,115.35668
108.150321417225,115.35668
100.92062202446049,115.35668
90.89543886649373,115.35668
101.01701801636402,115.35668
102.55935388682045,115.35668
102.36656190301338,115.35668
109.69265728768141,115.35668
97.83595028354763,115.35668
102.36656190301338,115.35668
103.04133384633806,115.35668
93.49813064788894,115.35668
102.46295789491693,115.35668
102.36656190301338,115.35668
99.86026611352172,115.35668
102.36656190301338,115.35668
97.16117834022295,115.35668
98.22153425116173,115.35668
93.59452663979246,115.35668
95.71523846167007,115.35668
95.32965449405594,115.35668
95.32965449405594,115.35668
96.39001040499473,115.35668
82.21979959517633,115.35668
106.7043815386721,115.35668
107.28275749009325,115.35668
123.28449214607866,115.35668
119.33225647803407,115.35668
111.4277851419449,115.35668
118.56108854280583,115.35668
117.30794064806001,115.35668
107.4755494739003,115.35668
116.44037672092828,115.35668
117.5971286237706,115.35668
151.23932979810135,115.36256
150.2753698790661,115.38425
134.85201117450183,115.40754
129.06825166029026,115.396515
123.28449214607866,115.35668
123.28449214607866,115.35887
117.01875267234942,115.36235
122.3205322270434,115.36657
117.69352461567411,115.36414
117.40433663996355,115.3659
121.35657230800813,115.35668
117.78992060757763,115.35668
112.39174506098016,115.35668
115.476416801893,115.35668
110.46382522290962,115.35668
109.69265728768141,115.35668
109.01788534435673,115.35668
98.31793024306526,115.35668
130.99617149836078,115.35668
124.24845206511392,115.35668
138.7078508506429,115.35668
131.96013141739604,115.35668
125.21241198414918,115.35668
117.78992060757763,115.35668
130.03221157932552,115.35668
118.27190056709527,115.35668
127.14033182221971,115.35668
126.17637190318445,115.35668
127.14033182221971,115.35668
128.104291741255,115.35668
108.63230137674262,115.35668
127.14033182221971,115.35668
129.06825166029026,115.35668
108.63230137674262,115.35668
148.34745004099557,115.35668
143.52765044581926,115.35668
137.74389093160764,115.35934
129.06825166029026,115.36354
125.21241198414918,115.365166
120.1998204051658,115.35668
129.06825166029026,115.35668
130.03221157932552,115.35668
125.21241198414918,115.35668
129.06825166029026,115.35668
120.39261238897285,115.35668
126.17637190318445,115.35668
104.87285769250508,115.35668
106.22240157915445,115.35668
110.46382522290962,115.35668
111.81336910955898,115.35668
113.35570498001542,115.35668
104.10168975727687,115.35668
107.66834145770733,115.35668
130.03221157932552,115.35668
119.81423643755171,115.35668
141.5997306077487,115.37097
121.35657230800813,115.40986
117.21154465615649,115.444664
108.150321417225,115.40963
111.33138915004135,115.35668
113.45210097191895,115.35668
116.72956469663885,115.35668
119.13946449422701,115.35668
119.13946449422701,115.35668
118.17550457519175,115.35668
113.25930898811188,115.35668
107.18636149818971,115.35668
105.35483765202272,115.35668
114.70524886666479,115.35668
109.01788534435673,115.35668
110.94580518242725,115.35668
109.01788534435673,115.35668
108.150321417225,115.35668
108.63230137674262,115.35668
105.93321360344387,115.35668
107.66834145770733,115.35668
110.07824125529552,115.35668
106.7043815386721,115.35668
104.87285769250508,115.35668
106.7043815386721,115.35668
130.99617149836078,115.35668
154.13120955520716,115.36118
140.63577068871345,115.38426
116.63316870473531,115.41353
114.22326890714716,115.41094
121.35657230800813,115.36037
112.39174506098016,115.35668
116.44037672092828,115.35668
114.31966489905068,115.35668
118.46469255090233,115.35668
107.18636149818971,115.35668
112.87372502049777,115.35668
123.28449214607866,115.35668
163.7708087455598,115.37228
125.21241198414918,115.40915
125.21241198414918,115.4382
122.3205322270434,115.39633
127.14033182221971,115.35887
117.5971286237706,115.36235
112.29534906907662,115.36369
116.34398072902474,115.35668
121.35657230800813,115.35668
125.21241198414918,115.35668
130.03221157932552,115.35668
130.03221157932552,115.35668
155.09516947424243,115.35668
152.20328971713664,115.35668
151.23932979810135,115.35668
149.31140996003083,115.35668
149.31140996003083,115.35668
148.34745004099557,115.35668
148.34745004099557,115.35668
151.23932979810135,115.35668
132.9240913364313,115.35668
136.77993101257238,115.35668
121.35657230800813,115.35668
116.63316870473531,115.35668
130.99617149836078,115.35668
146.41953020292505,115.35668
153.1672496361719,115.359276
157.02308931231295,115.363396
144.49161036485452,115.36636
143.52765044581926,115.36027
130.99617149836078,115.36111
144.49161036485452,115.35668
133.88805125546656,115.35668
133.88805125546656,115.35668
124.24845206511392,115.35668
127.14033182221971,115.35668
122.3205322270434,115.35668
124.24845206511392,115.35668
126.17637190318445,115.35911
136.77993101257238,115.36295
135.8159710935371,115.364426
139.6718107696782,115.35668
138.7078508506429,115.35668
140.63577068871345,115.35668
137.74389093160764,115.35668
136.77993101257238,115.35668
119.71784044564818,115.35668
131.96013141739604,115.35668
130.03221157932552,115.35668
121.35657230800813,115.35668
121.35657230800813,115.35668
121.35657230800813,115.35668
124.24845206511392,115.35668
126.17637190318445,115.35668
133.88805125546656,115.35668
124.24845206511392,115.35668
131.96013141739604,115.35668
146.41953020292505,115.35668
134.85201117450183,115.35668
130.03221157932552,115.35668
120.39261238897285,115.35668
128.104291741255,115.35668
144.49161036485452,115.35668
142.56369052678397,115.35668
141.5997306077487,115.35668
141.5997306077487,115.36314
122.3205322270434,115.38181
124.24845206511392,115.399216
126.17637190318445,115.38391
133.88805125546656,115.35668
130.03221157932552,115.35668
128.104291741255,115.35668
128.104291741255,115.35668
128.104291741255,115.35668
122.3205322270434,115.35668
128.104291741255,115.35708
136.77993101257238,115.36135
119.23586048613053,115.36736
115.1872288261824,115.36829
107.08996550628619,115.35668
106.31879757105798,115.35668
104.29448174108393,115.35668
104.00529376537335,115.35668
127.14033182221971,115.35668
110.36742923100608,115.35668
111.4277851419449,115.35668
110.65661720671667,115.35668
99.47468214590758,115.35668
94.65488255073126,115.35668
99.37828615400407,115.35668
113.74128894762953,115.35668
115.476416801893,115.35668
109.88544927148845,115.358345
102.36656190301338,115.361015
96.87199036451236,115.36204
135.8159710935371,115.35668
125.21241198414918,115.35668
131.96013141739604,115.35668
139.6718107696782,115.35668
124.24845206511392,115.35668
123.28449214607866,115.35668
122.3205322270434,115.35668
121.35657230800813,115.35668
127.14033182221971,115.35668
126.17637190318445,115.35668
126.17637190318445,115.35668
110.27103323910255,115.35668
131.96013141739604,115.35668
108.150321417225,115.35668
113.06651700430484,115.35668
119.91063242945523,115.35668
117.50073263186705,115.35668
120.39261238897285,115.35668
118.6574845347094,115.35668
115.95839676141064,115.35668
120.29621639706933,115.35668
125.21241198414918,115.35668
122.3205322270434,115.35668
117.50073263186705,115.35668
105.45123364392623,115.35668
115.76560477760358,115.35668
121.35657230800813,115.35668
117.69352461567411,115.35668
143.52765044581926,115.35668
144.49161036485452,115.35668
141.5997306077487,115.35668
131.96013141739604,115.35668
136.77993101257238,115.35668
129.06825166029026,115.35668
132.9240913364313,115.35668
130.03221157932552,115.35668
128.104291741255,115.35668
118.75388052661292,115.35668
122.3205322270434,115.35668
125.21241198414918,115.35668
128.104291741255,115.35668
130.99617149836078,115.35668
133.88805125546656,115.35668
122.3205322270434,115.35668
126.17637190318445,115.358696
110.7530131986202,115.36191
106.7043815386721,115.36314
113.64489295572598,115.35668
114.60885287476127,115.35668
124.24845206511392,115.35668
126.17637190318445,115.35668
127.14033182221971,115.35668
113.54849696382247,115.35668
123.28449214607866,115.35668
115.57281279379653,115.35773
116.05479275331417,115.35937
151.23932979810135,115.36
150.2753698790661,115.35668
150.2753698790661,115.35668
153.1672496361719,115.35668
159.91496906941876,115.35668
154.13120955520716,115.35668
161.84288890748928,115.35668
174.37436785494776,115.35668
206.1850451831115,115.36083
237.9957225112753,115.38135
180.15812736915933,115.42236
168.59060834073617,115.4442
168.59060834073617,115.41017
158.9510091503835,115.35668
184.97792696433567,115.35668
165.69872858363036,115.35668
171.48248809784195,115.358925
157.9870492313482,115.364746
160.87892898845402,115.382545
150.2753698790661,115.39722
161.84288890748928,115.39998
159.91496906941876,115.36191
157.9870492313482,115.36314
151.23932979810135,115.35668
154.13120955520716,115.35668
150.2753698790661,115.35668
155.09516947424243,115.35668
165.69872858363036,115.35668
94.26929858311716,115.35969
94.26929858311716,115.34111
95.522446477863,115.310036
102.94493785443456,115.25753
102.94493785443456,115.2598
104.29448174108393,115.26312
100.43864206494284,115.267685
100.43864206494284,115.26452
99.28189016210054,115.26666
99.28189016210054,115.25753
99.28189016210054,115.25753
99.28189016210054,115.25753
99.28189016210054,115.25753
101.6917899596887,115.25753
104.29448174108393,115.25753
104.29448174108393,115.25753
105.64402562773328,115.25753
102.94493785443456,115.25753
102.94493785443456,115.25753
102.94493785443456,115.25753
100.43864206494284,115.25753
100.43864206494284,115.25753
100.43864206494284,115.25753
100.43864206494284,115.25753
100.43864206494284,115.25753
98.0287422673547,115.25753
98.0287422673547,115.25753
98.0287422673547,115.25753
100.43864206494284,115.25753
106.0296095953474,115.25753
104.9692536844086,115.25753
102.7521458706275,115.25753
101.6917899596887,115.25753
100.72783004065343,115.25753
100.72783004065343,115.25753
100.72783004065343,115.25753
99.66747412971463,115.25753
97.64315829974059,115.258385
96.67919838070532,115.25963
95.71523846167007,115.26027
95.71523846167007,115.25753
94.65488255073126,115.25753
95.71523846167007,115.25753
95.71523846167007,115.25753
93.690922631696,115.25753
93.690922631696,115.25753
91.66660680172194,115.25753
91.66660680172194,115.25753
91.66660680172194,115.25753
93.690922631696,115.25753
91.66660680172194,115.25753
90.70264688268668,115.25753
89.83508295555494,115.25753
90.70264688268668,115.25753
90.70264688268668,115.25753
88.87112303651966,115.25753
87.90716311748439,115.25753
145.45557028388978,115.25753
145.45557028388978,115.25753
143.52765044581926,115.26379
137.74389093160764,115.27344
137.74389093160764,115.27901
138.7078508506429,115.25936
135.8159710935371,115.25753
132.9240913364313,115.25753
131.96013141739604,115.25753
131.96013141739604,115.25753
130.03221157932552,115.25753
130.03221157932552,115.25753
130.03221157932552,115.25753
129.06825166029026,115.25753
127.14033182221971,115.25753
125.21241198414918,115.25753
125.21241198414918,115.25753
130.03221157932552,115.25753
125.21241198414918,115.25753
123.28449214607866,115.25753
122.3205322270434,115.25753
122.3205322270434,115.25753
120.39261238897285,115.25753
119.52504846184112,115.25753
118.36829655899881,115.25753
117.21154465615649,115.25753
117.21154465615649,115.25753
117.21154465615649,115.25753
108.150321417225,115.25753
107.08996550628619,115.25753
106.0296095953474,115.25753
103.81250178156628,115.25753
102.7521458706275,115.25753
101.6917899596887,115.25753
101.6917899596887,115.25753
101.6917899596887,115.25753
99.66747412971463,115.25753
99.66747412971463,115.25753
97.64315829974059,115.25753
96.67919838070532,115.25753
96.67919838070532,115.25753
96.67919838070532,115.25753
96.67919838070532,115.25753
95.71523846167007,115.25753
93.690922631696,115.25753
91.66660680172194,115.25753
91.66660680172194,115.25753
91.66660680172194,115.25753
89.83508295555494,115.25753
89.83508295555494,115.25753
90.70264688268668,115.25753
91.66660680172194,115.25753
91.66660680172194,115.25753
93.690922631696,115.25753
91.66660680172194,115.25867
91.66660680172194,115.26032
96.00442643738063,115.261185
97.16117834022295,115.25753
96.00442643738063,115.25753
94.84767453453831,115.25753
93.59452663979246,115.25753
91.28102283410783,115.25753
90.12427093126551,115.25753
90.12427093126551,115.25753
90.12427093126551,115.25753
91.28102283410783,115.25753
91.28102283410783,115.25753
90.12427093126551,115.25753
90.12427093126551,115.25753
87.71437113367735,115.25753
86.55761923083503,115.25753
86.55761923083503,115.25753
85.40086732799271,115.25753
85.40086732799271,115.25753
84.34051141705392,115.25753
85.40086732799271,115.25753
90.12427093126551,115.25753
90.12427093126551,115.25867
85.40086732799271,115.26345
84.34051141705392,115.268875
83.28015550611512,115.267586
82.21979959517633,115.25753
81.15944368423754,115.25753
81.15944368423754,115.25753
81.15944368423754,115.25753
112.87372502049777,115.25753
112.87372502049777,115.25753
113.54849696382247,115.25753
111.4277851419449,115.25753
112.87372502049777,115.25753
112.87372502049777,115.25753
112.87372502049777,115.25753
111.4277851419449,115.25753
111.4277851419449,115.25753
108.72869736864614,115.25753
109.30707332006732,115.25753
108.05392542532145,115.25753
107.37915348199678,115.25753
107.37915348199678,115.25753
106.12600558725093,115.25753
104.87285769250508,115.25753
107.37915348199678,115.25753
107.37915348199678,115.25753
106.8007775305756,115.25753
106.12600558725093,115.25753
106.8007775305756,115.25753
107.37915348199678,115.25753
106.12600558725093,115.25753
104.87285769250508,115.25753
111.4277851419449,115.25753
110.7530131986202,115.25753
107.37915348199678,115.25753
107.37915348199678,115.25753
458.0,115.25753
458.0,115.25753
458.0,115.25753
458.0,115.25753
458.0,115.25753
458.0,115.25753
458.0,115.25753
458.0,115.25753
458.0,115.25753
458.0,115.25753
458.0,115.25753
145.45557028388978,115.26435
136.77993101257238,115.28407
131.96013141739604,115.30358
132.9240913364313,115.28926
137.74389093160764,115.25753
132.9240913364313,115.26151
129.06825166029026,115.27298
127.14033182221971,115.28419
127.14033182221971,115.275795
125.21241198414918,115.25753
125.21241198414918,115.25753
124.24845206511392,115.25753
121.35657230800813,115.25753
118.36829655899881,115.25753
115.1872288261824,115.25753
114.31966489905068,115.25753
113.74128894762953,115.25753
139.6718107696782,115.25753
142.56369052678397,115.25753
145.45557028388978,115.25753
143.52765044581926,115.25753
143.52765044581926,115.25753
143.52765044581926,115.25753
142.56369052678397,115.25753
141.5997306077487,115.25753
141.5997306077487,115.25753
141.5997306077487,115.25753
142.56369052678397,115.25753
139.6718107696782,115.25753
139.6718107696782,115.25753
139.6718107696782,115.25753
139.6718107696782,115.25753
139.6718107696782,115.25753
139.6718107696782,115.25753
141.5997306077487,115.25867
141.5997306077487,115.26032
138.7078508506429,115.27151
136.77993101257238,115.283295
133.88805125546656,115.29071
132.9240913364313,115.25753
132.9240913364313,115.25753
130.99617149836078,115.25753
130.03221157932552,115.25753
130.03221157932552,115.25753
130.03221157932552,115.25753
117.11514866425296,115.25753
117.11514866425296,115.25753
118.56108854280583,115.25753
117.11514866425296,115.25753
115.66920878570005,115.25753
118.56108854280583,115.25753
120.00702842135874,115.25753
121.35657230800813,115.25753
120.00702842135874,115.25753
118.56108854280583,115.25753
118.56108854280583,115.25753
117.11514866425296,115.25753
117.11514866425296,115.25753
114.22326890714716,115.25753
115.66920878570005,115.25753
114.22326890714716,115.260605
114.22326890714716,115.26736
112.87372502049777,115.27298
112.87372502049777,115.26484
109.981845263392,115.25753
109.981845263392,115.25753
111.4277851419449,115.25753
114.22326890714716,115.25753
114.22326890714716,115.25753
117.11514866425296,115.25753
115.66920878570005,115.26435
111.4277851419449,115.27428
109.981845263392,115.279434
111.4277851419449,115.25753
93.40173465598542,115.25753
93.40173465598542,115.25753
91.47381481791489,115.25753
90.50985489887961,115.25753
89.44949898794083,115.25753
89.44949898794083,115.25753
88.48553906890557,115.25753
84.53330340086096,115.25753
83.5693434818257,115.25753
82.70177955469396,115.25753
82.70177955469396,115.25753
81.83421562756223,115.25753
80.00269178139523,115.25753
79.13512785426349,115.25753
79.13512785426349,115.25753
78.26756392713175,115.25753
77.4,115.25753
77.4,115.25753
78.26756392713175,115.25753
84.53330340086096,115.25753
84.53330340086096,115.260666
81.83421562756223,115.269196
80.96665170043049,115.27733
80.00269178139523,115.27032
79.13512785426349,115.25753
80.00269178139523,115.25753
79.13512785426349,115.25753
80.00269178139523,115.25753
112.39174506098016,115.25753
110.84940919052373,115.25753
109.30707332006732,115.25753
106.12600558725093,115.25753
112.39174506098016,115.25753
109.30707332006732,115.25753
107.66834145770733,115.25753
106.12600558725093,115.25753
104.58366971679449,115.25753
104.58366971679449,115.25753
103.04133384633806,115.25753
103.04133384633806,115.25753
99.95666210542522,115.25753
98.60711821877585,115.25753
97.16117834022295,115.25753
95.81163445357359,115.29369
94.36569457502068,115.35081
94.36569457502068,115.36948
95.81163445357359,115.26211
95.81163445357359,115.25753
94.36569457502068,115.25753
94.36569457502068,115.25753
94.36569457502068,115.25753
95.81163445357359,115.25753
95.81163445357359,115.25753
94.36569457502068,115.25753
98.60711821877585,115.25895
99.95666210542522,115.261024
112.39174506098016,115.26211
110.84940919052373,115.25753
109.30707332006732,115.25753
106.12600558725093,115.25753
112.39174506098016,115.25753
109.30707332006732,115.25753
107.66834145770733,115.25753
106.12600558725093,115.25753
104.58366971679449,115.25753
104.58366971679449,115.25753
103.04133384633806,115.25753
103.04133384633806,115.25753
99.95666210542522,115.25753
98.60711821877585,115.25753
97.16117834022295,115.25753
95.81163445357359,115.25753
94.36569457502068,115.25753
94.36569457502068,115.25753
95.81163445357359,115.25753
95.81163445357359,115.25753
94.36569457502068,115.25753
94.36569457502068,115.25753
94.36569457502068,115.25753
95.81163445357359,115.25753
95.81163445357359,115.25753
94.36569457502068,115.25753
98.60711821877585,115.25753
110.84940919052373,115.26095
137.74389093160764,115.279755
139.6718107696782,115.30353
135.8159710935371,115.30208
133.88805125546656,115.25753
130.03221157932552,115.25753
133.88805125546656,115.25753
131.96013141739604,115.25753
145.45557028388978,115.26605
147.3834901219603,115.28184
139.6718107696782,115.293175
126.17637190318445,115.26849
130.03221157932552,115.25753
126.17637190318445,115.25753
122.3205322270434,115.25753
126.17637190318445,115.25753
124.24845206511392,115.25753
122.3205322270434,115.25753
122.3205322270434,115.25753
118.46469255090233,115.25753
116.53677271283179,115.25753
114.60885287476127,115.25753
114.60885287476127,115.25753
114.60885287476127,115.25753
112.68093303669075,115.25753
112.68093303669075,115.25753
110.7530131986202,115.25753
110.7530131986202,115.25753
110.7530131986202,115.25753
114.60885287476127,115.25753
104.9692536844086,115.25753
103.04133384633806,115.25753
101.11341400826754,115.25753
99.66747412971463,115.25753
99.66747412971463,115.25753
99.66747412971463,115.25753
98.22153425116173,115.25753
96.77559437260885,115.25753
95.32965449405594,115.25753
106.89717352247914,115.25753
114.60885287476127,115.25753
103.04133384633806,115.25753
99.66747412971463,115.25753
103.04133384633806,115.25753
108.82509336054967,115.25753
108.82509336054967,115.25753
104.9692536844086,115.25753
104.9692536844086,115.25753
98.22153425116173,115.25753
96.77559437260885,115.25753
95.32965449405594,115.26123
93.88371461550305,115.26662
90.99183485839724,115.26941
89.54589497984435,115.25753
88.09995510129146,115.25753
89.54589497984435,115.25753
92.43777473695015,115.2581
92.43777473695015,115.25893
112.39174506098016,115.25936
109.30707332006732,115.25753
107.66834145770733,115.25753
106.12600558725093,115.25753
104.58366971679449,115.25753
104.58366971679449,115.25753
101.49899797588165,115.25753
99.95666210542522,115.25753
107.66834145770733,115.25753
132.9240913364313,115.25753
130.99617149836078,115.269104
122.3205322270434,115.28661
115.476416801893,115.2947
106.12600558725093,115.25753
103.04133384633806,115.25753
103.04133384633806,115.25753
101.49899797588165,115.25753
99.95666210542522,115.25753
98.60711821877585,115.25753
97.16117834022295,115.25753
95.81163445357359,115.25753
95.81163445357359,115.25753
106.12600558725093,115.25753
99.95666210542522,115.261795
99.95666210542522,115.26801
97.16117834022295,115.27123
94.36569457502068,115.25753
93.0161506883713,115.25753
103.04133384633806,115.25753
103.04133384633806,115.25753
103.04133384633806,115.25753
101.11341400826754,115.25753
99.66747412971463,115.25753
101.11341400826754,115.25753
101.11341400826754,115.25753
99.66747412971463,115.25753
98.22153425116173,115.25753
101.11341400826754,115.25753
101.11341400826754,115.25753
101.11341400826754,115.25753
101.11341400826754,115.25753
99.66747412971463,115.25753
99.66747412971463,115.25753
104.9692536844086,115.25753
112.68093303669075,115.262085
104.9692536844086,115.27437
103.04133384633806,115.286
99.66747412971463,115.275795
98.22153425116173,115.25753
95.32965449405594,115.25753
99.66747412971463,115.25753
116.53677271283179,115.25753
116.53677271283179,115.26803
103.04133384633806,115.283745
96.77559437260885,115.29125
98.22153425116173,115.25753
114.03047692334012,115.25753
111.81336910955898,115.25753
111.81336910955898,115.25753
109.69265728768141,115.25753
107.57194546580382,115.25753
106.12600558725093,115.25753
104.10168975727687,115.25753
102.65574987872397,115.25753
102.65574987872397,115.25753
129.06825166029026,115.25753
167.62664842170088,115.25753
211.00484477828783,115.27929
166.66268850266562,115.33581
146.41953020292505,115.38376
135.8159710935371,115.33072
132.9240913364313,115.25753
128.104291741255,115.25753
123.28449214607866,115.26526
119.23586048613053,115.27651
120.00702842135874,115.28235
118.56108854280583,115.25753
115.57281279379653,115.25753
112.58453704478721,115.25753
111.81336910955898,115.25753
109.69265728768141,115.25753
128.104291741255,115.25753
128.104291741255,115.25753
167.62664842170088,115.26407
140.63577068871345,115.28006
110.36742923100608,115.29443
109.01788534435673,115.27853
108.24671740912851,115.25753
107.57194546580382,115.25753
109.69265728768141,115.25753
107.57194546580382,115.25753
106.12600558725093,115.260086
104.77646170060156,115.26383
104.10168975727687,115.265755
102.65574987872397,115.25753
101.9809779353993,115.25753
100.53503805684639,115.25753
99.18549417019702,115.25753
97.83595028354763,115.25753
97.83595028354763,115.25753
97.83595028354763,115.25753
95.13686251024889,115.25753
93.88371461550305,115.25753
91.37741882601136,115.25753
90.12427093126551,115.25753
90.12427093126551,115.25753
90.70264688268668,115.25753
90.70264688268668,115.25753
93.88371461550305,115.25753
92.6305667207572,115.25753
93.20894267217837,115.25753
94.4620905669242,115.25753
93.88371461550305,115.25753
129.06825166029026,115.25753
128.104291741255,115.25753
130.99617149836078,115.25753
131.96013141739604,115.25753
130.03221157932552,115.25753
127.14033182221971,115.25753
126.17637190318445,115.25753
126.17637190318445,115.25753
125.21241198414918,115.25753
123.28449214607866,115.25753
122.3205322270434,115.25753
122.3205322270434,115.25753
122.3205322270434,115.25753
122.3205322270434,115.25753
121.35657230800813,115.25753
119.23586048613053,115.25753
117.88631659948119,115.25753
116.53677271283179,115.25753
117.21154465615649,115.25753
122.3205322270434,115.25753
118.56108854280583,115.25753
116.53677271283179,115.25753
115.1872288261824,115.25753
113.25930898811188,115.25753
121.35657230800813,115.25753
126.17637190318445,115.25753
117.88631659948119,115.26577
121.35657230800813,115.285355
123.28449214607866,115.302635
122.3205322270434,115.28217
122.3205322270434,115.25753
121.35657230800813,115.25753
129.06825166029026,115.25844
119.23586048613053,115.259766
117.78992060757763,115.26046
117.01875267234942,115.25753
116.34398072902474,115.25753
116.34398072902474,115.25753
114.80164485856832,115.25753
114.80164485856832,115.25753
113.35570498001542,115.25753
112.58453704478721,115.25753
111.81336910955898,115.25753
110.36742923100608,115.25753
111.13859716623432,115.25753
110.36742923100608,115.25753
109.01788534435673,115.25753
107.57194546580382,115.25753
108.24671740912851,115.25753
107.57194546580382,115.25753
106.12600558725093,115.25753
109.01788534435673,115.25753
108.24671740912851,115.25753
107.57194546580382,115.25753
106.89717352247914,115.25753
106.12600558725093,115.25753
113.35570498001542,115.25753
116.05479275331417,115.25753
115.38002080998947,115.25753
113.35570498001542,115.25753
112.00616109336605,115.25753
115.38002080998947,115.25753
117.50073263186705,115.26293
119.52504846184112,115.27078
116.72956469663885,115.27488
114.03047692334012,115.25753
112.00616109336605,115.25753
113.35570498001542,115.25753
119.52504846184112,115.25753
116.72956469663885,115.25992
112.68093303669075,115.263405
110.65661720671667,115.2652
109.40346931197082,115.25753
108.150321417225,115.25753
106.22240157915445,115.25753
105.54762963582978,115.25753
104.29448174108393,115.25753
103.04133384633806,115.25753
103.04133384633806,115.25753
100.43864206494284,115.25753
99.18549417019702,115.25753
99.18549417019702,115.25753
97.93234627545117,115.25753
97.93234627545117,115.25753
99.18549417019702,115.25753
119.71784044564818,115.25753
117.88631659948119,115.25753
116.05479275331417,115.25753
112.00616109336605,115.25753
110.65661720671667,115.25753
110.27103323910255,115.25753
108.5359053848391,115.25753
108.5359053848391,115.25753
108.150321417225,115.25753
108.92148935245321,115.25753
110.27103323910255,115.25753
113.35570498001542,115.25753
111.13859716623432,115.25753
109.40346931197082,115.25753
108.150321417225,115.25753
108.150321417225,115.25753
107.28275749009325,115.25753
106.0296095953474,115.25753
104.29448174108393,115.25753
104.29448174108393,115.25753
103.04133384633806,115.25753
107.66834145770733,115.25753
106.8007775305756,115.258385
105.54762963582978,115.268135
106.4151935629615,115.28118
109.40346931197082,115.28489
109.40346931197082,115.25753
108.150321417225,115.26463
110.7530131986202,115.27496
107.66834145770733,115.28034
116.05479275331417,115.25753
102.11593232406422,115.25753
107.28275749009325,115.25753
107.08996550628619,115.25753
130.03221157932552,115.25753
130.99617149836078,115.25753
123.28449214607866,115.25753
121.35657230800813,115.25753
119.71784044564818,115.25753
124.24845206511392,115.25753
458.0,115.25753
458.0,115.26831
458.0,115.28449
458.0,115.29216
458.0,115.25753
458.0,115.25753
458.0,115.25753
458.0,115.25753
458.0,115.25753
458.0,115.25753
458.0,115.25753
458.0,115.25753
458.0,115.25753
458.0,115.25753
458.0,115.26549
458.0,115.27932
458.0,115.28861
458.0,115.26484
458.0,115.264915
458.0,115.27567
458.0,115.28125
458.0,115.25753
458.0,115.25753
458.0,115.25753
458.0,115.25753
458.0,115.25753
458.0,115.25753
458.0,115.25753
117.9827125913847,115.25753
118.6574845347094,115.25753
119.04306850232348,115.25753
113.06651700430484,115.25753
111.90976510146253,115.25753
107.18636149818971,115.25753
121.35657230800813,115.25753
139.6718107696782,115.25753
150.2753698790661,115.27311
132.9240913364313,115.30817
124.24845206511392,115.334145
123.28449214607866,115.29307
112.97012101240131,115.25753
103.90889777346982,115.25753
122.3205322270434,115.258385
128.104291741255,115.25963
141.5997306077487,115.26027
139.6718107696782,115.25753
141.5997306077487,115.25753
147.3834901219603,115.25753
139.6718107696782,115.25753
138.7078508506429,115.25753
133.88805125546656,115.25753
134.85201117450183,115.25753
129.06825166029026,115.25753
132.9240913364313,115.25753
132.9240913364313,115.25753
126.17637190318445,115.25753
129.06825166029026,115.25753
126.17637190318445,115.25753
121.35657230800813,115.25753
134.85201117450183,115.25753
131.96013141739604,115.25753
117.69352461567411,115.25753
125.21241198414918,115.25753
124.24845206511392,115.25753
128.104291741255,115.25753
106.0296095953474,115.25753
127.14033182221971,115.25753
132.9240913364313,115.25753
130.99617149836078,115.25753
121.35657230800813,115.25753
132.9240913364313,115.25753
140.63577068871345,115.25753
126.17637190318445,115.25753
141.5997306077487,115.25753
140.63577068871345,115.25753
130.99617149836078,115.26106
128.104291741255,115.2662
125.21241198414918,115.26885
119.91063242945523,115.25753
145.45557028388978,115.25753
142.56369052678397,115.25753
135.8159710935371,115.25753
138.7078508506429,115.25753
122.3205322270434,115.25753
129.06825166029026,115.25753
114.89804085047184,115.25753
112.68093303669075,115.25753
119.23586048613053,115.25753
127.14033182221971,115.25753
134.85201117450183,115.25753
143.52765044581926,115.25992
121.35657230800813,115.263405
133.88805125546656,115.2652
130.99617149836078,115.25753
124.24845206511392,115.25753
120.29621639706933,115.25753
124.24845206511392,115.25753
128.104291741255,115.26095
125.21241198414918,115.265915
124.24845206511392,115.26849
123.28449214607866,115.25753
128.104291741255,115.25753
125.21241198414918,115.25753
130.03221157932552,115.25753
128.104291741255,115.25753
119.13946449422701,115.25753
120.39261238897285,115.25753
120.39261238897285,115.25753
120.39261238897285,115.25753
115.95839676141064,115.25753
133.88805125546656,115.25753
140.63577068871345,115.25753
129.06825166029026,115.25753
127.14033182221971,115.25753
116.72956469663885,115.25753
118.07910858328822,115.25753
135.8159710935371,115.25753
129.06825166029026,115.25753
130.99617149836078,115.25753
128.104291741255,115.25753
130.99617149836078,115.25753
127.14033182221971,115.25753
127.14033182221971,115.25753
128.104291741255,115.25753
122.3205322270434,115.25753
130.99617149836078,115.25753
129.06825166029026,115.25753
128.104291741255,115.25753
112.77732902859425,115.25753
110.46382522290962,115.25753
125.21241198414918,115.25753
117.21154465615649,115.25753
120.10342441326227,115.25753
123.28449214607866,115.25753
139.6718107696782,115.25753
110.84940919052373,115.25753
117.30794064806001,115.25753
126.17637190318445,115.25753
116.34398072902474,115.26095
110.84940919052373,115.265915
105.7404216196368,115.26849
110.27103323910255,115.25753
260.1668006490864,115.25952
221.60840388767576,115.26242
178.2302075310888,115.29034
147.3834901219603,115.3262
116.82596068854238,115.34219
125.21241198414918,115.26211
133.88805125546656,115.25753
124.24845206511392,115.25753
124.24845206511392,115.25753
129.06825166029026,115.25753
118.36829655899881,115.25753
114.12687291524362,115.25753
123.28449214607866,115.25753
118.6574845347094,115.25753
118.94667251041996,115.25822
148.34745004099557,115.25921
146.41953020292505,115.25972
137.74389093160764,115.25753
128.104291741255,115.25753
120.29621639706933,115.25753
143.52765044581926,115.25753
127.14033182221971,115.25753
125.21241198414918,115.25753
123.28449214607866,115.25753
123.28449214607866,115.25753
126.17637190318445,115.25753
117.5971286237706,115.25753
115.38002080998947,115.25753
119.23586048613053,115.25753
117.5971286237706,115.25753
120.39261238897285,115.25753
122.3205322270434,115.25753
131.96013141739604,115.25753
140.63577068871345,115.25753
128.104291741255,115.25753
127.14033182221971,115.25753
126.17637190318445,115.25753
119.62144445374466,115.25753
122.3205322270434,115.25753
122.3205322270434,115.25753
121.35657230800813,115.25753
125.21241198414918,115.25753
122.3205322270434,115.25753
120.39261238897285,115.25753
111.81336910955898,115.25753
105.83681761154037,115.25753
96.67919838070532,115.25753
103.33052182204865,115.25753
107.76473744961089,115.25753
108.150321417225,115.25753
100.92062202446049,115.25753
90.89543886649373,115.25753
101.01701801636402,115.25753
102.55935388682045,115.25753
102.36656190301338,115.25753
109.69265728768141,115.25753
97.83595028354763,115.25753
102.36656190301338,115.25753
103.04133384633806,115.25753
93.49813064788894,115.25753
102.46295789491693,115.25753
102.36656190301338,115.25753
99.86026611352172,115.25753
102.36656190301338,115.25753
97.16117834022295,115.25753
98.22153425116173,115.25753
93.59452663979246,115.25753
95.71523846167007,115.25753
95.32965449405594,115.25753
95.32965449405594,115.25753
96.39001040499473,115.25753
82.21979959517633,115.25753
106.7043815386721,115.25753
107.28275749009325,115.25753
123.28449214607866,115.25753
119.33225647803407,115.25753
111.4277851419449,115.25753
118.56108854280583,115.25753
117.30794064806001,115.25753
107.4755494739003,115.25753
116.44037672092828,115.25753
117.5971286237706,115.25753
151.23932979810135,115.262535
150.2753698790661,115.286766
134.85201117450183,115.31691
129.06825166029026,115.311874
123.28449214607866,115.260025
123.28449214607866,115.26368
117.01875267234942,115.26557
122.3205322270434,115.25753
117.69352461567411,115.25753
117.40433663996355,115.25753
121.35657230800813,115.25753
117.78992060757763,115.25753
112.39174506098016,115.25753
115.476416801893,115.25753
110.46382522290962,115.25753
109.69265728768141,115.25929
109.01788534435673,115.26186
98.31793024306526,115.26319
130.99617149836078,115.25753
124.24845206511392,115.25753
138.7078508506429,115.25753
131.96013141739604,115.25753
125.21241198414918,115.25753
117.78992060757763,115.25753
130.03221157932552,115.25753
118.27190056709527,115.25753
127.14033182221971,115.25753
126.17637190318445,115.25753
127.14033182221971,115.25753
128.104291741255,115.25753
108.63230137674262,115.25753
127.14033182221971,115.25753
129.06825166029026,115.25753
108.63230137674262,115.25753
148.34745004099557,115.258156
143.52765044581926,115.26389
137.74389093160764,115.27846
129.06825166029026,115.29039
125.21241198414918,115.28034
120.1998204051658,115.25753
129.06825166029026,115.25753
130.03221157932552,115.25753
125.21241198414918,115.25753
129.06825166029026,115.25753
120.39261238897285,115.25753
126.17637190318445,115.25753
104.87285769250508,115.25753
106.22240157915445,115.25753
110.46382522290962,115.25753
111.81336910955898,115.25753
113.35570498001542,115.25753
104.10168975727687,115.25753
107.66834145770733,115.25753
130.03221157932552,115.25753
119.81423643755171,115.25753
141.5997306077487,115.281975
121.35657230800813,115.338135
117.21154465615649,115.38013
108.150321417225,115.31758
111.33138915004135,115.25753
113.45210097191895,115.25753
116.72956469663885,115.25895
119.13946449422701,115.261024
119.13946449422701,115.26211
118.17550457519175,115.25753
113.25930898811188,115.25753
107.18636149818971,115.25753
105.35483765202272,115.25753
114.70524886666479,115.25753
109.01788534435673,115.25753
110.94580518242725,115.25753
109.01788534435673,115.25753
108.150321417225,115.25753
108.63230137674262,115.25753
105.93321360344387,115.25753
107.66834145770733,115.25753
110.07824125529552,115.25753
106.7043815386721,115.25753
104.87285769250508,115.25753
106.7043815386721,115.25753
130.99617149836078,115.25753
154.13120955520716,115.26701
140.63577068871345,115.297165
116.63316870473531,115.333176
114.22326890714716,115.31984
121.35657230800813,115.27123
112.39174506098016,115.25753
116.44037672092828,115.25753
114.31966489905068,115.25753
118.46469255090233,115.25753
107.18636149818971,115.25753
112.87372502049777,115.25753
123.28449214607866,115.25753
163.7708087455598,115.274796
125.21241198414918,115.3152
125.21241198414918,115.34613
122.3205322270434,115.30138
127.14033182221971,115.27468
117.5971286237706,115.301506
112.29534906907662,115.31222
116.34398072902474,115.25753
121.35657230800813,115.25753
125.21241198414918,115.25753
130.03221157932552,115.25753
130.03221157932552,115.25753
155.09516947424243,115.25753
152.20328971713664,115.25753
151.23932979810135,115.25753
149.31140996003083,115.25753
149.31140996003083,115.25753
148.34745004099557,115.25753
148.34745004099557,115.25753
151.23932979810135,115.25753
132.9240913364313,115.25753
136.77993101257238,115.25753
121.35657230800813,115.25753
116.63316870473531,115.25753
130.99617149836078,115.25753
146.41953020292505,115.25753
153.1672496361719,115.26463
157.02308931231295,115.280334
144.49161036485452,115.300476
143.52765044581926,115.292206
130.99617149836078,115.28034
144.49161036485452,115.25753
133.88805125546656,115.25753
133.88805125546656,115.25753
124.24845206511392,115.25753
127.14033182221971,115.25753
122.3205322270434,115.25753
124.24845206511392,115.25753
126.17637190318445,115.25872
136.77993101257238,115.26047
135.8159710935371,115.26137
139.6718107696782,115.25753
138.7078508506429,115.25753
140.63577068871345,115.26407
137.74389093160764,115.273575
136.77993101257238,115.27853
119.71784044564818,115.25753
131.96013141739604,115.25753
130.03221157932552,115.25753
121.35657230800813,115.25753
121.35657230800813,115.25753
121.35657230800813,115.25753
124.24845206511392,115.25753
126.17637190318445,115.25753
133.88805125546656,115.25753
124.24845206511392,115.25753
131.96013141739604,115.25753
146.41953020292505,115.25753
134.85201117450183,115.260605
130.03221157932552,115.26509
120.39261238897285,115.2674
128.104291741255,115.25753
144.49161036485452,115.25753
142.56369052678397,115.25753
141.5997306077487,115.25753
141.5997306077487,115.25872
122.3205322270434,115.26451
124.24845206511392,115.27128
126.17637190318445,115.2705
133.88805125546656,115.25753
130.03221157932552,115.25753
128.104291741255,115.25753
128.104291741255,115.25753
128.104291741255,115.25753
122.3205322270434,115.25753
128.104291741255,115.25855
136.77993101257238,115.26005
119.23586048613053,115.260826
115.1872288261824,115.25753
107.08996550628619,115.25753
106.31879757105798,115.25753
104.29448174108393,115.25753
104.00529376537335,115.25753
127.14033182221971,115.25753
110.36742923100608,115.25753
111.4277851419449,115.25753
110.65661720671667,115.25753
99.47468214590758,115.25753
94.65488255073126,115.25753
99.37828615400407,115.25753
113.74128894762953,115.25753
115.476416801893,115.25753
109.88544927148845,115.25753
102.36656190301338,115.25753
96.87199036451236,115.25753
135.8159710935371,115.25753
125.21241198414918,115.25753
131.96013141739604,115.25753
139.6718107696782,115.25753
124.24845206511392,115.25753
123.28449214607866,115.25753
122.3205322270434,115.25753
121.35657230800813,115.25753
127.14033182221971,115.25753
126.17637190318445,115.25753
126.17637190318445,115.25753
110.27103323910255,115.25753
131.96013141739604,115.25753
108.150321417225,115.25753
113.06651700430484,115.25753
119.91063242945523,115.25753
117.50073263186705,115.25753
120.39261238897285,115.25753
118.6574845347094,115.25753
115.95839676141064,115.25753
120.29621639706933,115.25753
125.21241198414918,115.25753
122.3205322270434,115.25753
117.50073263186705,115.25753
105.45123364392623,115.25753
115.76560477760358,115.25753
121.35657230800813,115.25753
117.69352461567411,115.25753
143.52765044581926,115.25753
144.49161036485452,115.25753
141.5997306077487,115.25753
131.96013141739604,115.25753
136.77993101257238,115.25753
129.06825166029026,115.25753
132.9240913364313,115.25753
130.03221157932552,115.25753
128.104291741255,115.25753
118.75388052661292,115.25753
122.3205322270434,115.25753
125.21241198414918,115.25753
128.104291741255,115.25753
130.99617149836078,115.25753
133.88805125546656,115.25895
122.3205322270434,115.261024
126.17637190318445,115.26211
110.7530131986202,115.25753
106.7043815386721,115.25753
113.64489295572598,115.25753
114.60885287476127,115.25753
124.24845206511392,115.25753
126.17637190318445,115.25753
127.14033182221971,115.25753
113.54849696382247,115.25753
123.28449214607866,115.25753
115.57281279379653,115.25753
116.05479275331417,115.25753
151.23932979810135,115.25753
150.2753698790661,115.25753
150.2753698790661,115.25753
153.1672496361719,115.25753
159.91496906941876,115.25753
154.13120955520716,115.25753
161.84288890748928,115.25753
174.37436785494776,115.25753
206.1850451831115,115.26042
237.9957225112753,115.292274
180.15812736915933,115.3527
168.59060834073617,115.38199
168.59060834073617,115.309425
158.9510091503835,115.25753
184.97792696433567,115.25753
165.69872858363036,115.25793
171.48248809784195,115.25851
157.9870492313482,115.258804
160.87892898845402,115.26214
150.2753698790661,115.268845
161.84288890748928,115.27414
159.91496906941876,115.262
157.9870492313482,115.263374
151.23932979810135,115.25753
154.13120955520716,115.25753
150.2753698790661,115.25753
155.09516947424243,115.25753
165.69872858363036,115.25753
94.26929858311716,115.25832
94.26929858311716,115.242905
95.522446477863,115.23031
102.94493785443456,115.23494
102.94493785443456,115.24307
104.29448174108393,115.25378
100.43864206494284,115.257065
100.43864206494284,115.23833
99.28189016210054,115.235756
99.28189016210054,115.23494
99.28189016210054,115.23494
99.28189016210054,115.236755
99.28189016210054,115.23958
101.6917899596887,115.24086
104.29448174108393,115.236916
104.29448174108393,115.23494
105.64402562773328,115.23494
102.94493785443456,115.23588
102.94493785443456,115.23893
102.94493785443456,115.243034
100.43864206494284,115.24534
100.43864206494284,115.24341
100.43864206494284,115.24233
100.43864206494284,115.24007
100.43864206494284,115.24053
98.0287422673547,115.23494
98.0287422673547,115.23494
98.0287422673547,115.23494
100.43864206494284,115.23494
106.0296095953474,115.23494
104.9692536844086,115.236176
102.7521458706275,115.2375
101.6917899596887,115.23774
100.72783004065343,115.23494
100.72783004065343,115.23494
100.72783004065343,115.23494
99.66747412971463,115.23494
97.64315829974059,115.236824
96.67919838070532,115.23886
95.71523846167007,115.23921
95.71523846167007,115.23704
94.65488255073126,115.23932
95.71523846167007,115.24051
95.71523846167007,115.240555
93.690922631696,115.2451
93.690922631696,115.244026
91.66660680172194,115.23494
91.66660680172194,115.23494
91.66660680172194,115.23494
93.690922631696,115.23494
91.66660680172194,115.23494
90.70264688268668,115.23494
89.83508295555494,115.23494
90.70264688268668,115.23494
90.70264688268668,115.23494
88.87112303651966,115.23494
87.90716311748439,115.23494
145.45557028388978,115.23494
145.45557028388978,115.23494
143.52765044581926,115.243774
137.74389093160764,115.255356
137.74389093160764,115.25844
138.7078508506429,115.238
135.8159710935371,115.24147
132.9240913364313,115.24816
131.96013141739604,115.248436
131.96013141739604,115.235695
130.03221157932552,115.238884
130.03221157932552,115.24226
130.03221157932552,115.24181
129.06825166029026,115.23494
127.14033182221971,115.23494
125.21241198414918,115.23494
125.21241198414918,115.23494
130.03221157932552,115.23522
125.21241198414918,115.23937
123.28449214607866,115.243675
122.3205322270434,115.245155
122.3205322270434,115.23795
120.39261238897285,115.23823
119.52504846184112,115.23494
118.36829655899881,115.23494
117.21154465615649,115.23494
117.21154465615649,115.23494
117.21154465615649,115.23494
108.150321417225,115.23494
107.08996550628619,115.24595
106.0296095953474,115.25906
103.81250178156628,115.2614
102.7521458706275,115.23494
101.6917899596887,115.23494
101.6917899596887,115.23515
101.6917899596887,115.23539
99.66747412971463,115.23543
99.66747412971463,115.23494
97.64315829974059,115.23494
96.67919838070532,115.23494
96.67919838070532,115.23494
96.67919838070532,115.23494
96.67919838070532,115.23494
95.71523846167007,115.23494
93.690922631696,115.23494
91.66660680172194,115.23494
91.66660680172194,115.23494
91.66660680172194,115.23494
89.83508295555494,115.23494
89.83508295555494,115.23494
90.70264688268668,115.23603
91.66660680172194,115.23828
91.66660680172194,115.24133
93.690922631696,115.24087
91.66660680172194,115.240166
91.66660680172194,115.238106
96.00442643738063,115.23918
97.16117834022295,115.236626
96.00442643738063,115.23641
94.84767453453831,115.23494
93.59452663979246,115.23494
91.28102283410783,115.23494
90.12427093126551,115.23494
90.12427093126551,115.23494
90.12427093126551,115.23494
91.28102283410783,115.23494
91.28102283410783,115.23494
90.12427093126551,115.23494
90.12427093126551,115.236244
87.71437113367735,115.2391
86.55761923083503,115.24091
86.55761923083503,115.23823
85.40086732799271,115.23494
85.40086732799271,115.23494
84.34051141705392,115.23494
85.40086732799271,115.23494
90.12427093126551,115.23494
90.12427093126551,115.23914
85.40086732799271,115.24387
84.34051141705392,115.24466
83.28015550611512,115.23494
82.21979959517633,115.23494
81.15944368423754,115.23494
81.15944368423754,115.23494
81.15944368423754,115.23494
112.87372502049777,115.23494
112.87372502049777,115.23494
113.54849696382247,115.23494
111.4277851419449,115.237114
112.87372502049777,115.23946
112.87372502049777,115.24045
112.87372502049777,115.2365
111.4277851419449,115.238235
111.4277851419449,115.23906
108.72869736864614,115.24011
109.30707332006732,115.24035
108.05392542532145,115.24135
107.37915348199678,115.240135
107.37915348199678,115.235756
106.12600558725093,115.23494
104.87285769250508,115.23494
107.37915348199678,115.23494
107.37915348199678,115.2439
106.8007775305756,115.25578
106.12600558725093,115.259056
106.8007775305756,115.2379
107.37915348199678,115.23494
106.12600558725093,115.23494
104.87285769250508,115.23494
111.4277851419449,115.23494
110.7530131986202,115.23494
107.37915348199678,115.23494
107.37915348199678,115.23494
458.0,115.23494
458.0,115.23494
458.0,115.23494
458.0,115.23494
458.0,115.23494
458.0,115.23494
458.0,115.23494
458.0,115.23494
458.0,115.23494
458.0,115.23494
458.0,115.23494
145.45557028388978,115.23494
136.77993101257238,115.24653
131.96013141739604,115.26036
132.9240913364313,115.26282
137.74389093160764,115.2353
132.9240913364313,115.24498
129.06825166029026,115.257965
127.14033182221971,115.2612
127.14033182221971,115.23939
125.21241198414918,115.23494
125.21241198414918,115.23494
124.24845206511392,115.23494
121.35657230800813,115.23494
118.36829655899881,115.23494
115.1872288261824,115.23494
114.31966489905068,115.23494
113.74128894762953,115.23494
139.6718107696782,115.23494
142.56369052678397,115.23494
145.45557028388978,115.23494
143.52765044581926,115.24646
143.52765044581926,115.26021
143.52765044581926,115.263306
142.56369052678397,115.2363
141.5997306077487,115.23641
141.5997306077487,115.23494
141.5997306077487,115.23494
142.56369052678397,115.23494
139.6718107696782,115.23494
139.6718107696782,115.23494
139.6718107696782,115.23494
139.6718107696782,115.23494
139.6718107696782,115.23494
139.6718107696782,115.23494
141.5997306077487,115.23639
141.5997306077487,115.240204
138.7078508506429,115.242905
136.77993101257238,115.24004
133.88805125546656,115.23494
132.9240913364313,115.23494
132.9240913364313,115.23494
130.99617149836078,115.23494
130.03221157932552,115.23494
130.03221157932552,115.235664
130.03221157932552,115.24233
117.11514866425296,115.24925
117.11514866425296,115.248764
118.56108854280583,115.23494
117.11514866425296,115.23494
115.66920878570005,115.23494
118.56108854280583,115.23494
120.00702842135874,115.23494
121.35657230800813,115.23494
120.00702842135874,115.23494
118.56108854280583,115.23494
118.56108854280583,115.23494
117.11514866425296,115.23494
117.11514866425296,115.23494
114.22326890714716,115.23494
115.66920878570005,115.236244
114.22326890714716,115.238014
114.22326890714716,115.24447
112.87372502049777,115.24829
112.87372502049777,115.248604
109.981845263392,115.23494
109.981845263392,115.23494
111.4277851419449,115.23603
114.22326890714716,115.23901
114.22326890714716,115.244865
117.11514866425296,115.24683
115.66920878570005,115.25291
111.4277851419449,115.259056
109.981845263392,115.26761
111.4277851419449,115.24862
93.40173465598542,115.24165
93.40173465598542,115.23494
91.47381481791489,115.23494
90.50985489887961,115.23494
89.44949898794083,115.23494
89.44949898794083,115.23494
88.48553906890557,115.23494
84.53330340086096,115.23494
83.5693434818257,115.23494
82.70177955469396,115.23494
82.70177955469396,115.23494
81.83421562756223,115.23494
80.00269178139523,115.23494
79.13512785426349,115.23494
79.13512785426349,115.23494
78.26756392713175,115.23494
77.4,115.23494
77.4,115.23494
78.26756392713175,115.23494
84.53330340086096,115.23494
84.53330340086096,115.24268
81.83421562756223,115.26275
80.96665170043049,115.277504
80.00269178139523,115.261925
79.13512785426349,115.2359
80.00269178139523,115.236206
79.13512785426349,115.23543
80.00269178139523,115.23494
112.39174506098016,115.23494
110.84940919052373,115.23494
109.30707332006732,115.23494
106.12600558725093,115.23494
112.39174506098016,115.23494
109.30707332006732,115.23494
107.66834145770733,115.23494
106.12600558725093,115.23494
104.58366971679449,115.235664
104.58366971679449,115.23826
103.04133384633806,115.24036
103.04133384633806,115.244804
99.95666210542522,115.28456
98.60711821877585,115.332954
97.16117834022295,115.33028
95.81163445357359,115.25923
94.36569457502068,115.28773
94.36569457502068,115.291756
95.81163445357359,115.23823
95.81163445357359,115.23494
94.36569457502068,115.23883
94.36569457502068,115.24315
94.36569457502068,115.243935
95.81163445357359,115.235085
95.81163445357359,115.25083
94.36569457502068,115.28605
98.60711821877585,115.30961
99.95666210542522,115.27565
112.39174506098016,115.240234
110.84940919052373,115.24576
109.30707332006732,115.24655
106.12600558725093,115.23494
112.39174506098016,115.23494
109.30707332006732,115.241264
107.66834145770733,115.24862
106.12600558725093,115.24988
104.58366971679449,115.23494
104.58366971679449,115.23494
103.04133384633806,115.23494
103.04133384633806,115.23494
99.95666210542522,115.23494
98.60711821877585,115.23501
97.16117834022295,115.235085
95.81163445357359,115.2351
94.36569457502068,115.23494
94.36569457502068,115.23494
95.81163445357359,115.23494
95.81163445357359,115.23494
94.36569457502068,115.23494
94.36569457502068,115.23494
94.36569457502068,115.23494
95.81163445357359,115.23494
95.81163445357359,115.23494
94.36569457502068,115.23494
98.60711821877585,115.23494
110.84940919052373,115.235085
137.74389093160764,115.25033
139.6718107696782,115.271736
135.8159710935371,115.27999
133.88805125546656,115.247856
130.03221157932552,115.24606
133.88805125546656,115.24583
131.96013141739604,115.24228
145.45557028388978,115.23494
147.3834901219603,115.2478
139.6718107696782,115.26551
126.17637190318445,115.27077
130.03221157932552,115.240204
126.17637190318445,115.23515
122.3205322270434,115.23821
126.17637190318445,115.24161
124.24845206511392,115.241936
122.3205322270434,115.235596
122.3205322270434,115.23494
118.46469255090233,115.23494
116.53677271283179,115.235664
114.60885287476127,115.23645
114.60885287476127,115.23658
114.60885287476127,115.236244
112.68093303669075,115.23765
112.68093303669075,115.2379
110.7530131986202,115.23494
110.7530131986202,115.23494
110.7530131986202,115.23494
114.60885287476127,115.23494
104.9692536844086,115.23501
103.04133384633806,115.235085
101.11341400826754,115.23567
99.66747412971463,115.23614
99.66747412971463,115.23625
99.66747412971463,115.23494
98.22153425116173,115.23494
96.77559437260885,115.23494
95.32965449405594,115.23494
106.89717352247914,115.23494
114.60885287476127,115.23494
103.04133384633806,115.23494
99.66747412971463,115.23494
103.04133384633806,115.23494
108.82509336054967,115.23494
108.82509336054967,115.23494
104.9692536844086,115.23494
104.9692536844086,115.23631
98.22153425116173,115.23781
96.77559437260885,115.23807
95.32965449405594,115.241264
93.88371461550305,115.24933
90.99183485839724,115.25137
89.54589497984435,115.23658
88.09995510129146,115.235085
89.54589497984435,115.23523
92.43777473695015,115.23527
92.43777473695015,115.23494
112.39174506098016,115.23494
109.30707332006732,115.23979
107.66834145770733,115.24531
106.12600558725093,115.24624
104.58366971679449,115.23494
104.58366971679449,115.23494
101.49899797588165,115.23494
99.95666210542522,115.23494
107.66834145770733,115.23494
132.9240913364313,115.23494
130.99617149836078,115.25035
122.3205322270434,115.27186
115.476416801893,115.278404
106.12600558725093,115.24172
103.04133384633806,115.235085
103.04133384633806,115.2351
101.49899797588165,115.235664
99.95666210542522,115.23651
98.60711821877585,115.249596
97.16117834022295,115.263374
95.81163445357359,115.26597
95.81163445357359,115.23494
106.12600558725093,115.23494
99.95666210542522,115.24095
99.95666210542522,115.25547
97.16117834022295,115.265564
94.36569457502068,115.25303
93.0161506883713,115.23494
103.04133384633806,115.23494
103.04133384633806,115.23494
103.04133384633806,115.235664
101.11341400826754,115.23645
99.66747412971463,115.23658
101.11341400826754,115.23494
101.11341400826754,115.23501
99.66747412971463,115.25133
98.22153425116173,115.27094
101.11341400826754,115.27432
101.11341400826754,115.23914
101.11341400826754,115.24424
101.11341400826754,115.24541
99.66747412971463,115.235756
99.66747412971463,115.23494
104.9692536844086,115.23494
112.68093303669075,115.23776
104.9692536844086,115.245285
103.04133384633806,115.25083
99.66747412971463,115.255875
98.22153425116173,115.25893
95.32965449405594,115.261955
99.66747412971463,115.23658
116.53677271283179,115.23501
116.53677271283179,115.24923
103.04133384633806,115.26638
96.77559437260885,115.26942
98.22153425116173,115.23527
114.03047692334012,115.243324
111.81336910955898,115.2532
111.81336910955898,115.25494
109.69265728768141,115.23494
107.57194546580382,115.236755
106.12600558725093,115.2387
104.10168975727687,115.23906
102.65574987872397,115.23494
102.65574987872397,115.23494
129.06825166029026,115.23494
167.62664842170088,115.24525
211.00484477828783,115.26579
166.66268850266562,115.29064
146.41953020292505,115.29038
135.8159710935371,115.28157
132.9240913364313,115.25161
128.104291741255,115.23494
123.28449214607866,115.23501
119.23586048613053,115.235085
120.00702842135874,115.2351
118.56108854280583,115.23494
115.57281279379653,115.23515
112.58453704478721,115.235756
111.81336910955898,115.23815
109.69265728768141,115.23984
128.104291741255,115.23939
128.104291741255,115.236755
167.62664842170088,115.244965
140.63577068871345,115.26787
110.36742923100608,115.28358
109.01788534435673,115.27228
108.24671740912851,115.2353
107.57194546580382,115.23714
109.69265728768141,115.23986
107.57194546580382,115.24317
106.12600558725093,115.24407
104.77646170060156,115.24473
104.10168975727687,115.24151
102.65574987872397,115.24469
101.9809779353993,115.24634
100.53503805684639,115.24466
99.18549417019702,115.23494
97.83595028354763,115.23494
97.83595028354763,115.23494
97.83595028354763,115.23494
95.13686251024889,115.23494
93.88371461550305,115.23494
91.37741882601136,115.23494
90.12427093126551,115.23494
90.12427093126551,115.23494
90.70264688268668,115.243706
90.70264688268668,115.25406
93.88371461550305,115.25596
92.6305667207572,115.24187
93.20894267217837,115.24977
94.4620905669242,115.25112
93.88371461550305,115.23596
129.06825166029026,115.23699
128.104291741255,115.23704
130.99617149836078,115.23543
131.96013141739604,115.23494
130.03221157932552,115.23776
127.14033182221971,115.24082
126.17637190318445,115.24553
126.17637190318445,115.24387
125.21241198414918,115.246826
123.28449214607866,115.241066
122.3205322270434,115.243195
122.3205322270434,115.238556
122.3205322270434,115.23494
122.3205322270434,115.23494
121.35657230800813,115.23494
119.23586048613053,115.23494
117.88631659948119,115.23494
116.53677271283179,115.23494
117.21154465615649,115.23494
122.3205322270434,115.23494
118.56108854280583,115.24044
116.53677271283179,115.246895
115.1872288261824,115.248116
113.25930898811188,115.23578
121.35657230800813,115.23599
126.17637190318445,115.23616
117.88631659948119,115.24296
121.35657230800813,115.25221
123.28449214607866,115.25366
122.3205322270434,115.23494
122.3205322270434,115.23494
121.35657230800813,115.23494
129.06825166029026,115.23494
119.23586048613053,115.23494
117.78992060757763,115.23494
117.01875267234942,115.23494
116.34398072902474,115.23494
116.34398072902474,115.23494
114.80164485856832,115.23494
114.80164485856832,115.23494
113.35570498001542,115.23494
112.58453704478721,115.23494
111.81336910955898,115.23494
110.36742923100608,115.23494
111.13859716623432,115.23494
110.36742923100608,115.23494
109.01788534435673,115.23494
107.57194546580382,115.23494
108.24671740912851,115.23494
107.57194546580382,115.23494
106.12600558725093,115.23494
109.01788534435673,115.24741
108.24671740912851,115.26235
107.57194546580382,115.26503
106.89717352247914,115.23494
106.12600558725093,115.235664
113.35570498001542,115.23702
116.05479275331417,115.237785
115.38002080998947,115.23625
113.35570498001542,115.23639
112.00616109336605,115.23795
115.38002080998947,115.23823
117.50073263186705,115.23494
119.52504846184112,115.24204
116.72956469663885,115.25105
114.03047692334012,115.25371
112.00616109336605,115.24247
113.35570498001542,115.24659
119.52504846184112,115.24655
116.72956469663885,115.243004
112.68093303669075,115.25249
110.65661720671667,115.25414
109.40346931197082,115.23494
108.150321417225,115.23494
106.22240157915445,115.23494
105.54762963582978,115.23494
104.29448174108393,115.23494
103.04133384633806,115.23494
103.04133384633806,115.23494
100.43864206494284,115.23494
99.18549417019702,115.23494
99.18549417019702,115.23494
97.93234627545117,115.23494
97.93234627545117,115.23494
99.18549417019702,115.23967
119.71784044564818,115.245026
117.88631659948119,115.24592
116.05479275331417,115.23494
112.00616109336605,115.23494
110.65661720671667,115.23494
110.27103323910255,115.23494
108.5359053848391,115.23494
108.5359053848391,115.23494
108.150321417225,115.23494
108.92148935245321,115.23494
110.27103323910255,115.23494
113.35570498001542,115.23494
111.13859716623432,115.23494
109.40346931197082,115.23494
108.150321417225,115.23494
108.150321417225,115.23494
107.28275749009325,115.23515
106.0296095953474,115.23539
104.29448174108393,115.23543
104.29448174108393,115.23494
103.04133384633806,115.2414
107.66834145770733,115.24983
106.8007775305756,115.252144
105.54762963582978,115.242256
106.4151935629615,115.24603
109.40346931197082,115.248116
109.40346931197082,115.23865
108.150321417225,115.24187
110.7530131986202,115.24342
107.66834145770733,115.24275
116.05479275331417,115.239876
102.11593232406422,115.23494
107.28275749009325,115.23494
107.08996550628619,115.23494
130.03221157932552,115.23494
130.99617149836078,115.23494
123.28449214607866,115.235085
121.35657230800813,115.23523
119.71784044564818,115.23527
124.24845206511392,115.23494
458.0,115.23494
458.0,115.2471
458.0,115.26164
458.0,115.26424
458.0,115.23494
458.0,115.23494
458.0,115.23494
458.0,115.23494
458.0,115.24767
458.0,115.26293
458.0,115.266014
458.0,115.24208
458.0,115.24957
458.0,115.25004
458.0,115.24659
458.0,115.266754
458.0,115.27656
458.0,115.25095
458.0,115.25531
458.0,115.27857
458.0,115.28129
458.0,115.2374
458.0,115.23494
458.0,115.23494
458.0,115.23494
458.0,115.23494
458.0,115.23494
458.0,115.23494
117.9827125913847,115.23494
118.6574845347094,115.23494
119.04306850232348,115.23494
113.06651700430484,115.23494
111.90976510146253,115.23494
107.18636149818971,115.23494
121.35657230800813,115.236244
139.6718107696782,115.23765
150.2753698790661,115.25978
132.9240913364313,115.289734
124.24845206511392,115.301544
123.28449214607866,115.249084
112.97012101240131,115.23494
103.90889777346982,115.23494
122.3205322270434,115.23697
128.104291741255,115.23916
141.5997306077487,115.246506
139.6718107696782,115.250046
141.5997306077487,115.25145
147.3834901219603,115.23494
139.6718107696782,115.23494
138.7078508506429,115.23494
133.88805125546656,115.23494
134.85201117450183,115.2462
129.06825166029026,115.26036
132.9240913364313,115.263535
132.9240913364313,115.236946
126.17637190318445,115.23569
129.06825166029026,115.235756
126.17637190318445,115.237114
121.35657230800813,115.23946
134.85201117450183,115.239876
131.96013141739604,115.24044
117.69352461567411,115.24675
125.21241198414918,115.247826
124.24845206511392,115.23494
128.104291741255,115.248116
106.0296095953474,115.26393
127.14033182221971,115.26677
132.9240913364313,115.23494
130.99617149836078,115.23494
121.35657230800813,115.23494
132.9240913364313,115.23552
140.63577068871345,115.23614
126.17637190318445,115.23625
141.5997306077487,115.23494
140.63577068871345,115.23494
130.99617149836078,115.23851
128.104291741255,115.245995
125.21241198414918,115.25056
119.91063242945523,115.24307
145.45557028388978,115.23494
142.56369052678397,115.23494
135.8159710935371,115.23494
138.7078508506429,115.23494
122.3205322270434,115.23515
129.06825166029026,115.23539
114.89804085047184,115.23543
112.68093303669075,115.23494
119.23586048613053,115.23494
127.14033182221971,115.23494
134.85201117450183,115.23494
143.52765044581926,115.235085
121.35657230800813,115.23523
133.88805125546656,115.23527
130.99617149836078,115.23494
124.24845206511392,115.23494
120.29621639706933,115.23494
124.24845206511392,115.23494
128.104291741255,115.2353
125.21241198414918,115.23569
124.24845206511392,115.235756
123.28449214607866,115.23494
128.104291741255,115.23494
125.21241198414918,115.23494
130.03221157932552,115.23494
128.104291741255,115.23494
119.13946449422701,115.23494
120.39261238897285,115.23494
120.39261238897285,115.23494
120.39261238897285,115.23494
115.95839676141064,115.23494
133.88805125546656,115.23494
140.63577068871345,115.23494
129.06825166029026,115.243965
127.14033182221971,115.25463
116.72956469663885,115.256516
118.07910858328822,115.23494
135.8159710935371,115.23494
129.06825166029026,115.23494
130.99617149836078,115.23494
128.104291741255,115.23522
130.99617149836078,115.23554
127.14033182221971,115.235596
127.14033182221971,115.2353
128.104291741255,115.23714
122.3205322270434,115.23877
130.99617149836078,115.23823
129.06825166029026,115.23494
128.104291741255,115.23494
112.77732902859425,115.23494
110.46382522290962,115.23494
125.21241198414918,115.23494
117.21154465615649,115.23494
120.10342441326227,115.23494
123.28449214607866,115.23494
139.6718107696782,115.23639
110.84940919052373,115.248886
117.30794064806001,115.26256
126.17637190318445,115.26745
116.34398072902474,115.24757
110.84940919052373,115.24984
105.7404216196368,115.23916
110.27103323910255,115.241
260.1668006490864,115.244865
221.60840388767576,115.261185
178.2302075310888,115.33387
147.3834901219603,115.40389
116.82596068854238,115.40261
125.21241198414918,115.24095
133.88805125546656,115.248764
124.24845206511392,115.250885
124.24845206511392,115.236916
129.06825166029026,115.23494
118.36829655899881,115.23494
114.12687291524362,115.23494
123.28449214607866,115.23494
118.6574845347094,115.23494
118.94667251041996,115.243324
148.34745004099557,115.259926
146.41953020292505,115.27154
137.74389093160764,115.25664
128.104291741255,115.24256
120.29621639706933,115.23823
143.52765044581926,115.23494
127.14033182221971,115.23494
125.21241198414918,115.23494
123.28449214607866,115.23494
123.28449214607866,115.23494
126.17637190318445,115.23494
117.5971286237706,115.23494
115.38002080998947,115.23494
119.23586048613053,115.23494
117.5971286237706,115.23494
120.39261238897285,115.23494
122.3205322270434,115.23494
131.96013141739604,115.23494
140.63577068871345,115.23494
128.104291741255,115.23494
127.14033182221971,115.23784
126.17637190318445,115.24422
119.62144445374466,115.24825
122.3205322270434,115.24228
122.3205322270434,115.23494
121.35657230800813,115.23494
125.21241198414918,115.23494
122.3205322270434,115.23494
120.39261238897285,115.2353
111.81336910955898,115.23569
105.83681761154037,115.235756
96.67919838070532,115.23494
103.33052182204865,115.23494
107.76473744961089,115.235085
108.150321417225,115.23523
100.92062202446049,115.23527
90.89543886649373,115.23494
101.01701801636402,115.23494
102.55935388682045,115.23494
102.36656190301338,115.23494
109.69265728768141,115.23494
97.83595028354763,115.23818
102.36656190301338,115.24172
103.04133384633806,115.24228
93.49813064788894,115.23494
102.46295789491693,115.23494
102.36656190301338,115.23494
99.86026611352172,115.23494
102.36656190301338,115.23494
97.16117834022295,115.23494
98.22153425116173,115.23494
93.59452663979246,115.23494
95.71523846167007,115.23494
95.32965449405594,115.23494
95.32965449405594,115.23494
96.39001040499473,115.23494
82.21979959517633,115.23494
106.7043815386721,115.23494
107.28275749009325,115.23494
123.28449214607866,115.23494
119.33225647803407,115.23494
111.4277851419449,115.23494
118.56108854280583,115.23494
117.30794064806001,115.23494
107.4755494739003,115.23494
116.44037672092828,115.23494
117.5971286237706,115.23494
151.23932979810135,115.25818
150.2753698790661,115.295235
134.85201117450183,115.310356
129.06825166029026,115.25508
123.28449214607866,115.23967
123.28449214607866,115.245026
117.01875267234942,115.24592
122.3205322270434,115.23494
117.69352461567411,115.23494
117.40433663996355,115.23494
121.35657230800813,115.23494
117.78992060757763,115.23494
112.39174506098016,115.23494
115.476416801893,115.235085
110.46382522290962,115.23523
109.69265728768141,115.23897
109.01788534435673,115.24272
98.31793024306526,115.243385
130.99617149836078,115.235085
124.24845206511392,115.23523
138.7078508506429,115.23527
131.96013141739604,115.23494
125.21241198414918,115.23494
117.78992060757763,115.23494
130.03221157932552,115.23494
118.27190056709527,115.23494
127.14033182221971,115.23494
126.17637190318445,115.23494
127.14033182221971,115.23494
128.104291741255,115.23494
108.63230137674262,115.23494
127.14033182221971,115.23494
129.06825166029026,115.23494
108.63230137674262,115.23545
148.34745004099557,115.23636
143.52765044581926,115.25205
137.74389093160764,115.27661
129.06825166029026,115.28776
125.21241198414918,115.25256
120.1998204051658,115.23494
129.06825166029026,115.23639
130.03221157932552,115.23795
125.21241198414918,115.23823
129.06825166029026,115.23639
120.39261238897285,115.2412
126.17637190318445,115.24501
104.87285769250508,115.24228
106.22240157915445,115.23494
110.46382522290962,115.23494
111.81336910955898,115.23494
113.35570498001542,115.23494
104.10168975727687,115.23494
107.66834145770733,115.23494
130.03221157932552,115.23494
119.81423643755171,115.23494
141.5997306077487,115.26139
121.35657230800813,115.3044
117.21154465615649,115.32271
108.150321417225,115.25967
111.33138915004135,115.23494
113.45210097191895,115.23494
116.72956469663885,115.23494
119.13946449422701,115.23494
119.13946449422701,115.23494
118.17550457519175,115.23494
113.25930898811188,115.23494
107.18636149818971,115.23494
105.35483765202272,115.23494
114.70524886666479,115.23494
109.01788534435673,115.23494
110.94580518242725,115.23494
109.01788534435673,115.23494
108.150321417225,115.23494
108.63230137674262,115.23494
105.93321360344387,115.23494
107.66834145770733,115.23494
110.07824125529552,115.23494
106.7043815386721,115.23494
104.87285769250508,115.23762
106.7043815386721,115.24103
130.99617149836078,115.24207
154.13120955520716,115.241974
140.63577068871345,115.26109
116.63316870473531,115.27922
114.22326890714716,115.2692
121.35657230800813,115.23658
112.39174506098016,115.23494
116.44037672092828,115.23494
114.31966489905068,115.23494
118.46469255090233,115.23494
107.18636149818971,115.23494
112.87372502049777,115.23494
123.28449214607866,115.235664
163.7708087455598,115.25499
125.21241198414918,115.284645
125.21241198414918,115.2957
122.3205322270434,115.25252
127.14033182221971,115.235756
117.5971286237706,115.23494
112.29534906907662,115.23494
116.34398072902474,115.24256
121.35657230800813,115.25788
125.21241198414918,115.26692
130.03221157932552,115.25019
130.03221157932552,115.23494
155.09516947424243,115.23494
152.20328971713664,115.23494
151.23932979810135,115.23494
149.31140996003083,115.23494
149.31140996003083,115.23494
148.34745004099557,115.23494
148.34745004099557,115.23494
151.23932979810135,115.23494
132.9240913364313,115.23494
136.77993101257238,115.23494
121.35657230800813,115.23494
116.63316870473531,115.23494
130.99617149836078,115.23494
146.41953020292505,115.23603
153.1672496361719,115.24244
157.02308931231295,115.25282
144.49161036485452,115.26027
143.52765044581926,115.25358
130.99617149836078,115.24466
144.49161036485452,115.23494
133.88805125546656,115.23494
133.88805125546656,115.23494
124.24845206511392,115.23494
127.14033182221971,115.23494
122.3205322270434,115.23494
124.24845206511392,115.23494
126.17637190318445,115.237976
136.77993101257238,115.24464
135.8159710935371,115.24887
139.6718107696782,115.24259
138.7078508506429,115.23494
140.63577068871345,115.23813
137.74389093160764,115.24158
136.77993101257238,115.24212
119.71784044564818,115.23494
131.96013141739604,115.23494
130.03221157932552,115.23494
121.35657230800813,115.23494
121.35657230800813,115.23494
121.35657230800813,115.23494
124.24845206511392,115.23494
126.17637190318445,115.23494
133.88805125546656,115.2353
124.24845206511392,115.23569
131.96013141739604,115.235756
146.41953020292505,115.23784
134.85201117450183,115.252075
130.03221157932552,115.26587
120.39261238897285,115.26172
128.104291741255,115.23494
144.49161036485452,115.23494
142.56369052678397,115.23494
141.5997306077487,115.2403
141.5997306077487,115.24646
122.3205322270434,115.25004
124.24845206511392,115.24021
126.17637190318445,115.2407
133.88805125546656,115.23494
130.03221157932552,115.23494
128.104291741255,115.23494
128.104291741255,115.23494
128.104291741255,115.23494
122.3205322270434,115.23494
128.104291741255,115.23581
136.77993101257238,115.23928
119.23586048613053,115.24219
115.1872288261824,115.2407
107.08996550628619,115.23494
106.31879757105798,115.23494
104.29448174108393,115.23494
104.00529376537335,115.23494
127.14033182221971,115.23494
110.36742923100608,115.23494
111.4277851419449,115.23494
110.65661720671667,115.23494
99.47468214590758,115.23494
94.65488255073126,115.23494
99.37828615400407,115.23494
113.74128894762953,115.23494
115.476416801893,115.23494
109.88544927148845,115.23545
102.36656190301338,115.23599
96.87199036451236,115.23753
135.8159710935371,115.24063
125.21241198414918,115.243805
131.96013141739604,115.24102
139.6718107696782,115.23501
124.24845206511392,115.235085
123.28449214607866,115.2351
122.3205322270434,115.23494
121.35657230800813,115.23494
127.14033182221971,115.23494
126.17637190318445,115.23494
126.17637190318445,115.23494
110.27103323910255,115.23494
131.96013141739604,115.23494
108.150321417225,115.23494
113.06651700430484,115.23494
119.91063242945523,115.23494
117.50073263186705,115.23494
120.39261238897285,115.23494
118.6574845347094,115.23494
115.95839676141064,115.23494
120.29621639706933,115.23494
125.21241198414918,115.23494
122.3205322270434,115.23494
117.50073263186705,115.23494
105.45123364392623,115.23494
115.76560477760358,115.23494
121.35657230800813,115.23494
117.69352461567411,115.23494
143.52765044581926,115.23494
144.49161036485452,115.23494
141.5997306077487,115.23494
131.96013141739604,115.23494
136.77993101257238,115.23494
129.06825166029026,115.23494
132.9240913364313,115.23494
130.03221157932552,115.23494
128.104291741255,115.23494
118.75388052661292,115.23494
122.3205322270434,115.23494
125.21241198414918,115.23494
128.104291741255,115.23494
130.99617149836078,115.23948
133.88805125546656,115.24459
122.3205322270434,115.245445
126.17637190318445,115.23494
110.7530131986202,115.23494
106.7043815386721,115.23494
113.64489295572598,115.23494
114.60885287476127,115.23494
124.24845206511392,115.23494
126.17637190318445,115.23494
127.14033182221971,115.248116
113.54849696382247,115.26393
123.28449214607866,115.26748
115.57281279379653,115.23645
116.05479275331417,115.23934
151.23932979810135,115.241394
150.2753698790661,115.24268
150.2753698790661,115.23658
153.1672496361719,115.23494
159.91496906941876,115.23494
154.13120955520716,115.23494
161.84288890748928,115.23494
174.37436785494776,115.23494
206.1850451831115,115.243004
237.9957225112753,115.2665
180.15812736915933,115.31422
168.59060834073617,115.33555
168.59060834073617,115.30914
158.9510091503835,115.23494
184.97792696433567,115.23494
165.69872858363036,115.23494
171.48248809784195,115.23864
157.9870492313482,115.257454
160.87892898845402,115.27624
150.2753698790661,115.271454
161.84288890748928,115.23823
159.91496906941876,115.24007
157.9870492313482,115.24053
151.23932979810135,115.23494
154.13120955520716,115.23494
150.2753698790661,115.23494
155.09516947424243,115.236755
165.69872858363036,115.2387
94.26929858311716,115.24743
94.26929858311716,115.27449
95.522446477863,115.27458
102.94493785443456,115.22683
102.94493785443456,115.22758
104.29448174108393,115.22812
100.43864206494284,115.228584
100.43864206494284,115.22877
99.28189016210054,115.22953
99.28189016210054,115.229904
99.28189016210054,115.228935
99.28189016210054,115.22826
99.28189016210054,115.22993
101.6917899596887,115.23073
104.29448174108393,115.230675
104.29448174108393,115.232475
105.64402562773328,115.23357
102.94493785443456,115.233025
102.94493785443456,115.23156
102.94493785443456,115.23107
100.43864206494284,115.23066
100.43864206494284,115.231476
100.43864206494284,115.23299
100.43864206494284,115.23427
100.43864206494284,115.234795
98.0287422673547,115.23501
98.0287422673547,115.23512
98.0287422673547,115.23525
100.43864206494284,115.23515
106.0296095953474,115.23547
104.9692536844086,115.234924
102.7521458706275,115.2297
101.6917899596887,115.223656
100.72783004065343,115.226616
100.72783004065343,115.23557
100.72783004065343,115.23676
99.66747412971463,115.23512
97.64315829974059,115.231636
96.67919838070532,115.226295
95.71523846167007,115.22497
95.71523846167007,115.22266
94.65488255073126,115.22566
95.71523846167007,115.23736
95.71523846167007,115.24358
93.690922631696,115.2416
93.690922631696,115.24
91.66660680172194,115.241745
91.66660680172194,115.24298
91.66660680172194,115.246155
93.690922631696,115.24862
91.66660680172194,115.25065
90.70264688268668,115.25077
89.83508295555494,115.250374
90.70264688268668,115.25139
90.70264688268668,115.25144
88.87112303651966,115.24744
87.90716311748439,115.243385
145.45557028388978,115.2404
145.45557028388978,115.2325
143.52765044581926,115.21823
137.74389093160764,115.20735
137.74389093160764,115.20933
138.7078508506429,115.20399
135.8159710935371,115.2037
132.9240913364313,115.20208
131.96013141739604,115.20369
131.96013141739604,115.207726
130.03221157932552,115.21495
130.03221157932552,115.21851
130.03221157932552,115.22171
129.06825166029026,115.22255
127.14033182221971,115.22128
125.21241198414918,115.22304
125.21241198414918,115.226746
130.03221157932552,115.22518
125.21241198414918,115.22005
123.28449214607866,115.21636
122.3205322270434,115.2235
122.3205322270434,115.228065
120.39261238897285,115.22826
119.52504846184112,115.227165
118.36829655899881,115.2266
117.21154465615649,115.22958
117.21154465615649,115.23271
117.21154465615649,115.23523
108.150321417225,115.23725
107.08996550628619,115.235085
106.0296095953474,115.22626
103.81250178156628,115.21543
102.7521458706275,115.21516
101.6917899596887,115.215225
101.6917899596887,115.21255
101.6917899596887,115.20982
99.66747412971463,115.21104
99.66747412971463,115.21501
97.64315829974059,115.21903
96.67919838070532,115.221535
96.67919838070532,115.22425
96.67919838070532,115.22592
96.67919838070532,115.22706
95.71523846167007,115.22743
93.690922631696,115.228516
91.66660680172194,115.22911
91.66660680172194,115.23031
91.66660680172194,115.231544
89.83508295555494,115.23382
89.83508295555494,115.2351
90.70264688268668,115.23702
91.66660680172194,115.23529
91.66660680172194,115.23119
93.690922631696,115.22674
91.66660680172194,115.2282
91.66660680172194,115.23088
96.00442643738063,115.23401
97.16117834022295,115.2352
96.00442643738063,115.22879
94.84767453453831,115.21695
93.59452663979246,115.21909
91.28102283410783,115.22425
90.12427093126551,115.226204
90.12427093126551,115.22793
90.12427093126551,115.229225
91.28102283410783,115.23099
91.28102283410783,115.23285
90.12427093126551,115.2331
90.12427093126551,115.23108
87.71437113367735,115.228645
86.55761923083503,115.228745
86.55761923083503,115.23101
85.40086732799271,115.23349
85.40086732799271,115.23855
84.34051141705392,115.24401
85.40086732799271,115.24268
90.12427093126551,115.24128
90.12427093126551,115.24305
85.40086732799271,115.23994
84.34051141705392,115.23529
83.28015550611512,115.231094
82.21979959517633,115.22702
81.15944368423754,115.229774
81.15944368423754,115.234245
81.15944368423754,115.236755
112.87372502049777,115.241684
112.87372502049777,115.24068
113.54849696382247,115.22865
111.4277851419449,115.21382
112.87372502049777,115.21782
112.87372502049777,115.2235
112.87372502049777,115.227325
111.4277851419449,115.22684
111.4277851419449,115.2266
108.72869736864614,115.22958
109.30707332006732,115.23236
108.05392542532145,115.23141
107.37915348199678,115.226906
107.37915348199678,115.22492
106.12600558725093,115.23132
104.87285769250508,115.23299
107.37915348199678,115.22865
107.37915348199678,115.22642
106.8007775305756,115.224625
106.12600558725093,115.22511
106.8007775305756,115.22975
107.37915348199678,115.235275
106.12600558725093,115.23849
104.87285769250508,115.23688
111.4277851419449,115.23715
110.7530131986202,115.23904
107.37915348199678,115.24375
107.37915348199678,115.249016
458.0,115.2509
458.0,115.24739
458.0,115.233154
458.0,115.21676
458.0,115.21619
458.0,115.21537
458.0,115.21313
458.0,115.211914
458.0,115.21486
458.0,115.21793
458.0,115.21903
145.45557028388978,115.221535
136.77993101257238,115.22425
131.96013141739604,115.22763
132.9240913364313,115.232796
137.74389093160764,115.23561
132.9240913364313,115.23119
129.06825166029026,115.22674
127.14033182221971,115.2282
127.14033182221971,115.22975
125.21241198414918,115.22681
125.21241198414918,115.2238
124.24845206511392,115.22676
121.35657230800813,115.23573
118.36829655899881,115.234825
115.1872288261824,115.230484
114.31966489905068,115.226685
113.74128894762953,115.226944
139.6718107696782,115.228806
142.56369052678397,115.23088
145.45557028388978,115.229866
143.52765044581926,115.221565
143.52765044581926,115.22315
143.52765044581926,115.224365
142.56369052678397,115.226204
141.5997306077487,115.227325
141.5997306077487,115.225044
141.5997306077487,115.22063
142.56369052678397,115.21437
139.6718107696782,115.21339
139.6718107696782,115.21122
139.6718107696782,115.214386
139.6718107696782,115.22091
139.6718107696782,115.22911
139.6718107696782,115.23003
141.5997306077487,115.23099
141.5997306077487,115.232735
138.7078508506429,115.23395
136.77993101257238,115.23527
133.88805125546656,115.23702
132.9240913364313,115.23641
132.9240913364313,115.23393
130.99617149836078,115.2297
130.03221157932552,115.227875
130.03221157932552,115.23088
130.03221157932552,115.23401
117.11514866425296,115.2396
117.11514866425296,115.24284
118.56108854280583,115.23884
117.11514866425296,115.233665
115.66920878570005,115.23354
118.56108854280583,115.23373
120.00702842135874,115.23445
121.35657230800813,115.23522
120.00702842135874,115.23437
118.56108854280583,115.234505
118.56108854280583,115.23615
117.11514866425296,115.2366
117.11514866425296,115.23287
114.22326890714716,115.22869
115.66920878570005,115.2282
114.22326890714716,115.22975
114.22326890714716,115.229645
112.87372502049777,115.230835
112.87372502049777,115.233826
109.981845263392,115.23056
109.981845263392,115.2255
111.4277851419449,115.22304
114.22326890714716,115.22527
114.22326890714716,115.22343
117.11514866425296,115.223526
115.66920878570005,115.2297
111.4277851419449,115.23453
109.981845263392,115.23403
111.4277851419449,115.23495
93.40173465598542,115.23
93.40173465598542,115.22644
91.47381481791489,115.22627
90.50985489887961,115.22326
89.44949898794083,115.21788
89.44949898794083,115.21765
88.48553906890557,115.21991
84.53330340086096,115.22138
83.5693434818257,115.22303
82.70177955469396,115.22372
82.70177955469396,115.22632
81.83421562756223,115.230484
80.00269178139523,115.23345
79.13512785426349,115.235855
79.13512785426349,115.2374
78.26756392713175,115.23622
77.4,115.229935
77.4,115.22102
78.26756392713175,115.217026
84.53330340086096,115.21846
84.53330340086096,115.22051
81.83421562756223,115.22508
80.96665170043049,115.227715
80.00269178139523,115.22676
79.13512785426349,115.22666
80.00269178139523,115.23039
79.13512785426349,115.23469
80.00269178139523,115.23788
112.39174506098016,115.24383
110.84940919052373,115.249695
109.30707332006732,115.24608
106.12600558725093,115.24002
112.39174506098016,115.23643
109.30707332006732,115.237434
107.66834145770733,115.23453
106.12600558725093,115.22835
104.58366971679449,115.22454
104.58366971679449,115.22616
103.04133384633806,115.22727
103.04133384633806,115.22826
99.95666210542522,115.23351
98.60711821877585,115.236404
97.16117834022295,115.23503
95.81163445357359,115.22788
94.36569457502068,115.22219
94.36569457502068,115.22695
95.81163445357359,115.22846
95.81163445357359,115.22721
94.36569457502068,115.221756
94.36569457502068,115.215164
94.36569457502068,115.221176
95.81163445357359,115.222565
95.81163445357359,115.22313
94.36569457502068,115.22222
98.60711821877585,115.220695
99.95666210542522,115.22228
112.39174506098016,115.22278
110.84940919052373,115.22389
109.30707332006732,115.22686
106.12600558725093,115.22869
112.39174506098016,115.22246
109.30707332006732,115.215546
107.66834145770733,115.21632
106.12600558725093,115.22203
104.58366971679449,115.23099
104.58366971679449,115.23292
103.04133384633806,115.23475
103.04133384633806,115.24184
99.95666210542522,115.243675
98.60711821877585,115.23767
97.16117834022295,115.2359
95.81163445357359,115.23469
94.36569457502068,115.23613
94.36569457502068,115.23872
95.81163445357359,115.24105
95.81163445357359,115.23799
94.36569457502068,115.232735
94.36569457502068,115.23774
94.36569457502068,115.248764
95.81163445357359,115.255005
95.81163445357359,115.25773
94.36569457502068,115.255424
98.60711821877585,115.2473
110.84940919052373,115.24069
137.74389093160764,115.22719
139.6718107696782,115.211914
135.8159710935371,115.217606
133.88805125546656,115.2229
130.03221157932552,115.225555
133.88805125546656,115.21609
131.96013141739604,115.218094
145.45557028388978,115.22593
147.3834901219603,115.224014
139.6718107696782,115.2191
126.17637190318445,115.218025
130.03221157932552,115.22101
126.17637190318445,115.225876
122.3205322270434,115.227165
126.17637190318445,115.227036
124.24845206511392,115.23114
122.3205322270434,115.230194
122.3205322270434,115.22767
118.46469255090233,115.22669
116.53677271283179,115.22403
114.60885287476127,115.22704
114.60885287476127,115.22869
114.60885287476127,115.22474
112.68093303669075,115.221245
112.68093303669075,115.22078
110.7530131986202,115.221176
110.7530131986202,115.216
110.7530131986202,115.22082
114.60885287476127,115.235176
104.9692536844086,115.23927
103.04133384633806,115.234436
101.11341400826754,115.232285
99.66747412971463,115.231
99.66747412971463,115.23342
99.66747412971463,115.230705
98.22153425116173,115.23293
96.77559437260885,115.242424
95.32965449405594,115.25149
106.89717352247914,115.24426
114.60885287476127,115.23208
103.04133384633806,115.23718
99.66747412971463,115.24296
103.04133384633806,115.239784
108.82509336054967,115.24256
108.82509336054967,115.247826
104.9692536844086,115.251305
104.9692536844086,115.24997
98.22153425116173,115.24012
96.77559437260885,115.23557
95.32965449405594,115.22862
93.88371461550305,115.22471
90.99183485839724,115.21897
89.54589497984435,115.216255
88.09995510129146,115.21817
89.54589497984435,115.221794
92.43777473695015,115.22371
92.43777473695015,115.22518
112.39174506098016,115.22571
109.30707332006732,115.224785
107.66834145770733,115.21941
106.12600558725093,115.21685
104.58366971679449,115.21586
104.58366971679449,115.22212
101.49899797588165,115.219765
99.95666210542522,115.221886
107.66834145770733,115.22818
132.9240913364313,115.232056
130.99617149836078,115.22723
122.3205322270434,115.218925
115.476416801893,115.225716
106.12600558725093,115.22769
103.04133384633806,115.221756
103.04133384633806,115.221664
101.49899797588165,115.227806
99.95666210542522,115.22595
98.60711821877585,115.22786
97.16117834022295,115.22853
95.81163445357359,115.22926
95.81163445357359,115.234795
106.12600558725093,115.24303
99.95666210542522,115.23839
99.95666210542522,115.22918
97.16117834022295,115.22768
94.36569457502068,115.23446
93.0161506883713,115.23419
103.04133384633806,115.23499
103.04133384633806,115.23161
103.04133384633806,115.23005
101.11341400826754,115.22961
99.66747412971463,115.227165
101.11341400826754,115.228516
101.11341400826754,115.22427
99.66747412971463,115.222404
98.22153425116173,115.22634
101.11341400826754,115.23517
101.11341400826754,115.23748
101.11341400826754,115.22886
101.11341400826754,115.223404
99.66747412971463,115.22488
99.66747412971463,115.228134
104.9692536844086,115.23347
112.68093303669075,115.23198
104.9692536844086,115.22465
103.04133384633806,115.22124
99.66747412971463,115.22352
98.22153425116173,115.219864
95.32965449405594,115.213615
99.66747412971463,115.2142
116.53677271283179,115.21674
116.53677271283179,115.216866
103.04133384633806,115.21357
96.77559437260885,115.213524
98.22153425116173,115.22269
114.03047692334012,115.22666
111.81336910955898,115.22304
111.81336910955898,115.22424
109.69265728768141,115.22986
107.57194546580382,115.23165
106.12600558725093,115.23303
104.10168975727687,115.23807
102.65574987872397,115.23658
102.65574987872397,115.23296
129.06825166029026,115.228294
167.62664842170088,115.21671
211.00484477828783,115.2086
166.66268850266562,115.210724
146.41953020292505,115.21254
135.8159710935371,115.2184
132.9240913364313,115.227325
128.104291741255,115.229836
123.28449214607866,115.22714
119.23586048613053,115.22585
120.00702842135874,115.23369
118.56108854280583,115.233284
115.57281279379653,115.22494
112.58453704478721,115.2169
111.81336910955898,115.21994
109.69265728768141,115.22504
128.104291741255,115.23015
128.104291741255,115.23152
167.62664842170088,115.22734
140.63577068871345,115.22469
110.36742923100608,115.22122
109.01788534435673,115.22607
108.24671740912851,115.22666
107.57194546580382,115.22683
109.69265728768141,115.22758
107.57194546580382,115.22812
106.12600558725093,115.228584
104.77646170060156,115.22877
104.10168975727687,115.22953
102.65574987872397,115.229904
101.9809779353993,115.228935
100.53503805684639,115.22826
99.18549417019702,115.22993
97.83595028354763,115.2303
97.83595028354763,115.229706
97.83595028354763,115.23154
95.13686251024889,115.23391
93.88371461550305,115.233025
91.37741882601136,115.23156
90.12427093126551,115.23107
90.12427093126551,115.23066
90.70264688268668,115.231476
90.70264688268668,115.23299
93.88371461550305,115.23427
92.6305667207572,115.234726
93.20894267217837,115.233665
94.4620905669242,115.22926
93.88371461550305,115.223785
129.06825166029026,115.221756
128.104291741255,115.22542
130.99617149836078,115.228226
131.96013141739604,115.231804
130.03221157932552,115.22805
127.14033182221971,115.222084
126.17637190318445,115.220695
126.17637190318445,115.21874
125.21241198414918,115.22008
123.28449214607866,115.22212
122.3205322270434,115.22376
122.3205322270434,115.22436
122.3205322270434,115.2235
122.3205322270434,115.22152
121.35657230800813,115.22035
119.23586048613053,115.22077
117.88631659948119,115.22231
116.53677271283179,115.223656
117.21154465615649,115.22431
122.3205322270434,115.22499
118.56108854280583,115.22542
116.53677271283179,115.2265
115.1872288261824,115.22774
113.25930898811188,115.228935
121.35657230800813,115.230255
126.17637190318445,115.2324
117.88631659948119,115.23641
121.35657230800813,115.239044
123.28449214607866,115.239586
122.3205322270434,115.23792
122.3205322270434,115.23271
121.35657230800813,115.22786
129.06825166029026,115.23205
119.23586048613053,115.23569
117.78992060757763,115.23436
117.01875267234942,115.23553
116.34398072902474,115.2418
116.34398072902474,115.24816
114.80164485856832,115.242584
114.80164485856832,115.23269
113.35570498001542,115.23327
112.58453704478721,115.2442
111.81336910955898,115.249245
110.36742923100608,115.252815
111.13859716623432,115.25514
110.36742923100608,115.25711
109.01788534435673,115.25634
107.57194546580382,115.25528
108.24671740912851,115.25331
107.57194546580382,115.251564
106.12600558725093,115.24888
109.01788534435673,115.248184
108.24671740912851,115.25002
107.57194546580382,115.25116
106.89717352247914,115.237595
106.12600558725093,115.23122
113.35570498001542,115.23098
116.05479275331417,115.22819
115.38002080998947,115.22247
113.35570498001542,115.21315
112.00616109336605,115.21317
115.38002080998947,115.21805
117.50073263186705,115.221634
119.52504846184112,115.21651
116.72956469663885,115.21096
114.03047692334012,115.21732
112.00616109336605,115.219696
113.35570498001542,115.22254
119.52504846184112,115.22544
116.72956469663885,115.22557
112.68093303669075,115.22133
110.65661720671667,115.222336
109.40346931197082,115.22697
108.150321417225,115.23166
106.22240157915445,115.231
105.54762963582978,115.22115
104.29448174108393,115.21351
103.04133384633806,115.21248
103.04133384633806,115.2142
100.43864206494284,115.21744
99.18549417019702,115.22201
99.18549417019702,115.22732
97.93234627545117,115.230965
97.93234627545117,115.2293
99.18549417019702,115.223595
119.71784044564818,115.219864
117.88631659948119,115.22711
116.05479275331417,115.238884
112.00616109336605,115.253426
110.65661720671667,115.24608
110.27103323910255,115.23992
108.5359053848391,115.23353
108.5359053848391,115.22718
108.150321417225,115.23089
108.92148935245321,115.238014
110.27103323910255,115.24314
113.35570498001542,115.239365
111.13859716623432,115.236115
109.40346931197082,115.236206
108.150321417225,115.2363
108.150321417225,115.238716
107.28275749009325,115.24244
106.0296095953474,115.24299
104.29448174108393,115.24363
104.29448174108393,115.24026
103.04133384633806,115.23665
107.66834145770733,115.23608
106.8007775305756,115.23196
105.54762963582978,115.2266
106.4151935629615,115.22727
109.40346931197082,115.23656
109.40346931197082,115.22904
108.150321417225,115.22684
110.7530131986202,115.22625
107.66834145770733,115.23014
116.05479275331417,115.23106
102.11593232406422,115.22977
107.28275749009325,115.23485
107.08996550628619,115.23981
130.03221157932552,115.23916
130.99617149836078,115.23816
123.28449214607866,115.234505
121.35657230800813,115.23198
119.71784044564818,115.23205
124.24845206511392,115.233444
458.0,115.23569
458.0,115.231895
458.0,115.22373
458.0,115.22681
458.0,115.23443
458.0,115.23888
458.0,115.2374
458.0,115.23452
458.0,115.23411
458.0,115.23629
458.0,115.23681
458.0,115.2355
458.0,115.236824
458.0,115.23664
458.0,115.2287
458.0,115.223656
458.0,115.22313
458.0,115.22406
458.0,115.21848
458.0,115.21254
458.0,115.21951
458.0,115.22683
458.0,115.23231
458.0,115.23548
458.0,115.23825
458.0,115.23345
458.0,115.22542
458.0,115.22853
117.9827125913847,115.22727
118.6574845347094,115.22366
119.04306850232348,115.22109
113.06651700430484,115.220055
111.90976510146253,115.226036
107.18636149818971,115.2301
121.35657230800813,115.23051
139.6718107696782,115.23114
150.2753698790661,115.23166
132.9240913364313,115.22835
124.24845206511392,115.22473
123.28449214607866,115.224365
112.97012101240131,115.231865
103.90889777346982,115.23301
122.3205322270434,115.231606
128.104291741255,115.232956
141.5997306077487,115.23483
139.6718107696782,115.23625
141.5997306077487,115.233986
147.3834901219603,115.22455
139.6718107696782,115.22414
138.7078508506429,115.22667
133.88805125546656,115.226395
134.85201117450183,115.21826
129.06825166029026,115.21375
132.9240913364313,115.22186
132.9240913364313,115.2324
126.17637190318445,115.23114
129.06825166029026,115.237465
126.17637190318445,115.23776
121.35657230800813,115.23786
134.85201117450183,115.2353
131.96013141739604,115.22821
117.69352461567411,115.22913
125.21241198414918,115.23469
124.24845206511392,115.240555
128.104291741255,115.23453
106.0296095953474,115.2294
127.14033182221971,115.2282
132.9240913364313,115.235245
130.99617149836078,115.24112
121.35657230800813,115.24743
132.9240913364313,115.258575
140.63577068871345,115.25967
126.17637190318445,115.25631
141.5997306077487,115.25067
140.63577068871345,115.24394
130.99617149836078,115.22811
128.104291741255,115.21541
125.21241198414918,115.21828
119.91063242945523,115.221245
145.45557028388978,115.22093
142.56369052678397,115.217155
135.8159710935371,115.21702
138.7078508506429,115.21409
122.3205322270434,115.21623
129.06825166029026,115.22217
114.89804085047184,115.23655
112.68093303669075,115.24065
119.23586048613053,115.234924
127.14033182221971,115.2386
134.85201117450183,115.23529
143.52765044581926,115.22984
121.35657230800813,115.22329
133.88805125546656,115.22736
130.99617149836078,115.228935
124.24845206511392,115.23273
120.29621639706933,115.23832
124.24845206511392,115.23631
128.104291741255,115.23387
125.21241198414918,115.23382
124.24845206511392,115.24177
123.28449214607866,115.243614
128.104291741255,115.24382
125.21241198414918,115.24659
130.03221157932552,115.25079
128.104291741255,115.25144
119.13946449422701,115.24587
120.39261238897285,115.241974
120.39261238897285,115.24781
120.39261238897285,115.252235
115.95839676141064,115.25398
133.88805125546656,115.24634
140.63577068871345,115.23741
129.06825166029026,115.23483
127.14033182221971,115.24005
116.72956469663885,115.24542
118.07910858328822,115.2412
135.8159710935371,115.23879
129.06825166029026,115.23827
130.99617149836078,115.235275
128.104291741255,115.23436
130.99617149836078,115.24526
127.14033182221971,115.2513
127.14033182221971,115.24915
128.104291741255,115.24935
122.3205322270434,115.25561
130.99617149836078,115.2568
129.06825166029026,115.253845
128.104291741255,115.258575
112.77732902859425,115.26403
110.46382522290962,115.26361
125.21241198414918,115.25768
117.21154465615649,115.24853
120.10342441326227,115.24389
123.28449214607866,115.244286
139.6718107696782,115.23433
110.84940919052373,115.22462
117.30794064806001,115.22151
126.17637190318445,115.21908
116.34398072902474,115.21802
110.84940919052373,115.22076
105.7404216196368,115.22858
110.27103323910255,115.23016
260.1668006490864,115.22178
221.60840388767576,115.21233
178.2302075310888,115.22003
147.3834901219603,115.21897
116.82596068854238,115.216255
125.21241198414918,115.21048
133.88805125546656,115.20565
124.24845206511392,115.21089
124.24845206511392,115.21966
129.06825166029026,115.23191
118.36829655899881,115.24009
114.12687291524362,115.23998
123.28449214607866,115.23564
118.6574845347094,115.23142
118.94667251041996,115.22262
148.34745004099557,115.21754
146.41953020292505,115.218216
137.74389093160764,115.21323
128.104291741255,115.20768
120.29621639706933,115.21791
143.52765044581926,115.21881
127.14033182221971,115.223434
125.21241198414918,115.22574
123.28449214607866,115.22984
123.28449214607866,115.23331
126.17637190318445,115.23343
117.5971286237706,115.23098
115.38002080998947,115.22821
119.23586048613053,115.230125
117.5971286237706,115.231094
120.39261238897285,115.228836
122.3205322270434,115.22736
131.96013141739604,115.230965
140.63577068871345,115.2325
128.104291741255,115.23412
127.14033182221971,115.21695
126.17637190318445,115.214836
119.62144445374466,115.22278
122.3205322270434,115.23862
122.3205322270434,115.23976
121.35657230800813,115.233864
125.21241198414918,115.232475
122.3205322270434,115.23084
120.39261238897285,115.23209
111.81336910955898,115.24084
105.83681761154037,115.252045
96.67919838070532,115.251495
103.33052182204865,115.24292
107.76473744961089,115.24357
108.150321417225,115.24005
100.92062202446049,115.238464
90.89543886649373,115.24403
101.01701801636402,115.24315
102.55935388682045,115.24542
102.36656190301338,115.24796
109.69265728768141,115.25191
97.83595028354763,115.25294
102.36656190301338,115.24993
103.04133384633806,115.250206
93.49813064788894,115.2543
102.46295789491693,115.25876
102.36656190301338,115.25691
99.86026611352172,115.25336
102.36656190301338,115.247604
97.16117834022295,115.24803
98.22153425116173,115.24601
93.59452663979246,115.24383
95.71523846167007,115.24063
95.32965449405594,115.24063
95.32965449405594,115.238235
96.39001040499473,115.23723
82.21979959517633,115.23608
106.7043815386721,115.23569
107.28275749009325,115.23326
123.28449214607866,115.22919
119.33225647803407,115.22739
111.4277851419449,115.22536
118.56108854280583,115.22576
117.30794064806001,115.22735
107.4755494739003,115.23311
116.44037672092828,115.239494
117.5971286237706,115.23907
151.23932979810135,115.23128
150.2753698790661,115.2205
134.85201117450183,115.21888
129.06825166029026,115.22412
123.28449214607866,115.22457
123.28449214607866,115.22297
117.01875267234942,115.235275
122.3205322270434,115.23373
117.69352461567411,115.23296
117.40433663996355,115.23273
121.35657230800813,115.23485
117.78992060757763,115.24021
112.39174506098016,115.24252
115.476416801893,115.24814
110.46382522290962,115.24788
109.69265728768141,115.23572
109.01788534435673,115.226616
98.31793024306526,115.23744
130.99617149836078,115.24082
124.24845206511392,115.239395
138.7078508506429,115.236694
131.96013141739604,115.23674
125.21241198414918,115.245384
117.78992060757763,115.24872
130.03221157932552,115.250374
118.27190056709527,115.24957
127.14033182221971,115.251495
126.17637190318445,115.25225
127.14033182221971,115.24999
128.104291741255,115.24815
108.63230137674262,115.24807
127.14033182221971,115.24888
129.06825166029026,115.24734
108.63230137674262,115.24257
148.34745004099557,115.235016
143.52765044581926,115.22509
137.74389093160764,115.21427
129.06825166029026,115.21383
125.21241198414918,115.219025
120.1998204051658,115.22227
129.06825166029026,115.22842
130.03221157932552,115.229996
125.21241198414918,115.23124
129.06825166029026,115.234474
120.39261238897285,115.23303
126.17637190318445,115.22583
104.87285769250508,115.219986
106.22240157915445,115.22226
110.46382522290962,115.22467
111.81336910955898,115.22574
113.35570498001542,115.22518
104.10168975727687,115.22836
107.66834145770733,115.22946
130.03221157932552,115.235565
119.81423643755171,115.24111
141.5997306077487,115.242516
121.35657230800813,115.234825
117.21154465615649,115.22425
108.150321417225,115.22191
111.33138915004135,115.22142
113.45210097191895,115.219894
116.72956469663885,115.223076
119.13946449422701,115.225876
119.13946449422701,115.22845
118.17550457519175,115.22748
113.25930898811188,115.227165
107.18636149818971,115.23049
105.35483765202272,115.23587
114.70524886666479,115.23899
109.01788534435673,115.23606
110.94580518242725,115.234566
109.01788534435673,115.24259
108.150321417225,115.246735
108.63230137674262,115.24542
105.93321360344387,115.2478
107.66834145770733,115.25083
110.07824125529552,115.2407
106.7043815386721,115.2303
104.87285769250508,115.22584
106.7043815386721,115.22326
130.99617149836078,115.2252
154.13120955520716,115.22534
140.63577068871345,115.22383
116.63316870473531,115.22184
114.22326890714716,115.22305
121.35657230800813,115.223755
112.39174506098016,115.2211
116.44037672092828,115.22639
114.31966489905068,115.23512
118.46469255090233,115.235405
107.18636149818971,115.23142
112.87372502049777,115.2331
123.28449214607866,115.229744
163.7708087455598,115.215225
125.21241198414918,115.21004
125.21241198414918,115.211334
122.3205322270434,115.21742
127.14033182221971,115.220055
117.5971286237706,115.22811
112.29534906907662,115.233246
116.34398072902474,115.23226
121.35657230800813,115.228806
125.21241198414918,115.2328
130.03221157932552,115.24525
130.03221157932552,115.247475
155.09516947424243,115.24181
152.20328971713664,115.23731
151.23932979810135,115.241936
149.31140996003083,115.24468
149.31140996003083,115.242935
148.34745004099557,115.23698
148.34745004099557,115.233665
151.23932979810135,115.23471
132.9240913364313,115.232216
136.77993101257238,115.23263
121.35657230800813,115.23343
116.63316870473531,115.22993
130.99617149836078,115.22608
146.41953020292505,115.23101
153.1672496361719,115.23501
157.02308931231295,115.231606
144.49161036485452,115.22253
143.52765044581926,115.21525
130.99617149836078,115.222565
144.49161036485452,115.230545
133.88805125546656,115.23639
133.88805125546656,115.238014
124.24845206511392,115.229645
127.14033182221971,115.22725
122.3205322270434,115.24314
124.24845206511392,115.24487
126.17637190318445,115.23676
136.77993101257238,115.22744
135.8159710935371,115.22607
139.6718107696782,115.23031
138.7078508506429,115.230354
140.63577068871345,115.227234
137.74389093160764,115.22767
136.77993101257238,115.23823
119.71784044564818,115.23902
131.96013141739604,115.235435
130.03221157932552,115.22805
121.35657230800813,115.22635
121.35657230800813,115.232376
121.35657230800813,115.23033
124.24845206511392,115.2309
126.17637190318445,115.23545
133.88805125546656,115.23827
124.24845206511392,115.23923
131.96013141739604,115.241264
146.41953020292505,115.23741
134.85201117450183,115.23021
130.03221157932552,115.2286
120.39261238897285,115.238556
128.104291741255,115.24811
144.49161036485452,115.25624
142.56369052678397,115.26038
141.5997306077487,115.25894
141.5997306077487,115.25289
122.3205322270434,115.24268
124.24845206511392,115.23517
126.17637190318445,115.23131
133.88805125546656,115.22811
130.03221157932552,115.230286
128.104291741255,115.23656
128.104291741255,115.24575
128.104291741255,115.25265
122.3205322270434,115.25356
128.104291741255,115.24372
136.77993101257238,115.23473
119.23586048613053,115.22997
115.1872288261824,115.231606
107.08996550628619,115.23276
106.31879757105798,115.23318
104.29448174108393,115.23565
104.00529376537335,115.23879
127.14033182221971,115.24124
110.36742923100608,115.245735
111.4277851419449,115.24975
110.65661720671667,115.25448
99.47468214590758,115.25523
94.65488255073126,115.250435
99.37828615400407,115.24814
113.74128894762953,115.25184
115.476416801893,115.24708
109.88544927148845,115.24287
102.36656190301338,115.24387
96.87199036451236,115.2413
135.8159710935371,115.23576
125.21241198414918,115.23476
131.96013141739604,115.23293
139.6718107696782,115.23082
124.24845206511392,115.23413
123.28449214607866,115.240295
122.3205322270434,115.24925
121.35657230800813,115.24639
127.14033182221971,115.240585
126.17637190318445,115.23943
126.17637190318445,115.24288
110.27103323910255,115.24072
131.96013141739604,115.23972
108.150321417225,115.23996
113.06651700430484,115.23954
119.91063242945523,115.24144
117.50073263186705,115.24646
120.39261238897285,115.24841
118.6574845347094,115.24265
115.95839676141064,115.2423
120.29621639706933,115.24168
125.21241198414918,115.24246
122.3205322270434,115.237755
117.50073263186705,115.2374
105.45123364392623,115.23674
115.76560477760358,115.23907
121.35657230800813,115.24146
117.69352461567411,115.24086
143.52765044581926,115.23545
144.49161036485452,115.23084
141.5997306077487,115.22961
131.96013141739604,115.22664
136.77993101257238,115.22748
129.06825166029026,115.22832
132.9240913364313,115.22914
130.03221157932552,115.22958
128.104291741255,115.23014
118.75388052661292,115.230194
122.3205322270434,115.22897
125.21241198414918,115.228096
128.104291741255,115.229774
130.99617149836078,115.23103
133.88805125546656,115.2315
122.3205322270434,115.233215
126.17637190318445,115.23408
110.7530131986202,115.233086
106.7043815386721,115.23157
113.64489295572598,115.23105
114.60885287476127,115.230835
124.24845206511392,115.231606
126.17637190318445,115.23273
127.14033182221971,115.233864
113.54849696382247,115.23431
123.28449214607866,115.2348
115.57281279379653,115.234856
116.05479275331417,115.23468
151.23932979810135,115.23431
150.2753698790661,115.2313
150.2753698790661,115.16843
153.1672496361719,115.07471
159.91496906941876,115.0414
154.13120955520716,115.23338
161.84288890748928,115.238174
174.37436785494776,115.23972
206.1850451831115,115.233475
237.9957225112753,115.22502
180.15812736915933,115.21735
168.59060834073617,115.20977
168.59060834073617,115.20675
158.9510091503835,115.22047
184.97792696433567,115.23401
165.69872858363036,115.238434
171.48248809784195,115.2348
157.9870492313482,115.22257
160.87892898845402,115.218376
150.2753698790661,115.21873
161.84288890748928,115.22483
159.91496906941876,115.22423
157.9870492313482,115.22544
151.23932979810135,115.231606
154.13120955520716,115.23376
150.2753698790661,115.23434
155.09516947424243,115.23044
165.69872858363036,115.221245
94.26929858311716,115.208725
94.26929858311716,115.32849
95.522446477863,115.51929
102.94493785443456,115.7045
102.94493785443456,115.703545
104.29448174108393,115.70215
100.43864206494284,115.70286
100.43864206494284,115.70454
99.28189016210054,115.70642
99.28189016210054,115.707634
99.28189016210054,115.707344
99.28189016210054,115.706024
99.28189016210054,115.70462
101.6917899596887,115.704254
104.29448174108393,115.704956
104.29448174108393,115.70569
105.64402562773328,115.706955
102.94493785443456,115.707886
102.94493785443456,115.70821
102.94493785443456,115.707726
100.43864206494284,115.70759
100.43864206494284,115.7069
100.43864206494284,115.70737
100.43864206494284,115.70879
100.43864206494284,115.70907
98.0287422673547,115.709625
98.0287422673547,115.71064
98.0287422673547,115.71198
100.43864206494284,115.712875
106.0296095953474,115.71282
104.9692536844086,115.71164
102.7521458706275,115.70928
101.6917899596887,115.70625
100.72783004065343,115.70616
100.72783004065343,115.70366
100.72783004065343,115.705
99.66747412971463,115.70591
97.64315829974059,115.70756
96.67919838070532,115.70287
95.71523846167007,115.69457
95.71523846167007,115.69384
94.65488255073126,115.69507
95.71523846167007,115.701706
95.71523846167007,115.70728
93.690922631696,115.70912
93.690922631696,115.70803
91.66660680172194,115.70563
91.66660680172194,115.70754
91.66660680172194,115.7096
93.690922631696,115.71382
91.66660680172194,115.71551
90.70264688268668,115.713615
89.83508295555494,115.712875
90.70264688268668,115.716095
90.70264688268668,115.71744
88.87112303651966,115.71587
87.90716311748439,115.71534
145.45557028388978,115.71535
145.45557028388978,115.71458
143.52765044581926,115.70751
137.74389093160764,115.697845
137.74389093160764,115.69519
138.7078508506429,115.692696
135.8159710935371,115.68943
132.9240913364313,115.68817
131.96013141739604,115.685715
131.96013141739604,115.68792
130.03221157932552,115.689156
130.03221157932552,115.691055
130.03221157932552,115.69085
129.06825166029026,115.69378
127.14033182221971,115.6947
125.21241198414918,115.69561
125.21241198414918,115.6976
130.03221157932552,115.7022
125.21241198414918,115.70599
123.28449214607866,115.70863
122.3205322270434,115.70746
122.3205322270434,115.70049
120.39261238897285,115.70099
119.52504846184112,115.70075
118.36829655899881,115.70061
117.21154465615649,115.700966
117.21154465615649,115.70183
117.21154465615649,115.7033
108.150321417225,115.70428
107.08996550628619,115.70175
106.0296095953474,115.69067
103.81250178156628,115.67973
102.7521458706275,115.677795
101.6917899596887,115.67549
101.6917899596887,115.673164
101.6917899596887,115.67034
99.66747412971463,115.669624
99.66747412971463,115.67253
97.64315829974059,115.67892
96.67919838070532,115.68344
96.67919838070532,115.688385
96.67919838070532,115.69117
96.67919838070532,115.69204
95.71523846167007,115.69139
93.690922631696,115.69134
91.66660680172194,115.69216
91.66660680172194,115.69337
91.66660680172194,115.69416
89.83508295555494,115.6945
89.83508295555494,115.694786
90.70264688268668,115.69523
91.66660680172194,115.69579
91.66660680172194,115.69558
93.690922631696,115.69621
91.66660680172194,115.69945
91.66660680172194,115.70281
96.00442643738063,115.70589
97.16117834022295,115.70556
96.00442643738063,115.7004
94.84767453453831,115.68915
93.59452663979246,115.68491
91.28102283410783,115.684746
90.12427093126551,115.69117
90.12427093126551,115.692314
90.12427093126551,115.69243
91.28102283410783,115.693344
91.28102283410783,115.694305
90.12427093126551,115.69524
90.12427093126551,115.694534
87.71437113367735,115.69203
86.55761923083503,115.68872
86.55761923083503,115.68872
85.40086732799271,115.69153
85.40086732799271,115.69672
84.34051141705392,115.70089
85.40086732799271,115.69945
90.12427093126551,115.70268
90.12427093126551,115.70371
85.40086732799271,115.70147
84.34051141705392,115.697914
83.28015550611512,115.6959
82.21979959517633,115.69654
81.15944368423754,115.69945
81.15944368423754,115.70281
81.15944368423754,115.70589
112.87372502049777,115.707634
112.87372502049777,115.70483
113.54849696382247,115.69369
111.4277851419449,115.68796
112.87372502049777,115.6944
112.87372502049777,115.70332
112.87372502049777,115.70049
111.4277851419449,115.70092
111.4277851419449,115.70061
108.72869736864614,115.700966
109.30707332006732,115.70183
108.05392542532145,115.703766
107.37915348199678,115.70371
107.37915348199678,115.703674
106.12600558725093,115.70173
104.87285769250508,115.704605
107.37915348199678,115.700035
107.37915348199678,115.69866
106.8007775305756,115.701866
106.12600558725093,115.704384
106.8007775305756,115.70371
107.37915348199678,115.70147
106.12600558725093,115.699524
104.87285769250508,115.701035
111.4277851419449,115.704506
110.7530131986202,115.706024
107.37915348199678,115.71054
107.37915348199678,115.71691
458.0,115.720795
458.0,115.71455
458.0,115.69824
458.0,115.68041
458.0,115.68025
458.0,115.67989
458.0,115.67884
458.0,115.67892
458.0,115.680565
458.0,115.68156
458.0,115.68328
145.45557028388978,115.68593
136.77993101257238,115.688385
131.96013141739604,115.6913
132.9240913364313,115.692894
137.74389093160764,115.693665
132.9240913364313,115.69491
129.06825166029026,115.69654
127.14033182221971,115.69945
127.14033182221971,115.70488
125.21241198414918,115.71059
125.21241198414918,115.711876
124.24845206511392,115.706024
121.35657230800813,115.70334
118.36829655899881,115.704666
115.1872288261824,115.702774
114.31966489905068,115.700195
113.74128894762953,115.69507
139.6718107696782,115.694725
142.56369052678397,115.69318
145.45557028388978,115.689125
143.52765044581926,115.68587
143.52765044581926,115.68344
143.52765044581926,115.688385
142.56369052678397,115.69117
141.5997306077487,115.69204
141.5997306077487,115.689644
141.5997306077487,115.68587
142.56369052678397,115.68248
139.6718107696782,115.6812
139.6718107696782,115.67635
139.6718107696782,115.6737
139.6718107696782,115.678
139.6718107696782,115.68621
139.6718107696782,115.69337
141.5997306077487,115.69402
141.5997306077487,115.69432
138.7078508506429,115.69464
136.77993101257238,115.69524
133.88805125546656,115.69588
132.9240913364313,115.69614
132.9240913364313,115.69558
130.99617149836078,115.69621
130.03221157932552,115.69945
130.03221157932552,115.70281
130.03221157932552,115.70589
117.11514866425296,115.707634
117.11514866425296,115.70697
118.56108854280583,115.7021
117.11514866425296,115.69996
115.66920878570005,115.699936
118.56108854280583,115.7005
120.00702842135874,115.70059
121.35657230800813,115.699936
120.00702842135874,115.699524
118.56108854280583,115.6997
118.56108854280583,115.699684
117.11514866425296,115.697395
117.11514866425296,115.70054
114.22326890714716,115.70371
115.66920878570005,115.7028
114.22326890714716,115.70322
114.22326890714716,115.70511
112.87372502049777,115.70483
112.87372502049777,115.703476
109.981845263392,115.70244
109.981845263392,115.69744
111.4277851419449,115.69462
114.22326890714716,115.69456
114.22326890714716,115.69083
117.11514866425296,115.687584
115.66920878570005,115.68865
111.4277851419449,115.69395
109.981845263392,115.6995
111.4277851419449,115.70445
93.40173465598542,115.70784
93.40173465598542,115.71508
91.47381481791489,115.71882
90.50985489887961,115.71873
89.44949898794083,115.710236
89.44949898794083,115.705734
88.48553906890557,115.710884
84.53330340086096,115.72067
83.5693434818257,115.71806
82.70177955469396,115.71022
82.70177955469396,115.70569
81.83421562756223,115.714264
80.00269178139523,115.71837
79.13512785426349,115.71045
79.13512785426349,115.70452
78.26756392713175,115.704414
77.4,115.708626
77.4,115.70816
78.26756392713175,115.70089
84.53330340086096,115.697044
84.53330340086096,115.69687
81.83421562756223,115.70173
80.96665170043049,115.70739
80.00269178139523,115.70631
79.13512785426349,115.69929
80.00269178139523,115.70662
79.13512785426349,115.71685
80.00269178139523,115.71499
112.39174506098016,115.713875
110.84940919052373,115.71865
109.30707332006732,115.71406
106.12600558725093,115.71047
112.39174506098016,115.70739
109.30707332006732,115.701355
107.66834145770733,115.7058
106.12600558725093,115.7091
104.58366971679449,115.707794
104.58366971679449,115.70593
103.04133384633806,115.70937
103.04133384633806,115.71486
99.95666210542522,115.71402
98.60711821877585,115.71332
97.16117834022295,115.717026
95.81163445357359,115.72178
94.36569457502068,115.72306
94.36569457502068,115.710815
95.81163445357359,115.699524
95.81163445357359,115.69933
94.36569457502068,115.70171
94.36569457502068,115.69567
94.36569457502068,115.68982
95.81163445357359,115.69561
95.81163445357359,115.69897
94.36569457502068,115.70372
98.60711821877585,115.702194
99.95666210542522,115.6983
112.39174506098016,115.70423
110.84940919052373,115.709625
109.30707332006732,115.70516
106.12600558725093,115.69814
112.39174506098016,115.694275
109.30707332006732,115.68789
107.66834145770733,115.68346
106.12600558725093,115.68402
104.58366971679449,115.69222
104.58366971679449,115.69568
103.04133384633806,115.703575
103.04133384633806,115.70918
99.95666210542522,115.71473
98.60711821877585,115.71511
97.16117834022295,115.715546
95.81163445357359,115.71047
94.36569457502068,115.7031
94.36569457502068,115.69973
95.81163445357359,115.70007
95.81163445357359,115.70996
94.36569457502068,115.720985
94.36569457502068,115.72288
94.36569457502068,115.71546
95.81163445357359,115.711365
95.81163445357359,115.713196
94.36569457502068,115.71618
98.60711821877585,115.71305
110.84940919052373,115.7117
137.74389093160764,115.71124
139.6718107696782,115.71399
135.8159710935371,115.71408
133.88805125546656,115.71334
130.03221157932552,115.707184
133.88805125546656,115.69964
131.96013141739604,115.69597
145.45557028388978,115.70276
147.3834901219603,115.70584
139.6718107696782,115.71003
126.17637190318445,115.70761
130.03221157932552,115.696045
126.17637190318445,115.69302
122.3205322270434,115.695946
126.17637190318445,115.701385
124.24845206511392,115.70674
122.3205322270434,115.70494
122.3205322270434,115.7053
118.46469255090233,115.70724
116.53677271283179,115.703804
114.60885287476127,115.69884
114.60885287476127,115.697395
114.60885287476127,115.707115
112.68093303669075,115.7091
112.68093303669075,115.70007
110.7530131986202,115.68915
110.7530131986202,115.68496
110.7530131986202,115.690056
114.60885287476127,115.704895
104.9692536844086,115.704765
103.04133384633806,115.70427
101.11341400826754,115.7049
99.66747412971463,115.69683
99.66747412971463,115.69229
99.66747412971463,115.693825
98.22153425116173,115.697266
96.77559437260885,115.70335
95.32965449405594,115.712715
106.89717352247914,115.726974
114.60885287476127,115.727974
103.04133384633806,115.72398
99.66747412971463,115.71291
103.04133384633806,115.710266
108.82509336054967,115.7114
108.82509336054967,115.71501
104.9692536844086,115.717224
104.9692536844086,115.71858
98.22153425116173,115.71462
96.77559437260885,115.71297
95.32965449405594,115.70884
93.88371461550305,115.69789
90.99183485839724,115.695366
89.54589497984435,115.6933
88.09995510129146,115.69253
89.54589497984435,115.68503
92.43777473695015,115.69302
92.43777473695015,115.70399
112.39174506098016,115.71012
109.30707332006732,115.70919
107.66834145770733,115.70739
106.12600558725093,115.7032
104.58366971679449,115.701805
104.58366971679449,115.69516
101.49899797588165,115.69864
99.95666210542522,115.704575
107.66834145770733,115.7053
132.9240913364313,115.70232
130.99617149836078,115.712715
122.3205322270434,115.71339
115.476416801893,115.70584
106.12600558725093,115.69917
103.04133384633806,115.696724
103.04133384633806,115.697334
101.49899797588165,115.69356
99.95666210542522,115.69011
98.60711821877585,115.69136
97.16117834022295,115.69362
95.81163445357359,115.69572
95.81163445357359,115.69812
106.12600558725093,115.70319
99.95666210542522,115.70995
99.95666210542522,115.71213
97.16117834022295,115.698326
94.36569457502068,115.69498
93.0161506883713,115.69996
103.04133384633806,115.704575
103.04133384633806,115.70963
103.04133384633806,115.711685
101.11341400826754,115.710724
99.66747412971463,115.7107
101.11341400826754,115.71351
101.11341400826754,115.714714
99.66747412971463,115.71173
98.22153425116173,115.71172
101.11341400826754,115.71431
101.11341400826754,115.71707
101.11341400826754,115.714485
101.11341400826754,115.71924
99.66747412971463,115.71959
99.66747412971463,115.71912
104.9692536844086,115.715996
112.68093303669075,115.71172
104.9692536844086,115.709045
103.04133384633806,115.706345
99.66747412971463,115.706085
98.22153425116173,115.70581
95.32965449405594,115.701546
99.66747412971463,115.70174
116.53677271283179,115.71092
116.53677271283179,115.715546
103.04133384633806,115.71804
96.77559437260885,115.713264
98.22153425116173,115.70987
114.03047692334012,115.70912
111.81336910955898,115.711876
111.81336910955898,115.71082
109.69265728768141,115.713264
107.57194546580382,115.71301
106.12600558725093,115.7155
104.10168975727687,115.71345
102.65574987872397,115.71399
102.65574987872397,115.713646
129.06825166029026,115.71502
167.62664842170088,115.71267
211.00484477828783,115.7083
166.66268850266562,115.697334
146.41953020292505,115.693695
135.8159710935371,115.6953
132.9240913364313,115.70236
128.104291741255,115.70938
123.28449214607866,115.71469
119.23586048613053,115.714905
120.00702842135874,115.70826
118.56108854280583,115.71161
115.57281279379653,115.71289
112.58453704478721,115.71156
111.81336910955898,115.70758
109.69265728768141,115.70483
128.104291741255,115.709206
128.104291741255,115.72044
167.62664842170088,115.72903
140.63577068871345,115.72312
110.36742923100608,115.713425
109.01788534435673,115.71037
108.24671740912851,115.70924
107.57194546580382,115.7045
109.69265728768141,115.703545
107.57194546580382,115.70215
106.12600558725093,115.70286
104.77646170060156,115.70454
104.10168975727687,115.70642
102.65574987872397,115.707634
101.9809779353993,115.707344
100.53503805684639,115.706024
99.18549417019702,115.70462
97.83595028354763,115.704254
97.83595028354763,115.704956
97.83595028354763,115.70569
95.13686251024889,115.706955
93.88371461550305,115.707886
91.37741882601136,115.70821
90.12427093126551,115.707726
90.12427093126551,115.70759
90.70264688268668,115.7069
90.70264688268668,115.70737
93.88371461550305,115.70879
92.6305667207572,115.70907
93.20894267217837,115.709625
94.4620905669242,115.71064
93.88371461550305,115.71198
129.06825166029026,115.712875
128.104291741255,115.711525
130.99617149836078,115.70928
131.96013141739604,115.708694
130.03221157932552,115.711235
127.14033182221971,115.70953
126.17637190318445,115.70209
126.17637190318445,115.6999
125.21241198414918,115.700195
123.28449214607866,115.70394
122.3205322270434,115.704384
122.3205322270434,115.70748
122.3205322270434,115.70684
122.3205322270434,115.70574
121.35657230800813,115.70677
119.23586048613053,115.70821
117.88631659948119,115.71091
116.53677271283179,115.70903
117.21154465615649,115.71305
122.3205322270434,115.71806
118.56108854280583,115.718765
116.53677271283179,115.71886
115.1872288261824,115.72259
113.25930898811188,115.72644
121.35657230800813,115.728676
126.17637190318445,115.72946
117.88631659948119,115.73044
121.35657230800813,115.7324
123.28449214607866,115.73477
122.3205322270434,115.728935
122.3205322270434,115.72
121.35657230800813,115.711334
129.06825166029026,115.72202
119.23586048613053,115.7231
117.78992060757763,115.72009
117.01875267234942,115.71001
116.34398072902474,115.71029
116.34398072902474,115.71297
114.80164485856832,115.71636
114.80164485856832,115.719536
113.35570498001542,115.725006
112.58453704478721,115.71882
111.81336910955898,115.71739
110.36742923100608,115.722755
111.13859716623432,115.72534
110.36742923100608,115.72487
109.01788534435673,115.7248
107.57194546580382,115.72399
108.24671740912851,115.72346
107.57194546580382,115.72003
106.12600558725093,115.71769
109.01788534435673,115.717575
108.24671740912851,115.72087
107.57194546580382,115.722404
106.89717352247914,115.72601
106.12600558725093,115.73023
113.35570498001542,115.72778
116.05479275331417,115.719376
115.38002080998947,115.7088
113.35570498001542,115.701546
112.00616109336605,115.70227
115.38002080998947,115.69847
117.50073263186705,115.70492
119.52504846184112,115.70876
116.72956469663885,115.70823
114.03047692334012,115.70227
112.00616109336605,115.696976
113.35570498001542,115.6971
119.52504846184112,115.69966
116.72956469663885,115.70945
112.68093303669075,115.71574
110.65661720671667,115.70742
109.40346931197082,115.69964
108.150321417225,115.707634
106.22240157915445,115.71874
105.54762963582978,115.71534
104.29448174108393,115.706436
103.04133384633806,115.69273
103.04133384633806,115.68645
100.43864206494284,115.69139
99.18549417019702,115.69488
99.18549417019702,115.693596
97.93234627545117,115.69434
97.93234627545117,115.69428
99.18549417019702,115.69644
119.71784044564818,115.701866
117.88631659948119,115.7117
116.05479275331417,115.71832
112.00616109336605,115.723366
110.65661720671667,115.71433
110.27103323910255,115.7094
108.5359053848391,115.70903
108.5359053848391,115.71387
108.150321417225,115.71748
108.92148935245321,115.71126
110.27103323910255,115.70805
113.35570498001542,115.70766
111.13859716623432,115.70916
109.40346931197082,115.70852
108.150321417225,115.708885
108.150321417225,115.71143
107.28275749009325,115.71467
106.0296095953474,115.714294
104.29448174108393,115.71534
104.29448174108393,115.71406
103.04133384633806,115.71049
107.66834145770733,115.710144
106.8007775305756,115.713806
105.54762963582978,115.71609
106.4151935629615,115.71544
109.40346931197082,115.71551
109.40346931197082,115.721375
108.150321417225,115.72483
110.7530131986202,115.71907
107.66834145770733,115.70741
116.05479275331417,115.70625
102.11593232406422,115.70551
107.28275749009325,115.703964
107.08996550628619,115.70367
130.03221157932552,115.70618
130.99617149836078,115.71044
123.28449214607866,115.71902
121.35657230800813,115.72931
119.71784044564818,115.72658
124.24845206511392,115.7211
458.0,115.71437
458.0,115.7048
458.0,115.704956
458.0,115.705956
458.0,115.707184
458.0,115.712875
458.0,115.71848
458.0,115.718025
458.0,115.71646
458.0,115.71629
458.0,115.716576
458.0,115.716324
458.0,115.71362
458.0,115.71567
458.0,115.71183
458.0,115.707146
458.0,115.70213
458.0,115.7039
458.0,115.71164
458.0,115.71698
458.0,115.70875
458.0,115.70101
458.0,115.700874
458.0,115.70576
458.0,115.7091
458.0,115.71146
458.0,115.704834
458.0,115.700264
117.9827125913847,115.69812
118.6574845347094,115.696045
119.04306850232348,115.69524
113.06651700430484,115.69659
111.90976510146253,115.7008
107.18636149818971,115.704765
121.35657230800813,115.70546
139.6718107696782,115.708496
150.2753698790661,115.708824
132.9240913364313,115.7048
124.24845206511392,115.70576
123.28449214607866,115.70979
112.97012101240131,115.712105
103.90889777346982,115.71441
122.3205322270434,115.715675
128.104291741255,115.716606
141.5997306077487,115.71932
139.6718107696782,115.7211
141.5997306077487,115.71733
147.3834901219603,115.71223
139.6718107696782,115.706116
138.7078508506429,115.70302
133.88805125546656,115.70574
134.85201117450183,115.70579
129.06825166029026,115.70504
132.9240913364313,115.70893
132.9240913364313,115.706955
126.17637190318445,115.70708
129.06825166029026,115.7071
126.17637190318445,115.708984
121.35657230800813,115.709145
134.85201117450183,115.70741
131.96013141739604,115.70644
117.69352461567411,115.71038
125.21241198414918,115.71611
124.24845206511392,115.71669
128.104291741255,115.718025
106.0296095953474,115.719986
127.14033182221971,115.71693
132.9240913364313,115.71602
130.99617149836078,115.71738
121.35657230800813,115.722725
132.9240913364313,115.728065
140.63577068871345,115.72704
126.17637190318445,115.72862
141.5997306077487,115.725136
140.63577068871345,115.72297
130.99617149836078,115.71797
128.104291741255,115.714066
125.21241198414918,115.708534
119.91063242945523,115.7032
145.45557028388978,115.7035
142.56369052678397,115.704384
135.8159710935371,115.70626
138.7078508506429,115.7152
122.3205322270434,115.71754
129.06825166029026,115.71147
114.89804085047184,115.7069
112.68093303669075,115.71089
119.23586048613053,115.710945
127.14033182221971,115.70966
134.85201117450183,115.71607
143.52765044581926,115.72385
121.35657230800813,115.72404
133.88805125546656,115.71476
130.99617149836078,115.70774
124.24845206511392,115.71013
120.29621639706933,115.71152
124.24845206511392,115.713554
128.104291741255,115.710106
125.21241198414918,115.71415
124.24845206511392,115.715225
123.28449214607866,115.718155
128.104291741255,115.72
125.21241198414918,115.718796
130.03221157932552,115.72052
128.104291741255,115.72108
119.13946449422701,115.720215
120.39261238897285,115.71746
120.39261238897285,115.7156
120.39261238897285,115.72087
115.95839676141064,115.7255
133.88805125546656,115.721985
140.63577068871345,115.719345
129.06825166029026,115.716995
127.14033182221971,115.716064
116.72956469663885,115.71395
118.07910858328822,115.71587
135.8159710935371,115.716835
129.06825166029026,115.71754
130.99617149836078,115.718376
128.104291741255,115.71811
130.99617149836078,115.71628
127.14033182221971,115.71956
127.14033182221971,115.72066
128.104291741255,115.723305
122.3205322270434,115.72602
130.99617149836078,115.72797
129.06825166029026,115.73287
128.104291741255,115.73266
112.77732902859425,115.7304
110.46382522290962,115.72466
125.21241198414918,115.72238
117.21154465615649,115.717316
120.10342441326227,115.71513
123.28449214607866,115.72001
139.6718107696782,115.72244
110.84940919052373,115.7238
117.30794064806001,115.72138
126.17637190318445,115.71679
116.34398072902474,115.71198
110.84940919052373,115.70893
105.7404216196368,115.70504
110.27103323910255,115.70593
260.1668006490864,115.70938
221.60840388767576,115.706116
178.2302075310888,115.69901
147.3834901219603,115.69281
116.82596068854238,115.68976
125.21241198414918,115.68873
133.88805125546656,115.68688
124.24845206511392,115.68393
124.24845206511392,115.692986
129.06825166029026,115.70502
118.36829655899881,115.71391
114.12687291524362,115.7122
123.28449214607866,115.71003
118.6574845347094,115.7084
118.94667251041996,115.7076
148.34745004099557,115.70682
146.41953020292505,115.70226
137.74389093160764,115.697754
128.104291741255,115.69178
120.29621639706933,115.6908
143.52765044581926,115.69296
127.14033182221971,115.696236
125.21241198414918,115.69423
123.28449214607866,115.70353
123.28449214607866,115.72378
126.17637190318445,115.73517
117.5971286237706,115.72752
115.38002080998947,115.710464
119.23586048613053,115.70278
117.5971286237706,115.700294
120.39261238897285,115.697655
122.3205322270434,115.6988
131.96013141739604,115.70294
140.63577068871345,115.701706
128.104291741255,115.70728
127.14033182221971,115.70726
126.17637190318445,115.70174
119.62144445374466,115.697556
122.3205322270434,115.70506
122.3205322270434,115.7122
121.35657230800813,115.7128
125.21241198414918,115.712296
122.3205322270434,115.70622
120.39261238897285,115.703995
111.81336910955898,115.706276
105.83681761154037,115.71187
96.67919838070532,115.713264
103.33052182204865,115.70952
107.76473744961089,115.712715
108.150321417225,115.71064
100.92062202446049,115.70807
90.89543886649373,115.70597
101.01701801636402,115.70657
102.55935388682045,115.707695
102.36656190301338,115.7073
109.69265728768141,115.71148
97.83595028354763,115.713295
102.36656190301338,115.710075
103.04133384633806,115.70918
93.49813064788894,115.70927
102.46295789491693,115.71281
102.36656190301338,115.710075
99.86026611352172,115.70868
102.36656190301338,115.71316
97.16117834022295,115.71824
98.22153425116173,115.717064
93.59452663979246,115.7115
95.71523846167007,115.71315
95.32965449405594,115.71172
95.32965449405594,115.7108
96.39001040499473,115.7135
82.21979959517633,115.71667
106.7043815386721,115.71718
107.28275749009325,115.70808
123.28449214607866,115.705605
119.33225647803407,115.70401
111.4277851419449,115.702034
118.56108854280583,115.692986
117.30794064806001,115.69225
107.4755494739003,115.69602
116.44037672092828,115.70376
117.5971286237706,115.70921
151.23932979810135,115.70994
150.2753698790661,115.708046
134.85201117450183,115.70255
129.06825166029026,115.70056
123.28449214607866,115.7064
123.28449214607866,115.706024
117.01875267234942,115.70217
122.3205322270434,115.70255
117.69352461567411,115.70664
117.40433663996355,115.70912
121.35657230800813,115.70952
117.78992060757763,115.7079
112.39174506098016,115.707466
115.476416801893,115.710846
110.46382522290962,115.71408
109.69265728768141,115.71263
109.01788534435673,115.70856
98.31793024306526,115.70609
130.99617149836078,115.71033
124.24845206511392,115.708916
138.7078508506429,115.70335
131.96013141739604,115.698906
125.21241198414918,115.70609
117.78992060757763,115.70695
130.03221157932552,115.70605
118.27190056709527,115.70618
127.14033182221971,115.70565
126.17637190318445,115.7069
127.14033182221971,115.707855
128.104291741255,115.708206
108.63230137674262,115.70814
127.14033182221971,115.70886
129.06825166029026,115.71015
108.63230137674262,115.71355
148.34745004099557,115.720406
143.52765044581926,115.72329
137.74389093160764,115.71612
129.06825166029026,115.700005
125.21241198414918,115.69475
120.1998204051658,115.69677
129.06825166029026,115.69899
130.03221157932552,115.70191
125.21241198414918,115.70656
129.06825166029026,115.7102
120.39261238897285,115.71271
126.17637190318445,115.71532
104.87285769250508,115.71104
106.22240157915445,115.70052
110.46382522290962,115.69472
111.81336910955898,115.693756
113.35570498001542,115.698
104.10168975727687,115.702194
107.66834145770733,115.71055
130.03221157932552,115.716896
119.81423643755171,115.719
141.5997306077487,115.70781
121.35657230800813,115.70956
117.21154465615649,115.702644
108.150321417225,115.69579
111.33138915004135,115.69218
113.45210097191895,115.695114
116.72956469663885,115.700195
119.13946449422701,115.70455
119.13946449422701,115.70664
118.17550457519175,115.701355
113.25930898811188,115.69864
107.18636149818971,115.70374
105.35483765202272,115.707634
114.70524886666479,115.7118
109.01788534435673,115.7167
110.94580518242725,115.71281
109.01788534435673,115.708046
108.150321417225,115.70814
108.63230137674262,115.71168
105.93321360344387,115.717186
107.66834145770733,115.720566
110.07824125529552,115.71609
106.7043815386721,115.7104
104.87285769250508,115.71135
106.7043815386721,115.70958
130.99617149836078,115.707115
154.13120955520716,115.708405
140.63577068871345,115.71143
116.63316870473531,115.717834
114.22326890714716,115.72131
121.35657230800813,115.71867
112.39174506098016,115.7076
116.44037672092828,115.70724
114.31966489905068,115.71037
118.46469255090233,115.716255
107.18636149818971,115.717094
112.87372502049777,115.71317
123.28449214607866,115.71108
163.7708087455598,115.71168
125.21241198414918,115.70588
125.21241198414918,115.69777
122.3205322270434,115.6956
127.14033182221971,115.704666
117.5971286237706,115.708885
112.29534906907662,115.71322
116.34398072902474,115.71607
121.35657230800813,115.716385
125.21241198414918,115.714806
130.03221157932552,115.71214
130.03221157932552,115.71159
155.09516947424243,115.71091
152.20328971713664,115.710945
151.23932979810135,115.71322
149.31140996003083,115.714
149.31140996003083,115.71274
148.34745004099557,115.71097
148.34745004099557,115.71057
151.23932979810135,115.70889
132.9240913364313,115.70708
136.77993101257238,115.70708
121.35657230800813,115.71155
116.63316870473531,115.713554
130.99617149836078,115.70801
146.41953020292505,115.70443
153.1672496361719,115.71625
157.02308931231295,115.72204
144.49161036485452,115.709816
143.52765044581926,115.70518
130.99617149836078,115.70485
144.49161036485452,115.707565
133.88805125546656,115.70807
133.88805125546656,115.710236
124.24845206511392,115.71094
127.14033182221971,115.70991
122.3205322270434,115.70679
124.24845206511392,115.71196
126.17637190318445,115.715485
136.77993101257238,115.71308
135.8159710935371,115.71098
139.6718107696782,115.70909
138.7078508506429,115.70905
140.63577068871345,115.704765
137.74389093160764,115.70288
136.77993101257238,115.706924
119.71784044564818,115.71392
131.96013141739604,115.710815
130.03221157932552,115.70498
121.35657230800813,115.70294
121.35657230800813,115.70512
121.35657230800813,115.70809
124.24845206511392,115.70686
126.17637190318445,115.70639
133.88805125546656,115.709816
124.24845206511392,115.71164
131.96013141739604,115.71751
146.41953020292505,115.71867
134.85201117450183,115.7166
130.03221157932552,115.71194
120.39261238897285,115.70966
128.104291741255,115.71063
144.49161036485452,115.71667
142.56369052678397,115.724846
141.5997306077487,115.72837
141.5997306077487,115.725174
122.3205322270434,115.7232
124.24845206511392,115.721535
126.17637190318445,115.71678
133.88805125546656,115.703064
130.03221157932552,115.699356
128.104291741255,115.69996
128.104291741255,115.705734
128.104291741255,115.71197
122.3205322270434,115.717155
128.104291741255,115.72143
136.77993101257238,115.72
119.23586048613053,115.71208
115.1872288261824,115.707184
107.08996550628619,115.71077
106.31879757105798,115.713615
104.29448174108393,115.71066
104.00529376537335,115.71478
127.14033182221971,115.714
110.36742923100608,115.72246
111.4277851419449,115.72149
110.65661720671667,115.72131
99.47468214590758,115.72473
94.65488255073126,115.732475
99.37828615400407,115.72865
113.74128894762953,115.71687
115.476416801893,115.71749
109.88544927148845,115.71909
102.36656190301338,115.72096
96.87199036451236,115.71732
135.8159710935371,115.71402
125.21241198414918,115.715385
131.96013141739604,115.71252
139.6718107696782,115.70907
124.24845206511392,115.711784
123.28449214607866,115.714905
122.3205322270434,115.7205
121.35657230800813,115.72341
127.14033182221971,115.72343
126.17637190318445,115.72227
126.17637190318445,115.71269
110.27103323910255,115.70996
131.96013141739604,115.70453
108.150321417225,115.70288
113.06651700430484,115.704155
119.91063242945523,115.70782
117.50073263186705,115.71283
120.39261238897285,115.71681
118.6574845347094,115.715965
115.95839676141064,115.71749
120.29621639706933,115.72003
125.21241198414918,115.72487
122.3205322270434,115.723595
117.50073263186705,115.72158
105.45123364392623,115.71931
115.76560477760358,115.71738
121.35657230800813,115.70905
117.69352461567411,115.71189
143.52765044581926,115.71478
144.49161036485452,115.712616
141.5997306077487,115.70702
131.96013141739604,115.7045
136.77993101257238,115.70353
129.06825166029026,115.70215
132.9240913364313,115.70286
130.03221157932552,115.70454
128.104291741255,115.706436
118.75388052661292,115.70765
122.3205322270434,115.70735
125.21241198414918,115.706024
128.104291741255,115.70463
130.99617149836078,115.70427
133.88805125546656,115.704956
122.3205322270434,115.70567
126.17637190318445,115.70695
110.7530131986202,115.7079
106.7043815386721,115.70821
113.64489295572598,115.707726
114.60885287476127,115.70759
124.24845206511392,115.7069
126.17637190318445,115.70735
127.14033182221971,115.708786
113.54849696382247,115.70905
123.28449214607866,115.709625
115.57281279379653,115.710655
116.05479275331417,115.71199
151.23932979810135,115.712875
150.2753698790661,115.71033
150.2753698790661,115.70571
153.1672496361719,115.70252
159.91496906941876,115.704956
154.13120955520716,115.70372
161.84288890748928,115.702194
174.37436785494776,115.704834
206.1850451831115,115.70512
237.9957225112753,115.70544
180.15812736915933,115.70522
168.59060834073617,115.69895
168.59060834073617,115.692665
158.9510091503835,115.6928
184.97792696433567,115.69768
165.69872858363036,115.70511
171.48248809784195,115.71038
157.9870492313482,115.70966
160.87892898845402,115.70411
150.2753698790661,115.69977
161.84288890748928,115.69788
159.91496906941876,115.70315
157.9870492313482,115.70836
151.23932979810135,115.71078
154.13120955520716,115.71393
150.2753698790661,115.714485
155.09516947424243,115.710045
165.69872858363036,115.70748
