actual_runoff,predicted_runoff
116.26389422278893,83.279
114.2289424443268,83.28023
116.26389422278893,83.26792
122.3687495581753,83.26794
114.2289424443268,83.26645
113.21146655509573,83.26645
108.12408710894039,83.26645
109.14156299817147,83.26645
103.03670766278509,83.26645
107.10661121970935,83.26645
107.10661121970935,83.26645
99.98427999509188,83.26645
103.03670766278509,83.26645
99.98427999509188,83.26645
94.89690054893657,83.26645
109.14156299817147,83.26811
106.08913533047826,83.27399
91.03049216985852,83.27689
98.96680410586082,83.275085
97.94932821662975,83.26805
102.01923177355401,83.26792
78.71903391016262,83.26837
101.00175588432293,83.268234
107.10661121970935,83.26645
105.07165944124722,83.26645
94.89690054893657,83.26645
107.10661121970935,83.26645
115.24641833355784,83.26645
99.98427999509188,83.26645
116.26389422278893,83.26645
115.24641833355784,83.26645
105.07165944124722,83.26778
102.01923177355401,83.2721
98.96680410586082,83.273415
93.37068671508996,83.271675
120.33379777971318,83.26645
117.28137011201997,83.26645
110.15903888740252,83.26645
113.21146655509573,83.26645
95.91437643816762,83.270325
103.03670766278509,83.27162
88.07981209108841,83.271675
85.73961754585697,83.26645
92.6584535926282,83.26645
101.00175588432293,83.26645
109.14156299817147,83.26645
118.29884600125105,83.26645
94.89690054893657,83.26645
108.12408710894039,83.26645
105.07165944124722,83.26645
97.94932821662975,83.26645
93.77767707078239,83.26645
97.94932821662975,83.26645
102.01923177355401,83.27365
98.96680410586082,83.27605
97.94932821662975,83.276146
96.93185232739869,83.26645
102.01923177355401,83.26645
98.96680410586082,83.26645
104.05418355201614,83.26645
102.01923177355401,83.26645
92.55670600370512,83.26645
93.87942465970548,83.26645
93.87942465970548,83.26645
93.87942465970548,83.26645
89.1990355692426,83.26645
108.12408710894039,83.26645
115.24641833355784,83.26645
103.03670766278509,83.28115
101.00175588432293,83.28607
90.01301628062744,83.286255
91.43748252555093,83.26645
110.15903888740252,83.26645
103.03670766278509,83.26645
105.07165944124722,83.26645
102.01923177355401,83.26645
105.07165944124722,83.26645
101.00175588432293,83.26645
101.00175588432293,83.26645
102.01923177355401,83.26645
95.91437643816762,83.26645
105.07165944124722,83.26645
103.03670766278509,83.26645
102.01923177355401,83.26645
85.84136513478008,83.26645
83.39942300062553,83.26645
98.96680410586082,83.275856
90.52175422524297,83.279
93.57418189293618,83.27912
96.93185232739869,83.26645
114.2289424443268,83.26645
83.80641335631795,83.27442
90.62350181416609,83.277084
99.98427999509188,83.28184
89.60602592493503,83.27399
83.80641335631795,83.27482
78.4137911433933,83.26868
83.19592782277931,83.269226
241.41342859820992,83.27343
200.7143930289673,83.278854
154.92797801356937,83.43058
122.3687495581753,83.49059
90.11476386955056,83.47829
98.96680410586082,83.284325
108.12408710894039,83.26645
97.94932821662975,83.26645
97.94932821662975,83.26645
103.03670766278509,83.26645
91.74272529232026,83.26645
87.26583137970357,83.26811
96.93185232739869,83.26866
92.04796805908958,83.268684
92.3532108258589,83.27785
123.38622544740639,83.29216
121.35127366894426,83.295815
112.19399066586467,83.28061
102.01923177355401,83.26645
93.77767707078239,83.26645
118.29884600125105,83.26645
101.00175588432293,83.26645
98.96680410586082,83.26645
96.93185232739869,83.26645
96.93185232739869,83.26645
99.98427999509188,83.26645
90.9287445809354,83.26645
88.58855003570395,83.26645
92.6584535926282,83.26645
90.9287445809354,83.26645
93.87942465970548,83.26645
95.91437643816762,83.26645
106.08913533047826,83.26645
115.24641833355784,83.26645
102.01923177355401,83.26645
101.00175588432293,83.26645
99.98427999509188,83.26645
93.06544394832065,83.26645
95.91437643816762,83.26645
95.91437643816762,83.26645
94.89690054893657,83.26645
98.96680410586082,83.26645
95.91437643816762,83.26645
93.87942465970548,83.26645
84.82388924554901,83.26645
78.51553873231641,83.26645
68.8495177846213,83.26645
75.87010142031563,83.26645
80.55049051077854,83.26645
80.95748086647097,83.26645
73.32641169723799,83.26645
62.744662449234916,83.26645
73.42815928616109,83.26645
75.05612070893079,83.26645
74.85262553108457,83.26645
82.58544228924067,83.26645
70.07048885169857,83.26645
74.85262553108457,83.274315
75.56485865354632,83.27693
65.49184735015878,83.27704
74.95437312000769,83.26645
74.85262553108457,83.26645
72.20718821908382,83.26645
74.85262553108457,83.26645
69.35825572923683,83.26645
70.477479207391,83.26645
65.59359493908188,83.26645
67.83204189539023,83.26645
67.4250515396978,83.26645
67.4250515396978,83.26645
68.54427501785197,83.26645
53.58737944615532,83.26645
79.43126703262436,83.26645
80.04175256616301,83.26645
96.93185232739869,83.26645
92.76020118155132,83.26645
84.4168988898566,83.26645
91.94622047016647,83.26645
90.62350181416609,83.26645
80.24524774400922,83.26645
89.70777351385813,83.26645
90.9287445809354,83.26645
126.43865311509956,83.28303
125.4211772258685,83.31951
109.14156299817147,83.32728
103.03670766278509,83.30536
96.93185232739869,83.26645
96.93185232739869,83.26645
90.31825904739677,83.26645
95.91437643816762,83.26645
91.03049216985852,83.26645
90.7252494030892,83.26645
94.89690054893657,83.26645
91.13223975878161,83.26645
85.43437477908766,83.26645
88.69029762462706,83.26645
83.39942300062553,83.27143
82.58544228924067,83.273094
81.87320916677892,83.27316
70.5792267963141,83.26645
105.07165944124722,83.28402
97.94932821662975,83.29376
113.21146655509573,83.29528
106.08913533047826,83.271675
98.96680410586082,83.26645
91.13223975878161,83.26645
104.05418355201614,83.26645
91.64097770339714,83.26645
101.00175588432293,83.26645
99.98427999509188,83.26645
101.00175588432293,83.26645
102.01923177355401,83.26645
81.4662188110865,83.26645
101.00175588432293,83.26645
103.03670766278509,83.26645
81.4662188110865,83.26645
123.38622544740639,83.26722
118.29884600125105,83.29088
112.19399066586467,83.3028
103.03670766278509,83.30343
98.96680410586082,83.271965
93.67592948185927,83.26645
103.03670766278509,83.26645
104.05418355201614,83.26645
98.96680410586082,83.26645
103.03670766278509,83.26645
93.87942465970548,83.26645
99.98427999509188,83.26645
77.49806284308535,83.26645
78.92252908800883,83.26645
83.39942300062553,83.26645
84.82388924554901,83.26645
86.45185066831871,83.26645
76.68408213170049,83.26645
80.44874292185543,83.26645
104.05418355201614,83.26645
93.26893912616687,83.26645
116.26389422278893,83.29039
94.89690054893657,83.32382
90.52175422524297,83.33266
80.95748086647097,83.30078
84.31515130093348,83.26645
86.55359825724183,83.26645
90.01301628062744,83.26645
92.55670600370512,83.26645
92.55670600370512,83.26645
91.53923011447405,83.26645
86.35010307939561,83.26645
79.9400049772399,83.26645
78.0068007877009,83.26645
87.8763169132422,83.26645
81.87320916677892,83.26645
83.90816094524106,83.26645
81.87320916677892,83.26645
80.95748086647097,83.26645
81.4662188110865,83.26645
78.61728632123952,83.26645
80.44874292185543,83.26645
82.99243264493309,83.26645
79.43126703262436,83.26645
77.49806284308535,83.26667
79.43126703262436,83.27062
105.07165944124722,83.27192
129.49108078279275,83.27953
115.24641833355784,83.3194
89.91126869170434,83.32815
87.36757896862667,83.31584
94.89690054893657,83.26809
85.43437477908766,83.26645
89.70777351385813,83.26645
87.46932655754979,83.26645
91.84447288124336,83.26645
79.9400049772399,83.26645
85.94311272370318,83.26645
96.93185232739869,83.266556
139.66583967510343,83.277
98.96680410586082,83.28767
98.96680410586082,83.290054
95.91437643816762,83.276146
101.00175588432293,83.26645
90.9287445809354,83.26645
85.33262719016454,83.26645
89.60602592493503,83.26645
94.89690054893657,83.28082
98.96680410586082,83.28563
104.05418355201614,83.28581
104.05418355201614,83.26645
130.50855667202384,83.26645
127.45612900433063,83.26645
126.43865311509956,83.26645
124.40370133663743,83.26645
124.40370133663743,83.26645
123.38622544740639,83.26645
123.38622544740639,83.26645
126.43865311509956,83.26645
107.10661121970935,83.26645
111.1765147766336,83.26645
94.89690054893657,83.26645
89.91126869170434,83.26645
105.07165944124722,83.26645
121.35127366894426,83.26866
128.4736048935617,83.275055
132.54350845048597,83.285934
119.31632189048214,83.29
118.29884600125105,83.283844
105.07165944124722,83.27181
119.31632189048214,83.26645
108.12408710894039,83.26645
108.12408710894039,83.26645
97.94932821662975,83.26645
101.00175588432293,83.26645
95.91437643816762,83.26645
97.94932821662975,83.26645
99.98427999509188,83.26711
111.1765147766336,83.267334
110.15903888740252,83.26734
114.2289424443268,83.26645
113.21146655509573,83.26645
115.24641833355784,83.26778
112.19399066586467,83.26822
111.1765147766336,83.268234
93.16719153724375,83.26645
106.08913533047826,83.26645
104.05418355201614,83.26645
94.89690054893657,83.26645
94.89690054893657,83.26645
94.89690054893657,83.26645
97.94932821662975,83.26645
99.98427999509188,83.26645
108.12408710894039,83.27873
97.94932821662975,83.28283
106.08913533047826,83.28299
121.35127366894426,83.27165
109.14156299817147,83.28302
104.05418355201614,83.2863
93.87942465970548,83.27942
102.01923177355401,83.26645
119.31632189048214,83.26645
117.28137011201997,83.26645
116.26389422278893,83.26645
116.26389422278893,83.27442
95.91437643816762,83.278076
97.94932821662975,83.27851
99.98427999509188,83.267784
108.12408710894039,83.26645
104.05418355201614,83.26645
102.01923177355401,83.26645
102.01923177355401,83.26645
102.01923177355401,83.26645
95.91437643816762,83.26645
102.01923177355401,83.26645
111.1765147766336,83.26645
92.6584535926282,83.26645
88.38505485785774,83.26645
79.8382573883168,83.26645
79.02427667693195,83.26645
76.88757730954671,83.26645
76.58233454277739,83.26645
101.00175588432293,83.26645
83.29767541170241,83.26645
84.4168988898566,83.26645
83.60291817847174,83.26645
71.80019786339138,83.26645
66.71281841723605,83.26645
71.69845027446829,83.26645
86.85884102401114,83.26645
88.69029762462706,83.26645
82.78893746708688,83.26645
74.85262553108457,83.26645
69.0530129624675,83.26645
110.15903888740252,83.26645
98.96680410586082,83.26645
106.08913533047826,83.26645
114.2289424443268,83.26645
97.94932821662975,83.26645
96.93185232739869,83.26645
95.91437643816762,83.26645
94.89690054893657,83.26645
101.00175588432293,83.26811
99.98427999509188,83.26866
99.98427999509188,83.268684
83.19592782277931,83.26645
106.08913533047826,83.26645
80.95748086647097,83.26645
86.14660790154942,83.26645
93.37068671508996,83.26645
90.8269969920123,83.26645
93.87942465970548,83.26645
92.04796805908958,83.26645
89.1990355692426,83.26645
93.77767707078239,83.26645
98.96680410586082,83.26645
95.91437643816762,83.26645
90.8269969920123,83.26645
78.10854837662399,83.26645
88.99554039139639,83.26645
94.89690054893657,83.26645
91.03049216985852,83.26645
118.29884600125105,83.26645
119.31632189048214,83.26645
116.26389422278893,83.26645
106.08913533047826,83.26645
111.1765147766336,83.26645
103.03670766278509,83.26645
107.10661121970935,83.26645
104.05418355201614,83.26645
102.01923177355401,83.26645
92.14971564801267,83.26645
95.91437643816762,83.26645
98.96680410586082,83.26645
102.01923177355401,83.26645
105.07165944124722,83.26645
108.12408710894039,83.26922
95.91437643816762,83.27014
99.98427999509188,83.27017
83.70466576739484,83.26645
79.43126703262436,83.26645
86.75709343508804,83.26645
87.7745693243191,83.26645
97.94932821662975,83.26645
99.98427999509188,83.26811
101.00175588432293,83.26866
86.65534584616493,83.268684
96.93185232739869,83.26645
88.79204521355017,83.26645
89.3007831581657,83.27476
126.43865311509956,83.27753
125.4211772258685,83.277626
125.4211772258685,83.26645
128.4736048935617,83.26645
135.59593611817917,83.26645
129.49108078279275,83.26645
137.6308878966413,83.26645
150.85807445664514,83.26645
184.43477880127028,83.28339
218.01148314589543,83.51193
156.9629297920315,83.63869
144.75321912125875,83.620575
144.75321912125875,83.31711
134.5784602289481,83.26645
162.05030923818683,83.26645
141.70079145356556,83.26645
147.80564678895192,83.2752
133.560984339717,83.297
136.6134120074102,83.304726
125.4211772258685,83.29363
137.6308878966413,83.30405
135.59593611817917,83.308914
133.560984339717,83.30983
126.43865311509956,83.26798
129.49108078279275,83.26732
125.4211772258685,83.26733
130.50855667202384,83.26841
141.70079145356556,83.284706
66.30582806154364,83.30493
66.30582806154364,85.5043
67.62854671754403,87.32463
75.46311106462322,88.50796
75.46311106462322,88.512505
76.88757730954671,88.51794
72.81767375262245,88.537544
72.81767375262245,88.54581
71.59670268554517,88.554214
71.59670268554517,88.50796
71.59670268554517,88.50796
71.59670268554517,88.50796
71.59670268554517,88.50796
74.14039240862283,88.50796
76.88757730954671,88.50796
76.88757730954671,88.50796
78.3120435544702,88.50796
75.46311106462322,88.50796
75.46311106462322,88.50796
75.46311106462322,88.50858
72.81767375262245,88.50933
72.81767375262245,88.50966
72.81767375262245,88.50796
72.81767375262245,88.50796
72.81767375262245,88.50796
70.27398402954478,88.50796
70.27398402954478,88.50796
70.27398402954478,88.50796
72.81767375262245,88.50796
78.71903391016262,88.50796
77.59981043200845,88.50796
75.25961588677701,88.513916
74.14039240862283,88.52149
73.12291651939177,88.52513
73.12291651939177,88.50923
73.12291651939177,88.50796
72.0036930412376,88.50796
69.86699367385238,88.50874
68.8495177846213,88.509674
67.83204189539023,88.51008
67.83204189539023,88.50796
66.71281841723605,88.50835
67.83204189539023,88.50881
67.83204189539023,88.50902
65.695342528005,88.50796
65.695342528005,88.50796
63.558643160619766,88.50796
63.558643160619766,88.50796
63.558643160619766,88.50796
65.695342528005,88.50796
63.558643160619766,88.50796
62.5411672713887,88.50796
61.62543897108073,88.50796
62.5411672713887,88.50796
62.5411672713887,88.50796
60.60796308184967,88.50796
59.590487192618596,88.50796
120.33379777971318,88.50796
120.33379777971318,88.50796
118.29884600125105,88.51408
112.19399066586467,88.52168
112.19399066586467,88.525215
113.21146655509573,88.510216
110.15903888740252,88.518265
107.10661121970935,88.52759
106.08913533047826,88.5275
106.08913533047826,88.50796
104.05418355201614,88.50796
104.05418355201614,88.50796
104.05418355201614,88.50796
103.03670766278509,88.50913
101.00175588432293,88.51054
98.96680410586082,88.51115
98.96680410586082,88.50796
104.05418355201614,88.50796
98.96680410586082,88.50874
96.93185232739869,88.509674
95.91437643816762,88.51008
95.91437643816762,88.50796
93.87942465970548,88.50796
92.96369635939753,88.50796
91.74272529232026,88.50796
90.52175422524297,88.50796
90.52175422524297,88.50796
90.52175422524297,88.50796
80.95748086647097,88.50796
79.8382573883168,88.50796
78.71903391016262,88.50796
76.37883936493117,88.50796
75.25961588677701,88.50796
74.14039240862283,88.50796
74.14039240862283,88.50796
74.14039240862283,88.50796
72.0036930412376,88.50796
72.0036930412376,88.50796
69.86699367385238,88.50796
68.8495177846213,88.50796
68.8495177846213,88.50796
68.8495177846213,88.50796
68.8495177846213,88.50796
67.83204189539023,88.50796
65.695342528005,88.50796
63.558643160619766,88.50796
63.558643160619766,88.50796
63.558643160619766,88.50796
61.62543897108073,88.50796
61.62543897108073,88.50796
62.5411672713887,88.50796
63.558643160619766,88.50796
63.558643160619766,88.50796
65.695342528005,88.50796
63.558643160619766,88.51188
63.558643160619766,88.516556
68.13728466215956,88.51858
69.35825572923683,88.50796
68.13728466215956,88.50796
66.91631359508227,88.50796
65.59359493908188,88.50796
63.15165280492732,88.5085
61.93068173785005,88.509155
61.93068173785005,88.50952
61.93068173785005,88.508125
63.15165280492732,88.50816
63.15165280492732,88.50796
61.93068173785005,88.50796
61.93068173785005,88.50827
59.38699201477239,88.50951
58.166020947695124,88.5107
58.166020947695124,88.5103
56.94504988061784,88.50796
56.94504988061784,88.50796
55.82582640246367,88.50796
56.94504988061784,88.50796
61.93068173785005,88.510155
61.93068173785005,88.517555
56.94504988061784,88.52455
55.82582640246367,88.52126
54.706602924309486,88.50838
53.58737944615532,88.50796
52.46815596800115,88.50796
52.46815596800115,88.50796
52.46815596800115,88.50796
85.94311272370318,88.50796
85.94311272370318,88.50796
86.65534584616493,88.50811
84.4168988898566,88.50829
85.94311272370318,88.50846
85.94311272370318,88.508125
85.94311272370318,88.50824
84.4168988898566,88.5097
84.4168988898566,88.51185
81.56796640000961,88.512726
82.17845193354825,88.50859
80.85573327754787,88.50796
80.14350015508612,88.50796
80.14350015508612,88.50796
78.82078149908574,88.50796
77.49806284308535,88.50796
80.14350015508612,88.50796
80.14350015508612,88.50796
79.53301462154748,88.50796
78.82078149908574,88.50796
79.53301462154748,88.50796
80.14350015508612,88.50796
78.82078149908574,88.50796
77.49806284308535,88.50796
84.4168988898566,88.50796
83.70466576739484,88.50796
80.14350015508612,88.50796
80.14350015508612,88.50796
450.22969414423966,88.50796
450.22969414423966,88.50796
450.22969414423966,88.50796
450.22969414423966,88.50796
450.22969414423966,88.50803
450.22969414423966,88.508125
450.22969414423966,88.50816
450.22969414423966,88.50796
450.22969414423966,88.50796
450.22969414423966,88.50796
450.22969414423966,88.50796
120.33379777971318,88.522766
111.1765147766336,88.55369
106.08913533047826,88.5771
107.10661121970935,88.544334
112.19399066586467,88.50796
107.10661121970935,88.52456
103.03670766278509,88.54427
101.00175588432293,88.55266
101.00175588432293,88.50847
98.96680410586082,88.50859
98.96680410586082,88.50796
97.94932821662975,88.50796
94.89690054893657,88.50796
91.74272529232026,88.50796
88.38505485785774,88.50796
87.46932655754979,88.50796
86.85884102401114,88.50796
114.2289424443268,88.50796
117.28137011201997,88.50796
120.33379777971318,88.50796
118.29884600125105,88.50796
118.29884600125105,88.51369
118.29884600125105,88.52051
117.28137011201997,88.52347
116.26389422278893,88.50796
116.26389422278893,88.50796
116.26389422278893,88.50796
117.28137011201997,88.50796
114.2289424443268,88.50796
114.2289424443268,88.50796
114.2289424443268,88.50796
114.2289424443268,88.50796
114.2289424443268,88.5136
114.2289424443268,88.520805
116.26389422278893,88.52506
116.26389422278893,88.51111
113.21146655509573,88.51043
111.1765147766336,88.50838
108.12408710894039,88.50796
107.10661121970935,88.50796
107.10661121970935,88.50796
105.07165944124722,88.50796
104.05418355201614,88.50796
104.05418355201614,88.5085
104.05418355201614,88.51089
90.42000663631987,88.51323
90.42000663631987,88.512634
91.94622047016647,88.50796
90.42000663631987,88.50913
88.89379280247327,88.51093
91.94622047016647,88.5124
93.47243430401306,88.50988
94.89690054893657,88.50902
93.47243430401306,88.50819
91.94622047016647,88.50863
91.94622047016647,88.50902
90.42000663631987,88.508545
90.42000663631987,88.50816
87.36757896862667,88.50796
88.89379280247327,88.50796
87.36757896862667,88.51188
87.36757896862667,88.516556
85.94311272370318,88.51858
85.94311272370318,88.50796
82.89068505601,88.50796
82.89068505601,88.50796
84.4168988898566,88.50796
87.36757896862667,88.50796
87.36757896862667,88.50913
90.42000663631987,88.51116
88.89379280247327,88.51503
84.4168988898566,88.51516
82.89068505601,88.514755
84.4168988898566,88.50796
65.39009976123567,88.50796
65.39009976123567,88.50796
63.35514798277355,88.50796
62.33767209354248,88.50796
61.21844861538831,88.50796
61.21844861538831,88.50796
60.20097272615725,88.50796
56.02932158030987,88.50874
55.011845691078804,88.509674
54.09611739077085,88.51008
54.09611739077085,88.50796
53.180389090462896,88.50796
51.24718490092388,88.50796
50.33145660061592,88.50796
50.33145660061592,88.50796
49.415728300307954,88.50796
48.5,88.50796
48.5,88.50796
49.415728300307954,88.50796
56.02932158030987,88.50796
56.02932158030987,88.52526
53.180389090462896,88.55138
52.26466079015494,88.5665
51.24718490092388,88.52325
50.33145660061592,88.50796
51.24718490092388,88.50796
50.33145660061592,88.50796
51.24718490092388,88.50796
85.43437477908766,88.50796
83.80641335631795,88.50796
82.17845193354825,88.50796
78.82078149908574,88.50796
85.43437477908766,88.50796
82.17845193354825,88.50796
80.44874292185543,88.50796
78.82078149908574,88.50796
77.19282007631602,88.50796
77.19282007631602,88.50796
75.56485865354632,88.50796
75.56485865354632,88.50796
72.30893580800691,88.51509
70.88446956308343,88.5236
69.35825572923683,88.52791
67.93378948431334,88.5412
66.40757565046674,88.58262
66.40757565046674,88.59629
67.93378948431334,88.50902
67.93378948431334,88.50796
66.40757565046674,88.514305
66.40757565046674,88.526726
66.40757565046674,88.536026
67.93378948431334,88.521645
67.93378948431334,88.50859
66.40757565046674,88.51196
70.88446956308343,88.51947
72.30893580800691,88.5248
85.43437477908766,88.515396
83.80641335631795,88.50796
82.17845193354825,88.50796
78.82078149908574,88.50796
85.43437477908766,88.50796
82.17845193354825,88.50796
80.44874292185543,88.50796
78.82078149908574,88.50796
77.19282007631602,88.50796
77.19282007631602,88.50796
75.56485865354632,88.50796
75.56485865354632,88.50796
72.30893580800691,88.50796
70.88446956308343,88.50796
69.35825572923683,88.50796
67.93378948431334,88.50796
66.40757565046674,88.50796
66.40757565046674,88.50796
67.93378948431334,88.50796
67.93378948431334,88.50796
66.40757565046674,88.50796
66.40757565046674,88.50796
66.40757565046674,88.50796
67.93378948431334,88.50796
67.93378948431334,88.50796
66.40757565046674,88.50796
70.88446956308343,88.50796
83.80641335631795,88.50921
112.19399066586467,88.52574
114.2289424443268,88.54696
110.15903888740252,88.554405
108.12408710894039,88.515396
104.05418355201614,88.50796
108.12408710894039,88.50796
106.08913533047826,88.50796
120.33379777971318,88.50796
122.3687495581753,88.52386
114.2289424443268,88.544914
99.98427999509188,88.555405
104.05418355201614,88.51391
99.98427999509188,88.50796
95.91437643816762,88.50796
99.98427999509188,88.50937
97.94932821662975,88.51105
95.91437643816762,88.51178
95.91437643816762,88.50796
91.84447288124336,88.50796
89.80952110278123,88.50796
87.7745693243191,88.50796
87.7745693243191,88.50796
87.7745693243191,88.50796
85.73961754585697,88.50796
85.73961754585697,88.50796
83.70466576739484,88.50796
83.70466576739484,88.50796
83.70466576739484,88.50992
87.7745693243191,88.51226
77.59981043200845,88.51327
75.56485865354632,88.513214
73.5299068750842,88.52573
72.0036930412376,88.53591
72.0036930412376,88.52495
72.0036930412376,88.50796
70.477479207391,88.50796
68.9512653735444,88.50796
67.4250515396978,88.50796
79.63476221047058,88.50796
87.7745693243191,88.50796
75.56485865354632,88.50796
72.0036930412376,88.50796
75.56485865354632,88.50796
81.66971398893271,88.50796
81.66971398893271,88.50796
77.59981043200845,88.50796
77.59981043200845,88.50796
70.477479207391,88.50929
68.9512653735444,88.51088
67.4250515396978,88.5118
65.89883770585121,88.50847
62.846410038158005,88.50859
61.320196204311415,88.50796
59.793982370464825,88.50796
61.320196204311415,88.50796
64.37262387200461,88.50952
64.37262387200461,88.51226
85.43437477908766,88.51411
82.17845193354825,88.5103
80.44874292185543,88.50796
78.82078149908574,88.50796
77.19282007631602,88.50796
77.19282007631602,88.50796
73.93689723077664,88.50796
72.30893580800691,88.50796
80.44874292185543,88.50796
107.10661121970935,88.51086
105.07165944124722,88.53556
95.91437643816762,88.56226
88.69029762462706,88.564384
78.82078149908574,88.50796
75.56485865354632,88.50796
75.56485865354632,88.50796
73.93689723077664,88.50796
72.30893580800691,88.50796
70.88446956308343,88.50796
69.35825572923683,88.50796
67.93378948431334,88.50796
67.93378948431334,88.50796
78.82078149908574,88.50796
72.30893580800691,88.52589
72.30893580800691,88.547165
69.35825572923683,88.55582
66.40757565046674,88.50796
64.98310940554323,88.50796
75.56485865354632,88.50796
75.56485865354632,88.50796
75.56485865354632,88.50796
73.5299068750842,88.50796
72.0036930412376,88.50796
73.5299068750842,88.50796
73.5299068750842,88.50796
72.0036930412376,88.50796
70.477479207391,88.50796
73.5299068750842,88.50796
73.5299068750842,88.50796
73.5299068750842,88.50796
73.5299068750842,88.50796
72.0036930412376,88.50796
72.0036930412376,88.50796
77.59981043200845,88.50796
85.73961754585697,88.50796
77.59981043200845,88.51408
75.56485865354632,88.52136
72.0036930412376,88.52453
70.477479207391,88.50796
67.4250515396978,88.50796
72.0036930412376,88.50796
89.80952110278123,88.50796
89.80952110278123,88.53203
75.56485865354632,88.56055
68.9512653735444,88.57141
70.477479207391,88.50796
87.16408379078047,88.50796
84.82388924554901,88.50796
84.82388924554901,88.50796
82.58544228924067,88.50796
80.34699533293234,88.50796
78.82078149908574,88.50796
76.68408213170049,88.50796
75.1578682978539,88.50796
75.1578682978539,88.50796
103.03670766278509,88.50796
143.7357432320277,88.50796
189.52215824742558,88.54695
142.7182673427966,88.65433
121.35127366894426,88.74687
110.15903888740252,88.66382
107.10661121970935,88.50902
102.01923177355401,88.50796
96.93185232739869,88.50796
92.6584535926282,88.50796
93.47243430401306,88.50796
91.94622047016647,88.50796
88.79204521355017,88.50796
85.63786995693387,88.50796
84.82388924554901,88.50796
82.58544228924067,88.50796
102.01923177355401,88.50796
102.01923177355401,88.50952
143.7357432320277,88.51892
115.24641833355784,88.55827
83.29767541170241,88.59466
81.87320916677892,88.58701
81.05922845539408,88.50796
80.34699533293234,88.50796
82.58544228924067,88.50796
80.34699533293234,88.50796
78.82078149908574,88.50796
77.39631525416225,88.50796
76.68408213170049,88.50796
75.1578682978539,88.50796
74.44563517539216,88.50796
72.91942134154556,88.50796
71.49495509662206,88.50796
70.07048885169857,88.50796
70.07048885169857,88.50796
70.07048885169857,88.50796
67.22155636185158,88.50796
65.89883770585121,88.50796
63.25340039385044,88.50796
61.93068173785005,88.50796
61.93068173785005,88.50796
62.5411672713887,88.509995
62.5411672713887,88.512436
65.89883770585121,88.51349
64.57611904985083,88.50796
65.18660458338947,88.50796
66.50932323938984,88.50796
65.89883770585121,88.50897
103.03670766278509,88.51019
102.01923177355401,88.51072
105.07165944124722,88.50796
106.08913533047826,88.50796
104.05418355201614,88.50897
101.00175588432293,88.51019
99.98427999509188,88.51072
99.98427999509188,88.50796
98.96680410586082,88.50796
96.93185232739869,88.50796
95.91437643816762,88.50796
95.91437643816762,88.50796
95.91437643816762,88.50796
95.91437643816762,88.50796
94.89690054893657,88.50796
92.6584535926282,88.50796
91.23398734770473,88.50796
89.80952110278123,88.50796
90.52175422524297,88.50796
95.91437643816762,88.50796
91.94622047016647,88.50796
89.80952110278123,88.50796
88.38505485785774,88.50796
86.35010307939561,88.50796
94.89690054893657,88.50796
99.98427999509188,88.50827
91.23398734770473,88.52322
94.89690054893657,88.5417
96.93185232739869,88.549446
95.91437643816762,88.51072
95.91437643816762,88.50796
94.89690054893657,88.50796
103.03670766278509,88.51039
92.6584535926282,88.51329
91.13223975878161,88.51455
90.31825904739677,88.50796
89.60602592493503,88.50796
89.60602592493503,88.50796
87.97806450216532,88.50796
87.97806450216532,88.50796
86.45185066831871,88.50796
85.63786995693387,88.50796
84.82388924554901,88.50796
83.29767541170241,88.50796
84.11165612308727,88.50796
83.29767541170241,88.50796
81.87320916677892,88.50796
80.34699533293234,88.50796
81.05922845539408,88.50796
80.34699533293234,88.50796
78.82078149908574,88.50796
81.87320916677892,88.50796
81.05922845539408,88.50796
80.34699533293234,88.50796
79.63476221047058,88.50796
78.82078149908574,88.50796
86.45185066831871,88.50796
89.3007831581657,88.50796
88.58855003570395,88.50796
86.45185066831871,88.51964
85.02738442339523,88.53352
88.58855003570395,88.53956
90.8269969920123,88.50796
92.96369635939753,88.52698
90.01301628062744,88.549545
87.16408379078047,88.55861
85.02738442339523,88.50796
86.45185066831871,88.50796
92.96369635939753,88.50796
90.01301628062744,88.50796
85.73961754585697,88.50796
83.60291817847174,88.50796
82.28019952247135,88.50796
80.95748086647097,88.50796
78.92252908800883,88.50796
78.21029596554709,88.511566
76.88757730954671,88.51587
75.56485865354632,88.51773
75.56485865354632,88.50796
72.81767375262245,88.50796
71.49495509662206,88.50796
71.49495509662206,88.50796
70.17223644062167,88.50796
70.17223644062167,88.50796
71.49495509662206,88.50796
93.16719153724375,88.50796
91.23398734770473,88.50796
89.3007831581657,88.50796
85.02738442339523,88.50796
83.60291817847174,88.50796
83.19592782277931,88.50796
81.3644712221634,88.50796
81.3644712221634,88.50796
80.95748086647097,88.50796
81.77146157785582,88.50796
83.19592782277931,88.50796
86.45185066831871,88.50796
84.11165612308727,88.50796
82.28019952247135,88.50796
80.95748086647097,88.50796
80.95748086647097,88.50796
80.04175256616301,88.50796
78.71903391016262,88.51235
76.88757730954671,88.517586
76.88757730954671,88.51986
75.56485865354632,88.50796
80.44874292185543,88.50796
79.53301462154748,88.50796
78.21029596554709,88.50796
79.12602426585505,88.50796
82.28019952247135,88.50796
82.28019952247135,88.50811
80.95748086647097,88.52022
83.70466576739484,88.53446
80.44874292185543,88.54019
89.3007831581657,88.50796
74.5880817998845,88.50796
80.04175256616301,88.50796
79.8382573883168,88.50796
104.05418355201614,88.50796
105.07165944124722,88.50796
96.93185232739869,88.50819
94.89690054893657,88.51326
93.16719153724375,88.51924
97.94932821662975,88.52126
450.22969414423966,88.50838
450.22969414423966,88.536194
450.22969414423966,88.57115
450.22969414423966,88.58318
450.22969414423966,88.50796
450.22969414423966,88.50796
450.22969414423966,88.50796
450.22969414423966,88.50796
450.22969414423966,88.50796
450.22969414423966,88.50796
450.22969414423966,88.50796
450.22969414423966,88.50796
450.22969414423966,88.50796
450.22969414423966,88.50796
450.22969414423966,88.5205
450.22969414423966,88.53618
450.22969414423966,88.543564
450.22969414423966,88.510155
450.22969414423966,88.534294
450.22969414423966,88.56614
450.22969414423966,88.57824
450.22969414423966,88.51008
450.22969414423966,88.50796
450.22969414423966,88.50796
450.22969414423966,88.50796
450.22969414423966,88.50796
450.22969414423966,88.50796
450.22969414423966,88.50796
91.33573493662783,88.50796
92.04796805908958,88.50796
92.454958414782,88.50796
86.14660790154942,88.50796
84.92563683447213,88.50796
79.9400049772399,88.50796
94.89690054893657,88.50796
114.2289424443268,88.50796
125.4211772258685,88.54196
107.10661121970935,88.59343
97.94932821662975,88.61819
96.93185232739869,88.5275
86.0448603126263,88.50796
76.48058695385429,88.50796
95.91437643816762,88.50796
102.01923177355401,88.50796
116.26389422278893,88.50796
114.2289424443268,88.50796
116.26389422278893,88.50796
122.3687495581753,88.50796
114.2289424443268,88.50796
113.21146655509573,88.50796
108.12408710894039,88.50796
109.14156299817147,88.50796
103.03670766278509,88.50796
107.10661121970935,88.50796
107.10661121970935,88.50796
99.98427999509188,88.50796
103.03670766278509,88.50796
99.98427999509188,88.50796
94.89690054893657,88.50796
109.14156299817147,88.50796
106.08913533047826,88.50796
91.03049216985852,88.50796
98.96680410586082,88.50796
97.94932821662975,88.50796
102.01923177355401,88.50796
78.71903391016262,88.50796
101.00175588432293,88.50796
107.10661121970935,88.50796
105.07165944124722,88.50796
94.89690054893657,88.50796
107.10661121970935,88.50796
115.24641833355784,88.50796
99.98427999509188,88.50796
116.26389422278893,88.50796
115.24641833355784,88.50796
105.07165944124722,88.512825
102.01923177355401,88.518616
98.96680410586082,88.52113
93.37068671508996,88.50796
120.33379777971318,88.50796
117.28137011201997,88.50796
110.15903888740252,88.50796
113.21146655509573,88.50866
95.91437643816762,88.51123
103.03670766278509,88.51366
88.07981209108841,88.512634
85.73961754585697,88.50796
92.6584535926282,88.50796
101.00175588432293,88.50796
109.14156299817147,88.50796
118.29884600125105,88.514305
94.89690054893657,88.52188
108.12408710894039,88.52516
105.07165944124722,88.50796
97.94932821662975,88.50796
93.77767707078239,88.50796
97.94932821662975,88.50796
102.01923177355401,88.51478
98.96680410586082,88.52291
97.94932821662975,88.526436
96.93185232739869,88.50796
102.01923177355401,88.50796
98.96680410586082,88.50796
104.05418355201614,88.50796
102.01923177355401,88.50796
92.55670600370512,88.50796
93.87942465970548,88.50796
93.87942465970548,88.50796
93.87942465970548,88.50796
89.1990355692426,88.50796
108.12408710894039,88.50796
115.24641833355784,88.50796
103.03670766278509,88.50811
101.00175588432293,88.50829
90.01301628062744,88.50838
91.43748252555093,88.50796
110.15903888740252,88.50796
103.03670766278509,88.50796
105.07165944124722,88.50796
102.01923177355401,88.50796
105.07165944124722,88.50796
101.00175588432293,88.50796
101.00175588432293,88.50796
102.01923177355401,88.50796
95.91437643816762,88.50796
105.07165944124722,88.50796
103.03670766278509,88.50796
102.01923177355401,88.50796
85.84136513478008,88.50796
83.39942300062553,88.50796
98.96680410586082,88.50796
90.52175422524297,88.50796
93.57418189293618,88.50796
96.93185232739869,88.50796
114.2289424443268,88.50796
83.80641335631795,88.50796
90.62350181416609,88.50796
99.98427999509188,88.50796
89.60602592493503,88.50913
83.80641335631795,88.51069
78.4137911433933,88.51149
83.19592782277931,88.51505
241.41342859820992,88.52452
200.7143930289673,88.530304
154.92797801356937,88.578094
122.3687495581753,88.662704
90.11476386955056,88.69729
98.96680410586082,88.50796
108.12408710894039,88.50796
97.94932821662975,88.50796
97.94932821662975,88.50796
103.03670766278509,88.50796
91.74272529232026,88.50796
87.26583137970357,88.50796
96.93185232739869,88.50796
92.04796805908958,88.50796
92.3532108258589,88.51588
123.38622544740639,88.52531
121.35127366894426,88.529396
112.19399066586467,88.50796
102.01923177355401,88.50796
93.77767707078239,88.50796
118.29884600125105,88.50796
101.00175588432293,88.50796
98.96680410586082,88.50796
96.93185232739869,88.50796
96.93185232739869,88.50796
99.98427999509188,88.50796
90.9287445809354,88.50796
88.58855003570395,88.50796
92.6584535926282,88.50796
90.9287445809354,88.50796
93.87942465970548,88.50796
95.91437643816762,88.50796
106.08913533047826,88.50796
115.24641833355784,88.50796
102.01923177355401,88.50796
101.00175588432293,88.5138
99.98427999509188,88.520775
93.06544394832065,88.523796
95.91437643816762,88.50796
95.91437643816762,88.50796
94.89690054893657,88.50796
98.96680410586082,88.50796
95.91437643816762,88.50796
93.87942465970548,88.50796
84.82388924554901,88.50796
78.51553873231641,88.50796
68.8495177846213,88.50796
75.87010142031563,88.50796
80.55049051077854,88.50796
80.95748086647097,88.50796
73.32641169723799,88.51855
62.744662449234916,88.53113
73.42815928616109,88.53659
75.05612070893079,88.50796
74.85262553108457,88.50796
82.58544228924067,88.50796
70.07048885169857,88.51204
74.85262553108457,88.5169
75.56485865354632,88.519005
65.49184735015878,88.50796
74.95437312000769,88.50796
74.85262553108457,88.50796
72.20718821908382,88.50796
74.85262553108457,88.50796
69.35825572923683,88.50796
70.477479207391,88.50796
65.59359493908188,88.50796
67.83204189539023,88.50796
67.4250515396978,88.50796
67.4250515396978,88.50796
68.54427501785197,88.50796
53.58737944615532,88.50796
79.43126703262436,88.50796
80.04175256616301,88.50796
96.93185232739869,88.50796
92.76020118155132,88.50796
84.4168988898566,88.50796
91.94622047016647,88.50796
90.62350181416609,88.50796
80.24524774400922,88.50796
89.70777351385813,88.50796
90.9287445809354,88.50796
126.43865311509956,88.51776
125.4211772258685,88.55661
109.14156299817147,88.59461
103.03670766278509,88.579765
96.93185232739869,88.50796
96.93185232739869,88.51266
90.31825904739677,88.51827
95.91437643816762,88.520706
91.03049216985852,88.50796
90.7252494030892,88.50796
94.89690054893657,88.50796
91.13223975878161,88.50796
85.43437477908766,88.50796
88.69029762462706,88.50796
83.39942300062553,88.50796
82.58544228924067,88.50819
81.87320916677892,88.50847
70.5792267963141,88.50859
105.07165944124722,88.50796
97.94932821662975,88.50796
113.21146655509573,88.50796
106.08913533047826,88.50796
98.96680410586082,88.50796
91.13223975878161,88.50796
104.05418355201614,88.50796
91.64097770339714,88.50796
101.00175588432293,88.50796
99.98427999509188,88.50796
101.00175588432293,88.50796
102.01923177355401,88.50796
81.4662188110865,88.50796
101.00175588432293,88.50796
103.03670766278509,88.50796
81.4662188110865,88.50796
123.38622544740639,88.50796
118.29884600125105,88.51776
112.19399066586467,88.54312
103.03670766278509,88.564514
98.96680410586082,88.54516
93.67592948185927,88.50796
103.03670766278509,88.50796
104.05418355201614,88.50796
98.96680410586082,88.50796
103.03670766278509,88.50796
93.87942465970548,88.50796
99.98427999509188,88.50796
77.49806284308535,88.50796
78.92252908800883,88.50796
83.39942300062553,88.50796
84.82388924554901,88.50796
86.45185066831871,88.50796
76.68408213170049,88.50796
80.44874292185543,88.50796
104.05418355201614,88.50796
93.26893912616687,88.50796
116.26389422278893,88.53608
94.89690054893657,88.60032
90.52175422524297,88.647484
80.95748086647097,88.58394
84.31515130093348,88.50796
86.55359825724183,88.50796
90.01301628062744,88.50796
92.55670600370512,88.50796
92.55670600370512,88.50796
91.53923011447405,88.50811
86.35010307939561,88.50829
79.9400049772399,88.50838
78.0068007877009,88.50796
87.8763169132422,88.50796
81.87320916677892,88.50796
83.90816094524106,88.50796
81.87320916677892,88.50796
80.95748086647097,88.50796
81.4662188110865,88.50796
78.61728632123952,88.50796
80.44874292185543,88.50796
82.99243264493309,88.50796
79.43126703262436,88.50796
77.49806284308535,88.50796
79.43126703262436,88.50796
105.07165944124722,88.50796
129.49108078279275,88.50796
115.24641833355784,88.50796
89.91126869170434,88.50796
87.36757896862667,88.50796
94.89690054893657,88.50796
85.43437477908766,88.50796
89.70777351385813,88.50796
87.46932655754979,88.50796
91.84447288124336,88.50796
79.9400049772399,88.50796
85.94311272370318,88.50796
96.93185232739869,88.50796
139.66583967510343,88.50796
98.96680410586082,88.50796
98.96680410586082,88.50796
95.91437643816762,88.50796
101.00175588432293,88.50796
90.9287445809354,88.50796
85.33262719016454,88.50796
89.60602592493503,88.50796
94.89690054893657,88.50796
98.96680410586082,88.50796
104.05418355201614,88.50796
104.05418355201614,88.50796
130.50855667202384,88.50796
127.45612900433063,88.50796
126.43865311509956,88.50796
124.40370133663743,88.50796
124.40370133663743,88.50796
123.38622544740639,88.50796
123.38622544740639,88.50796
126.43865311509956,88.50796
107.10661121970935,88.50796
111.1765147766336,88.50796
94.89690054893657,88.50835
89.91126869170434,88.50881
105.07165944124722,88.50902
121.35127366894426,88.50929
128.4736048935617,88.520676
132.54350845048597,88.54896
119.31632189048214,88.583145
118.29884600125105,88.579605
105.07165944124722,88.5435
119.31632189048214,88.50796
108.12408710894039,88.50796
108.12408710894039,88.50796
97.94932821662975,88.50796
101.00175588432293,88.50796
95.91437643816762,88.50796
97.94932821662975,88.50796
99.98427999509188,88.522606
111.1765147766336,88.54001
110.15903888740252,88.547424
114.2289424443268,88.50796
113.21146655509573,88.50796
115.24641833355784,88.517914
112.19399066586467,88.52976
111.1765147766336,88.534904
93.16719153724375,88.50796
106.08913533047826,88.50796
104.05418355201614,88.50796
94.89690054893657,88.50796
94.89690054893657,88.50796
94.89690054893657,88.50796
97.94932821662975,88.50796
99.98427999509188,88.50796
108.12408710894039,88.50796
97.94932821662975,88.50796
106.08913533047826,88.50796
121.35127366894426,88.50796
109.14156299817147,88.50984
104.05418355201614,88.512085
93.87942465970548,88.51306
102.01923177355401,88.50796
119.31632189048214,88.50796
117.28137011201997,88.50796
116.26389422278893,88.50796
116.26389422278893,88.51438
95.91437643816762,88.52331
97.94932821662975,88.52812
99.98427999509188,88.51135
108.12408710894039,88.50796
104.05418355201614,88.50796
102.01923177355401,88.50796
102.01923177355401,88.50796
102.01923177355401,88.50796
95.91437643816762,88.50796
102.01923177355401,88.51118
111.1765147766336,88.515015
92.6584535926282,88.51667
88.38505485785774,88.50796
79.8382573883168,88.50796
79.02427667693195,88.50796
76.88757730954671,88.50796
76.58233454277739,88.50796
101.00175588432293,88.50796
83.29767541170241,88.50796
84.4168988898566,88.50796
83.60291817847174,88.50796
71.80019786339138,88.50796
66.71281841723605,88.510704
71.69845027446829,88.51398
86.85884102401114,88.515396
88.69029762462706,88.50796
82.78893746708688,88.50796
74.85262553108457,88.50796
69.0530129624675,88.50796
110.15903888740252,88.50796
98.96680410586082,88.50796
106.08913533047826,88.50796
114.2289424443268,88.50796
97.94932821662975,88.50796
96.93185232739869,88.50796
95.91437643816762,88.50796
94.89690054893657,88.50796
101.00175588432293,88.50796
99.98427999509188,88.50796
99.98427999509188,88.50796
83.19592782277931,88.50796
106.08913533047826,88.50796
80.95748086647097,88.50796
86.14660790154942,88.50796
93.37068671508996,88.50796
90.8269969920123,88.50796
93.87942465970548,88.50796
92.04796805908958,88.50796
89.1990355692426,88.50796
93.77767707078239,88.50796
98.96680410586082,88.50796
95.91437643816762,88.50796
90.8269969920123,88.50796
78.10854837662399,88.50796
88.99554039139639,88.50796
94.89690054893657,88.50796
91.03049216985852,88.50796
118.29884600125105,88.50796
119.31632189048214,88.50796
116.26389422278893,88.50796
106.08913533047826,88.50796
111.1765147766336,88.50796
103.03670766278509,88.50796
107.10661121970935,88.50796
104.05418355201614,88.50796
102.01923177355401,88.50796
92.14971564801267,88.50796
95.91437643816762,88.50796
98.96680410586082,88.50796
102.01923177355401,88.50796
105.07165944124722,88.50796
108.12408710894039,88.51588
95.91437643816762,88.52531
99.98427999509188,88.529396
83.70466576739484,88.50796
79.43126703262436,88.50796
86.75709343508804,88.50796
87.7745693243191,88.50796
97.94932821662975,88.50796
99.98427999509188,88.50796
101.00175588432293,88.50796
86.65534584616493,88.50796
96.93185232739869,88.50796
88.79204521355017,88.50796
89.3007831581657,88.50796
126.43865311509956,88.50796
125.4211772258685,88.50796
125.4211772258685,88.50796
128.4736048935617,88.50796
135.59593611817917,88.50796
129.49108078279275,88.50796
137.6308878966413,88.50796
150.85807445664514,88.50796
184.43477880127028,88.514626
218.01148314589543,88.54861
156.9629297920315,88.61532
144.75321912125875,88.64704
144.75321912125875,88.5917
134.5784602289481,88.50796
162.05030923818683,88.50796
141.70079145356556,88.50796
147.80564678895192,88.51744
133.560984339717,88.53271
136.6134120074102,88.54549
125.4211772258685,88.525665
137.6308878966413,88.51803
135.59593611817917,88.5114
133.560984339717,88.51221
126.43865311509956,88.50796
129.49108078279275,88.50796
125.4211772258685,88.50796
130.50855667202384,88.50796
141.70079145356556,88.50796
66.30582806154364,88.51266
66.30582806154364,88.54306
67.62854671754403,88.554855
75.46311106462322,88.56391
75.46311106462322,88.56391
76.88757730954671,88.56885
72.81767375262245,88.57739
72.81767375262245,88.58429
71.59670268554517,88.57333
71.59670268554517,88.57267
71.59670268554517,88.56391
71.59670268554517,88.56391
71.59670268554517,88.56391
74.14039240862283,88.56391
76.88757730954671,88.56391
76.88757730954671,88.56391
78.3120435544702,88.575806
75.46311106462322,88.59856
75.46311106462322,88.61205
75.46311106462322,88.57936
72.81767375262245,88.581085
72.81767375262245,88.598564
72.81767375262245,88.59726
72.81767375262245,88.56883
72.81767375262245,88.571304
70.27398402954478,88.567024
70.27398402954478,88.56452
70.27398402954478,88.56549
72.81767375262245,88.56586
78.71903391016262,88.56513
77.59981043200845,88.56706
75.25961588677701,88.5678
74.14039240862283,88.56391
73.12291651939177,88.56391
73.12291651939177,88.56391
73.12291651939177,88.56391
72.0036930412376,88.56391
69.86699367385238,88.56391
68.8495177846213,88.56391
67.83204189539023,88.56391
67.83204189539023,88.56519
66.71281841723605,88.56722
67.83204189539023,88.568
67.83204189539023,88.56391
65.695342528005,88.56391
65.695342528005,88.56391
63.558643160619766,88.56391
63.558643160619766,88.56391
63.558643160619766,88.56391
65.695342528005,88.56391
63.558643160619766,88.56391
62.5411672713887,88.56391
61.62543897108073,88.56391
62.5411672713887,88.56391
62.5411672713887,88.56391
60.60796308184967,88.56391
59.590487192618596,88.56391
120.33379777971318,88.56391
120.33379777971318,88.56391
118.29884600125105,88.56763
112.19399066586467,88.57352
112.19399066586467,88.57578
113.21146655509573,88.56391
110.15903888740252,88.56879
107.10661121970935,88.5765
106.08913533047826,88.579475
106.08913533047826,88.56452
104.05418355201614,88.56603
104.05418355201614,88.567276
104.05418355201614,88.56567
103.03670766278509,88.56391
101.00175588432293,88.56391
98.96680410586082,88.56391
98.96680410586082,88.56391
104.05418355201614,88.56391
98.96680410586082,88.56391
96.93185232739869,88.56391
95.91437643816762,88.56391
95.91437643816762,88.56391
93.87942465970548,88.56391
92.96369635939753,88.56391
91.74272529232026,88.56391
90.52175422524297,88.56391
90.52175422524297,88.56391
90.52175422524297,88.56391
80.95748086647097,88.56391
79.8382573883168,88.568054
78.71903391016262,88.58194
76.37883936493117,88.59611
75.25961588677701,88.58743
74.14039240862283,88.56391
74.14039240862283,88.56391
74.14039240862283,88.56391
72.0036930412376,88.56391
72.0036930412376,88.56391
69.86699367385238,88.56391
68.8495177846213,88.56391
68.8495177846213,88.56391
68.8495177846213,88.56391
68.8495177846213,88.56391
67.83204189539023,88.56391
65.695342528005,88.56391
63.558643160619766,88.56391
63.558643160619766,88.56391
63.558643160619766,88.56391
61.62543897108073,88.56391
61.62543897108073,88.56391
62.5411672713887,88.5655
63.558643160619766,88.56801
63.558643160619766,88.56897
65.695342528005,88.56391
63.558643160619766,88.56391
63.558643160619766,88.56391
68.13728466215956,88.56391
69.35825572923683,88.56391
68.13728466215956,88.56391
66.91631359508227,88.56391
65.59359493908188,88.56391
63.15165280492732,88.56391
61.93068173785005,88.56391
61.93068173785005,88.56391
61.93068173785005,88.56391
63.15165280492732,88.56428
63.15165280492732,88.56486
61.93068173785005,88.56508
61.93068173785005,88.56391
59.38699201477239,88.56391
58.166020947695124,88.56391
58.166020947695124,88.56391
56.94504988061784,88.56391
56.94504988061784,88.56391
55.82582640246367,88.56391
56.94504988061784,88.56391
61.93068173785005,88.56391
61.93068173785005,88.56726
56.94504988061784,88.57258
55.82582640246367,88.574615
54.706602924309486,88.56391
53.58737944615532,88.56391
52.46815596800115,88.56391
52.46815596800115,88.56391
52.46815596800115,88.56391
85.94311272370318,88.56391
85.94311272370318,88.56391
86.65534584616493,88.56391
84.4168988898566,88.57
85.94311272370318,88.57964
85.94311272370318,88.58336
85.94311272370318,88.56391
84.4168988898566,88.56708
84.4168988898566,88.572105
81.56796640000961,88.57537
82.17845193354825,88.56738
80.85573327754787,88.56819
80.14350015508612,88.56391
80.14350015508612,88.56391
78.82078149908574,88.56391
77.49806284308535,88.56391
80.14350015508612,88.56391
80.14350015508612,88.56434
79.53301462154748,88.56502
78.82078149908574,88.56528
79.53301462154748,88.56391
80.14350015508612,88.56391
78.82078149908574,88.56391
77.49806284308535,88.56391
84.4168988898566,88.56391
83.70466576739484,88.56391
80.14350015508612,88.56391
80.14350015508612,88.56391
450.22969414423966,88.56391
450.22969414423966,88.56391
450.22969414423966,88.56391
450.22969414423966,88.56391
450.22969414423966,88.56391
450.22969414423966,88.56391
450.22969414423966,88.56391
450.22969414423966,88.56391
450.22969414423966,88.56391
450.22969414423966,88.56391
450.22969414423966,88.56391
120.33379777971318,88.56397
111.1765147766336,88.57934
106.08913533047826,88.60356
107.10661121970935,88.61269
112.19399066586467,88.564095
107.10661121970935,88.57622
103.03670766278509,88.59676
101.00175588432293,88.6061
101.00175588432293,88.56936
98.96680410586082,88.56391
98.96680410586082,88.56391
97.94932821662975,88.56391
94.89690054893657,88.56391
91.74272529232026,88.56391
88.38505485785774,88.56391
87.46932655754979,88.56391
86.85884102401114,88.56391
114.2289424443268,88.56391
117.28137011201997,88.56391
120.33379777971318,88.56391
118.29884600125105,88.56391
118.29884600125105,88.56391
118.29884600125105,88.56622
117.28137011201997,88.5699
116.26389422278893,88.57131
116.26389422278893,88.56391
116.26389422278893,88.56391
117.28137011201997,88.56391
114.2289424443268,88.56403
114.2289424443268,88.564224
114.2289424443268,88.5643
114.2289424443268,88.56391
114.2289424443268,88.56391
114.2289424443268,88.56391
116.26389422278893,88.56391
116.26389422278893,88.56391
113.21146655509573,88.56635
111.1765147766336,88.57022
108.12408710894039,88.5717
107.10661121970935,88.56391
107.10661121970935,88.56391
105.07165944124722,88.56391
104.05418355201614,88.56391
104.05418355201614,88.56391
104.05418355201614,88.56391
90.42000663631987,88.56391
90.42000663631987,88.56391
91.94622047016647,88.56391
90.42000663631987,88.56391
88.89379280247327,88.56391
91.94622047016647,88.56391
93.47243430401306,88.56391
94.89690054893657,88.56391
93.47243430401306,88.56391
91.94622047016647,88.56391
91.94622047016647,88.56391
90.42000663631987,88.56391
90.42000663631987,88.56391
87.36757896862667,88.56391
88.89379280247327,88.56391
87.36757896862667,88.56403
87.36757896862667,88.56849
85.94311272370318,88.575325
85.94311272370318,88.57753
82.89068505601,88.56513
82.89068505601,88.56706
84.4168988898566,88.5678
87.36757896862667,88.56391
87.36757896862667,88.567696
90.42000663631987,88.57368
88.89379280247327,88.57762
84.4168988898566,88.56817
82.89068505601,88.56929
84.4168988898566,88.564224
65.39009976123567,88.5643
65.39009976123567,88.56391
63.35514798277355,88.56391
62.33767209354248,88.56391
61.21844861538831,88.56391
61.21844861538831,88.56391
60.20097272615725,88.56391
56.02932158030987,88.56391
55.011845691078804,88.56391
54.09611739077085,88.56391
54.09611739077085,88.56391
53.180389090462896,88.56391
51.24718490092388,88.56391
50.33145660061592,88.56391
50.33145660061592,88.56391
49.415728300307954,88.56391
48.5,88.56391
48.5,88.56391
49.415728300307954,88.56391
56.02932158030987,88.56391
56.02932158030987,88.56574
53.180389090462896,88.568634
52.26466079015494,88.569756
51.24718490092388,88.56391
50.33145660061592,88.56391
51.24718490092388,88.56391
50.33145660061592,88.56391
51.24718490092388,88.56391
85.43437477908766,88.56391
83.80641335631795,88.56391
82.17845193354825,88.56391
78.82078149908574,88.56391
85.43437477908766,88.57917
82.17845193354825,88.60337
80.44874292185543,88.61269
78.82078149908574,88.56391
77.19282007631602,88.56391
77.19282007631602,88.56391
75.56485865354632,88.56391
75.56485865354632,88.56391
72.30893580800691,88.57091
70.88446956308343,88.594025
69.35825572923683,88.61967
67.93378948431334,88.60847
66.40757565046674,88.57111
66.40757565046674,88.57
67.93378948431334,88.57964
67.93378948431334,88.58699
66.40757565046674,88.58214
66.40757565046674,88.59831
66.40757565046674,88.59207
67.93378948431334,88.56391
67.93378948431334,88.56391
66.40757565046674,88.56391
70.88446956308343,88.56391
72.30893580800691,88.56391
85.43437477908766,88.56391
83.80641335631795,88.56391
82.17845193354825,88.56391
78.82078149908574,88.56391
85.43437477908766,88.56391
82.17845193354825,88.56605
80.44874292185543,88.56943
78.82078149908574,88.570724
77.19282007631602,88.56391
77.19282007631602,88.56391
75.56485865354632,88.56391
75.56485865354632,88.56391
72.30893580800691,88.56391
70.88446956308343,88.56391
69.35825572923683,88.56391
67.93378948431334,88.56391
66.40757565046674,88.56391
66.40757565046674,88.56391
67.93378948431334,88.56391
67.93378948431334,88.56391
66.40757565046674,88.56391
66.40757565046674,88.56391
66.40757565046674,88.56391
67.93378948431334,88.56391
67.93378948431334,88.56391
66.40757565046674,88.56391
70.88446956308343,88.56391
83.80641335631795,88.56391
112.19399066586467,88.577614
114.2289424443268,88.60471
110.15903888740252,88.621704
108.12408710894039,88.58142
104.05418355201614,88.56391
108.12408710894039,88.56391
106.08913533047826,88.56391
120.33379777971318,88.56391
122.3687495581753,88.574234
114.2289424443268,88.5906
99.98427999509188,88.59691
104.05418355201614,88.56391
99.98427999509188,88.56391
95.91437643816762,88.56391
99.98427999509188,88.56391
97.94932821662975,88.56391
95.91437643816762,88.56391
95.91437643816762,88.56391
91.84447288124336,88.56391
89.80952110278123,88.56391
87.7745693243191,88.56391
87.7745693243191,88.56391
87.7745693243191,88.56391
85.73961754585697,88.56391
85.73961754585697,88.56391
83.70466576739484,88.56391
83.70466576739484,88.56391
83.70466576739484,88.56391
87.7745693243191,88.56391
77.59981043200845,88.56391
75.56485865354632,88.56391
73.5299068750842,88.56726
72.0036930412376,88.57258
72.0036930412376,88.574615
72.0036930412376,88.56391
70.477479207391,88.56391
68.9512653735444,88.56391
67.4250515396978,88.56391
79.63476221047058,88.56391
87.7745693243191,88.56391
75.56485865354632,88.56391
72.0036930412376,88.56391
75.56485865354632,88.56391
81.66971398893271,88.56391
81.66971398893271,88.56391
77.59981043200845,88.56391
77.59981043200845,88.56391
70.477479207391,88.56391
68.9512653735444,88.56616
67.4250515396978,88.56975
65.89883770585121,88.5741
62.846410038158005,88.57163
61.320196204311415,88.57345
59.793982370464825,88.56391
61.320196204311415,88.56391
64.37262387200461,88.56391
64.37262387200461,88.56391
85.43437477908766,88.56391
82.17845193354825,88.56879
80.44874292185543,88.5765
78.82078149908574,88.579475
77.19282007631602,88.56391
77.19282007631602,88.56391
73.93689723077664,88.56391
72.30893580800691,88.56391
80.44874292185543,88.56391
107.10661121970935,88.56391
105.07165944124722,88.57514
95.91437643816762,88.59415
88.69029762462706,88.60292
78.82078149908574,88.5678
75.56485865354632,88.56391
75.56485865354632,88.56391
73.93689723077664,88.56391
72.30893580800691,88.56452
70.88446956308343,88.56549
69.35825572923683,88.56586
67.93378948431334,88.56391
67.93378948431334,88.56391
78.82078149908574,88.56391
72.30893580800691,88.567566
72.30893580800691,88.573364
69.35825572923683,88.575584
66.40757565046674,88.56391
64.98310940554323,88.56391
75.56485865354632,88.56391
75.56485865354632,88.56391
75.56485865354632,88.56391
73.5299068750842,88.56391
72.0036930412376,88.56391
73.5299068750842,88.56391
73.5299068750842,88.56391
72.0036930412376,88.56391
70.477479207391,88.56391
73.5299068750842,88.56391
73.5299068750842,88.56391
73.5299068750842,88.56391
73.5299068750842,88.56391
72.0036930412376,88.56391
72.0036930412376,88.56391
77.59981043200845,88.56391
85.73961754585697,88.564644
77.59981043200845,88.5658
75.56485865354632,88.566246
72.0036930412376,88.56391
70.477479207391,88.56391
67.4250515396978,88.56391
72.0036930412376,88.56391
89.80952110278123,88.56391
89.80952110278123,88.58325
75.56485865354632,88.623505
68.9512653735444,88.6508
70.477479207391,88.59536
87.16408379078047,88.56391
84.82388924554901,88.56391
84.82388924554901,88.56391
82.58544228924067,88.56391
80.34699533293234,88.56391
78.82078149908574,88.56391
76.68408213170049,88.56391
75.1578682978539,88.56391
75.1578682978539,88.56391
103.03670766278509,88.56391
143.7357432320277,88.56513
189.52215824742558,88.57978
142.7182673427966,88.61946
121.35127366894426,88.656845
110.15903888740252,88.63383
107.10661121970935,88.575005
102.01923177355401,88.56391
96.93185232739869,88.56854
92.6584535926282,88.575874
93.47243430401306,88.5787
91.94622047016647,88.56391
88.79204521355017,88.56391
85.63786995693387,88.56391
84.82388924554901,88.56677
82.58544228924067,88.57132
102.01923177355401,88.57306
102.01923177355401,88.56879
143.7357432320277,88.57935
115.24641833355784,88.593735
83.29767541170241,88.59096
81.87320916677892,88.586075
81.05922845539408,88.56391
80.34699533293234,88.56391
82.58544228924067,88.56391
80.34699533293234,88.56483
78.82078149908574,88.56628
77.39631525416225,88.56683
76.68408213170049,88.56391
75.1578682978539,88.56391
74.44563517539216,88.56391
72.91942134154556,88.56391
71.49495509662206,88.56391
70.07048885169857,88.56391
70.07048885169857,88.56391
70.07048885169857,88.56391
67.22155636185158,88.56391
65.89883770585121,88.56391
63.25340039385044,88.56391
61.93068173785005,88.56391
61.93068173785005,88.56391
62.5411672713887,88.56391
62.5411672713887,88.56391
65.89883770585121,88.56391
64.57611904985083,88.56653
65.18660458338947,88.57069
66.50932323938984,88.57228
65.89883770585121,88.56391
103.03670766278509,88.56391
102.01923177355401,88.56391
105.07165944124722,88.56391
106.08913533047826,88.56391
104.05418355201614,88.56391
101.00175588432293,88.56391
99.98427999509188,88.56391
99.98427999509188,88.56391
98.96680410586082,88.56391
96.93185232739869,88.56391
95.91437643816762,88.56391
95.91437643816762,88.56391
95.91437643816762,88.56391
95.91437643816762,88.56391
94.89690054893657,88.56391
92.6584535926282,88.56391
91.23398734770473,88.56391
89.80952110278123,88.56391
90.52175422524297,88.56391
95.91437643816762,88.56391
91.94622047016647,88.56391
89.80952110278123,88.56391
88.38505485785774,88.56391
86.35010307939561,88.56391
94.89690054893657,88.56391
99.98427999509188,88.56513
91.23398734770473,88.5735
94.89690054893657,88.584465
96.93185232739869,88.584526
95.91437643816762,88.56391
95.91437643816762,88.56391
94.89690054893657,88.56391
103.03670766278509,88.56391
92.6584535926282,88.56391
91.13223975878161,88.56391
90.31825904739677,88.56391
89.60602592493503,88.56391
89.60602592493503,88.56391
87.97806450216532,88.56391
87.97806450216532,88.56391
86.45185066831871,88.56391
85.63786995693387,88.56391
84.82388924554901,88.56391
83.29767541170241,88.56391
84.11165612308727,88.56391
83.29767541170241,88.56391
81.87320916677892,88.56391
80.34699533293234,88.56391
81.05922845539408,88.56391
80.34699533293234,88.56391
78.82078149908574,88.56452
81.87320916677892,88.56549
81.05922845539408,88.56586
80.34699533293234,88.56391
79.63476221047058,88.56391
78.82078149908574,88.56391
86.45185066831871,88.56391
89.3007831581657,88.56391
88.58855003570395,88.56391
86.45185066831871,88.56391
85.02738442339523,88.56391
88.58855003570395,88.56391
90.8269969920123,88.56391
92.96369635939753,88.56391
90.01301628062744,88.568665
87.16408379078047,88.576195
85.02738442339523,88.57909
86.45185066831871,88.56391
92.96369635939753,88.56391
90.01301628062744,88.56391
85.73961754585697,88.56848
83.60291817847174,88.57572
82.28019952247135,88.57851
80.95748086647097,88.56391
78.92252908800883,88.56391
78.21029596554709,88.56391
76.88757730954671,88.56391
75.56485865354632,88.56391
75.56485865354632,88.56391
72.81767375262245,88.56391
71.49495509662206,88.56391
71.49495509662206,88.56391
70.17223644062167,88.56391
70.17223644062167,88.56391
71.49495509662206,88.56391
93.16719153724375,88.56391
91.23398734770473,88.56391
89.3007831581657,88.56391
85.02738442339523,88.56391
83.60291817847174,88.56391
83.19592782277931,88.56391
81.3644712221634,88.56391
81.3644712221634,88.56391
80.95748086647097,88.56391
81.77146157785582,88.56391
83.19592782277931,88.56391
86.45185066831871,88.56391
84.11165612308727,88.56391
82.28019952247135,88.56391
80.95748086647097,88.56391
80.95748086647097,88.56391
80.04175256616301,88.56391
78.71903391016262,88.56391
76.88757730954671,88.56391
76.88757730954671,88.56391
75.56485865354632,88.56391
80.44874292185543,88.56391
79.53301462154748,88.56635
78.21029596554709,88.57022
79.12602426585505,88.5717
82.28019952247135,88.56391
82.28019952247135,88.5655
80.95748086647097,88.58024
83.70466576739484,88.60062
80.44874292185543,88.60307
89.3007831581657,88.56391
74.5880817998845,88.56391
80.04175256616301,88.56391
79.8382573883168,88.56391
104.05418355201614,88.56391
105.07165944124722,88.56391
96.93185232739869,88.56391
94.89690054893657,88.56391
93.16719153724375,88.56544
97.94932821662975,88.567856
450.22969414423966,88.56878
450.22969414423966,88.56391
450.22969414423966,88.57333
450.22969414423966,88.588264
450.22969414423966,88.59401
450.22969414423966,88.56391
450.22969414423966,88.56391
450.22969414423966,88.56391
450.22969414423966,88.56391
450.22969414423966,88.56391
450.22969414423966,88.56391
450.22969414423966,88.56391
450.22969414423966,88.56391
450.22969414423966,88.56391
450.22969414423966,88.56391
450.22969414423966,88.57109
450.22969414423966,88.58561
450.22969414423966,88.59499
450.22969414423966,88.58769
450.22969414423966,88.59933
450.22969414423966,88.6077
450.22969414423966,88.56391
450.22969414423966,88.56391
450.22969414423966,88.56391
450.22969414423966,88.56391
450.22969414423966,88.56391
450.22969414423966,88.56391
450.22969414423966,88.56391
91.33573493662783,88.56391
92.04796805908958,88.56391
92.454958414782,88.56391
86.14660790154942,88.56391
84.92563683447213,88.56391
79.9400049772399,88.56391
94.89690054893657,88.56391
114.2289424443268,88.56391
125.4211772258685,88.58157
107.10661121970935,88.61748
97.94932821662975,88.64099
96.93185232739869,88.58976
86.0448603126263,88.56391
76.48058695385429,88.56391
95.91437643816762,88.57647
102.01923177355401,88.596375
116.26389422278893,88.60404
114.2289424443268,88.56391
116.26389422278893,88.56391
122.3687495581753,88.56391
114.2289424443268,88.56391
113.21146655509573,88.56391
108.12408710894039,88.56391
109.14156299817147,88.56391
103.03670766278509,88.56452
107.10661121970935,88.56549
107.10661121970935,88.56586
99.98427999509188,88.56391
103.03670766278509,88.56391
99.98427999509188,88.56391
94.89690054893657,88.56391
109.14156299817147,88.56391
106.08913533047826,88.56391
91.03049216985852,88.56391
98.96680410586082,88.56391
97.94932821662975,88.56391
102.01923177355401,88.56391
78.71903391016262,88.56726
101.00175588432293,88.57258
107.10661121970935,88.574615
105.07165944124722,88.56391
94.89690054893657,88.56391
107.10661121970935,88.56391
115.24641833355784,88.56391
99.98427999509188,88.56391
116.26389422278893,88.56391
115.24641833355784,88.56391
105.07165944124722,88.56622
102.01923177355401,88.57269
98.96680410586082,88.578545
93.37068671508996,88.57286
120.33379777971318,88.56391
117.28137011201997,88.56391
110.15903888740252,88.56391
113.21146655509573,88.56391
95.91437643816762,88.56391
103.03670766278509,88.56391
88.07981209108841,88.56391
85.73961754585697,88.56391
92.6584535926282,88.56391
101.00175588432293,88.56391
109.14156299817147,88.56391
118.29884600125105,88.56513
94.89690054893657,88.56706
108.12408710894039,88.5678
105.07165944124722,88.56391
97.94932821662975,88.56391
93.77767707078239,88.56391
97.94932821662975,88.56391
102.01923177355401,88.56391
98.96680410586082,88.56391
97.94932821662975,88.56391
96.93185232739869,88.56391
102.01923177355401,88.56391
98.96680410586082,88.56391
104.05418355201614,88.56391
102.01923177355401,88.56391
92.55670600370512,88.56391
93.87942465970548,88.56391
93.87942465970548,88.56391
93.87942465970548,88.56391
89.1990355692426,88.56391
108.12408710894039,88.56391
115.24641833355784,88.56391
103.03670766278509,88.56391
101.00175588432293,88.56391
90.01301628062744,88.56391
91.43748252555093,88.56391
110.15903888740252,88.56391
103.03670766278509,88.56391
105.07165944124722,88.56391
102.01923177355401,88.56391
105.07165944124722,88.56391
101.00175588432293,88.56391
101.00175588432293,88.56391
102.01923177355401,88.56391
95.91437643816762,88.56391
105.07165944124722,88.56391
103.03670766278509,88.56391
102.01923177355401,88.56391
85.84136513478008,88.56391
83.39942300062553,88.56391
98.96680410586082,88.56391
90.52175422524297,88.56391
93.57418189293618,88.56391
96.93185232739869,88.56391
114.2289424443268,88.564644
83.80641335631795,88.56964
90.62350181416609,88.57617
99.98427999509188,88.57684
89.60602592493503,88.56564
83.80641335631795,88.56758
78.4137911433933,88.567856
83.19592782277931,88.56878
241.41342859820992,88.566895
200.7143930289673,88.57272
154.92797801356937,88.61469
122.3687495581753,88.67767
90.11476386955056,88.704926
98.96680410586082,88.57912
108.12408710894039,88.56549
97.94932821662975,88.56586
97.94932821662975,88.56391
103.03670766278509,88.56391
91.74272529232026,88.56391
87.26583137970357,88.56391
96.93185232739869,88.56391
92.04796805908958,88.56391
92.3532108258589,88.586655
123.38622544740639,88.64274
121.35127366894426,88.68804
112.19399066586467,88.628624
102.01923177355401,88.56391
93.77767707078239,88.56391
118.29884600125105,88.56391
101.00175588432293,88.56391
98.96680410586082,88.56391
96.93185232739869,88.56391
96.93185232739869,88.56391
99.98427999509188,88.56391
90.9287445809354,88.56391
88.58855003570395,88.56391
92.6584535926282,88.56391
90.9287445809354,88.56391
93.87942465970548,88.56391
95.91437643816762,88.56391
106.08913533047826,88.56391
115.24641833355784,88.56391
102.01923177355401,88.56391
101.00175588432293,88.56391
99.98427999509188,88.56391
93.06544394832065,88.56391
95.91437643816762,88.56391
95.91437643816762,88.56391
94.89690054893657,88.56391
98.96680410586082,88.56391
95.91437643816762,88.56391
93.87942465970548,88.56391
84.82388924554901,88.56391
78.51553873231641,88.56391
68.8495177846213,88.56391
75.87010142031563,88.56391
80.55049051077854,88.56391
80.95748086647097,88.56391
73.32641169723799,88.56391
62.744662449234916,88.56391
73.42815928616109,88.56391
75.05612070893079,88.56391
74.85262553108457,88.56391
82.58544228924067,88.56391
70.07048885169857,88.56391
74.85262553108457,88.56391
75.56485865354632,88.56391
65.49184735015878,88.56391
74.95437312000769,88.56391
74.85262553108457,88.56391
72.20718821908382,88.56391
74.85262553108457,88.56391
69.35825572923683,88.56391
70.477479207391,88.56391
65.59359493908188,88.56391
67.83204189539023,88.56391
67.4250515396978,88.56391
67.4250515396978,88.56391
68.54427501785197,88.56391
53.58737944615532,88.56391
79.43126703262436,88.56391
80.04175256616301,88.56391
96.93185232739869,88.56391
92.76020118155132,88.56391
84.4168988898566,88.56391
91.94622047016647,88.56391
90.62350181416609,88.56391
80.24524774400922,88.56391
89.70777351385813,88.56391
90.9287445809354,88.56391
126.43865311509956,88.57012
125.4211772258685,88.59302
109.14156299817147,88.6176
103.03670766278509,88.605965
96.93185232739869,88.56391
96.93185232739869,88.56622
90.31825904739677,88.5699
95.91437643816762,88.574356
91.03049216985852,88.571785
90.7252494030892,88.57365
94.89690054893657,88.56391
91.13223975878161,88.56391
85.43437477908766,88.56391
88.69029762462706,88.56391
83.39942300062553,88.56391
82.58544228924067,88.56391
81.87320916677892,88.56391
70.5792267963141,88.56391
105.07165944124722,88.56391
97.94932821662975,88.56391
113.21146655509573,88.56391
106.08913533047826,88.56391
98.96680410586082,88.56391
91.13223975878161,88.56391
104.05418355201614,88.56391
91.64097770339714,88.56391
101.00175588432293,88.56391
99.98427999509188,88.56391
101.00175588432293,88.56391
102.01923177355401,88.56391
81.4662188110865,88.56391
101.00175588432293,88.56391
103.03670766278509,88.56391
81.4662188110865,88.56391
123.38622544740639,88.56391
118.29884600125105,88.56391
112.19399066586467,88.56672
103.03670766278509,88.57116
98.96680410586082,88.57286
93.67592948185927,88.56391
103.03670766278509,88.56391
104.05418355201614,88.56391
98.96680410586082,88.56391
103.03670766278509,88.56391
93.87942465970548,88.56391
99.98427999509188,88.56391
77.49806284308535,88.56391
78.92252908800883,88.56391
83.39942300062553,88.56391
84.82388924554901,88.56391
86.45185066831871,88.56391
76.68408213170049,88.56391
80.44874292185543,88.56391
104.05418355201614,88.56391
93.26893912616687,88.56391
116.26389422278893,88.578995
94.89690054893657,88.62004
90.52175422524297,88.65678
80.95748086647097,88.619804
84.31515130093348,88.56391
86.55359825724183,88.56391
90.01301628062744,88.56391
92.55670600370512,88.56391
92.55670600370512,88.56391
91.53923011447405,88.56391
86.35010307939561,88.56391
79.9400049772399,88.56391
78.0068007877009,88.56391
87.8763169132422,88.56391
81.87320916677892,88.56391
83.90816094524106,88.56391
81.87320916677892,88.56391
80.95748086647097,88.56391
81.4662188110865,88.56391
78.61728632123952,88.56391
80.44874292185543,88.56391
82.99243264493309,88.56391
79.43126703262436,88.56391
77.49806284308535,88.56391
79.43126703262436,88.56391
105.07165944124722,88.56391
129.49108078279275,88.568665
115.24641833355784,88.59303
89.91126869170434,88.62392
87.36757896862667,88.62119
94.89690054893657,88.5678
85.43437477908766,88.56391
89.70777351385813,88.56391
87.46932655754979,88.56391
91.84447288124336,88.56391
79.9400049772399,88.56391
85.94311272370318,88.56391
96.93185232739869,88.56391
139.66583967510343,88.580376
98.96680410586082,88.61929
98.96680410586082,88.64996
95.91437643816762,88.605774
101.00175588432293,88.56622
90.9287445809354,88.5699
85.33262719016454,88.57131
89.60602592493503,88.56391
94.89690054893657,88.56391
98.96680410586082,88.56391
104.05418355201614,88.56391
104.05418355201614,88.56391
130.50855667202384,88.56391
127.45612900433063,88.56391
126.43865311509956,88.56391
124.40370133663743,88.56391
124.40370133663743,88.56391
123.38622544740639,88.56391
123.38622544740639,88.56391
126.43865311509956,88.56391
107.10661121970935,88.56391
111.1765147766336,88.56391
94.89690054893657,88.56391
89.91126869170434,88.56391
105.07165944124722,88.56391
121.35127366894426,88.56391
128.4736048935617,88.56666
132.54350845048597,88.571
119.31632189048214,88.574135
118.29884600125105,88.567696
105.07165944124722,88.56858
119.31632189048214,88.56391
108.12408710894039,88.56391
108.12408710894039,88.56391
97.94932821662975,88.56391
101.00175588432293,88.56391
95.91437643816762,88.56391
97.94932821662975,88.56391
99.98427999509188,88.56647
111.1765147766336,88.570526
110.15903888740252,88.57209
114.2289424443268,88.56391
113.21146655509573,88.56391
115.24641833355784,88.56391
112.19399066586467,88.56391
111.1765147766336,88.56391
93.16719153724375,88.56391
106.08913533047826,88.56391
104.05418355201614,88.56391
94.89690054893657,88.56391
94.89690054893657,88.56391
94.89690054893657,88.56391
97.94932821662975,88.56391
99.98427999509188,88.56391
108.12408710894039,88.56391
97.94932821662975,88.56391
106.08913533047826,88.56391
121.35127366894426,88.56391
109.14156299817147,88.56391
104.05418355201614,88.56391
93.87942465970548,88.56391
102.01923177355401,88.56391
119.31632189048214,88.56391
117.28137011201997,88.56391
116.26389422278893,88.56391
116.26389422278893,88.570724
95.91437643816762,88.59045
97.94932821662975,88.60882
99.98427999509188,88.59265
108.12408710894039,88.56391
104.05418355201614,88.56391
102.01923177355401,88.56391
102.01923177355401,88.56391
102.01923177355401,88.56391
95.91437643816762,88.56391
102.01923177355401,88.56434
111.1765147766336,88.568855
92.6584535926282,88.575195
88.38505485785774,88.57617
79.8382573883168,88.56391
79.02427667693195,88.56391
76.88757730954671,88.56391
76.58233454277739,88.56391
101.00175588432293,88.56391
83.29767541170241,88.56391
84.4168988898566,88.56391
83.60291817847174,88.56391
71.80019786339138,88.56391
66.71281841723605,88.56391
71.69845027446829,88.56391
86.85884102401114,88.56391
88.69029762462706,88.56391
82.78893746708688,88.56568
74.85262553108457,88.56848
69.0530129624675,88.56956
110.15903888740252,88.56391
98.96680410586082,88.56391
106.08913533047826,88.56391
114.2289424443268,88.56391
97.94932821662975,88.56391
96.93185232739869,88.56391
95.91437643816762,88.56391
94.89690054893657,88.56391
101.00175588432293,88.56391
99.98427999509188,88.56391
99.98427999509188,88.56391
83.19592782277931,88.56391
106.08913533047826,88.56391
80.95748086647097,88.56391
86.14660790154942,88.56391
93.37068671508996,88.56391
90.8269969920123,88.56391
93.87942465970548,88.56391
92.04796805908958,88.56391
89.1990355692426,88.56391
93.77767707078239,88.56391
98.96680410586082,88.56391
95.91437643816762,88.56391
90.8269969920123,88.56391
78.10854837662399,88.56391
88.99554039139639,88.56391
94.89690054893657,88.56391
91.03049216985852,88.56391
118.29884600125105,88.56391
119.31632189048214,88.56391
116.26389422278893,88.56391
106.08913533047826,88.56391
111.1765147766336,88.56391
103.03670766278509,88.56391
107.10661121970935,88.56391
104.05418355201614,88.56391
102.01923177355401,88.56391
92.14971564801267,88.56391
95.91437643816762,88.56391
98.96680410586082,88.56391
102.01923177355401,88.56391
105.07165944124722,88.56391
108.12408710894039,88.56391
95.91437643816762,88.56391
99.98427999509188,88.56605
83.70466576739484,88.56943
79.43126703262436,88.570724
86.75709343508804,88.56391
87.7745693243191,88.56391
97.94932821662975,88.56391
99.98427999509188,88.56391
101.00175588432293,88.56391
86.65534584616493,88.56391
96.93185232739869,88.56391
88.79204521355017,88.56501
89.3007831581657,88.56675
126.43865311509956,88.56741
125.4211772258685,88.56391
125.4211772258685,88.56391
128.4736048935617,88.56391
135.59593611817917,88.56391
129.49108078279275,88.56391
137.6308878966413,88.56391
150.85807445664514,88.56391
184.43477880127028,88.5683
218.01148314589543,88.58995
156.9629297920315,88.633255
144.75321912125875,88.65629
144.75321912125875,88.620384
134.5784602289481,88.56391
162.05030923818683,88.56391
141.70079145356556,88.56391
147.80564678895192,88.56629
133.560984339717,88.572426
136.6134120074102,88.59121
125.4211772258685,88.6067
137.6308878966413,88.609604
135.59593611817917,88.56943
133.560984339717,88.570724
126.43865311509956,88.56391
129.49108078279275,88.56391
125.4211772258685,88.56391
130.50855667202384,88.56391
141.70079145356556,88.56391
66.30582806154364,88.56708
66.30582806154364,88.547485
67.62854671754403,88.51468
75.46311106462322,88.45926
75.46311106462322,88.46166
76.88757730954671,88.465164
72.81767375262245,88.46997
72.81767375262245,88.46664
71.59670268554517,88.46891
71.59670268554517,88.45926
71.59670268554517,88.45926
71.59670268554517,88.45926
71.59670268554517,88.45926
74.14039240862283,88.45926
76.88757730954671,88.45926
76.88757730954671,88.45926
78.3120435544702,88.45926
75.46311106462322,88.45926
75.46311106462322,88.45926
75.46311106462322,88.45926
72.81767375262245,88.45926
72.81767375262245,88.45926
72.81767375262245,88.45926
72.81767375262245,88.45926
72.81767375262245,88.45926
70.27398402954478,88.45926
70.27398402954478,88.45926
70.27398402954478,88.45926
72.81767375262245,88.45926
78.71903391016262,88.45926
77.59981043200845,88.45926
75.25961588677701,88.45926
74.14039240862283,88.45926
73.12291651939177,88.45926
73.12291651939177,88.45926
73.12291651939177,88.45926
72.0036930412376,88.45926
69.86699367385238,88.46016
68.8495177846213,88.46147
67.83204189539023,88.46216
67.83204189539023,88.45926
66.71281841723605,88.45926
67.83204189539023,88.45926
67.83204189539023,88.45926
65.695342528005,88.45926
65.695342528005,88.45926
63.558643160619766,88.45926
63.558643160619766,88.45926
63.558643160619766,88.45926
65.695342528005,88.45926
63.558643160619766,88.45926
62.5411672713887,88.45926
61.62543897108073,88.45926
62.5411672713887,88.45926
62.5411672713887,88.45926
60.60796308184967,88.45926
59.590487192618596,88.45926
120.33379777971318,88.45926
120.33379777971318,88.45926
118.29884600125105,88.46586
112.19399066586467,88.47605
112.19399066586467,88.481926
113.21146655509573,88.46119
110.15903888740252,88.45926
107.10661121970935,88.45926
106.08913533047826,88.45926
106.08913533047826,88.45926
104.05418355201614,88.45926
104.05418355201614,88.45926
104.05418355201614,88.45926
103.03670766278509,88.45926
101.00175588432293,88.45926
98.96680410586082,88.45926
98.96680410586082,88.45926
104.05418355201614,88.45926
98.96680410586082,88.45926
96.93185232739869,88.45926
95.91437643816762,88.45926
95.91437643816762,88.45926
93.87942465970548,88.45926
92.96369635939753,88.45926
91.74272529232026,88.45926
90.52175422524297,88.45926
90.52175422524297,88.45926
90.52175422524297,88.45926
80.95748086647097,88.45926
79.8382573883168,88.45926
78.71903391016262,88.45926
76.37883936493117,88.45926
75.25961588677701,88.45926
74.14039240862283,88.45926
74.14039240862283,88.45926
74.14039240862283,88.45926
72.0036930412376,88.45926
72.0036930412376,88.45926
69.86699367385238,88.45926
68.8495177846213,88.45926
68.8495177846213,88.45926
68.8495177846213,88.45926
68.8495177846213,88.45926
67.83204189539023,88.45926
65.695342528005,88.45926
63.558643160619766,88.45926
63.558643160619766,88.45926
63.558643160619766,88.45926
61.62543897108073,88.45926
61.62543897108073,88.45926
62.5411672713887,88.45926
63.558643160619766,88.45926
63.558643160619766,88.45926
65.695342528005,88.45926
63.558643160619766,88.46046
63.558643160619766,88.46221
68.13728466215956,88.46312
69.35825572923683,88.45926
68.13728466215956,88.45926
66.91631359508227,88.45926
65.59359493908188,88.45926
63.15165280492732,88.45926
61.93068173785005,88.45926
61.93068173785005,88.45926
61.93068173785005,88.45926
63.15165280492732,88.45926
63.15165280492732,88.45926
61.93068173785005,88.45926
61.93068173785005,88.45926
59.38699201477239,88.45926
58.166020947695124,88.45926
58.166020947695124,88.45926
56.94504988061784,88.45926
56.94504988061784,88.45926
55.82582640246367,88.45926
56.94504988061784,88.45926
61.93068173785005,88.45926
61.93068173785005,88.46046
56.94504988061784,88.465515
55.82582640246367,88.47123
54.706602924309486,88.46987
53.58737944615532,88.45926
52.46815596800115,88.45926
52.46815596800115,88.45926
52.46815596800115,88.45926
85.94311272370318,88.45926
85.94311272370318,88.45926
86.65534584616493,88.45926
84.4168988898566,88.45926
85.94311272370318,88.45926
85.94311272370318,88.45926
85.94311272370318,88.45926
84.4168988898566,88.45926
84.4168988898566,88.45926
81.56796640000961,88.45926
82.17845193354825,88.45926
80.85573327754787,88.45926
80.14350015508612,88.45926
80.14350015508612,88.45926
78.82078149908574,88.45926
77.49806284308535,88.45926
80.14350015508612,88.45926
80.14350015508612,88.45926
79.53301462154748,88.45926
78.82078149908574,88.45926
79.53301462154748,88.45926
80.14350015508612,88.45926
78.82078149908574,88.45926
77.49806284308535,88.45926
84.4168988898566,88.45926
83.70466576739484,88.45926
80.14350015508612,88.45926
80.14350015508612,88.45926
450.22969414423966,88.45926
450.22969414423966,88.45926
450.22969414423966,88.45926
450.22969414423966,88.45926
450.22969414423966,88.45926
450.22969414423966,88.45926
450.22969414423966,88.45926
450.22969414423966,88.45926
450.22969414423966,88.45926
450.22969414423966,88.45926
450.22969414423966,88.45926
120.33379777971318,88.46646
111.1765147766336,88.48728
106.08913533047826,88.50788
107.10661121970935,88.49275
112.19399066586467,88.45926
107.10661121970935,88.46346
103.03670766278509,88.47556
101.00175588432293,88.487404
101.00175588432293,88.47853
98.96680410586082,88.45926
98.96680410586082,88.45926
97.94932821662975,88.45926
94.89690054893657,88.45926
91.74272529232026,88.45926
88.38505485785774,88.45926
87.46932655754979,88.45926
86.85884102401114,88.45926
114.2289424443268,88.45926
117.28137011201997,88.45926
120.33379777971318,88.45926
118.29884600125105,88.45926
118.29884600125105,88.45926
118.29884600125105,88.45926
117.28137011201997,88.45926
116.26389422278893,88.45926
116.26389422278893,88.45926
116.26389422278893,88.45926
117.28137011201997,88.45926
114.2289424443268,88.45926
114.2289424443268,88.45926
114.2289424443268,88.45926
114.2289424443268,88.45926
114.2289424443268,88.45926
114.2289424443268,88.45926
116.26389422278893,88.46046
116.26389422278893,88.46221
113.21146655509573,88.474014
111.1765147766336,88.48645
108.12408710894039,88.494286
107.10661121970935,88.45926
107.10661121970935,88.45926
105.07165944124722,88.45926
104.05418355201614,88.45926
104.05418355201614,88.45926
104.05418355201614,88.45926
90.42000663631987,88.45926
90.42000663631987,88.45926
91.94622047016647,88.45926
90.42000663631987,88.45926
88.89379280247327,88.45926
91.94622047016647,88.45926
93.47243430401306,88.45926
94.89690054893657,88.45926
93.47243430401306,88.45926
91.94622047016647,88.45926
91.94622047016647,88.45926
90.42000663631987,88.45926
90.42000663631987,88.45926
87.36757896862667,88.45926
88.89379280247327,88.45926
87.36757896862667,88.4625
87.36757896862667,88.46963
85.94311272370318,88.47557
85.94311272370318,88.46697
82.89068505601,88.45926
82.89068505601,88.45926
84.4168988898566,88.45926
87.36757896862667,88.45926
87.36757896862667,88.45926
90.42000663631987,88.45926
88.89379280247327,88.46646
84.4168988898566,88.47693
82.89068505601,88.482376
84.4168988898566,88.45926
65.39009976123567,88.45926
65.39009976123567,88.45926
63.35514798277355,88.45926
62.33767209354248,88.45926
61.21844861538831,88.45926
61.21844861538831,88.45926
60.20097272615725,88.45926
56.02932158030987,88.45926
55.011845691078804,88.45926
54.09611739077085,88.45926
54.09611739077085,88.45926
53.180389090462896,88.45926
51.24718490092388,88.45926
50.33145660061592,88.45926
50.33145660061592,88.45926
49.415728300307954,88.45926
48.5,88.45926
48.5,88.45926
49.415728300307954,88.45926
56.02932158030987,88.45926
56.02932158030987,88.46256
53.180389090462896,88.471565
52.26466079015494,88.480156
51.24718490092388,88.472755
50.33145660061592,88.45926
51.24718490092388,88.45926
50.33145660061592,88.45926
51.24718490092388,88.45926
85.43437477908766,88.45926
83.80641335631795,88.45926
82.17845193354825,88.45926
78.82078149908574,88.45926
85.43437477908766,88.45926
82.17845193354825,88.45926
80.44874292185543,88.45926
78.82078149908574,88.45926
77.19282007631602,88.45926
77.19282007631602,88.45926
75.56485865354632,88.45926
75.56485865354632,88.45926
72.30893580800691,88.45926
70.88446956308343,88.45926
69.35825572923683,88.45926
67.93378948431334,88.49744
66.40757565046674,88.55771
66.40757565046674,88.577415
67.93378948431334,88.46408
67.93378948431334,88.45926
66.40757565046674,88.45926
66.40757565046674,88.45926
66.40757565046674,88.45926
67.93378948431334,88.45926
67.93378948431334,88.45926
66.40757565046674,88.45926
70.88446956308343,88.46076
72.30893580800691,88.46295
85.43437477908766,88.46408
83.80641335631795,88.45926
82.17845193354825,88.45926
78.82078149908574,88.45926
85.43437477908766,88.45926
82.17845193354825,88.45926
80.44874292185543,88.45926
78.82078149908574,88.45926
77.19282007631602,88.45926
77.19282007631602,88.45926
75.56485865354632,88.45926
75.56485865354632,88.45926
72.30893580800691,88.45926
70.88446956308343,88.45926
69.35825572923683,88.45926
67.93378948431334,88.45926
66.40757565046674,88.45926
66.40757565046674,88.45926
67.93378948431334,88.45926
67.93378948431334,88.45926
66.40757565046674,88.45926
66.40757565046674,88.45926
66.40757565046674,88.45926
67.93378948431334,88.45926
67.93378948431334,88.45926
66.40757565046674,88.45926
70.88446956308343,88.45926
83.80641335631795,88.46286
112.19399066586467,88.48272
114.2289424443268,88.507805
110.15903888740252,88.50627
108.12408710894039,88.45926
104.05418355201614,88.45926
108.12408710894039,88.45926
106.08913533047826,88.45926
120.33379777971318,88.46825
122.3687495581753,88.48492
114.2289424443268,88.49688
99.98427999509188,88.470825
104.05418355201614,88.45926
99.98427999509188,88.45926
95.91437643816762,88.45926
99.98427999509188,88.45926
97.94932821662975,88.45926
95.91437643816762,88.45926
95.91437643816762,88.45926
91.84447288124336,88.45926
89.80952110278123,88.45926
87.7745693243191,88.45926
87.7745693243191,88.45926
87.7745693243191,88.45926
85.73961754585697,88.45926
85.73961754585697,88.45926
83.70466576739484,88.45926
83.70466576739484,88.45926
83.70466576739484,88.45926
87.7745693243191,88.45926
77.59981043200845,88.45926
75.56485865354632,88.45926
73.5299068750842,88.45926
72.0036930412376,88.45926
72.0036930412376,88.45926
72.0036930412376,88.45926
70.477479207391,88.45926
68.9512653735444,88.45926
67.4250515396978,88.45926
79.63476221047058,88.45926
87.7745693243191,88.45926
75.56485865354632,88.45926
72.0036930412376,88.45926
75.56485865354632,88.45926
81.66971398893271,88.45926
81.66971398893271,88.45926
77.59981043200845,88.45926
77.59981043200845,88.45926
70.477479207391,88.45926
68.9512653735444,88.45926
67.4250515396978,88.46316
65.89883770585121,88.46886
62.846410038158005,88.471794
61.320196204311415,88.45926
59.793982370464825,88.45926
61.320196204311415,88.45926
64.37262387200461,88.459854
64.37262387200461,88.46074
85.43437477908766,88.46119
82.17845193354825,88.45926
80.44874292185543,88.45926
78.82078149908574,88.45926
77.19282007631602,88.45926
77.19282007631602,88.45926
73.93689723077664,88.45926
72.30893580800691,88.45926
80.44874292185543,88.45926
107.10661121970935,88.45926
105.07165944124722,88.47147
95.91437643816762,88.48995
88.69029762462706,88.4985
78.82078149908574,88.45926
75.56485865354632,88.45926
75.56485865354632,88.45926
73.93689723077664,88.45926
72.30893580800691,88.45926
70.88446956308343,88.45926
69.35825572923683,88.45926
67.93378948431334,88.45926
67.93378948431334,88.45926
78.82078149908574,88.45926
72.30893580800691,88.46376
72.30893580800691,88.47033
69.35825572923683,88.47372
66.40757565046674,88.45926
64.98310940554323,88.45926
75.56485865354632,88.45926
75.56485865354632,88.45926
75.56485865354632,88.45926
73.5299068750842,88.45926
72.0036930412376,88.45926
73.5299068750842,88.45926
73.5299068750842,88.45926
72.0036930412376,88.45926
70.477479207391,88.45926
73.5299068750842,88.45926
73.5299068750842,88.45926
73.5299068750842,88.45926
73.5299068750842,88.45926
72.0036930412376,88.45926
72.0036930412376,88.45926
77.59981043200845,88.45926
85.73961754585697,88.46406
77.59981043200845,88.47703
75.56485865354632,88.48931
72.0036930412376,88.47853
70.477479207391,88.45926
67.4250515396978,88.45926
72.0036930412376,88.45926
89.80952110278123,88.45926
89.80952110278123,88.470345
75.56485865354632,88.48693
68.9512653735444,88.49486
70.477479207391,88.45926
87.16408379078047,88.45926
84.82388924554901,88.45926
84.82388924554901,88.45926
82.58544228924067,88.45926
80.34699533293234,88.45926
78.82078149908574,88.45926
76.68408213170049,88.45926
75.1578682978539,88.45926
75.1578682978539,88.45926
103.03670766278509,88.45926
143.7357432320277,88.45926
189.52215824742558,88.48222
142.7182673427966,88.541885
121.35127366894426,88.59249
110.15903888740252,88.53651
107.10661121970935,88.45926
102.01923177355401,88.45926
96.93185232739869,88.467415
92.6584535926282,88.47929
93.47243430401306,88.48545
91.94622047016647,88.45926
88.79204521355017,88.45926
85.63786995693387,88.45926
84.82388924554901,88.45926
82.58544228924067,88.45926
102.01923177355401,88.45926
102.01923177355401,88.45926
143.7357432320277,88.466156
115.24641833355784,88.48304
83.29767541170241,88.49821
81.87320916677892,88.481415
81.05922845539408,88.45926
80.34699533293234,88.45926
82.58544228924067,88.45926
80.34699533293234,88.45926
78.82078149908574,88.46196
77.39631525416225,88.465904
76.68408213170049,88.46793
75.1578682978539,88.45926
74.44563517539216,88.45926
72.91942134154556,88.45926
71.49495509662206,88.45926
70.07048885169857,88.45926
70.07048885169857,88.45926
70.07048885169857,88.45926
67.22155636185158,88.45926
65.89883770585121,88.45926
63.25340039385044,88.45926
61.93068173785005,88.45926
61.93068173785005,88.45926
62.5411672713887,88.45926
62.5411672713887,88.45926
65.89883770585121,88.45926
64.57611904985083,88.45926
65.18660458338947,88.45926
66.50932323938984,88.45926
65.89883770585121,88.45926
103.03670766278509,88.45926
102.01923177355401,88.45926
105.07165944124722,88.45926
106.08913533047826,88.45926
104.05418355201614,88.45926
101.00175588432293,88.45926
99.98427999509188,88.45926
99.98427999509188,88.45926
98.96680410586082,88.45926
96.93185232739869,88.45926
95.91437643816762,88.45926
95.91437643816762,88.45926
95.91437643816762,88.45926
95.91437643816762,88.45926
94.89690054893657,88.45926
92.6584535926282,88.45926
91.23398734770473,88.45926
89.80952110278123,88.45926
90.52175422524297,88.45926
95.91437643816762,88.45926
91.94622047016647,88.45926
89.80952110278123,88.45926
88.38505485785774,88.45926
86.35010307939561,88.45926
94.89690054893657,88.45926
99.98427999509188,88.45926
91.23398734770473,88.46795
94.89690054893657,88.48864
96.93185232739869,88.50687
95.91437643816762,88.48526
95.91437643816762,88.45926
94.89690054893657,88.45926
103.03670766278509,88.46022
92.6584535926282,88.461624
91.13223975878161,88.46235
90.31825904739677,88.45926
89.60602592493503,88.45926
89.60602592493503,88.45926
87.97806450216532,88.45926
87.97806450216532,88.45926
86.45185066831871,88.45926
85.63786995693387,88.45926
84.82388924554901,88.45926
83.29767541170241,88.45926
84.11165612308727,88.45926
83.29767541170241,88.45926
81.87320916677892,88.45926
80.34699533293234,88.45926
81.05922845539408,88.45926
80.34699533293234,88.45926
78.82078149908574,88.45926
81.87320916677892,88.45926
81.05922845539408,88.45926
80.34699533293234,88.45926
79.63476221047058,88.45926
78.82078149908574,88.45926
86.45185066831871,88.45926
89.3007831581657,88.45926
88.58855003570395,88.45926
86.45185066831871,88.45926
85.02738442339523,88.45926
88.58855003570395,88.45926
90.8269969920123,88.464966
92.96369635939753,88.47324
90.01301628062744,88.47757
87.16408379078047,88.45926
85.02738442339523,88.45926
86.45185066831871,88.45926
92.96369635939753,88.45926
90.01301628062744,88.461784
85.73961754585697,88.46546
83.60291817847174,88.46736
82.28019952247135,88.45926
80.95748086647097,88.45926
78.92252908800883,88.45926
78.21029596554709,88.45926
76.88757730954671,88.45926
75.56485865354632,88.45926
75.56485865354632,88.45926
72.81767375262245,88.45926
71.49495509662206,88.45926
71.49495509662206,88.45926
70.17223644062167,88.45926
70.17223644062167,88.45926
71.49495509662206,88.45926
93.16719153724375,88.45926
91.23398734770473,88.45926
89.3007831581657,88.45926
85.02738442339523,88.45926
83.60291817847174,88.45926
83.19592782277931,88.45926
81.3644712221634,88.45926
81.3644712221634,88.45926
80.95748086647097,88.45926
81.77146157785582,88.45926
83.19592782277931,88.45926
86.45185066831871,88.45926
84.11165612308727,88.45926
82.28019952247135,88.45926
80.95748086647097,88.45926
80.95748086647097,88.45926
80.04175256616301,88.45926
78.71903391016262,88.45926
76.88757730954671,88.45926
76.88757730954671,88.45926
75.56485865354632,88.45926
80.44874292185543,88.45926
79.53301462154748,88.46016
78.21029596554709,88.47046
79.12602426585505,88.48422
82.28019952247135,88.488144
82.28019952247135,88.45926
80.95748086647097,88.46676
83.70466576739484,88.47766
80.44874292185543,88.48334
89.3007831581657,88.45926
74.5880817998845,88.45926
80.04175256616301,88.45926
79.8382573883168,88.45926
104.05418355201614,88.45926
105.07165944124722,88.45926
96.93185232739869,88.45926
94.89690054893657,88.45926
93.16719153724375,88.45926
97.94932821662975,88.45926
450.22969414423966,88.45926
450.22969414423966,88.470634
450.22969414423966,88.487724
450.22969414423966,88.49581
450.22969414423966,88.45926
450.22969414423966,88.45926
450.22969414423966,88.45926
450.22969414423966,88.45926
450.22969414423966,88.45926
450.22969414423966,88.45926
450.22969414423966,88.45926
450.22969414423966,88.45926
450.22969414423966,88.45926
450.22969414423966,88.45926
450.22969414423966,88.46765
450.22969414423966,88.482254
450.22969414423966,88.492065
450.22969414423966,88.46697
450.22969414423966,88.46705
450.22969414423966,88.4784
450.22969414423966,88.48431
450.22969414423966,88.45926
450.22969414423966,88.45926
450.22969414423966,88.45926
450.22969414423966,88.45926
450.22969414423966,88.45926
450.22969414423966,88.45926
450.22969414423966,88.45926
91.33573493662783,88.45926
92.04796805908958,88.45926
92.454958414782,88.45926
86.14660790154942,88.45926
84.92563683447213,88.45926
79.9400049772399,88.45926
94.89690054893657,88.45926
114.2289424443268,88.45926
125.4211772258685,88.4757
107.10661121970935,88.51271
97.94932821662975,88.54012
96.93185232739869,88.49677
86.0448603126263,88.45926
76.48058695385429,88.45926
95.91437643816762,88.46016
102.01923177355401,88.46147
116.26389422278893,88.46216
114.2289424443268,88.45926
116.26389422278893,88.45926
122.3687495581753,88.45926
114.2289424443268,88.45926
113.21146655509573,88.45926
108.12408710894039,88.45926
109.14156299817147,88.45926
103.03670766278509,88.45926
107.10661121970935,88.45926
107.10661121970935,88.45926
99.98427999509188,88.45926
103.03670766278509,88.45926
99.98427999509188,88.45926
94.89690054893657,88.45926
109.14156299817147,88.45926
106.08913533047826,88.45926
91.03049216985852,88.45926
98.96680410586082,88.45926
97.94932821662975,88.45926
102.01923177355401,88.45926
78.71903391016262,88.45926
101.00175588432293,88.45926
107.10661121970935,88.45926
105.07165944124722,88.45926
94.89690054893657,88.45926
107.10661121970935,88.45926
115.24641833355784,88.45926
99.98427999509188,88.45926
116.26389422278893,88.45926
115.24641833355784,88.45926
105.07165944124722,88.46298
102.01923177355401,88.46841
98.96680410586082,88.471214
93.37068671508996,88.45926
120.33379777971318,88.45926
117.28137011201997,88.45926
110.15903888740252,88.45926
113.21146655509573,88.45926
95.91437643816762,88.45926
103.03670766278509,88.45926
88.07981209108841,88.45926
85.73961754585697,88.45926
92.6584535926282,88.45926
101.00175588432293,88.45926
109.14156299817147,88.45926
118.29884600125105,88.461784
94.89690054893657,88.46546
108.12408710894039,88.46736
105.07165944124722,88.45926
97.94932821662975,88.45926
93.77767707078239,88.45926
97.94932821662975,88.45926
102.01923177355401,88.46286
98.96680410586082,88.46812
97.94932821662975,88.470825
96.93185232739869,88.45926
102.01923177355401,88.45926
98.96680410586082,88.45926
104.05418355201614,88.45926
102.01923177355401,88.45926
92.55670600370512,88.45926
93.87942465970548,88.45926
93.87942465970548,88.45926
93.87942465970548,88.45926
89.1990355692426,88.45926
108.12408710894039,88.45926
115.24641833355784,88.45926
103.03670766278509,88.45926
101.00175588432293,88.45926
90.01301628062744,88.45926
91.43748252555093,88.45926
110.15903888740252,88.45926
103.03670766278509,88.45926
105.07165944124722,88.45926
102.01923177355401,88.45926
105.07165944124722,88.45926
101.00175588432293,88.45926
101.00175588432293,88.45926
102.01923177355401,88.45926
95.91437643816762,88.45926
105.07165944124722,88.45926
103.03670766278509,88.45926
102.01923177355401,88.45926
85.84136513478008,88.45926
83.39942300062553,88.45926
98.96680410586082,88.45926
90.52175422524297,88.45926
93.57418189293618,88.45926
96.93185232739869,88.45926
114.2289424443268,88.45926
83.80641335631795,88.45926
90.62350181416609,88.45926
99.98427999509188,88.45926
89.60602592493503,88.46286
83.80641335631795,88.46812
78.4137911433933,88.470825
83.19592782277931,88.45926
241.41342859820992,88.46136
200.7143930289673,88.46443
154.92797801356937,88.49389
122.3687495581753,88.53175
90.11476386955056,88.54862
98.96680410586082,88.46408
108.12408710894039,88.45926
97.94932821662975,88.45926
97.94932821662975,88.45926
103.03670766278509,88.45926
91.74272529232026,88.45926
87.26583137970357,88.45926
96.93185232739869,88.45926
92.04796805908958,88.45926
92.3532108258589,88.45998
123.38622544740639,88.46103
121.35127366894426,88.46157
112.19399066586467,88.45926
102.01923177355401,88.45926
93.77767707078239,88.45926
118.29884600125105,88.45926
101.00175588432293,88.45926
98.96680410586082,88.45926
96.93185232739869,88.45926
96.93185232739869,88.45926
99.98427999509188,88.45926
90.9287445809354,88.45926
88.58855003570395,88.45926
92.6584535926282,88.45926
90.9287445809354,88.45926
93.87942465970548,88.45926
95.91437643816762,88.45926
106.08913533047826,88.45926
115.24641833355784,88.45926
102.01923177355401,88.45926
101.00175588432293,88.45926
99.98427999509188,88.45926
93.06544394832065,88.45926
95.91437643816762,88.45926
95.91437643816762,88.45926
94.89690054893657,88.45926
98.96680410586082,88.45926
95.91437643816762,88.45926
93.87942465970548,88.45926
84.82388924554901,88.45926
78.51553873231641,88.45926
68.8495177846213,88.45926
75.87010142031563,88.45926
80.55049051077854,88.45926
80.95748086647097,88.45926
73.32641169723799,88.45926
62.744662449234916,88.45926
73.42815928616109,88.45926
75.05612070893079,88.45926
74.85262553108457,88.45926
82.58544228924067,88.45926
70.07048885169857,88.45926
74.85262553108457,88.45926
75.56485865354632,88.45926
65.49184735015878,88.45926
74.95437312000769,88.45926
74.85262553108457,88.45926
72.20718821908382,88.45926
74.85262553108457,88.45926
69.35825572923683,88.45926
70.477479207391,88.45926
65.59359493908188,88.45926
67.83204189539023,88.45926
67.4250515396978,88.45926
67.4250515396978,88.45926
68.54427501785197,88.45926
53.58737944615532,88.45926
79.43126703262436,88.45926
80.04175256616301,88.45926
96.93185232739869,88.45926
92.76020118155132,88.45926
84.4168988898566,88.45926
91.94622047016647,88.45926
90.62350181416609,88.45926
80.24524774400922,88.45926
89.70777351385813,88.45926
90.9287445809354,88.45926
126.43865311509956,88.46455
125.4211772258685,88.49011
109.14156299817147,88.521935
103.03670766278509,88.51662
96.93185232739869,88.46191
96.93185232739869,88.46576
90.31825904739677,88.46774
95.91437643816762,88.45926
91.03049216985852,88.45926
90.7252494030892,88.45926
94.89690054893657,88.45926
91.13223975878161,88.45926
85.43437477908766,88.45926
88.69029762462706,88.45926
83.39942300062553,88.45926
82.58544228924067,88.46112
81.87320916677892,88.46384
70.5792267963141,88.46524
105.07165944124722,88.45926
97.94932821662975,88.45926
113.21146655509573,88.45926
106.08913533047826,88.45926
98.96680410586082,88.45926
91.13223975878161,88.45926
104.05418355201614,88.45926
91.64097770339714,88.45926
101.00175588432293,88.45926
99.98427999509188,88.45926
101.00175588432293,88.45926
102.01923177355401,88.45926
81.4662188110865,88.45926
101.00175588432293,88.45926
103.03670766278509,88.45926
81.4662188110865,88.45926
123.38622544740639,88.45992
118.29884600125105,88.46599
112.19399066586467,88.48135
103.03670766278509,88.49394
98.96680410586082,88.48334
93.67592948185927,88.45926
103.03670766278509,88.45926
104.05418355201614,88.45926
98.96680410586082,88.45926
103.03670766278509,88.45926
93.87942465970548,88.45926
99.98427999509188,88.45926
77.49806284308535,88.45926
78.92252908800883,88.45926
83.39942300062553,88.45926
84.82388924554901,88.45926
86.45185066831871,88.45926
76.68408213170049,88.45926
80.44874292185543,88.45926
104.05418355201614,88.45926
93.26893912616687,88.45926
116.26389422278893,88.48506
94.89690054893657,88.54434
90.52175422524297,88.58865
80.95748086647097,88.52265
84.31515130093348,88.45926
86.55359825724183,88.45926
90.01301628062744,88.46076
92.55670600370512,88.46295
92.55670600370512,88.46408
91.53923011447405,88.45926
86.35010307939561,88.45926
79.9400049772399,88.45926
78.0068007877009,88.45926
87.8763169132422,88.45926
81.87320916677892,88.45926
83.90816094524106,88.45926
81.87320916677892,88.45926
80.95748086647097,88.45926
81.4662188110865,88.45926
78.61728632123952,88.45926
80.44874292185543,88.45926
82.99243264493309,88.45926
79.43126703262436,88.45926
77.49806284308535,88.45926
79.43126703262436,88.45926
105.07165944124722,88.45926
129.49108078279275,88.46927
115.24641833355784,88.5011
89.91126869170434,88.5391
87.36757896862667,88.52503
94.89690054893657,88.47372
85.43437477908766,88.45926
89.70777351385813,88.45926
87.46932655754979,88.45926
91.84447288124336,88.45926
79.9400049772399,88.45926
85.94311272370318,88.45926
96.93185232739869,88.45926
139.66583967510343,88.47748
98.96680410586082,88.520134
98.96680410586082,88.55278
95.91437643816762,88.50554
101.00175588432293,88.47736
90.9287445809354,88.50568
85.33262719016454,88.51699
89.60602592493503,88.45926
94.89690054893657,88.45926
98.96680410586082,88.45926
104.05418355201614,88.45926
104.05418355201614,88.45926
130.50855667202384,88.45926
127.45612900433063,88.45926
126.43865311509956,88.45926
124.40370133663743,88.45926
124.40370133663743,88.45926
123.38622544740639,88.45926
123.38622544740639,88.45926
126.43865311509956,88.45926
107.10661121970935,88.45926
111.1765147766336,88.45926
94.89690054893657,88.45926
89.91126869170434,88.45926
105.07165944124722,88.45926
121.35127366894426,88.45926
128.4736048935617,88.46676
132.54350845048597,88.48332
119.31632189048214,88.50459
118.29884600125105,88.49586
105.07165944124722,88.48334
119.31632189048214,88.45926
108.12408710894039,88.45926
108.12408710894039,88.45926
97.94932821662975,88.45926
101.00175588432293,88.45926
95.91437643816762,88.45926
97.94932821662975,88.45926
99.98427999509188,88.46052
111.1765147766336,88.46236
110.15903888740252,88.46331
114.2289424443268,88.45926
113.21146655509573,88.45926
115.24641833355784,88.466156
112.19399066586467,88.47619
111.1765147766336,88.481415
93.16719153724375,88.45926
106.08913533047826,88.45926
104.05418355201614,88.45926
94.89690054893657,88.45926
94.89690054893657,88.45926
94.89690054893657,88.45926
97.94932821662975,88.45926
99.98427999509188,88.45926
108.12408710894039,88.45926
97.94932821662975,88.45926
106.08913533047826,88.45926
121.35127366894426,88.45926
109.14156299817147,88.4625
104.05418355201614,88.46723
93.87942465970548,88.46967
102.01923177355401,88.45926
119.31632189048214,88.45926
117.28137011201997,88.45926
116.26389422278893,88.45926
116.26389422278893,88.46052
95.91437643816762,88.46662
97.94932821662975,88.47377
99.98427999509188,88.472946
108.12408710894039,88.45926
104.05418355201614,88.45926
102.01923177355401,88.45926
102.01923177355401,88.45926
102.01923177355401,88.45926
95.91437643816762,88.45926
102.01923177355401,88.46034
111.1765147766336,88.461914
92.6584535926282,88.46274
88.38505485785774,88.45926
79.8382573883168,88.45926
79.02427667693195,88.45926
76.88757730954671,88.45926
76.58233454277739,88.45926
101.00175588432293,88.45926
83.29767541170241,88.45926
84.4168988898566,88.45926
83.60291817847174,88.45926
71.80019786339138,88.45926
66.71281841723605,88.45926
71.69845027446829,88.45926
86.85884102401114,88.45926
88.69029762462706,88.45926
82.78893746708688,88.45926
74.85262553108457,88.45926
69.0530129624675,88.45926
110.15903888740252,88.45926
98.96680410586082,88.45926
106.08913533047826,88.45926
114.2289424443268,88.45926
97.94932821662975,88.45926
96.93185232739869,88.45926
95.91437643816762,88.45926
94.89690054893657,88.45926
101.00175588432293,88.45926
99.98427999509188,88.45926
99.98427999509188,88.45926
83.19592782277931,88.45926
106.08913533047826,88.45926
80.95748086647097,88.45926
86.14660790154942,88.45926
93.37068671508996,88.45926
90.8269969920123,88.45926
93.87942465970548,88.45926
92.04796805908958,88.45926
89.1990355692426,88.45926
93.77767707078239,88.45926
98.96680410586082,88.45926
95.91437643816762,88.45926
90.8269969920123,88.45926
78.10854837662399,88.45926
88.99554039139639,88.45926
94.89690054893657,88.45926
91.03049216985852,88.45926
118.29884600125105,88.45926
119.31632189048214,88.45926
116.26389422278893,88.45926
106.08913533047826,88.45926
111.1765147766336,88.45926
103.03670766278509,88.45926
107.10661121970935,88.45926
104.05418355201614,88.45926
102.01923177355401,88.45926
92.14971564801267,88.45926
95.91437643816762,88.45926
98.96680410586082,88.45926
102.01923177355401,88.45926
105.07165944124722,88.45926
108.12408710894039,88.46076
95.91437643816762,88.46295
99.98427999509188,88.46408
83.70466576739484,88.45926
79.43126703262436,88.45926
86.75709343508804,88.45926
87.7745693243191,88.45926
97.94932821662975,88.45926
99.98427999509188,88.45926
101.00175588432293,88.45926
86.65534584616493,88.45926
96.93185232739869,88.45926
88.79204521355017,88.45926
89.3007831581657,88.45926
126.43865311509956,88.45926
125.4211772258685,88.45926
125.4211772258685,88.45926
128.4736048935617,88.45926
135.59593611817917,88.45926
129.49108078279275,88.45926
137.6308878966413,88.45926
150.85807445664514,88.45926
184.43477880127028,88.46232
218.01148314589543,88.49593
156.9629297920315,88.55971
144.75321912125875,88.59062
144.75321912125875,88.51404
134.5784602289481,88.45926
162.05030923818683,88.45926
141.70079145356556,88.45968
147.80564678895192,88.4603
133.560984339717,88.46061
136.6134120074102,88.46412
125.4211772258685,88.4712
137.6308878966413,88.47679
135.59593611817917,88.46399
133.560984339717,88.46544
126.43865311509956,88.45926
129.49108078279275,88.45926
125.4211772258685,88.45926
130.50855667202384,88.45926
141.70079145356556,88.45926
66.30582806154364,88.4601
66.30582806154364,88.44381
67.62854671754403,88.430534
75.46311106462322,88.43541
75.46311106462322,88.44399
76.88757730954671,88.4553
72.81767375262245,88.45876
72.81767375262245,88.43899
71.59670268554517,88.43628
71.59670268554517,88.43541
71.59670268554517,88.43541
71.59670268554517,88.437325
71.59670268554517,88.44031
74.14039240862283,88.441666
76.88757730954671,88.4375
76.88757730954671,88.43541
78.3120435544702,88.43541
75.46311106462322,88.43641
75.46311106462322,88.43962
75.46311106462322,88.44396
72.81767375262245,88.44639
72.81767375262245,88.44436
72.81767375262245,88.44323
72.81767375262245,88.44083
72.81767375262245,88.441315
70.27398402954478,88.43541
70.27398402954478,88.43541
70.27398402954478,88.43541
72.81767375262245,88.43541
78.71903391016262,88.43541
77.59981043200845,88.436714
75.25961588677701,88.43812
74.14039240862283,88.43836
73.12291651939177,88.43541
73.12291651939177,88.43541
73.12291651939177,88.43541
72.0036930412376,88.43541
69.86699367385238,88.4374
68.8495177846213,88.43955
67.83204189539023,88.439926
67.83204189539023,88.43763
66.71281841723605,88.44003
67.83204189539023,88.44129
67.83204189539023,88.44134
65.695342528005,88.446144
65.695342528005,88.445
63.558643160619766,88.43541
63.558643160619766,88.43541
63.558643160619766,88.43541
65.695342528005,88.43541
63.558643160619766,88.43541
62.5411672713887,88.43541
61.62543897108073,88.43541
62.5411672713887,88.43541
62.5411672713887,88.43541
60.60796308184967,88.43541
59.590487192618596,88.43541
120.33379777971318,88.43541
120.33379777971318,88.43541
118.29884600125105,88.44474
112.19399066586467,88.45696
112.19399066586467,88.46022
113.21146655509573,88.43865
110.15903888740252,88.44231
107.10661121970935,88.44937
106.08913533047826,88.44966
106.08913533047826,88.43622
104.05418355201614,88.43958
104.05418355201614,88.443146
104.05418355201614,88.442665
103.03670766278509,88.43541
101.00175588432293,88.43541
98.96680410586082,88.43541
98.96680410586082,88.43541
104.05418355201614,88.435715
98.96680410586082,88.44009
96.93185232739869,88.444626
95.91437643816762,88.4462
95.91437643816762,88.4386
93.87942465970548,88.43889
92.96369635939753,88.43541
91.74272529232026,88.43541
90.52175422524297,88.43541
90.52175422524297,88.43541
90.52175422524297,88.43541
80.95748086647097,88.43541
79.8382573883168,88.44704
78.71903391016262,88.460884
76.37883936493117,88.46335
75.25961588677701,88.43541
74.14039240862283,88.43541
74.14039240862283,88.43564
74.14039240862283,88.43589
72.0036930412376,88.43593
72.0036930412376,88.43541
69.86699367385238,88.43541
68.8495177846213,88.43541
68.8495177846213,88.43541
68.8495177846213,88.43541
68.8495177846213,88.43541
67.83204189539023,88.43541
65.695342528005,88.43541
63.558643160619766,88.43541
63.558643160619766,88.43541
63.558643160619766,88.43541
61.62543897108073,88.43541
61.62543897108073,88.43541
62.5411672713887,88.436554
63.558643160619766,88.43895
63.558643160619766,88.44217
65.695342528005,88.44168
63.558643160619766,88.44094
63.558643160619766,88.43875
68.13728466215956,88.43989
69.35825572923683,88.437195
68.13728466215956,88.43697
66.91631359508227,88.43541
65.59359493908188,88.43541
63.15165280492732,88.43541
61.93068173785005,88.43541
61.93068173785005,88.43541
61.93068173785005,88.43541
63.15165280492732,88.43541
63.15165280492732,88.43541
61.93068173785005,88.43541
61.93068173785005,88.43679
59.38699201477239,88.43981
58.166020947695124,88.44173
58.166020947695124,88.43889
56.94504988061784,88.43541
56.94504988061784,88.43541
55.82582640246367,88.43541
56.94504988061784,88.43541
61.93068173785005,88.43541
61.93068173785005,88.439865
56.94504988061784,88.44484
55.82582640246367,88.44567
54.706602924309486,88.43541
53.58737944615532,88.43541
52.46815596800115,88.43541
52.46815596800115,88.43541
52.46815596800115,88.43541
85.94311272370318,88.43541
85.94311272370318,88.43541
86.65534584616493,88.43541
84.4168988898566,88.437706
85.94311272370318,88.44019
85.94311272370318,88.44124
85.94311272370318,88.437065
84.4168988898566,88.438896
84.4168988898566,88.43975
81.56796640000961,88.44087
82.17845193354825,88.441124
80.85573327754787,88.44218
80.14350015508612,88.440895
80.14350015508612,88.43628
78.82078149908574,88.43541
77.49806284308535,88.43541
80.14350015508612,88.43541
80.14350015508612,88.44487
79.53301462154748,88.45742
78.82078149908574,88.46087
79.53301462154748,88.43854
80.14350015508612,88.43541
78.82078149908574,88.43541
77.49806284308535,88.43541
84.4168988898566,88.43541
83.70466576739484,88.43541
80.14350015508612,88.43541
80.14350015508612,88.43541
450.22969414423966,88.43541
450.22969414423966,88.43541
450.22969414423966,88.43541
450.22969414423966,88.43541
450.22969414423966,88.43541
450.22969414423966,88.43541
450.22969414423966,88.43541
450.22969414423966,88.43541
450.22969414423966,88.43541
450.22969414423966,88.43541
450.22969414423966,88.43541
120.33379777971318,88.43541
111.1765147766336,88.44765
106.08913533047826,88.46224
107.10661121970935,88.46484
112.19399066586467,88.43579
107.10661121970935,88.44601
103.03670766278509,88.45972
101.00175588432293,88.46313
101.00175588432293,88.4401
98.96680410586082,88.43541
98.96680410586082,88.43541
97.94932821662975,88.43541
94.89690054893657,88.43541
91.74272529232026,88.43541
88.38505485785774,88.43541
87.46932655754979,88.43541
86.85884102401114,88.43541
114.2289424443268,88.43541
117.28137011201997,88.43541
120.33379777971318,88.43541
118.29884600125105,88.44758
118.29884600125105,88.46209
118.29884600125105,88.46536
117.28137011201997,88.436844
116.26389422278893,88.43697
116.26389422278893,88.43541
116.26389422278893,88.43541
117.28137011201997,88.43541
114.2289424443268,88.43541
114.2289424443268,88.43541
114.2289424443268,88.43541
114.2289424443268,88.43541
114.2289424443268,88.43541
114.2289424443268,88.43541
116.26389422278893,88.43694
116.26389422278893,88.44097
113.21146655509573,88.44382
111.1765147766336,88.440796
108.12408710894039,88.43541
107.10661121970935,88.43541
107.10661121970935,88.43541
105.07165944124722,88.43541
104.05418355201614,88.43541
104.05418355201614,88.43617
104.05418355201614,88.443214
90.42000663631987,88.450516
90.42000663631987,88.45001
91.94622047016647,88.43541
90.42000663631987,88.43541
88.89379280247327,88.43541
91.94622047016647,88.43541
93.47243430401306,88.43541
94.89690054893657,88.43541
93.47243430401306,88.43541
91.94622047016647,88.43541
91.94622047016647,88.43541
90.42000663631987,88.43541
90.42000663631987,88.43541
87.36757896862667,88.43541
88.89379280247327,88.43679
87.36757896862667,88.43866
87.36757896862667,88.44547
85.94311272370318,88.4495
85.94311272370318,88.449844
82.89068505601,88.43541
82.89068505601,88.43541
84.4168988898566,88.436554
87.36757896862667,88.43971
87.36757896862667,88.44589
90.42000663631987,88.44797
88.89379280247327,88.45438
84.4168988898566,88.46087
82.89068505601,88.46989
84.4168988898566,88.449844
65.39009976123567,88.4425
65.39009976123567,88.43541
63.35514798277355,88.43541
62.33767209354248,88.43541
61.21844861538831,88.43541
61.21844861538831,88.43541
60.20097272615725,88.43541
56.02932158030987,88.43541
55.011845691078804,88.43541
54.09611739077085,88.43541
54.09611739077085,88.43541
53.180389090462896,88.43541
51.24718490092388,88.43541
50.33145660061592,88.43541
50.33145660061592,88.43541
49.415728300307954,88.43541
48.5,88.43541
48.5,88.43541
49.415728300307954,88.43541
56.02932158030987,88.43541
56.02932158030987,88.44359
53.180389090462896,88.46477
52.26466079015494,88.48035
51.24718490092388,88.46389
50.33145660061592,88.43644
51.24718490092388,88.43675
50.33145660061592,88.43593
51.24718490092388,88.43541
85.43437477908766,88.43541
83.80641335631795,88.43541
82.17845193354825,88.43541
78.82078149908574,88.43541
85.43437477908766,88.43541
82.17845193354825,88.43541
80.44874292185543,88.43541
78.82078149908574,88.43541
77.19282007631602,88.43617
77.19282007631602,88.43892
75.56485865354632,88.44113
75.56485865354632,88.44582
72.30893580800691,88.487785
70.88446956308343,88.538864
69.35825572923683,88.53603
67.93378948431334,88.46107
66.40757565046674,88.49114
66.40757565046674,88.49539
67.93378948431334,88.43889
67.93378948431334,88.43541
66.40757565046674,88.43952
66.40757565046674,88.44409
66.40757565046674,88.44491
67.93378948431334,88.43557
67.93378948431334,88.452194
66.40757565046674,88.48936
70.88446956308343,88.51423
72.30893580800691,88.47838
85.43437477908766,88.441
83.80641335631795,88.44684
82.17845193354825,88.44768
78.82078149908574,88.43541
85.43437477908766,88.43541
82.17845193354825,88.4421
80.44874292185543,88.449844
78.82078149908574,88.45118
77.19282007631602,88.43541
77.19282007631602,88.43541
75.56485865354632,88.43541
75.56485865354632,88.43541
72.30893580800691,88.43541
70.88446956308343,88.435486
69.35825572923683,88.43557
67.93378948431334,88.435585
66.40757565046674,88.43541
66.40757565046674,88.43541
67.93378948431334,88.43541
67.93378948431334,88.43541
66.40757565046674,88.43541
66.40757565046674,88.43541
66.40757565046674,88.43541
67.93378948431334,88.43541
67.93378948431334,88.43541
66.40757565046674,88.43541
70.88446956308343,88.43541
83.80641335631795,88.43556
112.19399066586467,88.45166
114.2289424443268,88.47424
110.15903888740252,88.48297
108.12408710894039,88.44905
104.05418355201614,88.44715
108.12408710894039,88.44691
106.08913533047826,88.44317
120.33379777971318,88.43541
122.3687495581753,88.44899
114.2289424443268,88.46768
99.98427999509188,88.47323
104.05418355201614,88.44097
99.98427999509188,88.43564
95.91437643816762,88.43887
99.98427999509188,88.44245
97.94932821662975,88.4428
95.91437643816762,88.436104
95.91437643816762,88.43541
91.84447288124336,88.43541
89.80952110278123,88.43617
87.7745693243191,88.437004
87.7745693243191,88.43715
87.7745693243191,88.43679
85.73961754585697,88.43828
85.73961754585697,88.43854
83.70466576739484,88.43541
83.70466576739484,88.43541
83.70466576739484,88.43541
87.7745693243191,88.43541
77.59981043200845,88.435486
75.56485865354632,88.43557
73.5299068750842,88.436195
72.0036930412376,88.43668
72.0036930412376,88.436806
72.0036930412376,88.43541
70.477479207391,88.43541
68.9512653735444,88.43541
67.4250515396978,88.43541
79.63476221047058,88.43541
87.7745693243191,88.43541
75.56485865354632,88.43541
72.0036930412376,88.43541
75.56485865354632,88.43541
81.66971398893271,88.43541
81.66971398893271,88.43541
77.59981043200845,88.43541
77.59981043200845,88.43686
70.477479207391,88.43844
68.9512653735444,88.43871
67.4250515396978,88.4421
65.89883770585121,88.45061
62.846410038158005,88.45277
61.320196204311415,88.43715
59.793982370464825,88.43556
61.320196204311415,88.43572
64.37262387200461,88.43575
64.37262387200461,88.43541
85.43437477908766,88.43541
82.17845193354825,88.44054
80.44874292185543,88.446365
78.82078149908574,88.44734
77.19282007631602,88.43541
77.19282007631602,88.43541
73.93689723077664,88.43541
72.30893580800691,88.43541
80.44874292185543,88.43541
107.10661121970935,88.43541
105.07165944124722,88.45168
95.91437643816762,88.47439
88.69029762462706,88.48129
78.82078149908574,88.44257
75.56485865354632,88.43557
75.56485865354632,88.435585
73.93689723077664,88.43617
72.30893580800691,88.43708
70.88446956308343,88.45088
69.35825572923683,88.46543
67.93378948431334,88.46817
67.93378948431334,88.43541
78.82078149908574,88.43541
72.30893580800691,88.44176
72.30893580800691,88.45708
69.35825572923683,88.46774
66.40757565046674,88.45451
64.98310940554323,88.43541
75.56485865354632,88.43541
75.56485865354632,88.43541
75.56485865354632,88.43617
73.5299068750842,88.437004
72.0036930412376,88.43715
73.5299068750842,88.43541
73.5299068750842,88.435486
72.0036930412376,88.45271
70.477479207391,88.47341
73.5299068750842,88.47698
73.5299068750842,88.439865
73.5299068750842,88.44523
73.5299068750842,88.446465
72.0036930412376,88.43628
72.0036930412376,88.43541
77.59981043200845,88.43541
85.73961754585697,88.43839
77.59981043200845,88.44633
75.56485865354632,88.45218
72.0036930412376,88.45751
70.477479207391,88.46074
67.4250515396978,88.463936
72.0036930412376,88.43715
89.80952110278123,88.435486
89.80952110278123,88.45049
75.56485865354632,88.4686
68.9512653735444,88.47182
70.477479207391,88.43575
87.16408379078047,88.44427
84.82388924554901,88.45469
84.82388924554901,88.45651
82.58544228924067,88.43541
80.34699533293234,88.437325
78.82078149908574,88.43939
76.68408213170049,88.43975
75.1578682978539,88.43541
75.1578682978539,88.43541
103.03670766278509,88.43541
143.7357432320277,88.44629
189.52215824742558,88.46798
142.7182673427966,88.49421
121.35127366894426,88.493935
110.15903888740252,88.48464
107.10661121970935,88.45301
102.01923177355401,88.43541
96.93185232739869,88.435486
92.6584535926282,88.43557
93.47243430401306,88.435585
91.94622047016647,88.43541
88.79204521355017,88.43564
85.63786995693387,88.43627
84.82388924554901,88.4388
82.58544228924067,88.44058
102.01923177355401,88.4401
102.01923177355401,88.437325
143.7357432320277,88.44601
115.24641833355784,88.47017
83.29767541170241,88.48675
81.87320916677892,88.47482
81.05922845539408,88.43579
80.34699533293234,88.43774
82.58544228924067,88.44061
80.34699533293234,88.4441
78.82078149908574,88.44505
77.39631525416225,88.44574
76.68408213170049,88.44235
75.1578682978539,88.44572
74.44563517539216,88.44745
72.91942134154556,88.44567
71.49495509662206,88.43541
70.07048885169857,88.43541
70.07048885169857,88.43541
70.07048885169857,88.43541
67.22155636185158,88.43541
65.89883770585121,88.43541
63.25340039385044,88.43541
61.93068173785005,88.43541
61.93068173785005,88.43541
62.5411672713887,88.44467
62.5411672713887,88.4556
65.89883770585121,88.457596
64.57611904985083,88.44273
65.18660458338947,88.45108
66.50932323938984,88.4525
65.89883770585121,88.4365
103.03670766278509,88.437584
102.01923177355401,88.43763
105.07165944124722,88.43593
106.08913533047826,88.43541
104.05418355201614,88.43839
101.00175588432293,88.44162
99.98427999509188,88.4466
99.98427999509188,88.44484
98.96680410586082,88.44796
96.93185232739869,88.44187
95.91437643816762,88.44412
95.91437643816762,88.43923
95.91437643816762,88.43541
95.91437643816762,88.43541
94.89690054893657,88.43541
92.6584535926282,88.43541
91.23398734770473,88.43541
89.80952110278123,88.43541
90.52175422524297,88.43541
95.91437643816762,88.43541
91.94622047016647,88.441216
89.80952110278123,88.44803
88.38505485785774,88.449326
86.35010307939561,88.436295
94.89690054893657,88.43653
99.98427999509188,88.4367
91.23398734770473,88.443886
94.89690054893657,88.45365
96.93185232739869,88.45518
95.91437643816762,88.43541
95.91437643816762,88.43541
94.89690054893657,88.43541
103.03670766278509,88.43541
92.6584535926282,88.43541
91.13223975878161,88.43541
90.31825904739677,88.43541
89.60602592493503,88.43541
89.60602592493503,88.43541
87.97806450216532,88.43541
87.97806450216532,88.43541
86.45185066831871,88.43541
85.63786995693387,88.43541
84.82388924554901,88.43541
83.29767541170241,88.43541
84.11165612308727,88.43541
83.29767541170241,88.43541
81.87320916677892,88.43541
80.34699533293234,88.43541
81.05922845539408,88.43541
80.34699533293234,88.43541
78.82078149908574,88.43541
81.87320916677892,88.448586
81.05922845539408,88.46435
80.34699533293234,88.46718
79.63476221047058,88.43541
78.82078149908574,88.43617
86.45185066831871,88.437614
89.3007831581657,88.43842
88.58855003570395,88.436806
86.45185066831871,88.43694
85.02738442339523,88.4386
88.58855003570395,88.43889
90.8269969920123,88.43541
92.96369635939753,88.44292
90.01301628062744,88.45242
87.16408379078047,88.45522
85.02738442339523,88.44337
86.45185066831871,88.4477
92.96369635939753,88.44768
90.01301628062744,88.443924
85.73961754585697,88.453926
83.60291817847174,88.45568
82.28019952247135,88.43541
80.95748086647097,88.43541
78.92252908800883,88.43541
78.21029596554709,88.43541
76.88757730954671,88.43541
75.56485865354632,88.43541
75.56485865354632,88.43541
72.81767375262245,88.43541
71.49495509662206,88.43541
71.49495509662206,88.43541
70.17223644062167,88.43541
70.17223644062167,88.43541
71.49495509662206,88.44041
93.16719153724375,88.44606
91.23398734770473,88.44701
89.3007831581657,88.43541
85.02738442339523,88.43541
83.60291817847174,88.43541
83.19592782277931,88.43541
81.3644712221634,88.43541
81.3644712221634,88.43541
80.95748086647097,88.43541
81.77146157785582,88.43541
83.19592782277931,88.43541
86.45185066831871,88.43541
84.11165612308727,88.43541
82.28019952247135,88.43541
80.95748086647097,88.43541
80.95748086647097,88.43541
80.04175256616301,88.43564
78.71903391016262,88.43589
76.88757730954671,88.43593
76.88757730954671,88.43541
75.56485865354632,88.44223
80.44874292185543,88.45114
79.53301462154748,88.453575
78.21029596554709,88.44314
79.12602426585505,88.44712
82.28019952247135,88.44932
82.28019952247135,88.43933
80.95748086647097,88.442726
83.70466576739484,88.44437
80.44874292185543,88.443665
89.3007831581657,88.44062
74.5880817998845,88.43541
80.04175256616301,88.43541
79.8382573883168,88.43541
104.05418355201614,88.43541
105.07165944124722,88.43541
96.93185232739869,88.43556
94.89690054893657,88.43572
93.16719153724375,88.43575
97.94932821662975,88.43541
450.22969414423966,88.43541
450.22969414423966,88.44825
450.22969414423966,88.4636
450.22969414423966,88.46635
450.22969414423966,88.43541
450.22969414423966,88.43541
450.22969414423966,88.43541
450.22969414423966,88.43541
450.22969414423966,88.44886
450.22969414423966,88.46496
450.22969414423966,88.468216
450.22969414423966,88.44296
450.22969414423966,88.45087
450.22969414423966,88.45134
450.22969414423966,88.44771
450.22969414423966,88.468994
450.22969414423966,88.47933
450.22969414423966,88.452324
450.22969414423966,88.45691
450.22969414423966,88.48147
450.22969414423966,88.48433
450.22969414423966,88.43802
450.22969414423966,88.43541
450.22969414423966,88.43541
450.22969414423966,88.43541
450.22969414423966,88.43541
450.22969414423966,88.43541
450.22969414423966,88.43541
91.33573493662783,88.43541
92.04796805908958,88.43541
92.454958414782,88.43541
86.14660790154942,88.43541
84.92563683447213,88.43541
79.9400049772399,88.43541
94.89690054893657,88.43679
114.2289424443268,88.43828
125.4211772258685,88.46163
107.10661121970935,88.493256
97.94932821662975,88.50572
96.93185232739869,88.45034
86.0448603126263,88.43541
76.48058695385429,88.43541
95.91437643816762,88.43755
102.01923177355401,88.43987
116.26389422278893,88.44763
114.2289424443268,88.45136
116.26389422278893,88.45284
122.3687495581753,88.43541
114.2289424443268,88.43541
113.21146655509573,88.43541
108.12408710894039,88.43541
109.14156299817147,88.4473
103.03670766278509,88.46224
107.10661121970935,88.4656
107.10661121970935,88.43753
99.98427999509188,88.4362
103.03670766278509,88.43628
99.98427999509188,88.437706
94.89690054893657,88.44019
109.14156299817147,88.44062
106.08913533047826,88.441216
91.03049216985852,88.447876
98.96680410586082,88.449005
97.94932821662975,88.43541
102.01923177355401,88.449326
78.71903391016262,88.46601
101.00175588432293,88.469
107.10661121970935,88.43541
105.07165944124722,88.43541
94.89690054893657,88.43541
107.10661121970935,88.43603
115.24641833355784,88.43668
99.98427999509188,88.436806
116.26389422278893,88.43541
115.24641833355784,88.43541
105.07165944124722,88.43918
102.01923177355401,88.44708
98.96680410586082,88.4519
93.37068671508996,88.444
120.33379777971318,88.43541
117.28137011201997,88.43541
110.15903888740252,88.43541
113.21146655509573,88.43541
95.91437643816762,88.43564
103.03670766278509,88.43589
88.07981209108841,88.43593
85.73961754585697,88.43541
92.6584535926282,88.43541
101.00175588432293,88.43541
109.14156299817147,88.43541
118.29884600125105,88.43556
94.89690054893657,88.43572
108.12408710894039,88.43575
105.07165944124722,88.43541
97.94932821662975,88.43541
93.77767707078239,88.43541
97.94932821662975,88.43541
102.01923177355401,88.43579
98.96680410586082,88.4362
97.94932821662975,88.43628
96.93185232739869,88.43541
102.01923177355401,88.43541
98.96680410586082,88.43541
104.05418355201614,88.43541
102.01923177355401,88.43541
92.55670600370512,88.43541
93.87942465970548,88.43541
93.87942465970548,88.43541
93.87942465970548,88.43541
89.1990355692426,88.43541
108.12408710894039,88.43541
115.24641833355784,88.43541
103.03670766278509,88.44495
101.00175588432293,88.4562
90.01301628062744,88.45818
91.43748252555093,88.43541
110.15903888740252,88.43541
103.03670766278509,88.43541
105.07165944124722,88.43541
102.01923177355401,88.435715
105.07165944124722,88.43605
101.00175588432293,88.436104
101.00175588432293,88.43579
102.01923177355401,88.43774
95.91437643816762,88.43947
105.07165944124722,88.43889
103.03670766278509,88.43541
102.01923177355401,88.43541
85.84136513478008,88.43541
83.39942300062553,88.43541
98.96680410586082,88.43541
90.52175422524297,88.43541
93.57418189293618,88.43541
96.93185232739869,88.43541
114.2289424443268,88.43694
83.80641335631795,88.45014
90.62350181416609,88.46457
99.98427999509188,88.46972
89.60602592493503,88.448746
83.80641335631795,88.45115
78.4137911433933,88.43987
83.19592782277931,88.44181
241.41342859820992,88.445885
200.7143930289673,88.46311
154.92797801356937,88.53984
122.3687495581753,88.61374
90.11476386955056,88.61239
98.96680410586082,88.44176
108.12408710894039,88.450005
97.94932821662975,88.45225
97.94932821662975,88.4375
103.03670766278509,88.43541
91.74272529232026,88.43541
87.26583137970357,88.43541
96.93185232739869,88.43541
92.04796805908958,88.43541
92.3532108258589,88.44427
123.38622544740639,88.461784
121.35127366894426,88.474045
112.19399066586467,88.45831
102.01923177355401,88.44346
93.77767707078239,88.43889
118.29884600125105,88.43541
101.00175588432293,88.43541
98.96680410586082,88.43541
96.93185232739869,88.43541
96.93185232739869,88.43541
99.98427999509188,88.43541
90.9287445809354,88.43541
88.58855003570395,88.43541
92.6584535926282,88.43541
90.9287445809354,88.43541
93.87942465970548,88.43541
95.91437643816762,88.43541
106.08913533047826,88.43541
115.24641833355784,88.43541
102.01923177355401,88.43541
101.00175588432293,88.43848
99.98427999509188,88.4452
93.06544394832065,88.44948
95.91437643816762,88.44317
95.91437643816762,88.43541
94.89690054893657,88.43541
98.96680410586082,88.43541
95.91437643816762,88.43541
93.87942465970548,88.43579
84.82388924554901,88.4362
78.51553873231641,88.43628
68.8495177846213,88.43541
75.87010142031563,88.43541
80.55049051077854,88.43556
80.95748086647097,88.43572
73.32641169723799,88.43575
62.744662449234916,88.43541
73.42815928616109,88.43541
75.05612070893079,88.43541
74.85262553108457,88.43541
82.58544228924067,88.43541
70.07048885169857,88.438835
74.85262553108457,88.442566
75.56485865354632,88.44317
65.49184735015878,88.43541
74.95437312000769,88.43541
74.85262553108457,88.43541
72.20718821908382,88.43541
74.85262553108457,88.43541
69.35825572923683,88.43541
70.477479207391,88.43541
65.59359493908188,88.43541
67.83204189539023,88.43541
67.4250515396978,88.43541
67.4250515396978,88.43541
68.54427501785197,88.43541
53.58737944615532,88.43541
79.43126703262436,88.43541
80.04175256616301,88.43541
96.93185232739869,88.43541
92.76020118155132,88.43541
84.4168988898566,88.43541
91.94622047016647,88.43541
90.62350181416609,88.43541
80.24524774400922,88.43541
89.70777351385813,88.43541
90.9287445809354,88.43541
126.43865311509956,88.45994
125.4211772258685,88.499054
109.14156299817147,88.51502
103.03670766278509,88.45668
96.93185232739869,88.44041
96.93185232739869,88.44606
90.31825904739677,88.44701
95.91437643816762,88.43541
91.03049216985852,88.43541
90.7252494030892,88.43541
94.89690054893657,88.43541
91.13223975878161,88.43541
85.43437477908766,88.43541
88.69029762462706,88.43556
83.39942300062553,88.43572
82.58544228924067,88.43967
81.87320916677892,88.443634
70.5792267963141,88.444336
105.07165944124722,88.43556
97.94932821662975,88.43572
113.21146655509573,88.43575
106.08913533047826,88.43541
98.96680410586082,88.43541
91.13223975878161,88.43541
104.05418355201614,88.43541
91.64097770339714,88.43541
101.00175588432293,88.43541
99.98427999509188,88.43541
101.00175588432293,88.43541
102.01923177355401,88.43541
81.4662188110865,88.43541
101.00175588432293,88.43541
103.03670766278509,88.43541
81.4662188110865,88.43594
123.38622544740639,88.43691
118.29884600125105,88.45348
112.19399066586467,88.47941
103.03670766278509,88.491165
98.96680410586082,88.45401
93.67592948185927,88.43541
103.03670766278509,88.43694
104.05418355201614,88.4386
98.96680410586082,88.43889
103.03670766278509,88.43694
93.87942465970548,88.442024
99.98427999509188,88.44604
77.49806284308535,88.44317
78.92252908800883,88.43541
83.39942300062553,88.43541
84.82388924554901,88.43541
86.45185066831871,88.43541
76.68408213170049,88.43541
80.44874292185543,88.43541
104.05418355201614,88.43541
93.26893912616687,88.43541
116.26389422278893,88.463326
94.89690054893657,88.50873
90.52175422524297,88.52805
80.95748086647097,88.46152
84.31515130093348,88.43541
86.55359825724183,88.43541
90.01301628062744,88.43541
92.55670600370512,88.43541
92.55670600370512,88.43541
91.53923011447405,88.43541
86.35010307939561,88.43541
79.9400049772399,88.43541
78.0068007877009,88.43541
87.8763169132422,88.43541
81.87320916677892,88.43541
83.90816094524106,88.43541
81.87320916677892,88.43541
80.95748086647097,88.43541
81.4662188110865,88.43541
78.61728632123952,88.43541
80.44874292185543,88.43541
82.99243264493309,88.43541
79.43126703262436,88.43541
77.49806284308535,88.43825
79.43126703262436,88.44183
105.07165944124722,88.44294
129.49108078279275,88.44284
115.24641833355784,88.46302
89.91126869170434,88.482155
87.36757896862667,88.47158
94.89690054893657,88.43715
85.43437477908766,88.43541
89.70777351385813,88.43541
87.46932655754979,88.43541
91.84447288124336,88.43541
79.9400049772399,88.43541
85.94311272370318,88.43541
96.93185232739869,88.43617
139.66583967510343,88.45657
98.96680410586082,88.48787
98.96680410586082,88.49956
95.91437643816762,88.45397
101.00175588432293,88.43628
90.9287445809354,88.43541
85.33262719016454,88.43541
89.60602592493503,88.44345
94.89690054893657,88.45964
98.96680410586082,88.469185
104.05418355201614,88.45151
104.05418355201614,88.43541
130.50855667202384,88.43541
127.45612900433063,88.43541
126.43865311509956,88.43541
124.40370133663743,88.43541
124.40370133663743,88.43541
123.38622544740639,88.43541
123.38622544740639,88.43541
126.43865311509956,88.43541
107.10661121970935,88.43541
111.1765147766336,88.43541
94.89690054893657,88.43541
89.91126869170434,88.43541
105.07165944124722,88.43541
121.35127366894426,88.436554
128.4736048935617,88.44333
132.54350845048597,88.45429
119.31632189048214,88.46216
118.29884600125105,88.45508
105.07165944124722,88.44567
119.31632189048214,88.43541
108.12408710894039,88.43541
108.12408710894039,88.43541
97.94932821662975,88.43541
101.00175588432293,88.43541
95.91437643816762,88.43541
97.94932821662975,88.43541
99.98427999509188,88.43862
111.1765147766336,88.445656
110.15903888740252,88.45011
114.2289424443268,88.4435
113.21146655509573,88.43541
115.24641833355784,88.438774
112.19399066586467,88.44242
111.1765147766336,88.443
93.16719153724375,88.43541
106.08913533047826,88.43541
104.05418355201614,88.43541
94.89690054893657,88.43541
94.89690054893657,88.43541
94.89690054893657,88.43541
97.94932821662975,88.43541
99.98427999509188,88.43541
108.12408710894039,88.43579
97.94932821662975,88.4362
106.08913533047826,88.43628
121.35127366894426,88.43848
109.14156299817147,88.45351
104.05418355201614,88.468056
93.87942465970548,88.463684
102.01923177355401,88.43541
119.31632189048214,88.43541
117.28137011201997,88.43541
116.26389422278893,88.441086
116.26389422278893,88.44757
95.91437643816762,88.45134
97.94932821662975,88.44099
99.98427999509188,88.44149
108.12408710894039,88.43541
104.05418355201614,88.43541
102.01923177355401,88.43541
102.01923177355401,88.43541
102.01923177355401,88.43541
95.91437643816762,88.43541
102.01923177355401,88.43633
111.1765147766336,88.44
92.6584535926282,88.44307
88.38505485785774,88.44149
79.8382573883168,88.43541
79.02427667693195,88.43541
76.88757730954671,88.43541
76.58233454277739,88.43541
101.00175588432293,88.43541
83.29767541170241,88.43541
84.4168988898566,88.43541
83.60291817847174,88.43541
71.80019786339138,88.43541
66.71281841723605,88.43541
71.69845027446829,88.43541
86.85884102401114,88.43541
88.69029762462706,88.43541
82.78893746708688,88.43594
74.85262553108457,88.43653
69.0530129624675,88.438156
110.15903888740252,88.44143
98.96680410586082,88.44478
106.08913533047826,88.441826
114.2289424443268,88.435486
97.94932821662975,88.43557
96.93185232739869,88.435585
95.91437643816762,88.43541
94.89690054893657,88.43541
101.00175588432293,88.43541
99.98427999509188,88.43541
99.98427999509188,88.43541
83.19592782277931,88.43541
106.08913533047826,88.43541
80.95748086647097,88.43541
86.14660790154942,88.43541
93.37068671508996,88.43541
90.8269969920123,88.43541
93.87942465970548,88.43541
92.04796805908958,88.43541
89.1990355692426,88.43541
93.77767707078239,88.43541
98.96680410586082,88.43541
95.91437643816762,88.43541
90.8269969920123,88.43541
78.10854837662399,88.43541
88.99554039139639,88.43541
94.89690054893657,88.43541
91.03049216985852,88.43541
118.29884600125105,88.43541
119.31632189048214,88.43541
116.26389422278893,88.43541
106.08913533047826,88.43541
111.1765147766336,88.43541
103.03670766278509,88.43541
107.10661121970935,88.43541
104.05418355201614,88.43541
102.01923177355401,88.43541
92.14971564801267,88.43541
95.91437643816762,88.43541
98.96680410586082,88.43541
102.01923177355401,88.43541
105.07165944124722,88.4402
108.12408710894039,88.4456
95.91437643816762,88.44651
99.98427999509188,88.43541
83.70466576739484,88.43541
79.43126703262436,88.43541
86.75709343508804,88.43541
87.7745693243191,88.43541
97.94932821662975,88.43541
99.98427999509188,88.43541
101.00175588432293,88.449326
86.65534584616493,88.46601
96.93185232739869,88.469765
88.79204521355017,88.437004
89.3007831581657,88.440056
126.43865311509956,88.44223
125.4211772258685,88.44359
125.4211772258685,88.43715
128.4736048935617,88.43541
135.59593611817917,88.43541
129.49108078279275,88.43541
137.6308878966413,88.43541
150.85807445664514,88.43541
184.43477880127028,88.443924
218.01148314589543,88.468735
156.9629297920315,88.51909
144.75321912125875,88.54161
144.75321912125875,88.51374
134.5784602289481,88.43541
162.05030923818683,88.43541
141.70079145356556,88.43541
147.80564678895192,88.439316
133.560984339717,88.459175
136.6134120074102,88.479004
125.4211772258685,88.47395
137.6308878966413,88.43888
135.59593611817917,88.44083
133.560984339717,88.441315
126.43865311509956,88.43541
129.49108078279275,88.43541
125.4211772258685,88.43541
130.50855667202384,88.437325
141.70079145356556,88.43939
66.30582806154364,88.44859
66.30582806154364,88.477165
67.62854671754403,88.47726
75.46311106462322,88.42686
75.46311106462322,88.42764
76.88757730954671,88.428215
72.81767375262245,88.4287
72.81767375262245,88.42891
71.59670268554517,88.429695
71.59670268554517,88.4301
71.59670268554517,88.42908
71.59670268554517,88.42836
71.59670268554517,88.43012
74.14039240862283,88.43097
76.88757730954671,88.430916
76.88757730954671,88.432816
78.3120435544702,88.43397
75.46311106462322,88.43339
75.46311106462322,88.43184
75.46311106462322,88.43133
72.81767375262245,88.4309
72.81767375262245,88.431755
72.81767375262245,88.43336
72.81767375262245,88.4347
72.81767375262245,88.43526
70.27398402954478,88.43548
70.27398402954478,88.43561
70.27398402954478,88.435745
72.81767375262245,88.43564
78.71903391016262,88.435974
77.59981043200845,88.435394
75.25961588677701,88.42988
74.14039240862283,88.42349
73.12291651939177,88.426636
73.12291651939177,88.43608
73.12291651939177,88.43734
72.0036930412376,88.43561
69.86699367385238,88.43192
68.8495177846213,88.42629
67.83204189539023,88.42488
67.83204189539023,88.42244
66.71281841723605,88.42561
67.83204189539023,88.43796
67.83204189539023,88.444534
65.695342528005,88.44245
65.695342528005,88.44075
63.558643160619766,88.442604
63.558643160619766,88.44389
63.558643160619766,88.44726
65.695342528005,88.44985
63.558643160619766,88.451996
62.5411672713887,88.45213
61.62543897108073,88.451706
62.5411672713887,88.452774
62.5411672713887,88.45283
60.60796308184967,88.44861
59.590487192618596,88.444336
120.33379777971318,88.441185
120.33379777971318,88.432846
118.29884600125105,88.41777
112.19399066586467,88.406296
112.19399066586467,88.40839
113.21146655509573,88.40273
110.15903888740252,88.40244
107.10661121970935,88.40073
106.08913533047826,88.40243
106.08913533047826,88.4067
104.05418355201614,88.41432
104.05418355201614,88.418076
104.05418355201614,88.421455
103.03670766278509,88.42234
101.00175588432293,88.42099
98.96680410586082,88.42286
98.96680410586082,88.426765
104.05418355201614,88.42512
98.96680410586082,88.419685
96.93185232739869,88.415794
95.91437643816762,88.42335
95.91437643816762,88.42816
93.87942465970548,88.42836
92.96369635939753,88.427216
91.74272529232026,88.426605
90.52175422524297,88.42976
90.52175422524297,88.433075
90.52175422524297,88.43572
80.95748086647097,88.43786
79.8382573883168,88.43557
78.71903391016262,88.426254
76.37883936493117,88.41482
75.25961588677701,88.41453
74.14039240862283,88.41461
74.14039240862283,88.41178
74.14039240862283,88.4089
72.0036930412376,88.41019
72.0036930412376,88.414375
69.86699367385238,88.418625
68.8495177846213,88.421265
68.8495177846213,88.42413
68.8495177846213,88.425896
68.8495177846213,88.4271
67.83204189539023,88.42749
65.695342528005,88.42864
63.558643160619766,88.42925
63.558643160619766,88.43053
63.558643160619766,88.43183
61.62543897108073,88.43422
61.62543897108073,88.435585
62.5411672713887,88.43762
63.558643160619766,88.435776
63.558643160619766,88.43147
65.695342528005,88.42676
63.558643160619766,88.4283
63.558643160619766,88.43113
68.13728466215956,88.434425
69.35825572923683,88.43569
68.13728466215956,88.428925
66.91631359508227,88.41642
65.59359493908188,88.418686
63.15165280492732,88.42413
61.93068173785005,88.42619
61.93068173785005,88.42801
61.93068173785005,88.42938
63.15165280492732,88.431244
63.15165280492732,88.43321
61.93068173785005,88.43347
61.93068173785005,88.43134
59.38699201477239,88.428764
58.166020947695124,88.42888
58.166020947695124,88.43127
56.94504988061784,88.43388
56.94504988061784,88.43922
55.82582640246367,88.444984
56.94504988061784,88.44359
61.93068173785005,88.4421
61.93068173785005,88.44398
56.94504988061784,88.4407
55.82582640246367,88.435776
54.706602924309486,88.43135
53.58737944615532,88.42706
52.46815596800115,88.42997
52.46815596800115,88.434685
52.46815596800115,88.43733
85.94311272370318,88.442535
85.94311272370318,88.441475
86.65534584616493,88.42877
84.4168988898566,88.413124
85.94311272370318,88.41734
85.94311272370318,88.42335
85.94311272370318,88.42738
84.4168988898566,88.426865
84.4168988898566,88.426605
81.56796640000961,88.42976
82.17845193354825,88.4327
80.85573327754787,88.431694
80.14350015508612,88.42694
80.14350015508612,88.42484
78.82078149908574,88.43159
77.49806284308535,88.43335
80.14350015508612,88.42878
80.14350015508612,88.42642
79.53301462154748,88.42452
78.82078149908574,88.42505
79.53301462154748,88.42995
80.14350015508612,88.435776
78.82078149908574,88.439156
77.49806284308535,88.43746
84.4168988898566,88.437744
83.70466576739484,88.439735
80.14350015508612,88.44471
80.14350015508612,88.45028
450.22969414423966,88.45226
450.22969414423966,88.44856
450.22969414423966,88.43353
450.22969414423966,88.416214
450.22969414423966,88.41562
450.22969414423966,88.414764
450.22969414423966,88.41239
450.22969414423966,88.41111
450.22969414423966,88.41422
450.22969414423966,88.41746
450.22969414423966,88.418625
120.33379777971318,88.421265
111.1765147766336,88.42413
106.08913533047826,88.427704
107.10661121970935,88.43314
112.19399066586467,88.43612
107.10661121970935,88.43147
103.03670766278509,88.42676
101.00175588432293,88.4283
101.00175588432293,88.42994
98.96680410586082,88.42683
98.96680410586082,88.42366
97.94932821662975,88.42679
94.89690054893657,88.43625
91.74272529232026,88.435295
88.38505485785774,88.4307
87.46932655754979,88.4267
86.85884102401114,88.42697
114.2289424443268,88.42893
117.28137011201997,88.43112
120.33379777971318,88.43005
118.29884600125105,88.4213
118.29884600125105,88.42297
118.29884600125105,88.42425
117.28137011201997,88.426186
116.26389422278893,88.42738
116.26389422278893,88.424965
116.26389422278893,88.42031
117.28137011201997,88.413704
114.2289424443268,88.412674
114.2289424443268,88.41038
114.2289424443268,88.41371
114.2289424443268,88.4206
114.2289424443268,88.42925
114.2289424443268,88.43023
116.26389422278893,88.431244
116.26389422278893,88.43309
113.21146655509573,88.43438
111.1765147766336,88.43575
108.12408710894039,88.43762
107.10661121970935,88.43697
107.10661121970935,88.43435
105.07165944124722,88.429886
104.05418355201614,88.427956
104.05418355201614,88.43113
104.05418355201614,88.434425
90.42000663631987,88.44034
90.42000663631987,88.443756
91.94622047016647,88.43953
90.42000663631987,88.43407
88.89379280247327,88.433945
91.94622047016647,88.43413
93.47243430401306,88.43489
94.89690054893657,88.43571
93.47243430401306,88.43481
91.94622047016647,88.43496
91.94622047016647,88.4367
90.42000663631987,88.43717
90.42000663631987,88.433235
87.36757896862667,88.42881
88.89379280247327,88.4283
87.36757896862667,88.42994
87.36757896862667,88.429825
85.94311272370318,88.43108
85.94311272370318,88.434235
82.89068505601,88.4308
82.89068505601,88.42545
84.4168988898566,88.42286
87.36757896862667,88.42521
87.36757896862667,88.423256
90.42000663631987,88.42338
88.89379280247327,88.429886
84.4168988898566,88.43498
82.89068505601,88.43445
84.4168988898566,88.43542
65.39009976123567,88.43021
65.39009976123567,88.426445
63.35514798277355,88.42626
62.33767209354248,88.42308
61.21844861538831,88.41741
61.21844861538831,88.41717
60.20097272615725,88.41955
56.02932158030987,88.421104
55.011845691078804,88.422844
54.09611739077085,88.42358
54.09611739077085,88.426315
53.180389090462896,88.4307
51.24718490092388,88.433846
50.33145660061592,88.43638
50.33145660061592,88.43802
49.415728300307954,88.43677
48.5,88.43014
48.5,88.42072
49.415728300307954,88.41652
56.02932158030987,88.418015
56.02932158030987,88.42018
53.180389090462896,88.425
52.26466079015494,88.42778
51.24718490092388,88.42677
50.33145660061592,88.42667
51.24718490092388,88.43061
50.33145660061592,88.43514
51.24718490092388,88.43852
85.43437477908766,88.44481
83.80641335631795,88.45099
82.17845193354825,88.44717
78.82078149908574,88.44078
85.43437477908766,88.43697
82.17845193354825,88.43805
80.44874292185543,88.43498
78.82078149908574,88.42845
77.19282007631602,88.42443
77.19282007631602,88.42615
75.56485865354632,88.427315
75.56485865354632,88.42836
72.30893580800691,88.43391
70.88446956308343,88.43696
69.35825572923683,88.43551
67.93378948431334,88.42797
66.40757565046674,88.42195
66.40757565046674,88.426994
67.93378948431334,88.42858
67.93378948431334,88.42725
66.40757565046674,88.42151
66.40757565046674,88.41454
66.40757565046674,88.42088
67.93378948431334,88.42235
67.93378948431334,88.42296
66.40757565046674,88.42199
70.88446956308343,88.42037
72.30893580800691,88.42205
85.43437477908766,88.42258
83.80641335631795,88.42375
82.17845193354825,88.42689
78.82078149908574,88.42882
85.43437477908766,88.42225
82.17845193354825,88.41494
80.44874292185543,88.41576
78.82078149908574,88.42178
77.19282007631602,88.431244
77.19282007631602,88.43328
75.56485865354632,88.43522
75.56485865354632,88.44269
72.30893580800691,88.44463
70.88446956308343,88.4383
69.35825572923683,88.436424
67.93378948431334,88.43514
66.40757565046674,88.436676
66.40757565046674,88.43941
67.93378948431334,88.441864
67.93378948431334,88.43863
66.40757565046674,88.43308
66.40757565046674,88.43837
66.40757565046674,88.45001
67.93378948431334,88.45659
67.93378948431334,88.45946
66.40757565046674,88.45703
70.88446956308343,88.448456
83.80641335631795,88.44148
112.19399066586467,88.42724
114.2289424443268,88.4111
110.15903888740252,88.41712
108.12408710894039,88.422714
104.05418355201614,88.42551
108.12408710894039,88.41551
106.08913533047826,88.417625
120.33379777971318,88.42591
122.3687495581753,88.42388
114.2289424443268,88.4187
99.98427999509188,88.41756
104.05418355201614,88.420715
99.98427999509188,88.42585
95.91437643816762,88.427216
99.98427999509188,88.42706
97.94932821662975,88.4314
95.91437643816762,88.43041
95.91437643816762,88.42774
91.84447288124336,88.42671
89.80952110278123,88.42389
87.7745693243191,88.42708
87.7745693243191,88.42882
87.7745693243191,88.42466
85.73961754585697,88.42097
85.73961754585697,88.42047
83.70466576739484,88.42088
83.70466576739484,88.41543
83.70466576739484,88.42052
87.7745693243191,88.43567
77.59981043200845,88.43998
75.56485865354632,88.43489
73.5299068750842,88.43261
72.0036930412376,88.43127
72.0036930412376,88.43381
72.0036930412376,88.43094
70.477479207391,88.43329
68.9512653735444,88.44331
67.4250515396978,88.45287
79.63476221047058,88.44526
87.7745693243191,88.432396
75.56485865354632,88.43778
72.0036930412376,88.44387
75.56485865354632,88.44053
81.66971398893271,88.44347
81.66971398893271,88.44901
77.59981043200845,88.45268
77.59981043200845,88.45128
70.477479207391,88.440895
68.9512653735444,88.43609
67.4250515396978,88.42875
65.89883770585121,88.424614
62.846410038158005,88.418564
61.320196204311415,88.415695
59.793982370464825,88.417725
61.320196204311415,88.42155
64.37262387200461,88.42356
64.37262387200461,88.42512
85.43437477908766,88.425674
82.17845193354825,88.424706
80.44874292185543,88.419014
78.82078149908574,88.41632
77.19282007631602,88.415276
77.19282007631602,88.42188
73.93689723077664,88.41939
72.30893580800691,88.42163
80.44874292185543,88.428276
107.10661121970935,88.43237
105.07165944124722,88.42727
95.91437643816762,88.41851
88.69029762462706,88.42568
78.82078149908574,88.427765
75.56485865354632,88.4215
75.56485865354632,88.42141
73.93689723077664,88.42789
72.30893580800691,88.425934
70.88446956308343,88.42794
69.35825572923683,88.42864
67.93378948431334,88.429436
67.93378948431334,88.43525
78.82078149908574,88.44395
72.30893580800691,88.43906
72.30893580800691,88.42934
69.35825572923683,88.42775
66.40757565046674,88.43491
64.98310940554323,88.434616
75.56485865354632,88.43547
75.56485865354632,88.4319
75.56485865354632,88.43025
73.5299068750842,88.429794
72.0036930412376,88.42721
73.5299068750842,88.428635
73.5299068750842,88.424164
72.0036930412376,88.42218
70.477479207391,88.42633
73.5299068750842,88.435646
73.5299068750842,88.438095
73.5299068750842,88.42899
73.5299068750842,88.42324
72.0036930412376,88.42479
72.0036930412376,88.42823
77.59981043200845,88.43386
85.73961754585697,88.43229
77.59981043200845,88.424545
75.56485865354632,88.420944
72.0036930412376,88.423355
70.477479207391,88.419495
67.4250515396978,88.41291
72.0036930412376,88.41353
89.80952110278123,88.416214
89.80952110278123,88.41634
75.56485865354632,88.41286
68.9512653735444,88.4128
70.477479207391,88.42248
87.16408379078047,88.42667
84.82388924554901,88.42285
84.82388924554901,88.42413
82.58544228924067,88.43005
80.34699533293234,88.431946
78.82078149908574,88.4334
76.68408213170049,88.43871
75.1578682978539,88.43714
75.1578682978539,88.433334
103.03670766278509,88.42839
143.7357432320277,88.416176
189.52215824742558,88.407616
142.7182673427966,88.40984
121.35127366894426,88.411766
110.15903888740252,88.41796
107.10661121970935,88.42738
102.01923177355401,88.43002
96.93185232739869,88.427185
92.6584535926282,88.42583
93.47243430401306,88.4341
91.94622047016647,88.43366
88.79204521355017,88.42485
85.63786995693387,88.41638
84.82388924554901,88.419586
82.58544228924067,88.424965
102.01923177355401,88.43036
102.01923177355401,88.4318
143.7357432320277,88.42739
115.24641833355784,88.42461
83.29767541170241,88.42094
81.87320916677892,88.426056
81.05922845539408,88.426674
80.34699533293234,88.42686
82.58544228924067,88.42764
80.34699533293234,88.428215
78.82078149908574,88.4287
77.39631525416225,88.42891
76.68408213170049,88.429695
75.1578682978539,88.4301
74.44563517539216,88.42908
72.91942134154556,88.42836
71.49495509662206,88.43012
70.07048885169857,88.43052
70.07048885169857,88.42989
70.07048885169857,88.43182
67.22155636185158,88.43433
65.89883770585121,88.43339
63.25340039385044,88.43184
61.93068173785005,88.43133
61.93068173785005,88.4309
62.5411672713887,88.431755
62.5411672713887,88.43336
65.89883770585121,88.4347
64.57611904985083,88.43519
65.18660458338947,88.434074
66.50932323938984,88.429436
65.89883770585121,88.42364
103.03670766278509,88.4215
102.01923177355401,88.42537
105.07165944124722,88.42832
106.08913533047826,88.432106
104.05418355201614,88.428154
101.00175588432293,88.421844
99.98427999509188,88.42038
99.98427999509188,88.41832
98.96680410586082,88.41974
96.93185232739869,88.42188
95.91437643816762,88.42362
95.91437643816762,88.42424
95.91437643816762,88.42334
95.91437643816762,88.42125
94.89690054893657,88.42002
92.6584535926282,88.420456
91.23398734770473,88.42208
89.80952110278123,88.4235
90.52175422524297,88.4242
95.91437643816762,88.42491
91.94622047016647,88.42537
89.80952110278123,88.4265
88.38505485785774,88.42781
86.35010307939561,88.429085
94.89690054893657,88.430466
99.98427999509188,88.432724
91.23398734770473,88.43697
94.89690054893657,88.43975
96.93185232739869,88.440315
95.91437643816762,88.43856
95.91437643816762,88.43306
94.89690054893657,88.42795
103.03670766278509,88.43236
92.6584535926282,88.4362
91.13223975878161,88.4348
90.31825904739677,88.436035
89.60602592493503,88.442665
89.60602592493503,88.44937
87.97806450216532,88.443474
87.97806450216532,88.433044
86.45185066831871,88.43365
85.63786995693387,88.4452
84.82388924554901,88.45051
83.29767541170241,88.454285
84.11165612308727,88.45673
83.29767541170241,88.45882
81.87320916677892,88.45801
80.34699533293234,88.45687
81.05922845539408,88.4548
80.34699533293234,88.45296
78.82078149908574,88.45012
81.87320916677892,88.449394
81.05922845539408,88.45133
80.34699533293234,88.45253
79.63476221047058,88.43822
78.82078149908574,88.43148
86.45185066831871,88.43123
89.3007831581657,88.42829
88.58855003570395,88.42226
86.45185066831871,88.41241
85.02738442339523,88.41243
88.58855003570395,88.41759
90.8269969920123,88.42137
92.96369635939753,88.41596
90.01301628062744,88.4101
87.16408379078047,88.416824
85.02738442339523,88.41932
86.45185066831871,88.422325
92.96369635939753,88.4254
90.01301628062744,88.42552
85.73961754585697,88.42104
83.60291817847174,88.42211
82.28019952247135,88.426994
80.95748086647097,88.431946
78.92252908800883,88.43125
78.21029596554709,88.42086
76.88757730954671,88.4128
75.56485865354632,88.411705
75.56485865354632,88.41353
72.81767375262245,88.41693
71.49495509662206,88.42176
71.49495509662206,88.42737
70.17223644062167,88.43122
70.17223644062167,88.42947
71.49495509662206,88.42344
93.16719153724375,88.4195
91.23398734770473,88.42715
89.3007831581657,88.43958
85.02738442339523,88.454926
83.60291817847174,88.44717
83.19592782277931,88.440674
81.3644712221634,88.43393
81.3644712221634,88.42722
80.95748086647097,88.43114
81.77146157785582,88.43866
83.19592782277931,88.44408
86.45185066831871,88.44008
84.11165612308727,88.43666
82.28019952247135,88.43676
80.95748086647097,88.436844
80.95748086647097,88.4394
80.04175256616301,88.44333
78.71903391016262,88.44392
76.88757730954671,88.44458
76.88757730954671,88.44103
75.56485865354632,88.437225
80.44874292185543,88.436615
79.53301462154748,88.43226
78.21029596554709,88.426605
79.12602426585505,88.427315
82.28019952247135,88.43712
82.28019952247135,88.42919
80.95748086647097,88.42687
83.70466576739484,88.42625
80.44874292185543,88.43034
89.3007831581657,88.43132
74.5880817998845,88.42996
80.04175256616301,88.43532
79.8382573883168,88.44056
104.05418355201614,88.439865
105.07165944124722,88.438805
96.93185232739869,88.43497
94.89690054893657,88.43229
93.16719153724375,88.43236
97.94932821662975,88.43384
450.22969414423966,88.4362
450.22969414423966,88.432205
450.22969414423966,88.423584
450.22969414423966,88.42683
450.22969414423966,88.434875
450.22969414423966,88.43956
450.22969414423966,88.43801
450.22969414423966,88.434975
450.22969414423966,88.43454
450.22969414423966,88.43684
450.22969414423966,88.437386
450.22969414423966,88.436
450.22969414423966,88.43739
450.22969414423966,88.4372
450.22969414423966,88.42883
450.22969414423966,88.42351
450.22969414423966,88.42295
450.22969414423966,88.423935
450.22969414423966,88.418045
450.22969414423966,88.411766
450.22969414423966,88.41913
450.22969414423966,88.42686
450.22969414423966,88.43264
450.22969414423966,88.43599
450.22969414423966,88.43892
450.22969414423966,88.433846
450.22969414423966,88.42537
450.22969414423966,88.42866
91.33573493662783,88.427315
92.04796805908958,88.42351
92.454958414782,88.4208
86.14660790154942,88.419716
84.92563683447213,88.42602
79.9400049772399,88.43032
94.89690054893657,88.430725
114.2289424443268,88.431404
125.4211772258685,88.43196
107.10661121970935,88.42845
97.94932821662975,88.424644
96.93185232739869,88.424255
86.0448603126263,88.43217
76.48058695385429,88.43338
95.91437643816762,88.4319
102.01923177355401,88.43331
116.26389422278893,88.4353
114.2289424443268,88.436806
116.26389422278893,88.43441
122.3687495581753,88.424446
114.2289424443268,88.42402
113.21146655509573,88.42669
108.12408710894039,88.42639
109.14156299817147,88.41781
103.03670766278509,88.41305
107.10661121970935,88.4216
107.10661121970935,88.43273
99.98427999509188,88.431404
103.03670766278509,88.43809
99.98427999509188,88.43839
94.89690054893657,88.4385
109.14156299817147,88.43579
106.08913533047826,88.42831
91.03049216985852,88.429276
98.96680410586082,88.43514
97.94932821662975,88.44134
102.01923177355401,88.43498
78.71903391016262,88.429565
101.00175588432293,88.4283
107.10661121970935,88.435745
105.07165944124722,88.44194
94.89690054893657,88.4486
107.10661121970935,88.460365
115.24641833355784,88.46151
99.98427999509188,88.45796
116.26389422278893,88.45201
115.24641833355784,88.44492
105.07165944124722,88.4282
102.01923177355401,88.414795
98.96680410586082,88.41782
93.37068671508996,88.42096
120.33379777971318,88.42063
117.28137011201997,88.41665
110.15903888740252,88.4165
113.21146655509573,88.41341
95.91437643816762,88.415665
103.03670766278509,88.421936
88.07981209108841,88.43712
85.73961754585697,88.44144
92.6584535926282,88.4354
101.00175588432293,88.43928
109.14156299817147,88.435776
118.29884600125105,88.430046
94.89690054893657,88.42311
108.12408710894039,88.427414
105.07165944124722,88.42908
97.94932821662975,88.43308
93.77767707078239,88.43898
97.94932821662975,88.43686
102.01923177355401,88.43429
98.96680410586082,88.43423
97.94932821662975,88.44262
96.93185232739869,88.44457
102.01923177355401,88.444786
98.96680410586082,88.44771
104.05418355201614,88.45215
102.01923177355401,88.452835
92.55670600370512,88.44695
93.87942465970548,88.44284
93.87942465970548,88.449005
93.87942465970548,88.453674
89.1990355692426,88.45551
108.12408710894039,88.44744
115.24641833355784,88.43803
103.03670766278509,88.4353
101.00175588432293,88.44081
90.01301628062744,88.44648
91.43748252555093,88.44202
110.15903888740252,88.439476
103.03670766278509,88.438934
105.07165944124722,88.435776
102.01923177355401,88.43481
105.07165944124722,88.44631
101.00175588432293,88.45268
101.00175588432293,88.45042
102.01923177355401,88.45063
95.91437643816762,88.45723
105.07165944124722,88.45849
103.03670766278509,88.45537
102.01923177355401,88.46036
85.84136513478008,88.46612
83.39942300062553,88.465675
98.96680410586082,88.45941
90.52175422524297,88.44976
93.57418189293618,88.44487
96.93185232739869,88.445274
114.2289424443268,88.43476
83.80641335631795,88.42452
90.62350181416609,88.42124
99.98427999509188,88.41868
89.60602592493503,88.41755
83.80641335631795,88.420456
78.4137911433933,88.42869
83.19592782277931,88.430374
241.41342859820992,88.42152
200.7143930289673,88.41156
154.92797801356937,88.419685
122.3687495581753,88.41856
90.11476386955056,88.415695
98.96680410586082,88.40961
108.12408710894039,88.404495
97.94932821662975,88.41003
97.94932821662975,88.41929
103.03670766278509,88.43222
91.74272529232026,88.44084
87.26583137970357,88.44074
96.93185232739869,88.43616
92.04796805908958,88.4317
92.3532108258589,88.42241
123.38622544740639,88.417046
121.35127366894426,88.41777
112.19399066586467,88.4125
102.01923177355401,88.40665
93.77767707078239,88.41745
118.29884600125105,88.41839
101.00175588432293,88.42327
98.96680410586082,88.4257
96.93185232739869,88.43003
96.93185232739869,88.43369
99.98427999509188,88.43382
90.9287445809354,88.43123
88.58855003570395,88.42831
92.6584535926282,88.43034
90.9287445809354,88.43135
93.87942465970548,88.42897
95.91437643816762,88.427414
106.08913533047826,88.43122
115.24641833355784,88.43283
102.01923177355401,88.434555
101.00175588432293,88.41643
99.98427999509188,88.4142
93.06544394832065,88.42258
95.91437643816762,88.439285
95.91437643816762,88.440506
94.89690054893657,88.43428
98.96680410586082,88.43282
95.91437643816762,88.43109
93.87942465970548,88.4324
84.82388924554901,88.44164
78.51553873231641,88.453476
68.8495177846213,88.45289
75.87010142031563,88.44384
80.55049051077854,88.44453
80.95748086647097,88.44081
73.32641169723799,88.43914
62.744662449234916,88.445015
73.42815928616109,88.444084
75.05612070893079,88.44648
74.85262553108457,88.44915
82.58544228924067,88.453316
70.07048885169857,88.454414
74.85262553108457,88.45125
75.56485865354632,88.45153
65.49184735015878,88.45586
74.95437312000769,88.460556
74.85262553108457,88.4586
72.20718821908382,88.45486
74.85262553108457,88.448784
69.35825572923683,88.44923
70.477479207391,88.4471
65.59359493908188,88.44479
67.83204189539023,88.44142
67.4250515396978,88.44142
67.4250515396978,88.438896
68.54427501785197,88.43783
53.58737944615532,88.436615
79.43126703262436,88.436195
80.04175256616301,88.43364
96.93185232739869,88.42934
92.76020118155132,88.42744
84.4168988898566,88.4253
91.94622047016647,88.42572
90.62350181416609,88.427414
80.24524774400922,88.43348
89.70777351385813,88.44023
90.9287445809354,88.439766
126.43865311509956,88.43155
125.4211772258685,88.42017
109.14156299817147,88.418465
103.03670766278509,88.42399
96.93185232739869,88.42447
96.93185232739869,88.422775
90.31825904739677,88.435776
95.91437643816762,88.43413
91.03049216985852,88.43333
90.7252494030892,88.43308
94.89690054893657,88.43532
91.13223975878161,88.44098
85.43437477908766,88.44342
88.69029762462706,88.44935
83.39942300062553,88.449066
82.58544228924067,88.43624
81.87320916677892,88.42663
70.5792267963141,88.438065
105.07165944124722,88.44163
97.94932821662975,88.44012
113.21146655509573,88.43727
106.08913533047826,88.43731
98.96680410586082,88.446434
91.13223975878161,88.44995
104.05418355201614,88.451706
91.64097770339714,88.45086
101.00175588432293,88.452896
99.98427999509188,88.45368
101.00175588432293,88.45131
102.01923177355401,88.44936
81.4662188110865,88.44928
101.00175588432293,88.45012
103.03670766278509,88.448494
81.4662188110865,88.443474
123.38622544740639,88.43549
118.29884600125105,88.42502
112.19399066586467,88.4136
103.03670766278509,88.41313
98.96680410586082,88.41862
93.67592948185927,88.42204
103.03670766278509,88.42852
104.05418355201614,88.43019
98.96680410586082,88.4315
103.03670766278509,88.43492
93.87942465970548,88.433395
99.98427999509188,88.4258
77.49806284308535,88.41963
78.92252908800883,88.422035
83.39942300062553,88.424576
84.82388924554901,88.42571
86.45185066831871,88.42512
76.68408213170049,88.428474
80.44874292185543,88.42963
104.05418355201614,88.43607
93.26893912616687,88.441925
116.26389422278893,88.44341
94.89690054893657,88.4353
90.52175422524297,88.42414
80.95748086647097,88.42165
84.31515130093348,88.42114
86.55359825724183,88.41954
90.01301628062744,88.42288
92.55670600370512,88.42585
92.55670600370512,88.428566
91.53923011447405,88.42754
86.35010307939561,88.427216
79.9400049772399,88.43072
78.0068007877009,88.436386
87.8763169132422,88.43969
81.87320916677892,88.4366
83.90816094524106,88.43502
81.87320916677892,88.4435
80.95748086647097,88.44786
81.4662188110865,88.44648
78.61728632123952,88.44898
80.44874292185543,88.45219
82.99243264493309,88.44149
79.43126703262436,88.43051
77.49806284308535,88.42581
79.43126703262436,88.42308
105.07165944124722,88.42513
129.49108078279275,88.425285
115.24641833355784,88.42369
89.91126869170434,88.421585
87.36757896862667,88.42287
94.89690054893657,88.42361
85.43437477908766,88.42081
89.70777351385813,88.426384
87.46932655754979,88.4356
91.84447288124336,88.43591
79.9400049772399,88.431694
85.94311272370318,88.43348
96.93185232739869,88.42993
139.66583967510343,88.414604
98.96680410586082,88.409134
98.96680410586082,88.4105
95.91437643816762,88.41693
101.00175588432293,88.419716
90.9287445809354,88.4282
85.33262719016454,88.43363
89.60602592493503,88.43258
94.89690054893657,88.42894
98.96680410586082,88.43317
104.05418355201614,88.4463
104.05418355201614,88.44865
130.50855667202384,88.44267
127.45612900433063,88.43791
126.43865311509956,88.4428
124.40370133663743,88.4457
124.40370133663743,88.44385
123.38622544740639,88.43757
123.38622544740639,88.43407
126.43865311509956,88.43518
107.10661121970935,88.43253
111.1765147766336,88.432976
94.89690054893657,88.433815
89.91126869170434,88.43012
105.07165944124722,88.426056
121.35127366894426,88.43127
128.4736048935617,88.435486
132.54350845048597,88.43189
119.31632189048214,88.42232
118.29884600125105,88.41463
105.07165944124722,88.422356
119.31632189048214,88.43078
108.12408710894039,88.43694
108.12408710894039,88.43865
97.94932821662975,88.429825
101.00175588432293,88.4273
95.91437643816762,88.44406
97.94932821662975,88.44589
99.98427999509188,88.43734
111.1765147766336,88.427505
110.15903888740252,88.42605
114.2289424443268,88.43053
113.21146655509573,88.43058
115.24641833355784,88.427284
112.19399066586467,88.427734
111.1765147766336,88.43888
93.16719153724375,88.43973
106.08913533047826,88.435936
104.05418355201614,88.42815
94.89690054893657,88.426346
94.89690054893657,88.43271
94.89690054893657,88.43055
97.94932821662975,88.431145
99.98427999509188,88.43594
108.12408710894039,88.438934
97.94932821662975,88.43993
106.08913533047826,88.442085
121.35127366894426,88.43803
109.14156299817147,88.43043
104.05418355201614,88.42872
93.87942465970548,88.43924
102.01923177355401,88.44932
119.31632189048214,88.4579
117.28137011201997,88.462265
116.26389422278893,88.46075
116.26389422278893,88.45437
95.91437643816762,88.44359
97.94932821662975,88.435646
99.98427999509188,88.43158
108.12408710894039,88.4282
104.05418355201614,88.430504
102.01923177355401,88.437126
102.01923177355401,88.446815
102.01923177355401,88.4541
95.91437643816762,88.45507
102.01923177355401,88.44469
111.1765147766336,88.435196
92.6584535926282,88.43016
88.38505485785774,88.431885
79.8382573883168,88.43311
79.02427667693195,88.433556
76.88757730954671,88.436165
76.58233454277739,88.43948
101.00175588432293,88.44207
83.29767541170241,88.44681
84.4168988898566,88.45104
83.60291817847174,88.45605
71.80019786339138,88.456825
66.71281841723605,88.45176
71.69845027446829,88.44935
86.85884102401114,88.45326
88.69029762462706,88.44823
82.78893746708688,88.44378
74.85262553108457,88.44484
69.0530129624675,88.44212
110.15903888740252,88.436295
98.96680410586082,88.43522
106.08913533047826,88.43329
114.2289424443268,88.43107
97.94932821662975,88.434555
96.93185232739869,88.44106
95.91437643816762,88.45052
94.89690054893657,88.44751
101.00175588432293,88.441376
99.98427999509188,88.44015
99.98427999509188,88.443794
83.19592782277931,88.44151
106.08913533047826,88.440475
80.95748086647097,88.44072
86.14660790154942,88.44028
93.37068671508996,88.442276
90.8269969920123,88.44757
93.87942465970548,88.44964
92.04796805908958,88.44356
89.1990355692426,88.443184
93.77767707078239,88.442535
98.96680410586082,88.44335
95.91437643816762,88.43839
90.8269969920123,88.43801
78.10854837662399,88.43732
88.99554039139639,88.43977
94.89690054893657,88.44229
91.03049216985852,88.44166
118.29884600125105,88.43595
119.31632189048214,88.4311
116.26389422278893,88.429794
106.08913533047826,88.42664
111.1765147766336,88.427536
103.03670766278509,88.42842
107.10661121970935,88.4293
104.05418355201614,88.42977
102.01923177355401,88.43034
92.14971564801267,88.43041
95.91437643816762,88.429115
98.96680410586082,88.42819
102.01923177355401,88.42997
105.07165944124722,88.4313
108.12408710894039,88.431786
95.91437643816762,88.43359
99.98427999509188,88.4345
83.70466576739484,88.43347
79.43126703262436,88.431854
86.75709343508804,88.431305
87.7745693243191,88.43108
97.94932821662975,88.43189
99.98427999509188,88.43308
101.00175588432293,88.43428
86.65534584616493,88.43474
96.93185232739869,88.43527
88.79204521355017,88.43533
89.3007831581657,88.43514
126.43865311509956,88.43474
125.4211772258685,88.43157
125.4211772258685,88.36521
128.4736048935617,88.26629
135.59593611817917,88.231125
129.49108078279275,88.43378
137.6308878966413,88.438835
150.85807445664514,88.44047
184.43477880127028,88.43387
218.01148314589543,88.42494
156.9629297920315,88.41685
144.75321912125875,88.408844
144.75321912125875,88.40566
134.5784602289481,88.42013
162.05030923818683,88.434425
141.70079145356556,88.4391
147.80564678895192,88.435265
133.560984339717,88.42236
136.6134120074102,88.41794
125.4211772258685,88.418304
137.6308878966413,88.42474
135.59593611817917,88.42412
133.560984339717,88.4254
126.43865311509956,88.4319
129.49108078279275,88.434166
125.4211772258685,88.434784
130.50855667202384,88.430664
141.70079145356556,88.42097
66.30582806154364,88.407745
66.30582806154364,88.53417
67.62854671754403,88.73556
75.46311106462322,88.93103
75.46311106462322,88.93003
76.88757730954671,88.92856
72.81767375262245,88.92932
72.81767375262245,88.93108
71.59670268554517,88.933075
71.59670268554517,88.93436
71.59670268554517,88.934044
71.59670268554517,88.93265
71.59670268554517,88.93117
74.14039240862283,88.930786
76.88757730954671,88.931526
76.88757730954671,88.9323
78.3120435544702,88.93363
75.46311106462322,88.934616
75.46311106462322,88.93496
75.46311106462322,88.93445
72.81767375262245,88.93431
72.81767375262245,88.93358
72.81767375262245,88.93407
72.81767375262245,88.93558
72.81767375262245,88.93587
70.27398402954478,88.93645
70.27398402954478,88.93753
70.27398402954478,88.938934
72.81767375262245,88.93988
78.71903391016262,88.939835
77.59981043200845,88.938576
75.25961588677701,88.93609
74.14039240862283,88.93289
73.12291651939177,88.9328
73.12291651939177,88.930145
73.12291651939177,88.93159
72.0036930412376,88.932526
69.86699367385238,88.93428
68.8495177846213,88.92933
67.83204189539023,88.920555
67.83204189539023,88.91979
66.71281841723605,88.92108
67.83204189539023,88.928085
67.83204189539023,88.93399
65.695342528005,88.93592
65.695342528005,88.93478
63.558643160619766,88.932236
63.558643160619766,88.93425
63.558643160619766,88.93643
65.695342528005,88.94088
63.558643160619766,88.94267
62.5411672713887,88.94067
61.62543897108073,88.93989
62.5411672713887,88.94328
62.5411672713887,88.944695
60.60796308184967,88.94305
59.590487192618596,88.94248
120.33379777971318,88.9425
120.33379777971318,88.94167
118.29884600125105,88.93423
112.19399066586467,88.92403
112.19399066586467,88.92122
113.21146655509573,88.91858
110.15903888740252,88.91514
107.10661121970935,88.91381
106.08913533047826,88.91121
106.08913533047826,88.91354
104.05418355201614,88.914856
104.05418355201614,88.916855
104.05418355201614,88.91663
103.03670766278509,88.919716
101.00175588432293,88.92071
98.96680410586082,88.92167
98.96680410586082,88.92376
104.05418355201614,88.92863
98.96680410586082,88.93262
96.93185232739869,88.93541
95.91437643816762,88.93416
95.91437643816762,88.9268
93.87942465970548,88.92734
92.96369635939753,88.92709
91.74272529232026,88.926926
90.52175422524297,88.927315
90.52175422524297,88.92822
90.52175422524297,88.92978
80.95748086647097,88.93081
79.8382573883168,88.92814
78.71903391016262,88.916435
76.37883936493117,88.9049
75.25961588677701,88.90285
74.14039240862283,88.90043
74.14039240862283,88.89798
74.14039240862283,88.89498
72.0036930412376,88.89423
72.0036930412376,88.8973
69.86699367385238,88.90404
68.8495177846213,88.90882
68.8495177846213,88.91403
68.8495177846213,88.91697
68.8495177846213,88.91789
67.83204189539023,88.91721
65.695342528005,88.917145
63.558643160619766,88.91802
63.558643160619766,88.9193
63.558643160619766,88.92013
61.62543897108073,88.920494
61.62543897108073,88.92079
62.5411672713887,88.92125
63.558643160619766,88.92186
63.558643160619766,88.92163
65.695342528005,88.922295
63.558643160619766,88.92572
63.558643160619766,88.92927
68.13728466215956,88.93252
69.35825572923683,88.93217
68.13728466215956,88.92671
66.91631359508227,88.91484
65.59359493908188,88.91038
63.15165280492732,88.91019
61.93068173785005,88.91697
61.93068173785005,88.918175
61.93068173785005,88.918304
63.15165280492732,88.91927
63.15165280492732,88.92029
61.93068173785005,88.92127
61.93068173785005,88.920525
59.38699201477239,88.91788
58.166020947695124,88.91438
58.166020947695124,88.91438
56.94504988061784,88.91736
56.94504988061784,88.92283
55.82582640246367,88.92724
56.94504988061784,88.92572
61.93068173785005,88.92912
61.93068173785005,88.930214
56.94504988061784,88.92783
55.82582640246367,88.924095
54.706602924309486,88.92197
53.58737944615532,88.922646
52.46815596800115,88.92572
52.46815596800115,88.92927
52.46815596800115,88.93252
85.94311272370318,88.93435
85.94311272370318,88.93139
86.65534584616493,88.91963
84.4168988898566,88.91359
85.94311272370318,88.92038
85.94311272370318,88.9298
85.94311272370318,88.9268
84.4168988898566,88.92727
84.4168988898566,88.926926
81.56796640000961,88.927315
82.17845193354825,88.92822
80.85573327754787,88.930275
80.14350015508612,88.93022
80.14350015508612,88.93017
78.82078149908574,88.92811
77.49806284308535,88.93115
80.14350015508612,88.92634
80.14350015508612,88.92488
79.53301462154748,88.92825
78.82078149908574,88.930916
79.53301462154748,88.930214
80.14350015508612,88.92783
78.82078149908574,88.92579
77.49806284308535,88.92738
84.4168988898566,88.93105
83.70466576739484,88.932655
80.14350015508612,88.93742
80.14350015508612,88.944145
450.22969414423966,88.948235
450.22969414423966,88.94164
450.22969414423966,88.924446
450.22969414423966,88.90562
450.22969414423966,88.90546
450.22969414423966,88.90507
450.22969414423966,88.90395
450.22969414423966,88.90404
450.22969414423966,88.90577
450.22969414423966,88.90683
450.22969414423966,88.90865
120.33379777971318,88.91144
111.1765147766336,88.91403
106.08913533047826,88.917114
107.10661121970935,88.9188
112.19399066586467,88.9196
107.10661121970935,88.92091
103.03670766278509,88.922646
101.00175588432293,88.92572
101.00175588432293,88.93144
98.96680410586082,88.93747
98.96680410586082,88.938835
97.94932821662975,88.932655
94.89690054893657,88.92981
91.74272529232026,88.93122
88.38505485785774,88.92922
87.46932655754979,88.926506
86.85884102401114,88.9211
114.2289424443268,88.92074
117.28137011201997,88.91908
120.33379777971318,88.91481
118.29884600125105,88.91138
118.29884600125105,88.90882
118.29884600125105,88.91403
117.28137011201997,88.91697
116.26389422278893,88.91789
116.26389422278893,88.91537
116.26389422278893,88.91138
117.28137011201997,88.90779
114.2289424443268,88.90645
114.2289424443268,88.901344
114.2289424443268,88.89854
114.2289424443268,88.90307
114.2289424443268,88.91174
114.2289424443268,88.9193
116.26389422278893,88.91999
116.26389422278893,88.920296
113.21146655509573,88.92063
111.1765147766336,88.92127
108.12408710894039,88.921936
107.10661121970935,88.92221
107.10661121970935,88.92163
105.07165944124722,88.922295
104.05418355201614,88.92572
104.05418355201614,88.92927
104.05418355201614,88.93252
90.42000663631987,88.93435
90.42000663631987,88.93364
91.94622047016647,88.92851
90.42000663631987,88.92625
88.89379280247327,88.92623
91.94622047016647,88.92683
93.47243430401306,88.92692
94.89690054893657,88.926216
93.47243430401306,88.92579
91.94622047016647,88.92597
91.94622047016647,88.92596
90.42000663631987,88.923546
90.42000663631987,88.92686
87.36757896862667,88.930214
88.89379280247327,88.92925
87.36757896862667,88.92969
87.36757896862667,88.93169
85.94311272370318,88.93139
85.94311272370318,88.929955
82.89068505601,88.92888
82.89068505601,88.923584
84.4168988898566,88.92061
87.36757896862667,88.92055
87.36757896862667,88.91661
90.42000663631987,88.913185
88.89379280247327,88.914314
84.4168988898566,88.91991
82.89068505601,88.92577
84.4168988898566,88.93099
65.39009976123567,88.93456
65.39009976123567,88.942215
63.35514798277355,88.94615
62.33767209354248,88.94606
61.21844861538831,88.937096
61.21844861538831,88.93234
60.20097272615725,88.93778
56.02932158030987,88.94811
55.011845691078804,88.945366
54.09611739077085,88.93708
54.09611739077085,88.9323
53.180389090462896,88.94135
51.24718490092388,88.94568
50.33145660061592,88.93732
50.33145660061592,88.93106
49.415728300307954,88.930954
48.5,88.935394
48.5,88.93491
49.415728300307954,88.92722
56.02932158030987,88.92317
56.02932158030987,88.923
53.180389090462896,88.92811
52.26466079015494,88.93409
51.24718490092388,88.93295
50.33145660061592,88.92554
51.24718490092388,88.93328
50.33145660061592,88.94407
51.24718490092388,88.942116
85.43437477908766,88.94093
83.80641335631795,88.945984
82.17845193354825,88.94113
78.82078149908574,88.93734
85.43437477908766,88.93409
82.17845193354825,88.92772
80.44874292185543,88.93242
78.82078149908574,88.9359
77.19282007631602,88.934525
77.19282007631602,88.932556
75.56485865354632,88.93619
75.56485865354632,88.94198
72.30893580800691,88.94109
70.88446956308343,88.94035
69.35825572923683,88.94426
67.93378948431334,88.94929
66.40757565046674,88.950645
66.40757565046674,88.937706
67.93378948431334,88.925804
67.93378948431334,88.9256
66.40757565046674,88.92811
66.40757565046674,88.921715
66.40757565046674,88.91555
67.93378948431334,88.92166
67.93378948431334,88.9252
66.40757565046674,88.93022
70.88446956308343,88.92861
72.30893580800691,88.92451
85.43437477908766,88.93076
83.80641335631795,88.93645
82.17845193354825,88.93175
78.82078149908574,88.92434
85.43437477908766,88.92024
82.17845193354825,88.913506
80.44874292185543,88.90883
78.82078149908574,88.90943
77.19282007631602,88.918076
77.19282007631602,88.92174
75.56485865354632,88.93007
75.56485865354632,88.93598
72.30893580800691,88.94184
70.88446956308343,88.942245
69.35825572923683,88.9427
67.93378948431334,88.93735
66.40757565046674,88.92956
66.40757565046674,88.926
67.93378948431334,88.92636
67.93378948431334,88.936806
66.40757565046674,88.94845
66.40757565046674,88.95044
66.40757565046674,88.94262
67.93378948431334,88.93829
67.93378948431334,88.940216
66.40757565046674,88.943375
70.88446956308343,88.94006
83.80641335631795,88.93864
112.19399066586467,88.93816
114.2289424443268,88.94106
110.15903888740252,88.941154
108.12408710894039,88.94038
104.05418355201614,88.933876
108.12408710894039,88.92592
106.08913533047826,88.922035
120.33379777971318,88.9292
122.3687495581753,88.932465
114.2289424443268,88.93688
99.98427999509188,88.934326
104.05418355201614,88.92211
99.98427999509188,88.91894
95.91437643816762,88.92201
99.98427999509188,88.92775
97.94932821662975,88.93341
95.91437643816762,88.93151
95.91437643816762,88.93189
91.84447288124336,88.93393
89.80952110278123,88.930305
87.7745693243191,88.92507
87.7745693243191,88.92354
87.7745693243191,88.93381
85.73961754585697,88.935905
85.73961754585697,88.92638
83.70466576739484,88.91483
83.70466576739484,88.91042
83.70466576739484,88.915794
87.7745693243191,88.93146
77.59981043200845,88.93133
75.56485865354632,88.9308
73.5299068750842,88.93147
72.0036930412376,88.92294
72.0036930412376,88.91816
72.0036930412376,88.91977
70.477479207391,88.92341
68.9512653735444,88.92983
67.4250515396978,88.93972
79.63476221047058,88.954765
87.7745693243191,88.95582
75.56485865354632,88.95161
72.0036930412376,88.93992
75.56485865354632,88.937126
81.66971398893271,88.938324
81.66971398893271,88.94214
77.59981043200845,88.944466
77.59981043200845,88.9459
70.477479207391,88.94173
68.9512653735444,88.93998
67.4250515396978,88.935616
65.89883770585121,88.92407
62.846410038158005,88.921394
61.320196204311415,88.91922
59.793982370464825,88.9184
61.320196204311415,88.9105
64.37262387200461,88.91894
64.37262387200461,88.9305
85.43437477908766,88.93697
82.17845193354825,88.936
80.44874292185543,88.93408
78.82078149908574,88.92967
77.19282007631602,88.92819
77.19282007631602,88.92119
73.93689723077664,88.92486
72.30893580800691,88.931114
80.44874292185543,88.931885
107.10661121970935,88.92874
105.07165944124722,88.93971
95.91437643816762,88.94042
88.69029762462706,88.932465
78.82078149908574,88.92542
75.56485865354632,88.92284
75.56485865354632,88.92348
73.93689723077664,88.919495
72.30893580800691,88.915855
70.88446956308343,88.91718
69.35825572923683,88.919556
67.93378948431334,88.921776
67.93378948431334,88.9243
78.82078149908574,88.929665
72.30893580800691,88.93679
72.30893580800691,88.939095
69.35825572923683,88.92453
66.40757565046674,88.92099
64.98310940554323,88.92625
75.56485865354632,88.93112
75.56485865354632,88.93646
75.56485865354632,88.93864
73.5299068750842,88.937614
72.0036930412376,88.937584
73.5299068750842,88.94056
73.5299068750842,88.941826
72.0036930412376,88.938675
70.477479207391,88.93866
73.5299068750842,88.9414
73.5299068750842,88.94431
73.5299068750842,88.94159
73.5299068750842,88.9466
72.0036930412376,88.946976
72.0036930412376,88.946465
77.59981043200845,88.94318
85.73961754585697,88.93867
77.59981043200845,88.935844
75.56485865354632,88.93299
72.0036930412376,88.93271
70.477479207391,88.93243
67.4250515396978,88.92792
72.0036930412376,88.92813
89.80952110278123,88.937836
89.80952110278123,88.942696
75.56485865354632,88.94533
68.9512653735444,88.940285
70.477479207391,88.93672
87.16408379078047,88.93592
84.82388924554901,88.938835
84.82388924554901,88.93772
82.58544228924067,88.9403
80.34699533293234,88.94003
78.82078149908574,88.94265
76.68408213170049,88.94048
75.1578682978539,88.941055
75.1578682978539,88.940704
103.03670766278509,88.94215
143.7357432320277,88.939674
189.52215824742558,88.93506
142.7182673427966,88.923485
121.35127366894426,88.91965
110.15903888740252,88.921326
107.10661121970935,88.928795
102.01923177355401,88.936195
96.93185232739869,88.9418
92.6584535926282,88.942024
93.47243430401306,88.93502
91.94622047016647,88.93854
88.79204521355017,88.939896
85.63786995693387,88.93849
84.82388924554901,88.93429
82.58544228924067,88.93138
102.01923177355401,88.936005
102.01923177355401,88.94787
143.7357432320277,88.95693
115.24641833355784,88.9507
83.29767541170241,88.94046
81.87320916677892,88.93724
81.05922845539408,88.93606
80.34699533293234,88.93103
82.58544228924067,88.93003
80.34699533293234,88.92856
78.82078149908574,88.92932
77.39631525416225,88.93108
76.68408213170049,88.933075
75.1578682978539,88.93436
74.44563517539216,88.934044
72.91942134154556,88.93265
71.49495509662206,88.93117
70.07048885169857,88.930786
70.07048885169857,88.931526
70.07048885169857,88.9323
67.22155636185158,88.93363
65.89883770585121,88.934616
63.25340039385044,88.93496
61.93068173785005,88.93445
61.93068173785005,88.93431
62.5411672713887,88.93358
62.5411672713887,88.93407
65.89883770585121,88.93558
64.57611904985083,88.93587
65.18660458338947,88.93645
66.50932323938984,88.93753
65.89883770585121,88.938934
103.03670766278509,88.93988
102.01923177355401,88.93846
105.07165944124722,88.93609
106.08913533047826,88.93548
104.05418355201614,88.93814
101.00175588432293,88.936356
99.98427999509188,88.9285
99.98427999509188,88.92619
98.96680410586082,88.9265
96.93185232739869,88.93045
95.91437643816762,88.930916
95.91437643816762,88.93419
95.91437643816762,88.93351
95.91437643816762,88.93236
94.89690054893657,88.93345
92.6584535926282,88.93496
91.23398734770473,88.937805
89.80952110278123,88.93582
90.52175422524297,88.94006
95.91437643816762,88.94535
91.94622047016647,88.9461
89.80952110278123,88.946205
88.38505485785774,88.950134
86.35010307939561,88.95421
94.89690054893657,88.95656
99.98427999509188,88.95738
91.23398734770473,88.95842
94.89690054893657,88.96049
96.93185232739869,88.96299
95.91437643816762,88.95684
95.91437643816762,88.94741
94.89690054893657,88.93826
103.03670766278509,88.94954
92.6584535926282,88.950676
91.13223975878161,88.947495
90.31825904739677,88.93687
89.60602592493503,88.93716
89.60602592493503,88.93999
87.97806450216532,88.94356
87.97806450216532,88.94691
86.45185066831871,88.95268
85.63786995693387,88.94615
84.82388924554901,88.94466
83.29767541170241,88.95032
84.11165612308727,88.95304
83.29767541170241,88.952545
81.87320916677892,88.95246
80.34699533293234,88.95162
81.05922845539408,88.95106
80.34699533293234,88.94744
78.82078149908574,88.944954
81.87320916677892,88.94484
81.05922845539408,88.94832
80.34699533293234,88.94994
79.63476221047058,88.95374
78.82078149908574,88.9582
86.45185066831871,88.95562
89.3007831581657,88.94674
88.58855003570395,88.935585
86.45185066831871,88.927925
85.02738442339523,88.92869
88.58855003570395,88.92469
90.8269969920123,88.93149
92.96369635939753,88.93554
90.01301628062744,88.93498
87.16408379078047,88.92869
85.02738442339523,88.9231
86.45185066831871,88.92323
92.96369635939753,88.925934
90.01301628062744,88.936264
85.73961754585697,88.942894
83.60291817847174,88.934135
82.28019952247135,88.92591
80.95748086647097,88.93436
78.92252908800883,88.94607
78.21029596554709,88.94248
76.88757730954671,88.93308
75.56485865354632,88.91862
75.56485865354632,88.911995
72.81767375262245,88.917206
71.49495509662206,88.92088
71.49495509662206,88.91953
70.17223644062167,88.92033
70.17223644062167,88.920265
71.49495509662206,88.92254
93.16719153724375,88.92825
91.23398734770473,88.938644
89.3007831581657,88.94563
85.02738442339523,88.950966
83.60291817847174,88.94142
83.19592782277931,88.93621
81.3644712221634,88.93582
81.3644712221634,88.94093
80.95748086647097,88.94475
81.77146157785582,88.93817
83.19592782277931,88.9348
86.45185066831871,88.93437
84.11165612308727,88.93596
82.28019952247135,88.93529
80.95748086647097,88.93567
80.95748086647097,88.93836
80.04175256616301,88.94177
78.71903391016262,88.94138
76.88757730954671,88.94249
76.88757730954671,88.941124
75.56485865354632,88.93736
80.44874292185543,88.937004
79.53301462154748,88.940865
78.21029596554709,88.94327
79.12602426585505,88.94259
82.28019952247135,88.94266
82.28019952247135,88.94885
80.95748086647097,88.95251
83.70466576739484,88.94643
80.44874292185543,88.93411
89.3007831581657,88.93289
74.5880817998845,88.93211
80.04175256616301,88.93047
79.8382573883168,88.93017
104.05418355201614,88.93281
105.07165944124722,88.93731
96.93185232739869,88.94637
94.89690054893657,88.95724
93.16719153724375,88.954346
97.94932821662975,88.94857
450.22969414423966,88.941475
450.22969414423966,88.93136
450.22969414423966,88.931526
450.22969414423966,88.93258
450.22969414423966,88.933876
450.22969414423966,88.93989
450.22969414423966,88.94581
450.22969414423966,88.94531
450.22969414423966,88.943665
450.22969414423966,88.94349
450.22969414423966,88.94379
450.22969414423966,88.94353
450.22969414423966,88.940674
450.22969414423966,88.942825
450.22969414423966,88.93878
450.22969414423966,88.93384
450.22969414423966,88.92854
450.22969414423966,88.93042
450.22969414423966,88.93858
450.22969414423966,88.94422
450.22969414423966,88.935524
450.22969414423966,88.92736
450.22969414423966,88.92722
450.22969414423966,88.932365
450.22969414423966,88.93589
450.22969414423966,88.93839
450.22969414423966,88.931404
450.22969414423966,88.92657
91.33573493662783,88.9243
92.04796805908958,88.92211
92.454958414782,88.92127
86.14660790154942,88.92269
84.92563683447213,88.92714
79.9400049772399,88.93132
94.89690054893657,88.93205
114.2289424443268,88.935265
125.4211772258685,88.935616
107.10661121970935,88.93136
97.94932821662975,88.93237
96.93185232739869,88.93664
86.0448603126263,88.93907
76.48058695385429,88.941505
95.91437643816762,88.94284
102.01923177355401,88.943825
116.26389422278893,88.946686
114.2289424443268,88.94857
116.26389422278893,88.944595
122.3687495581753,88.9392
114.2289424443268,88.932755
113.21146655509573,88.92948
108.12408710894039,88.932365
109.14156299817147,88.9324
103.03670766278509,88.93161
107.10661121970935,88.93572
107.10661121970935,88.93363
99.98427999509188,88.93377
103.03670766278509,88.933784
99.98427999509188,88.93578
94.89690054893657,88.93594
109.14156299817147,88.93411
106.08913533047826,88.9331
91.03049216985852,88.937256
98.96680410586082,88.9433
97.94932821662975,88.94392
102.01923177355401,88.94532
78.71903391016262,88.947395
101.00175588432293,88.94416
107.10661121970935,88.9432
105.07165944124722,88.94464
94.89690054893657,88.95029
107.10661121970935,88.95592
115.24641833355784,88.95484
99.98427999509188,88.956505
116.26389422278893,88.95282
115.24641833355784,88.95055
105.07165944124722,88.94527
102.01923177355401,88.94115
98.96680410586082,88.935295
93.37068671508996,88.929665
120.33379777971318,88.92999
117.28137011201997,88.930916
110.15903888740252,88.932915
113.21146655509573,88.94234
95.91437643816762,88.94482
103.03670766278509,88.9384
88.07981209108841,88.93358
85.73961754585697,88.93779
92.6584535926282,88.93785
101.00175588432293,88.93649
109.14156299817147,88.94326
118.29884600125105,88.951454
94.89690054893657,88.95167
108.12408710894039,88.94187
105.07165944124722,88.93446
97.94932821662975,88.93699
93.77767707078239,88.938446
97.94932821662975,88.94061
102.01923177355401,88.93696
98.96680410586082,88.94123
97.94932821662975,88.94237
96.93185232739869,88.94545
102.01923177355401,88.947395
98.96680410586082,88.94614
104.05418355201614,88.94796
102.01923177355401,88.94855
92.55670600370512,88.947624
93.87942465970548,88.94473
93.87942465970548,88.94276
93.87942465970548,88.948326
89.1990355692426,88.95321
108.12408710894039,88.94949
115.24641833355784,88.9467
103.03670766278509,88.94424
101.00175588432293,88.94325
90.01301628062744,88.941025
91.43748252555093,88.94305
110.15903888740252,88.94407
103.03670766278509,88.94482
105.07165944124722,88.945694
102.01923177355401,88.945404
105.07165944124722,88.94348
101.00175588432293,88.94694
101.00175588432293,88.948105
102.01923177355401,88.9509
95.91437643816762,88.953766
105.07165944124722,88.9558
103.03670766278509,88.96099
102.01923177355401,88.96077
85.84136513478008,88.95838
83.39942300062553,88.952324
98.96680410586082,88.94993
90.52175422524297,88.944565
93.57418189293618,88.94227
96.93185232739869,88.947426
114.2289424443268,88.949974
83.80641335631795,88.951416
90.62350181416609,88.948875
99.98427999509188,88.944016
89.60602592493503,88.938934
83.80641335631795,88.93572
78.4137911433933,88.93161
83.19592782277931,88.932556
241.41342859820992,88.9362
200.7143930289673,88.93275
154.92797801356937,88.92526
122.3687495581753,88.91871
90.11476386955056,88.91549
98.96680410586082,88.91439
108.12408710894039,88.912445
97.94932821662975,88.90933
97.94932821662975,88.918884
103.03670766278509,88.93159
91.74272529232026,88.94098
87.26583137970357,88.93916
96.93185232739869,88.93688
92.04796805908958,88.935165
92.3532108258589,88.934326
123.38622544740639,88.933495
121.35127366894426,88.92868
112.19399066586467,88.92393
102.01923177355401,88.91762
93.77767707078239,88.91658
118.29884600125105,88.91886
101.00175588432293,88.922325
98.96680410586082,88.920204
96.93185232739869,88.93002
96.93185232739869,88.95139
99.98427999509188,88.96342
90.9287445809354,88.95534
88.58855003570395,88.93734
92.6584535926282,88.92923
90.9287445809354,88.92661
93.87942465970548,88.92381
95.91437643816762,88.925026
106.08913533047826,88.92939
115.24641833355784,88.928085
102.01923177355401,88.93399
101.00175588432293,88.93395
99.98427999509188,88.92813
93.06544394832065,88.92371
95.91437643816762,88.93164
95.91437643816762,88.93917
94.89690054893657,88.93981
98.96680410586082,88.939285
95.91437643816762,88.93286
93.87942465970548,88.930504
84.82388924554901,88.932915
78.51553873231641,88.93882
68.8495177846213,88.940285
75.87010142031563,88.93635
80.55049051077854,88.93971
80.95748086647097,88.93753
73.32641169723799,88.93481
62.744662449234916,88.93259
73.42815928616109,88.93323
75.05612070893079,88.93441
74.85262553108457,88.934
82.58544228924067,88.93842
70.07048885169857,88.94033
74.85262553108457,88.93692
75.56485865354632,88.93598
65.49184735015878,88.93609
74.95437312000769,88.93981
74.85262553108457,88.93692
72.20718821908382,88.93546
74.85262553108457,88.94018
69.35825572923683,88.94555
70.477479207391,88.944305
65.59359493908188,88.93844
67.83204189539023,88.94017
67.4250515396978,88.938675
67.4250515396978,88.93769
68.54427501785197,88.94054
53.58737944615532,88.943886
79.43126703262436,88.94442
80.04175256616301,88.93482
96.93185232739869,88.932205
92.76020118155132,88.93052
84.4168988898566,88.928444
91.94622047016647,88.918884
90.62350181416609,88.91812
80.24524774400922,88.9221
89.70777351385813,88.93027
90.9287445809354,88.93603
126.43865311509956,88.93678
125.4211772258685,88.934784
109.14156299817147,88.92899
103.03670766278509,88.92689
96.93185232739869,88.93306
96.93185232739869,88.93265
90.31825904739677,88.92858
95.91437643816762,88.92899
91.03049216985852,88.933304
90.7252494030892,88.93592
94.89690054893657,88.93635
91.13223975878161,88.93463
85.43437477908766,88.934166
88.69029762462706,88.93775
83.39942300062553,88.941154
82.58544228924067,88.93962
81.87320916677892,88.93532
70.5792267963141,88.93273
105.07165944124722,88.937195
97.94932821662975,88.9357
113.21146655509573,88.92983
106.08913533047826,88.92513
98.96680410586082,88.932724
91.13223975878161,88.933624
104.05418355201614,88.93268
91.64097770339714,88.932816
101.00175588432293,88.93225
99.98427999509188,88.933586
101.00175588432293,88.934586
102.01923177355401,88.934944
81.4662188110865,88.934875
101.00175588432293,88.93564
103.03670766278509,88.93701
81.4662188110865,88.94059
123.38622544740639,88.947845
118.29884600125105,88.950874
112.19399066586467,88.943306
103.03670766278509,88.9263
98.96680410586082,88.92075
93.67592948185927,88.92288
103.03670766278509,88.92523
104.05418355201614,88.92831
98.96680410586082,88.93321
103.03670766278509,88.93706
93.87942465970548,88.9397
99.98427999509188,88.94246
77.49806284308535,88.93795
78.92252908800883,88.92686
83.39942300062553,88.920715
84.82388924554901,88.9197
86.45185066831871,88.92419
76.68408213170049,88.92861
80.44874292185543,88.93744
104.05418355201614,88.94412
93.26893912616687,88.94635
116.26389422278893,88.93453
94.89690054893657,88.936386
90.52175422524297,88.929085
80.95748086647097,88.92186
84.31515130093348,88.91804
86.55359825724183,88.921135
90.01301628062744,88.9265
92.55670600370512,88.93109
92.55670600370512,88.933304
91.53923011447405,88.92772
86.35010307939561,88.92486
79.9400049772399,88.93025
78.0068007877009,88.93435
87.8763169132422,88.93875
81.87320916677892,88.943924
83.90816094524106,88.93981
81.87320916677892,88.934784
80.95748086647097,88.934875
81.4662188110865,88.938614
78.61728632123952,88.94444
80.44874292185543,88.948
82.99243264493309,88.943275
79.43126703262436,88.93728
77.49806284308535,88.93827
79.43126703262436,88.93639
105.07165944124722,88.93381
129.49108078279275,88.935165
115.24641833355784,88.93836
89.91126869170434,88.94512
87.36757896862667,88.94879
94.89690054893657,88.946
85.43437477908766,88.93431
89.70777351385813,88.933945
87.46932655754979,88.93724
91.84447288124336,88.94345
79.9400049772399,88.94434
85.94311272370318,88.94019
96.93185232739869,88.937996
139.66583967510343,88.938614
98.96680410586082,88.9325
98.96680410586082,88.923935
95.91437643816762,88.921646
101.00175588432293,88.93121
90.9287445809354,88.93567
85.33262719016454,88.94024
89.60602592493503,88.94326
94.89690054893657,88.94359
98.96680410586082,88.941925
104.05418355201614,88.93912
104.05418355201614,88.93854
130.50855667202384,88.93781
127.45612900433063,88.93784
126.43865311509956,88.94024
124.40370133663743,88.94107
124.40370133663743,88.93974
123.38622544740639,88.93787
123.38622544740639,88.937454
126.43865311509956,88.93568
107.10661121970935,88.93376
111.1765147766336,88.93377
94.89690054893657,88.93848
89.91126869170434,88.940605
105.07165944124722,88.93475
121.35127366894426,88.93097
128.4736048935617,88.94345
132.54350845048597,88.94956
119.31632189048214,88.93665
118.29884600125105,88.93176
105.07165944124722,88.931404
119.31632189048214,88.93428
108.12408710894039,88.93481
108.12408710894039,88.93709
97.94932821662975,88.937836
101.00175588432293,88.93675
95.91437643816762,88.93345
97.94932821662975,88.93891
99.98427999509188,88.942635
111.1765147766336,88.94011
110.15903888740252,88.93788
114.2289424443268,88.93589
113.21146655509573,88.935844
115.24641833355784,88.93132
112.19399066586467,88.92934
111.1765147766336,88.93359
93.16719153724375,88.94098
106.08913533047826,88.9377
104.05418355201614,88.93156
94.89690054893657,88.92939
94.89690054893657,88.931694
94.89690054893657,88.93484
97.94932821662975,88.93354
99.98427999509188,88.93304
108.12408710894039,88.936646
97.94932821662975,88.93858
106.08913533047826,88.94476
121.35127366894426,88.94601
109.14156299817147,88.94382
104.05418355201614,88.93889
93.87942465970548,88.93649
102.01923177355401,88.93751
119.31632189048214,88.94388
117.28137011201997,88.952515
116.26389422278893,88.95624
116.26389422278893,88.95287
95.91437643816762,88.95078
97.94932821662975,88.94902
99.98427999509188,88.94401
108.12408710894039,88.92953
104.05418355201614,88.92561
102.01923177355401,88.92625
102.01923177355401,88.93234
102.01923177355401,88.93892
95.91437643816762,88.944405
102.01923177355401,88.94891
111.1765147766336,88.947395
92.6584535926282,88.93905
88.38505485785774,88.93388
79.8382573883168,88.93767
79.02427667693195,88.94067
76.88757730954671,88.93755
76.58233454277739,88.941895
101.00175588432293,88.94106
83.29767541170241,88.95001
84.4168988898566,88.94898
83.60291817847174,88.94879
71.80019786339138,88.9524
66.71281841723605,88.96057
71.69845027446829,88.956535
86.85884102401114,88.9441
88.69029762462706,88.944756
82.78893746708688,88.94644
74.85262553108457,88.948425
69.0530129624675,88.94458
110.15903888740252,88.94109
98.96680410586082,88.942535
106.08913533047826,88.9395
114.2289424443268,88.93586
97.94932821662975,88.938736
96.93185232739869,88.942024
95.91437643816762,88.94793
94.89690054893657,88.951004
101.00175588432293,88.95102
99.98427999509188,88.9498
99.98427999509188,88.9397
83.19592782277931,88.936806
106.08913533047826,88.93107
80.95748086647097,88.92934
86.14660790154942,88.93068
93.37068671508996,88.93454
90.8269969920123,88.93984
93.87942465970548,88.944046
92.04796805908958,88.943146
89.1990355692426,88.94476
93.77767707078239,88.94744
98.96680410586082,88.95254
95.91437643816762,88.951195
90.8269969920123,88.949066
78.10854837662399,88.94667
88.99554039139639,88.94463
94.89690054893657,88.935844
91.03049216985852,88.938835
118.29884600125105,88.941895
119.31632189048214,88.93961
116.26389422278893,88.9337
106.08913533047826,88.93103
111.1765147766336,88.93002
103.03670766278509,88.92855
107.10661121970935,88.92932
104.05418355201614,88.93108
102.01923177355401,88.93308
92.14971564801267,88.934364
95.91437643816762,88.93406
98.96680410586082,88.93266
102.01923177355401,88.93118
105.07165944124722,88.9308
108.12408710894039,88.931526
95.91437643816762,88.93228
99.98427999509188,88.933624
83.70466576739484,88.93462
79.43126703262436,88.93497
86.75709343508804,88.93445
87.7745693243191,88.9343
97.94932821662975,88.93357
99.98427999509188,88.93406
101.00175588432293,88.93557
86.65534584616493,88.93586
96.93185232739869,88.93645
88.79204521355017,88.93754
89.3007831581657,88.93895
126.43865311509956,88.93989
125.4211772258685,88.937195
125.4211772258685,88.93231
128.4736048935617,88.92896
135.59593611817917,88.931526
129.49108078279275,88.93022
137.6308878966413,88.92861
150.85807445664514,88.9314
184.43477880127028,88.931694
218.01148314589543,88.93203
156.9629297920315,88.93181
144.75321912125875,88.925186
144.75321912125875,88.91855
134.5784602289481,88.9187
162.05030923818683,88.92384
141.70079145356556,88.93168
147.80564678895192,88.93725
133.560984339717,88.93649
136.6134120074102,88.93063
125.4211772258685,88.92605
137.6308878966413,88.92405
135.59593611817917,88.92961
133.560984339717,88.93511
126.43865311509956,88.937675
129.49108078279275,88.941
125.4211772258685,88.94159
130.50855667202384,88.93689
141.70079145356556,88.93418
