actual_runoff,predicted_runoff
135.79990665242084,104.74454
133.88399353973554,104.74569
135.79990665242084,104.73411
141.54764599047675,104.73412
133.88399353973554,104.73271
132.92603698339286,104.73271
128.13625420167958,104.73271
129.09421075802226,104.73271
123.34647141996633,104.73271
127.17829764533694,104.73271
127.17829764533694,104.73271
120.47260175093835,104.73271
123.34647141996633,104.73271
120.47260175093835,104.73271
115.68281896922507,104.73271
129.09421075802226,104.73428
126.22034108899427,104.739815
112.04258405512299,104.74254
119.51464519459569,104.74085
118.55668863825305,104.73422
122.38851486362367,104.73411
100.45130972337685,104.73453
121.43055830728099,104.734406
127.17829764533694,104.73271
125.26238453265164,104.73271
115.68281896922507,104.73271
127.17829764533694,104.73271
134.84195009607816,104.73271
120.47260175093835,104.73271
135.79990665242084,104.73271
134.84195009607816,104.73271
125.26238453265164,104.73396
122.38851486362367,104.73804
119.51464519459569,104.73927
114.24588413471109,104.737625
139.63173287779145,104.73271
136.75786320876347,104.73271
130.05216731436488,104.73271
132.92603698339286,104.73271
116.64077552556775,104.73637
123.34647141996633,104.73758
109.2645100417293,104.737625
107.06120996214118,104.73271
113.57531454527121,104.73271
121.43055830728099,104.73271
129.09421075802226,104.73271
137.71581976510615,104.73271
115.68281896922507,104.73271
128.13625420167958,104.73271
125.26238453265164,104.73271
118.55668863825305,104.73271
114.62906675724814,104.73271
118.55668863825305,104.73271
122.38851486362367,104.7395
119.51464519459569,104.74175
118.55668863825305,104.741844
117.59873208191038,104.73271
122.38851486362367,104.73271
119.51464519459569,104.73271
124.30442797630897,104.73271
122.38851486362367,104.73271
113.47951888963696,104.73271
114.7248624128824,104.73271
114.7248624128824,104.73271
114.7248624128824,104.73271
110.31826225370622,104.73271
128.13625420167958,104.73271
134.84195009607816,104.73271
123.34647141996633,104.74657
121.43055830728099,104.75119
111.08462749878034,104.751366
112.42576667766004,104.73271
130.05216731436488,104.73271
123.34647141996633,104.73271
125.26238453265164,104.73271
122.38851486362367,104.73271
125.26238453265164,104.73271
121.43055830728099,104.73271
121.43055830728099,104.73271
122.38851486362367,104.73271
116.64077552556775,104.73271
125.26238453265164,104.73271
123.34647141996633,104.73271
122.38851486362367,104.73271
107.15700561777544,104.73271
104.85790988255307,104.73271
119.51464519459569,104.74157
111.56360577695166,104.74454
114.43747544597963,104.74465
117.59873208191038,104.73271
133.88399353973554,104.73271
105.24109250509012,104.74022
111.65940143258591,104.74272
120.47260175093835,104.74721
110.70144487624329,104.739815
105.24109250509012,104.7406
100.16392275647407,104.73482
104.66631857128453,104.73533
253.62856308256744,104.73928
215.3103008288612,104.7444
172.20225579344174,104.887245
141.54764599047675,104.94375
111.1804231544146,104.93216
119.51464519459569,104.74954
128.13625420167958,104.73271
118.55668863825305,104.73271
118.55668863825305,104.73271
123.34647141996633,104.73271
112.71315364456284,104.73271
108.49814479665517,104.73428
117.59873208191038,104.734795
113.00054061146565,104.73482
113.28792757836845,104.74345
142.50560254681943,104.75693
140.58968943413413,104.76036
131.96808042705024,104.74605
122.38851486362367,104.73271
114.62906675724814,104.73271
137.71581976510615,104.73271
121.43055830728099,104.73271
119.51464519459569,104.73271
117.59873208191038,104.73271
117.59873208191038,104.73271
120.47260175093835,104.73271
111.94678839948872,104.73271
109.7434883199006,104.73271
113.57531454527121,104.73271
111.94678839948872,104.73271
114.7248624128824,104.73271
116.64077552556775,104.73271
126.22034108899427,104.73271
134.84195009607816,104.73271
122.38851486362367,104.73271
121.43055830728099,104.73271
120.47260175093835,104.73271
113.95849716780832,104.73271
116.64077552556775,104.73271
116.64077552556775,104.73271
115.68281896922507,104.73271
119.51464519459569,104.73271
116.64077552556775,104.73271
114.7248624128824,104.73271
106.19904906143279,104.73271
100.25971841210834,104.73271
91.1591311268531,104.73271
97.76903136561742,104.73271
102.17563152479364,104.73271
102.55881414733071,104.73271
95.3741399747608,104.73271
85.41139178879718,104.73271
95.46993563039506,104.73271
97.0026661205433,104.73271
96.81107480927477,104.73271
104.09154463747895,104.73271
92.30867899446429,104.73271
96.81107480927477,104.74012
97.48164439871461,104.742584
87.99787449092234,104.742676
96.90687046490905,104.73271
96.81107480927477,104.73271
94.32038776278387,104.73271
96.81107480927477,104.73271
91.63810940502444,104.73271
92.69186161700135,104.73271
88.0936701465566,104.73271
90.20117457051045,104.73271
89.81799194797338,104.73271
89.81799194797338,104.73271
90.8717441599503,104.73271
76.78978278171327,104.73271
101.12187931281672,104.73271
101.69665324662232,104.73271
117.59873208191038,104.73271
113.67111020090552,104.73271
105.81586643889574,104.73271
112.90474495583138,104.73271
111.65940143258591,104.73271
101.88824455789083,104.73271
110.79724053187753,104.73271
111.94678839948872,104.73271
145.37947221584736,104.74832
144.42151565950473,104.78267
129.09421075802226,104.789986
123.34647141996633,104.76935
117.59873208191038,104.73271
117.59873208191038,104.73271
111.37201446568312,104.73271
116.64077552556775,104.73271
112.04258405512299,104.73271
111.75519708822021,104.73271
115.68281896922507,104.73271
112.13837971075725,104.73271
106.77382299523838,104.73271
109.83928397553488,104.73271
104.85790988255307,104.73741
104.09154463747895,104.73898
103.42097504803908,104.73904
92.78765727263561,104.73271
125.26238453265164,104.74926
118.55668863825305,104.75844
132.92603698339286,104.759865
126.22034108899427,104.737625
119.51464519459569,104.73271
112.13837971075725,104.73271
124.30442797630897,104.73271
112.61735798892859,104.73271
121.43055830728099,104.73271
120.47260175093835,104.73271
121.43055830728099,104.73271
122.38851486362367,104.73271
103.03779242550202,104.73271
121.43055830728099,104.73271
123.34647141996633,104.73271
103.03779242550202,104.73271
142.50560254681943,104.733444
137.71581976510615,104.75571
131.96808042705024,104.766945
123.34647141996633,104.76753
119.51464519459569,104.73791
114.53327110161389,104.73271
123.34647141996633,104.73271
124.30442797630897,104.73271
119.51464519459569,104.73271
123.34647141996633,104.73271
114.7248624128824,104.73271
120.47260175093835,104.73271
99.30176185576566,104.73271
100.64290103464539,104.73271
104.85790988255307,104.73271
106.19904906143279,104.73271
107.73177955158104,104.73271
98.53539661069154,104.73271
102.07983586915937,104.73271
124.30442797630897,104.73271
114.15008847907683,104.73271
135.79990665242084,104.75526
115.68281896922507,104.78673
111.56360577695166,104.79506
102.55881414733071,104.76503
105.72007078326145,104.73271
107.8275752072153,104.73271
111.08462749878034,104.73271
113.47951888963696,104.73271
113.47951888963696,104.73271
112.52156233329433,104.73271
107.63598389594677,104.73271
101.60085759098803,104.73271
99.78074013393702,104.73271
109.07291873046074,104.73271
103.42097504803908,104.73271
105.3368881607244,104.73271
103.42097504803908,104.73271
102.55881414733071,104.73271
103.03779242550202,104.73271
100.35551406774259,104.73271
102.07983586915937,104.73271
104.47472726001601,104.73271
101.12187931281672,104.73271
99.30176185576566,104.73292
101.12187931281672,104.73665
125.26238453265164,104.73786
148.25334188487534,104.74503
134.84195009607816,104.78257
110.98883184314606,104.79081
108.59394045228942,104.77922
115.68281896922507,104.73426
106.77382299523838,104.73271
110.79724053187753,104.73271
108.6897361079237,104.73271
112.8089493001971,104.73271
101.60085759098803,104.73271
107.25280127340972,104.73271
117.59873208191038,104.73281
157.8329074483019,104.74265
119.51464519459569,104.7527
119.51464519459569,104.754944
116.64077552556775,104.741844
121.43055830728099,104.73271
111.94678839948872,104.73271
106.67802733960411,104.73271
110.70144487624329,104.73271
115.68281896922507,104.746254
119.51464519459569,104.75077
124.30442797630897,104.75094
124.30442797630897,104.73271
149.21129844121802,104.73271
146.33742877219004,104.73271
145.37947221584736,104.73271
143.46355910316205,104.73271
143.46355910316205,104.73271
142.50560254681943,104.73271
142.50560254681943,104.73271
145.37947221584736,104.73271
127.17829764533694,104.73271
131.01012387070756,104.73271
115.68281896922507,104.73271
110.98883184314606,104.73271
125.26238453265164,104.73271
140.58968943413413,104.734795
147.29538532853272,104.740814
151.12721155390332,104.75106
138.67377632144883,104.7549
137.71581976510615,104.74909
125.26238453265164,104.73778
138.67377632144883,104.73271
128.13625420167958,104.73271
128.13625420167958,104.73271
118.55668863825305,104.73271
121.43055830728099,104.73271
116.64077552556775,104.73271
118.55668863825305,104.73271
120.47260175093835,104.73333
131.01012387070756,104.73354
130.05216731436488,104.73356
133.88399353973554,104.73271
132.92603698339286,104.73271
134.84195009607816,104.73396
131.96808042705024,104.73438
131.01012387070756,104.734406
114.05429282344258,104.73271
126.22034108899427,104.73271
124.30442797630897,104.73271
115.68281896922507,104.73271
115.68281896922507,104.73271
115.68281896922507,104.73271
118.55668863825305,104.73271
120.47260175093835,104.73271
128.13625420167958,104.74428
118.55668863825305,104.74813
126.22034108899427,104.74829
140.58968943413413,104.73762
129.09421075802226,104.74832
124.30442797630897,104.75141
114.7248624128824,104.74492
122.38851486362367,104.73271
138.67377632144883,104.73271
136.75786320876347,104.73271
135.79990665242084,104.73271
135.79990665242084,104.74022
116.64077552556775,104.74367
118.55668863825305,104.74407
120.47260175093835,104.73398
128.13625420167958,104.73271
124.30442797630897,104.73271
122.38851486362367,104.73271
122.38851486362367,104.73271
122.38851486362367,104.73271
116.64077552556775,104.73271
122.38851486362367,104.73271
131.01012387070756,104.73271
113.57531454527121,104.73271
109.55189700863208,104.73271
101.50506193535378,104.73271
100.73869669027965,104.73271
98.72698792196009,104.73271
98.43960095505729,104.73271
121.43055830728099,104.73271
104.76211422691881,104.73271
105.81586643889574,104.73271
105.04950119382161,104.73271
93.9372051402468,104.73271
89.14742235853352,104.73271
93.84140948461254,104.73271
108.1149621741181,104.73271
109.83928397553488,104.73271
104.28313594874747,104.73271
96.81107480927477,104.73271
91.35072243812162,104.73271
130.05216731436488,104.73271
119.51464519459569,104.73271
126.22034108899427,104.73271
133.88399353973554,104.73271
118.55668863825305,104.73271
117.59873208191038,104.73271
116.64077552556775,104.73271
115.68281896922507,104.73271
121.43055830728099,104.73428
120.47260175093835,104.734795
120.47260175093835,104.73482
104.66631857128453,104.73271
126.22034108899427,104.73271
102.55881414733071,104.73271
107.44439258467824,104.73271
114.24588413471109,104.73271
111.85099274385446,104.73271
114.7248624128824,104.73271
113.00054061146565,104.73271
110.31826225370622,104.73271
114.62906675724814,104.73271
119.51464519459569,104.73271
116.64077552556775,104.73271
111.85099274385446,104.73271
99.87653578957128,104.73271
110.12667094243767,104.73271
115.68281896922507,104.73271
112.04258405512299,104.73271
137.71581976510615,104.73271
138.67377632144883,104.73271
135.79990665242084,104.73271
126.22034108899427,104.73271
131.01012387070756,104.73271
123.34647141996633,104.73271
127.17829764533694,104.73271
124.30442797630897,104.73271
122.38851486362367,104.73271
113.0963362670999,104.73271
116.64077552556775,104.73271
119.51464519459569,104.73271
122.38851486362367,104.73271
125.26238453265164,104.73271
128.13625420167958,104.73531
116.64077552556775,104.7362
120.47260175093835,104.73623
105.14529684945587,104.73271
101.12187931281672,104.73271
108.01916651848383,104.73271
108.97712307482648,104.73271
118.55668863825305,104.73271
120.47260175093835,104.73428
121.43055830728099,104.734795
107.92337086284958,104.73482
117.59873208191038,104.73271
109.93507963116916,104.73271
110.41405790934047,104.74053
145.37947221584736,104.74314
144.42151565950473,104.74324
144.42151565950473,104.73271
147.29538532853272,104.73271
154.0010812229313,104.73271
148.25334188487534,104.73271
155.9169943356166,104.73271
168.3704295680711,104.73271
199.98299592737877,104.748665
231.59556228668635,104.96384
174.11816890612704,105.08318
162.6226902300152,105.06612
162.6226902300152,104.7804
153.04312466658862,104.73271
178.90795168784032,104.73271
159.7488205609872,104.73271
165.49655989904312,104.74095
152.08516811024595,104.76147
154.95903777927393,104.76875
144.42151565950473,104.75831
155.9169943356166,104.768105
154.0010812229313,104.7727
152.08516811024595,104.77356
145.37947221584736,104.73415
148.25334188487534,104.733536
144.42151565950473,104.733536
149.21129844121802,104.73456
159.7488205609872,104.7499
88.76423973599647,104.76895
88.76423973599647,106.83966
90.00958325924192,108.5535
97.38584874308036,109.6676
97.38584874308036,109.6719
98.72698792196009,109.677
94.89516169658945,109.695465
94.89516169658945,109.70325
93.74561382897826,109.71117
93.74561382897826,109.6676
93.74561382897826,109.6676
93.74561382897826,109.6676
93.74561382897826,109.6676
96.14050521983492,109.6676
98.72698792196009,109.6676
98.72698792196009,109.6676
100.06812710083979,109.6676
97.38584874308036,109.6676
97.38584874308036,109.6676
97.38584874308036,109.6682
94.89516169658945,109.6689
94.89516169658945,109.66921
94.89516169658945,109.6676
94.89516169658945,109.6676
94.89516169658945,109.6676
92.50027030573281,109.6676
92.50027030573281,109.6676
92.50027030573281,109.6676
94.89516169658945,109.6676
100.45130972337685,109.6676
99.39755751139994,109.6676
97.19425743181185,109.673225
96.14050521983492,109.68035
95.18254866349224,109.68378
95.18254866349224,109.66881
95.18254866349224,109.6676
94.12879645151534,109.6676
92.11708768319576,109.66835
91.1591311268531,109.66923
90.20117457051045,109.66961
90.20117457051045,109.6676
89.14742235853352,109.66798
90.20117457051045,109.66841
90.20117457051045,109.66861
88.18946580219087,109.6676
88.18946580219087,109.6676
86.1777570338713,109.6676
86.1777570338713,109.6676
86.1777570338713,109.6676
88.18946580219087,109.6676
86.1777570338713,109.6676
85.21980047752865,109.6676
84.35763957682025,109.6676
85.21980047752865,109.6676
85.21980047752865,109.6676
83.3996830204776,109.6676
82.44172646413493,109.6676
139.63173287779145,109.6676
139.63173287779145,109.6676
137.71581976510615,109.67338
131.96808042705024,109.680534
131.96808042705024,109.68386
132.92603698339286,109.66975
130.05216731436488,109.67732
127.17829764533694,109.68609
126.22034108899427,109.686
126.22034108899427,109.6676
124.30442797630897,109.6676
124.30442797630897,109.6676
124.30442797630897,109.6676
123.34647141996633,109.66872
121.43055830728099,109.67004
119.51464519459569,109.670616
119.51464519459569,109.6676
124.30442797630897,109.6676
119.51464519459569,109.66835
117.59873208191038,109.66923
116.64077552556775,109.66961
116.64077552556775,109.6676
114.7248624128824,109.6676
113.86270151217403,109.6676
112.71315364456284,109.6676
111.56360577695166,109.6676
111.56360577695166,109.6676
111.56360577695166,109.6676
102.55881414733071,109.6676
101.50506193535378,109.6676
100.45130972337685,109.6676
98.24800964378873,109.6676
97.19425743181185,109.6676
96.14050521983492,109.6676
96.14050521983492,109.6676
96.14050521983492,109.6676
94.12879645151534,109.6676
94.12879645151534,109.6676
92.11708768319576,109.6676
91.1591311268531,109.6676
91.1591311268531,109.6676
91.1591311268531,109.6676
91.1591311268531,109.6676
90.20117457051045,109.6676
88.18946580219087,109.6676
86.1777570338713,109.6676
86.1777570338713,109.6676
86.1777570338713,109.6676
84.35763957682025,109.6676
84.35763957682025,109.6676
85.21980047752865,109.6676
86.1777570338713,109.6676
86.1777570338713,109.6676
88.18946580219087,109.6676
86.1777570338713,109.6713
86.1777570338713,109.675705
90.48856153741325,109.67761
91.63810940502444,109.6676
90.48856153741325,109.6676
89.33901366980206,109.6676
88.0936701465566,109.6676
85.79457441133422,109.66812
84.64502654372305,109.66874
84.64502654372305,109.66908
84.64502654372305,109.66777
85.79457441133422,109.66781
85.79457441133422,109.6676
84.64502654372305,109.6676
84.64502654372305,109.66791
82.2501351528664,109.66907
81.10058728525523,109.6702
81.10058728525523,109.669815
79.95103941764404,109.6676
79.95103941764404,109.6676
78.89728720566713,109.6676
79.95103941764404,109.6676
84.64502654372305,109.66968
84.64502654372305,109.67664
79.95103941764404,109.68323
78.89728720566713,109.68014
77.84353499369018,109.66801
76.78978278171327,109.6676
75.73603056973636,109.6676
75.73603056973636,109.6676
75.73603056973636,109.6676
107.25280127340972,109.6676
107.25280127340972,109.6676
107.92337086284958,109.66775
105.81586643889574,109.66793
107.25280127340972,109.668076
107.25280127340972,109.66777
107.25280127340972,109.667885
105.81586643889574,109.66925
105.81586643889574,109.671265
103.1335880811363,109.672104
103.70836201494188,109.66821
102.46301849169645,109.6676
101.79244890225658,109.6676
101.79244890225658,109.6676
100.54710537901114,109.6676
99.30176185576566,109.6676
101.79244890225658,109.6676
101.79244890225658,109.6676
101.21767496845099,109.6676
100.54710537901114,109.6676
101.21767496845099,109.6676
101.79244890225658,109.6676
100.54710537901114,109.6676
99.30176185576566,109.6676
105.81586643889574,109.6676
105.14529684945587,109.6676
101.79244890225658,109.6676
101.79244890225658,109.6676
450.22969414423966,109.6676
450.22969414423966,109.6676
450.22969414423966,109.6676
450.22969414423966,109.6676
450.22969414423966,109.66768
450.22969414423966,109.66777
450.22969414423966,109.66781
450.22969414423966,109.6676
450.22969414423966,109.6676
450.22969414423966,109.6676
450.22969414423966,109.6676
139.63173287779145,109.68156
131.01012387070756,109.71067
126.22034108899427,109.73271
127.17829764533694,109.70186
131.96808042705024,109.6676
127.17829764533694,109.68325
123.34647141996633,109.701805
121.43055830728099,109.709694
121.43055830728099,109.6681
119.51464519459569,109.66821
119.51464519459569,109.6676
118.55668863825305,109.6676
115.68281896922507,109.6676
112.71315364456284,109.6676
109.55189700863208,109.6676
108.6897361079237,109.6676
108.1149621741181,109.6676
133.88399353973554,109.6676
136.75786320876347,109.6676
139.63173287779145,109.6676
137.71581976510615,109.6676
137.71581976510615,109.673004
137.71581976510615,109.67943
136.75786320876347,109.68221
135.79990665242084,109.6676
135.79990665242084,109.6676
135.79990665242084,109.6676
136.75786320876347,109.6676
133.88399353973554,109.6676
133.88399353973554,109.6676
133.88399353973554,109.6676
133.88399353973554,109.6676
133.88399353973554,109.67292
133.88399353973554,109.67971
135.79990665242084,109.68372
135.79990665242084,109.67058
132.92603698339286,109.66994
131.01012387070756,109.66801
128.13625420167958,109.6676
127.17829764533694,109.6676
127.17829764533694,109.6676
125.26238453265164,109.6676
124.30442797630897,109.6676
124.30442797630897,109.66812
124.30442797630897,109.670364
111.4678101213174,109.67258
111.4678101213174,109.67201
112.90474495583138,109.6676
111.4678101213174,109.66872
110.03087528680341,109.67041
112.90474495583138,109.6718
114.34167979034534,109.66942
115.68281896922507,109.66861
114.34167979034534,109.66783
112.90474495583138,109.66824
112.90474495583138,109.66861
111.4678101213174,109.66817
111.4678101213174,109.66781
108.59394045228942,109.6676
110.03087528680341,109.6676
108.59394045228942,109.6713
108.59394045228942,109.675705
107.25280127340972,109.67761
107.25280127340972,109.6676
104.37893160438175,109.6676
104.37893160438175,109.6676
105.81586643889574,109.6676
108.59394045228942,109.6676
108.59394045228942,109.66872
111.4678101213174,109.67064
110.03087528680341,109.67428
105.81586643889574,109.6744
104.37893160438175,109.67402
105.81586643889574,109.6676
87.90207883528808,109.6676
87.90207883528808,109.6676
85.98616572260276,109.6676
85.02820916626011,109.6676
83.97445695428318,109.6676
83.97445695428318,109.6676
83.01650039794053,109.6676
79.08887851693564,109.66835
78.13092196059299,109.66923
77.2687610598846,109.66961
77.2687610598846,109.6676
76.40660015917621,109.6676
74.58648270212517,109.6676
73.72432180141679,109.6676
73.72432180141679,109.6676
72.86216090070839,109.6676
72.0,109.6676
72.0,109.6676
72.86216090070839,109.6676
79.08887851693564,109.6676
79.08887851693564,109.68391
76.40660015917621,109.708496
75.54443925846782,109.722725
74.58648270212517,109.68201
73.72432180141679,109.6676
74.58648270212517,109.6676
73.72432180141679,109.6676
74.58648270212517,109.6676
106.77382299523838,109.6676
105.24109250509012,109.6676
103.70836201494188,109.6676
100.54710537901114,109.6676
106.77382299523838,109.6676
103.70836201494188,109.6676
102.07983586915937,109.6676
100.54710537901114,109.6676
99.01437488886286,109.6676
99.01437488886286,109.6676
97.48164439871461,109.6676
97.48164439871461,109.6676
94.41618341841813,109.67433
93.07504423953841,109.682335
91.63810940502444,109.68639
90.29697022614472,109.698906
88.86003539163073,109.73791
88.86003539163073,109.75077
90.29697022614472,109.66861
90.29697022614472,109.6676
88.86003539163073,109.67359
88.86003539163073,109.68528
88.86003539163073,109.69404
90.29697022614472,109.6805
90.29697022614472,109.66821
88.86003539163073,109.67138
93.07504423953841,109.678444
94.41618341841813,109.68347
106.77382299523838,109.674614
105.24109250509012,109.6676
103.70836201494188,109.6676
100.54710537901114,109.6676
106.77382299523838,109.6676
103.70836201494188,109.6676
102.07983586915937,109.6676
100.54710537901114,109.6676
99.01437488886286,109.6676
99.01437488886286,109.6676
97.48164439871461,109.6676
97.48164439871461,109.6676
94.41618341841813,109.6676
93.07504423953841,109.6676
91.63810940502444,109.6676
90.29697022614472,109.6676
88.86003539163073,109.6676
88.86003539163073,109.6676
90.29697022614472,109.6676
90.29697022614472,109.6676
88.86003539163073,109.6676
88.86003539163073,109.6676
88.86003539163073,109.6676
90.29697022614472,109.6676
90.29697022614472,109.6676
88.86003539163073,109.6676
93.07504423953841,109.6676
105.24109250509012,109.668785
131.96808042705024,109.68436
133.88399353973554,109.70434
130.05216731436488,109.71134
128.13625420167958,109.674614
124.30442797630897,109.6676
128.13625420167958,109.6676
126.22034108899427,109.6676
139.63173287779145,109.6676
141.54764599047675,109.68259
133.88399353973554,109.702415
120.47260175093835,109.71229
124.30442797630897,109.67322
120.47260175093835,109.6676
116.64077552556775,109.6676
120.47260175093835,109.668945
118.55668863825305,109.670525
116.64077552556775,109.67121
116.64077552556775,109.6676
112.8089493001971,109.6676
110.8930361875118,109.6676
108.97712307482648,109.6676
108.97712307482648,109.6676
108.97712307482648,109.6676
107.06120996214118,109.6676
107.06120996214118,109.6676
105.14529684945587,109.6676
105.14529684945587,109.6676
105.14529684945587,109.66945
108.97712307482648,109.67166
99.39755751139994,109.67262
97.48164439871461,109.67256
95.5657312860293,109.68434
94.12879645151534,109.69393
94.12879645151534,109.68361
94.12879645151534,109.6676
92.69186161700135,109.6676
91.25492678248737,109.6676
89.81799194797338,109.6676
101.31347062408527,109.6676
108.97712307482648,109.6676
97.48164439871461,109.6676
94.12879645151534,109.6676
97.48164439871461,109.6676
103.22938373677057,109.6676
103.22938373677057,109.6676
99.39755751139994,109.6676
99.39755751139994,109.6676
92.69186161700135,109.66887
91.25492678248737,109.670364
89.81799194797338,109.671234
88.3810571134594,109.6681
85.50718744443144,109.66821
84.07025260991746,109.6676
82.63331777540347,109.6676
84.07025260991746,109.6676
86.94412227894543,109.66909
86.94412227894543,109.67166
106.77382299523838,109.6734
103.70836201494188,109.669815
102.07983586915937,109.6676
100.54710537901114,109.6676
99.01437488886286,109.6676
99.01437488886286,109.6676
95.94891390856638,109.6676
94.41618341841813,109.6676
102.07983586915937,109.6676
127.17829764533694,109.67034
125.26238453265164,109.693596
116.64077552556775,109.71874
109.83928397553488,109.72074
100.54710537901114,109.6676
97.48164439871461,109.6676
97.48164439871461,109.6676
95.94891390856638,109.6676
94.41618341841813,109.6676
93.07504423953841,109.6676
91.63810940502444,109.6676
90.29697022614472,109.6676
90.29697022614472,109.6676
100.54710537901114,109.6676
94.41618341841813,109.68449
94.41618341841813,109.70453
91.63810940502444,109.71267
88.86003539163073,109.6676
87.518896212751,109.6676
97.48164439871461,109.6676
97.48164439871461,109.6676
97.48164439871461,109.6676
95.5657312860293,109.6676
94.12879645151534,109.6676
95.5657312860293,109.6676
95.5657312860293,109.6676
94.12879645151534,109.6676
92.69186161700135,109.6676
95.5657312860293,109.6676
95.5657312860293,109.6676
95.5657312860293,109.6676
95.5657312860293,109.6676
94.12879645151534,109.6676
94.12879645151534,109.6676
99.39755751139994,109.6676
107.06120996214118,109.6676
99.39755751139994,109.67338
97.48164439871461,109.68024
94.12879645151534,109.68321
92.69186161700135,109.6676
89.81799194797338,109.6676
94.12879645151534,109.6676
110.8930361875118,109.6676
110.8930361875118,109.69027
97.48164439871461,109.71713
91.25492678248737,109.72735
92.69186161700135,109.6676
108.40234914102092,109.6676
106.19904906143279,109.6676
106.19904906143279,109.6676
104.09154463747895,109.6676
101.9840402135251,109.6676
100.54710537901114,109.6676
98.53539661069154,109.6676
97.09846177617754,109.6676
97.09846177617754,109.6676
123.34647141996633,109.6676
161.66473367367252,109.6676
204.772778709092,109.70433
160.70677711732986,109.80542
140.58968943413413,109.89255
130.05216731436488,109.814354
127.17829764533694,109.66861
122.38851486362367,109.6676
117.59873208191038,109.6676
113.57531454527121,109.6676
114.34167979034534,109.6676
112.90474495583138,109.6676
109.93507963116916,109.6676
106.96541430650693,109.6676
106.19904906143279,109.6676
104.09154463747895,109.6676
122.38851486362367,109.6676
122.38851486362367,109.66909
161.66473367367252,109.677925
134.84195009607816,109.71498
104.76211422691881,109.74924
103.42097504803908,109.742035
102.65460980296496,109.6676
101.9840402135251,109.6676
104.09154463747895,109.6676
101.9840402135251,109.6676
100.54710537901114,109.6676
99.20596620013141,109.6676
98.53539661069154,109.6676
97.09846177617754,109.6676
96.42789218673772,109.6676
94.99095735222373,109.6676
93.64981817334402,109.6676
92.30867899446429,109.6676
92.30867899446429,109.6676
92.30867899446429,109.6676
89.62640063670484,109.6676
88.3810571134594,109.6676
85.8903700669685,109.6676
84.64502654372305,109.6676
84.64502654372305,109.6676
85.21980047752865,109.66953
85.21980047752865,109.67182
88.3810571134594,109.67281
87.13571359021395,109.6676
87.71048752401954,109.6676
88.955831047265,109.6676
88.3810571134594,109.66857
123.34647141996633,109.66971
122.38851486362367,109.670204
125.26238453265164,109.6676
126.22034108899427,109.6676
124.30442797630897,109.66857
121.43055830728099,109.66971
120.47260175093835,109.670204
120.47260175093835,109.6676
119.51464519459569,109.6676
117.59873208191038,109.6676
116.64077552556775,109.6676
116.64077552556775,109.6676
116.64077552556775,109.6676
116.64077552556775,109.6676
115.68281896922507,109.6676
113.57531454527121,109.6676
112.23417536639153,109.6676
110.8930361875118,109.6676
111.56360577695166,109.6676
116.64077552556775,109.6676
112.90474495583138,109.6676
110.8930361875118,109.6676
109.55189700863208,109.6676
107.63598389594677,109.6676
115.68281896922507,109.6676
120.47260175093835,109.66791
112.23417536639153,109.68198
115.68281896922507,109.69938
117.59873208191038,109.70667
116.64077552556775,109.670204
116.64077552556775,109.6676
115.68281896922507,109.6676
123.34647141996633,109.66991
113.57531454527121,109.67263
112.13837971075725,109.67381
111.37201446568312,109.6676
110.70144487624329,109.6676
110.70144487624329,109.6676
109.16871438609503,109.6676
109.16871438609503,109.6676
107.73177955158104,109.6676
106.96541430650693,109.6676
106.19904906143279,109.6676
104.76211422691881,109.6676
105.52847947199294,109.6676
104.76211422691881,109.6676
103.42097504803908,109.6676
101.9840402135251,109.6676
102.65460980296496,109.6676
101.9840402135251,109.6676
100.54710537901114,109.6676
103.42097504803908,109.6676
102.65460980296496,109.6676
101.9840402135251,109.6676
101.31347062408527,109.6676
100.54710537901114,109.6676
107.73177955158104,109.6676
110.41405790934047,109.6676
109.7434883199006,109.6676
107.73177955158104,109.678604
106.39064037270131,109.69168
109.7434883199006,109.697365
111.85099274385446,109.6676
113.86270151217403,109.68552
111.08462749878034,109.706764
108.40234914102092,109.71531
106.39064037270131,109.6676
107.73177955158104,109.6676
113.86270151217403,109.6676
111.08462749878034,109.6676
107.06120996214118,109.6676
105.04950119382161,109.6676
103.80415767057615,109.6676
102.55881414733071,109.6676
100.64290103464539,109.6676
99.97233144520553,109.671005
98.72698792196009,109.675064
97.48164439871461,109.67681
97.48164439871461,109.6676
94.89516169658945,109.6676
93.64981817334402,109.6676
93.64981817334402,109.6676
92.40447465009855,109.6676
92.40447465009855,109.6676
93.64981817334402,109.6676
114.05429282344258,109.6676
112.23417536639153,109.6676
110.41405790934047,109.6676
106.39064037270131,109.6676
105.04950119382161,109.6676
104.66631857128453,109.6676
102.94199676986776,109.6676
102.94199676986776,109.6676
102.55881414733071,109.6676
103.32517939240482,109.6676
104.66631857128453,109.6676
107.73177955158104,109.6676
105.52847947199294,109.6676
103.80415767057615,109.6676
102.55881414733071,109.6676
102.55881414733071,109.6676
101.69665324662232,109.6676
100.45130972337685,109.67175
98.72698792196009,109.676674
98.72698792196009,109.67882
97.48164439871461,109.6676
102.07983586915937,109.6676
101.21767496845099,109.6676
99.97233144520553,109.6676
100.8344923459139,109.6676
103.80415767057615,109.6676
103.80415767057615,109.66775
102.55881414733071,109.67916
105.14529684945587,109.69256
102.07983586915937,109.69796
110.41405790934047,109.6676
96.56200610462567,109.6676
101.69665324662232,109.6676
101.50506193535378,109.6676
124.30442797630897,109.6676
125.26238453265164,109.6676
117.59873208191038,109.66783
115.68281896922507,109.6726
114.05429282344258,109.67823
118.55668863825305,109.68014
450.22969414423966,109.66801
450.22969414423966,109.69419
450.22969414423966,109.72711
450.22969414423966,109.738434
450.22969414423966,109.6676
450.22969414423966,109.6676
450.22969414423966,109.6676
450.22969414423966,109.6676
450.22969414423966,109.6676
450.22969414423966,109.6676
450.22969414423966,109.6676
450.22969414423966,109.6676
450.22969414423966,109.6676
450.22969414423966,109.6676
450.22969414423966,109.67941
450.22969414423966,109.69418
450.22969414423966,109.701126
450.22969414423966,109.669685
450.22969414423966,109.69241
450.22969414423966,109.72239
450.22969414423966,109.73378
450.22969414423966,109.66961
450.22969414423966,109.6676
450.22969414423966,109.6676
450.22969414423966,109.6676
450.22969414423966,109.6676
450.22969414423966,109.6676
450.22969414423966,109.6676
112.32997102202577,109.6676
113.00054061146565,109.6676
113.3837232340027,109.6676
107.44439258467824,109.6676
106.29484471706705,109.6676
101.60085759098803,109.6676
115.68281896922507,109.6676
133.88399353973554,109.6676
144.42151565950473,109.69963
127.17829764533694,109.748085
118.55668863825305,109.7714
117.59873208191038,109.686
107.34859692904399,109.6676
98.34380529942302,109.6676
116.64077552556775,109.6676
122.38851486362367,109.6676
135.79990665242084,109.6676
133.88399353973554,109.6676
135.79990665242084,109.6676
141.54764599047675,109.6676
133.88399353973554,109.6676
132.92603698339286,109.6676
128.13625420167958,109.6676
129.09421075802226,109.6676
123.34647141996633,109.6676
127.17829764533694,109.6676
127.17829764533694,109.6676
120.47260175093835,109.6676
123.34647141996633,109.6676
120.47260175093835,109.6676
115.68281896922507,109.6676
129.09421075802226,109.6676
126.22034108899427,109.6676
112.04258405512299,109.6676
119.51464519459569,109.6676
118.55668863825305,109.6676
122.38851486362367,109.6676
100.45130972337685,109.6676
121.43055830728099,109.6676
127.17829764533694,109.6676
125.26238453265164,109.6676
115.68281896922507,109.6676
127.17829764533694,109.6676
134.84195009607816,109.6676
120.47260175093835,109.6676
135.79990665242084,109.6676
134.84195009607816,109.6676
125.26238453265164,109.67219
122.38851486362367,109.67765
119.51464519459569,109.680016
114.24588413471109,109.6676
139.63173287779145,109.6676
136.75786320876347,109.6676
130.05216731436488,109.6676
132.92603698339286,109.66827
116.64077552556775,109.67069
123.34647141996633,109.67298
109.2645100417293,109.67201
107.06120996214118,109.6676
113.57531454527121,109.6676
121.43055830728099,109.6676
129.09421075802226,109.6676
137.71581976510615,109.67359
115.68281896922507,109.680725
128.13625420167958,109.683815
125.26238453265164,109.6676
118.55668863825305,109.6676
114.62906675724814,109.6676
118.55668863825305,109.6676
122.38851486362367,109.67403
119.51464519459569,109.681694
118.55668863825305,109.685005
117.59873208191038,109.6676
122.38851486362367,109.6676
119.51464519459569,109.6676
124.30442797630897,109.6676
122.38851486362367,109.6676
113.47951888963696,109.6676
114.7248624128824,109.6676
114.7248624128824,109.6676
114.7248624128824,109.6676
110.31826225370622,109.6676
128.13625420167958,109.6676
134.84195009607816,109.6676
123.34647141996633,109.66775
121.43055830728099,109.66793
111.08462749878034,109.66801
112.42576667766004,109.6676
130.05216731436488,109.6676
123.34647141996633,109.6676
125.26238453265164,109.6676
122.38851486362367,109.6676
125.26238453265164,109.6676
121.43055830728099,109.6676
121.43055830728099,109.6676
122.38851486362367,109.6676
116.64077552556775,109.6676
125.26238453265164,109.6676
123.34647141996633,109.6676
122.38851486362367,109.6676
107.15700561777544,109.6676
104.85790988255307,109.6676
119.51464519459569,109.6676
111.56360577695166,109.6676
114.43747544597963,109.6676
117.59873208191038,109.6676
133.88399353973554,109.6676
105.24109250509012,109.6676
111.65940143258591,109.6676
120.47260175093835,109.6676
110.70144487624329,109.66872
105.24109250509012,109.67018
100.16392275647407,109.67094
104.66631857128453,109.674286
253.62856308256744,109.683205
215.3103008288612,109.68865
172.20225579344174,109.73365
141.54764599047675,109.81331
111.1804231544146,109.84586
119.51464519459569,109.6676
128.13625420167958,109.6676
118.55668863825305,109.6676
118.55668863825305,109.6676
123.34647141996633,109.6676
112.71315364456284,109.6676
108.49814479665517,109.6676
117.59873208191038,109.6676
113.00054061146565,109.6676
113.28792757836845,109.675064
142.50560254681943,109.683945
140.58968943413413,109.687805
131.96808042705024,109.6676
122.38851486362367,109.6676
114.62906675724814,109.6676
137.71581976510615,109.6676
121.43055830728099,109.6676
119.51464519459569,109.6676
117.59873208191038,109.6676
117.59873208191038,109.6676
120.47260175093835,109.6676
111.94678839948872,109.6676
109.7434883199006,109.6676
113.57531454527121,109.6676
111.94678839948872,109.6676
114.7248624128824,109.6676
116.64077552556775,109.6676
126.22034108899427,109.6676
134.84195009607816,109.6676
122.38851486362367,109.6676
121.43055830728099,109.67312
120.47260175093835,109.67967
113.95849716780832,109.682526
116.64077552556775,109.6676
116.64077552556775,109.6676
115.68281896922507,109.6676
119.51464519459569,109.6676
116.64077552556775,109.6676
114.7248624128824,109.6676
106.19904906143279,109.6676
100.25971841210834,109.6676
91.1591311268531,109.6676
97.76903136561742,109.6676
102.17563152479364,109.6676
102.55881414733071,109.6676
95.3741399747608,109.67758
85.41139178879718,109.68942
95.46993563039506,109.69458
97.0026661205433,109.6676
96.81107480927477,109.6676
104.09154463747895,109.6676
92.30867899446429,109.67145
96.81107480927477,109.67603
97.48164439871461,109.67802
87.99787449092234,109.6676
96.90687046490905,109.6676
96.81107480927477,109.6676
94.32038776278387,109.6676
96.81107480927477,109.6676
91.63810940502444,109.6676
92.69186161700135,109.6676
88.0936701465566,109.6676
90.20117457051045,109.6676
89.81799194797338,109.6676
89.81799194797338,109.6676
90.8717441599503,109.6676
76.78978278171327,109.6676
101.12187931281672,109.6676
101.69665324662232,109.6676
117.59873208191038,109.6676
113.67111020090552,109.6676
105.81586643889574,109.6676
112.90474495583138,109.6676
111.65940143258591,109.6676
101.88824455789083,109.6676
110.79724053187753,109.6676
111.94678839948872,109.6676
145.37947221584736,109.676834
144.42151565950473,109.71342
129.09421075802226,109.74919
123.34647141996633,109.73522
117.59873208191038,109.6676
117.59873208191038,109.67204
111.37201446568312,109.67733
116.64077552556775,109.67962
112.04258405512299,109.6676
111.75519708822021,109.6676
115.68281896922507,109.6676
112.13837971075725,109.6676
106.77382299523838,109.6676
109.83928397553488,109.6676
104.85790988255307,109.6676
104.09154463747895,109.66783
103.42097504803908,109.6681
92.78765727263561,109.66821
125.26238453265164,109.6676
118.55668863825305,109.6676
132.92603698339286,109.6676
126.22034108899427,109.6676
119.51464519459569,109.6676
112.13837971075725,109.6676
124.30442797630897,109.6676
112.61735798892859,109.6676
121.43055830728099,109.6676
120.47260175093835,109.6676
121.43055830728099,109.6676
122.38851486362367,109.6676
103.03779242550202,109.6676
121.43055830728099,109.6676
123.34647141996633,109.6676
103.03779242550202,109.6676
142.50560254681943,109.6676
137.71581976510615,109.676834
131.96808042705024,109.70071
123.34647141996633,109.720856
119.51464519459569,109.70264
114.53327110161389,109.6676
123.34647141996633,109.6676
124.30442797630897,109.6676
119.51464519459569,109.6676
123.34647141996633,109.6676
114.7248624128824,109.6676
120.47260175093835,109.6676
99.30176185576566,109.6676
100.64290103464539,109.6676
104.85790988255307,109.6676
106.19904906143279,109.6676
107.73177955158104,109.6676
98.53539661069154,109.6676
102.07983586915937,109.6676
124.30442797630897,109.6676
114.15008847907683,109.6676
135.79990665242084,109.69409
115.68281896922507,109.75457
111.56360577695166,109.798965
102.55881414733071,109.73915
105.72007078326145,109.6676
107.8275752072153,109.6676
111.08462749878034,109.6676
113.47951888963696,109.6676
113.47951888963696,109.6676
112.52156233329433,109.66775
107.63598389594677,109.66793
101.60085759098803,109.66801
99.78074013393702,109.6676
109.07291873046074,109.6676
103.42097504803908,109.6676
105.3368881607244,109.6676
103.42097504803908,109.6676
102.55881414733071,109.6676
103.03779242550202,109.6676
100.35551406774259,109.6676
102.07983586915937,109.6676
104.47472726001601,109.6676
101.12187931281672,109.6676
99.30176185576566,109.6676
101.12187931281672,109.6676
125.26238453265164,109.6676
148.25334188487534,109.6676
134.84195009607816,109.6676
110.98883184314606,109.6676
108.59394045228942,109.6676
115.68281896922507,109.6676
106.77382299523838,109.6676
110.79724053187753,109.6676
108.6897361079237,109.6676
112.8089493001971,109.6676
101.60085759098803,109.6676
107.25280127340972,109.6676
117.59873208191038,109.6676
157.8329074483019,109.6676
119.51464519459569,109.6676
119.51464519459569,109.6676
116.64077552556775,109.6676
121.43055830728099,109.6676
111.94678839948872,109.6676
106.67802733960411,109.6676
110.70144487624329,109.6676
115.68281896922507,109.6676
119.51464519459569,109.6676
124.30442797630897,109.6676
124.30442797630897,109.6676
149.21129844121802,109.6676
146.33742877219004,109.6676
145.37947221584736,109.6676
143.46355910316205,109.6676
143.46355910316205,109.6676
142.50560254681943,109.6676
142.50560254681943,109.6676
145.37947221584736,109.6676
127.17829764533694,109.6676
131.01012387070756,109.6676
115.68281896922507,109.66798
110.98883184314606,109.66841
125.26238453265164,109.66861
140.58968943413413,109.66887
147.29538532853272,109.67959
151.12721155390332,109.70621
138.67377632144883,109.7384
137.71581976510615,109.73507
125.26238453265164,109.70108
138.67377632144883,109.6676
128.13625420167958,109.6676
128.13625420167958,109.6676
118.55668863825305,109.6676
121.43055830728099,109.6676
116.64077552556775,109.6676
118.55668863825305,109.6676
120.47260175093835,109.68141
131.01012387070756,109.69779
130.05216731436488,109.704765
133.88399353973554,109.6676
132.92603698339286,109.6676
134.84195009607816,109.67698
131.96808042705024,109.68814
131.01012387070756,109.69298
114.05429282344258,109.6676
126.22034108899427,109.6676
124.30442797630897,109.6676
115.68281896922507,109.6676
115.68281896922507,109.6676
115.68281896922507,109.6676
118.55668863825305,109.6676
120.47260175093835,109.6676
128.13625420167958,109.6676
118.55668863825305,109.6676
126.22034108899427,109.6676
140.58968943413413,109.6676
129.09421075802226,109.66939
124.30442797630897,109.6715
114.7248624128824,109.67242
122.38851486362367,109.6676
138.67377632144883,109.6676
136.75786320876347,109.6676
135.79990665242084,109.6676
135.79990665242084,109.67367
116.64077552556775,109.68205
118.55668863825305,109.6866
120.47260175093835,109.670815
128.13625420167958,109.6676
124.30442797630897,109.6676
122.38851486362367,109.6676
122.38851486362367,109.6676
122.38851486362367,109.6676
116.64077552556775,109.6676
122.38851486362367,109.67064
131.01012387070756,109.674255
113.57531454527121,109.67582
109.55189700863208,109.6676
101.50506193535378,109.6676
100.73869669027965,109.6676
98.72698792196009,109.6676
98.43960095505729,109.6676
121.43055830728099,109.6676
104.76211422691881,109.6676
105.81586643889574,109.6676
105.04950119382161,109.6676
93.9372051402468,109.6676
89.14742235853352,109.6702
93.84140948461254,109.67329
108.1149621741181,109.674614
109.83928397553488,109.6676
104.28313594874747,109.6676
96.81107480927477,109.6676
91.35072243812162,109.6676
130.05216731436488,109.6676
119.51464519459569,109.6676
126.22034108899427,109.6676
133.88399353973554,109.6676
118.55668863825305,109.6676
117.59873208191038,109.6676
116.64077552556775,109.6676
115.68281896922507,109.6676
121.43055830728099,109.6676
120.47260175093835,109.6676
120.47260175093835,109.6676
104.66631857128453,109.6676
126.22034108899427,109.6676
102.55881414733071,109.6676
107.44439258467824,109.6676
114.24588413471109,109.6676
111.85099274385446,109.6676
114.7248624128824,109.6676
113.00054061146565,109.6676
110.31826225370622,109.6676
114.62906675724814,109.6676
119.51464519459569,109.6676
116.64077552556775,109.6676
111.85099274385446,109.6676
99.87653578957128,109.6676
110.12667094243767,109.6676
115.68281896922507,109.6676
112.04258405512299,109.6676
137.71581976510615,109.6676
138.67377632144883,109.6676
135.79990665242084,109.6676
126.22034108899427,109.6676
131.01012387070756,109.6676
123.34647141996633,109.6676
127.17829764533694,109.6676
124.30442797630897,109.6676
122.38851486362367,109.6676
113.0963362670999,109.6676
116.64077552556775,109.6676
119.51464519459569,109.6676
122.38851486362367,109.6676
125.26238453265164,109.6676
128.13625420167958,109.675064
116.64077552556775,109.683945
120.47260175093835,109.687805
105.14529684945587,109.6676
101.12187931281672,109.6676
108.01916651848383,109.6676
108.97712307482648,109.6676
118.55668863825305,109.6676
120.47260175093835,109.6676
121.43055830728099,109.6676
107.92337086284958,109.6676
117.59873208191038,109.6676
109.93507963116916,109.6676
110.41405790934047,109.6676
145.37947221584736,109.6676
144.42151565950473,109.6676
144.42151565950473,109.6676
147.29538532853272,109.6676
154.0010812229313,109.6676
148.25334188487534,109.6676
155.9169943356166,109.6676
168.3704295680711,109.6676
199.98299592737877,109.67388
231.59556228668635,109.70589
174.11816890612704,109.76869
162.6226902300152,109.79856
162.6226902300152,109.74645
153.04312466658862,109.6676
178.90795168784032,109.6676
159.7488205609872,109.6676
165.49655989904312,109.676544
152.08516811024595,109.69091
154.95903777927393,109.70294
144.42151565950473,109.68429
155.9169943356166,109.67709
154.0010812229313,109.67085
152.08516811024595,109.671616
145.37947221584736,109.6676
148.25334188487534,109.6676
144.42151565950473,109.6676
149.21129844121802,109.6676
159.7488205609872,109.6676
88.76423973599647,109.67204
88.76423973599647,109.70066
90.00958325924192,109.71177
97.38584874308036,109.72029
97.38584874308036,109.72029
98.72698792196009,109.72493
94.89516169658945,109.73298
94.89516169658945,109.73947
93.74561382897826,109.72917
93.74561382897826,109.72854
93.74561382897826,109.72029
93.74561382897826,109.72029
93.74561382897826,109.72029
96.14050521983492,109.72029
98.72698792196009,109.72029
98.72698792196009,109.72029
100.06812710083979,109.73149
97.38584874308036,109.752914
97.38584874308036,109.765625
97.38584874308036,109.73483
94.89516169658945,109.736465
94.89516169658945,109.75292
94.89516169658945,109.75168
94.89516169658945,109.72492
94.89516169658945,109.72726
92.50027030573281,109.72323
92.50027030573281,109.72086
92.50027030573281,109.72178
94.89516169658945,109.72213
100.45130972337685,109.721436
99.39755751139994,109.72327
97.19425743181185,109.72396
96.14050521983492,109.72029
95.18254866349224,109.72029
95.18254866349224,109.72029
95.18254866349224,109.72029
94.12879645151534,109.72029
92.11708768319576,109.72029
91.1591311268531,109.72029
90.20117457051045,109.72029
90.20117457051045,109.7215
89.14742235853352,109.72341
90.20117457051045,109.724144
90.20117457051045,109.72029
88.18946580219087,109.72029
88.18946580219087,109.72029
86.1777570338713,109.72029
86.1777570338713,109.72029
86.1777570338713,109.72029
88.18946580219087,109.72029
86.1777570338713,109.72029
85.21980047752865,109.72029
84.35763957682025,109.72029
85.21980047752865,109.72029
85.21980047752865,109.72029
83.3996830204776,109.72029
82.44172646413493,109.72029
139.63173287779145,109.72029
139.63173287779145,109.72029
137.71581976510615,109.72379
131.96808042705024,109.72934
131.96808042705024,109.73147
132.92603698339286,109.72029
130.05216731436488,109.72488
127.17829764533694,109.73215
126.22034108899427,109.73494
126.22034108899427,109.72086
124.30442797630897,109.7223
124.30442797630897,109.723465
124.30442797630897,109.72195
123.34647141996633,109.72029
121.43055830728099,109.72029
119.51464519459569,109.72029
119.51464519459569,109.72029
124.30442797630897,109.72029
119.51464519459569,109.72029
117.59873208191038,109.72029
116.64077552556775,109.72029
116.64077552556775,109.72029
114.7248624128824,109.72029
113.86270151217403,109.72029
112.71315364456284,109.72029
111.56360577695166,109.72029
111.56360577695166,109.72029
111.56360577695166,109.72029
102.55881414733071,109.72029
101.50506193535378,109.72419
100.45130972337685,109.73727
98.24800964378873,109.75061
97.19425743181185,109.74244
96.14050521983492,109.72029
96.14050521983492,109.72029
96.14050521983492,109.72029
94.12879645151534,109.72029
94.12879645151534,109.72029
92.11708768319576,109.72029
91.1591311268531,109.72029
91.1591311268531,109.72029
91.1591311268531,109.72029
91.1591311268531,109.72029
90.20117457051045,109.72029
88.18946580219087,109.72029
86.1777570338713,109.72029
86.1777570338713,109.72029
86.1777570338713,109.72029
84.35763957682025,109.72029
84.35763957682025,109.72029
85.21980047752865,109.72179
86.1777570338713,109.72416
86.1777570338713,109.72506
88.18946580219087,109.72029
86.1777570338713,109.72029
86.1777570338713,109.72029
90.48856153741325,109.72029
91.63810940502444,109.72029
90.48856153741325,109.72029
89.33901366980206,109.72029
88.0936701465566,109.72029
85.79457441133422,109.72029
84.64502654372305,109.72029
84.64502654372305,109.72029
84.64502654372305,109.72029
85.79457441133422,109.72064
85.79457441133422,109.721176
84.64502654372305,109.7214
84.64502654372305,109.72029
82.2501351528664,109.72029
81.10058728525523,109.72029
81.10058728525523,109.72029
79.95103941764404,109.72029
79.95103941764404,109.72029
78.89728720566713,109.72029
79.95103941764404,109.72029
84.64502654372305,109.72029
84.64502654372305,109.72344
79.95103941764404,109.72845
78.89728720566713,109.73038
77.84353499369018,109.72029
76.78978278171327,109.72029
75.73603056973636,109.72029
75.73603056973636,109.72029
75.73603056973636,109.72029
107.25280127340972,109.72029
107.25280127340972,109.72029
107.92337086284958,109.72029
105.81586643889574,109.72603
107.25280127340972,109.7351
107.25280127340972,109.73861
107.25280127340972,109.72029
105.81586643889574,109.723274
105.81586643889574,109.72801
103.1335880811363,109.73109
103.70836201494188,109.72356
102.46301849169645,109.72433
101.79244890225658,109.72029
101.79244890225658,109.72029
100.54710537901114,109.72029
99.30176185576566,109.72029
101.79244890225658,109.72029
101.79244890225658,109.720695
101.21767496845099,109.72133
100.54710537901114,109.72157
101.21767496845099,109.72029
101.79244890225658,109.72029
100.54710537901114,109.72029
99.30176185576566,109.72029
105.81586643889574,109.72029
105.14529684945587,109.72029
101.79244890225658,109.72029
101.79244890225658,109.72029
450.22969414423966,109.72029
450.22969414423966,109.72029
450.22969414423966,109.72029
450.22969414423966,109.72029
450.22969414423966,109.72029
450.22969414423966,109.72029
450.22969414423966,109.72029
450.22969414423966,109.72029
450.22969414423966,109.72029
450.22969414423966,109.72029
450.22969414423966,109.72029
139.63173287779145,109.720345
131.01012387070756,109.73481
126.22034108899427,109.75762
127.17829764533694,109.76622
131.96808042705024,109.72047
127.17829764533694,109.73188
123.34647141996633,109.75122
121.43055830728099,109.76001
121.43055830728099,109.725426
119.51464519459569,109.72029
119.51464519459569,109.72029
118.55668863825305,109.72029
115.68281896922507,109.72029
112.71315364456284,109.72029
109.55189700863208,109.72029
108.6897361079237,109.72029
108.1149621741181,109.72029
133.88399353973554,109.72029
136.75786320876347,109.72029
139.63173287779145,109.72029
137.71581976510615,109.72029
137.71581976510615,109.72029
137.71581976510615,109.72247
136.75786320876347,109.72592
135.79990665242084,109.72726
135.79990665242084,109.72029
135.79990665242084,109.72029
136.75786320876347,109.72029
133.88399353973554,109.720406
133.88399353973554,109.72058
133.88399353973554,109.720665
133.88399353973554,109.72029
133.88399353973554,109.72029
133.88399353973554,109.72029
135.79990665242084,109.72029
135.79990665242084,109.72029
132.92603698339286,109.72259
131.01012387070756,109.72623
128.13625420167958,109.72763
127.17829764533694,109.72029
127.17829764533694,109.72029
125.26238453265164,109.72029
124.30442797630897,109.72029
124.30442797630897,109.72029
124.30442797630897,109.72029
111.4678101213174,109.72029
111.4678101213174,109.72029
112.90474495583138,109.72029
111.4678101213174,109.72029
110.03087528680341,109.72029
112.90474495583138,109.72029
114.34167979034534,109.72029
115.68281896922507,109.72029
114.34167979034534,109.72029
112.90474495583138,109.72029
112.90474495583138,109.72029
111.4678101213174,109.72029
111.4678101213174,109.72029
108.59394045228942,109.72029
110.03087528680341,109.72029
108.59394045228942,109.720406
108.59394045228942,109.72461
107.25280127340972,109.73103
107.25280127340972,109.733116
104.37893160438175,109.721436
104.37893160438175,109.72327
105.81586643889574,109.72396
108.59394045228942,109.72029
108.59394045228942,109.723854
111.4678101213174,109.729485
110.03087528680341,109.73319
105.81586643889574,109.724304
104.37893160438175,109.725365
105.81586643889574,109.72058
87.90207883528808,109.720665
87.90207883528808,109.72029
85.98616572260276,109.72029
85.02820916626011,109.72029
83.97445695428318,109.72029
83.97445695428318,109.72029
83.01650039794053,109.72029
79.08887851693564,109.72029
78.13092196059299,109.72029
77.2687610598846,109.72029
77.2687610598846,109.72029
76.40660015917621,109.72029
74.58648270212517,109.72029
73.72432180141679,109.72029
73.72432180141679,109.72029
72.86216090070839,109.72029
72.0,109.72029
72.0,109.72029
72.86216090070839,109.72029
79.08887851693564,109.72029
79.08887851693564,109.722015
76.40660015917621,109.72474
75.54443925846782,109.72579
74.58648270212517,109.72029
73.72432180141679,109.72029
74.58648270212517,109.72029
73.72432180141679,109.72029
74.58648270212517,109.72029
106.77382299523838,109.72029
105.24109250509012,109.72029
103.70836201494188,109.72029
100.54710537901114,109.72029
106.77382299523838,109.734665
103.70836201494188,109.75744
102.07983586915937,109.76622
100.54710537901114,109.72029
99.01437488886286,109.72029
99.01437488886286,109.72029
97.48164439871461,109.72029
97.48164439871461,109.72029
94.41618341841813,109.72688
93.07504423953841,109.74864
91.63810940502444,109.7728
90.29697022614472,109.762245
88.86003539163073,109.72707
88.86003539163073,109.72603
90.29697022614472,109.7351
90.29697022614472,109.74202
88.86003539163073,109.73744
88.86003539163073,109.75267
88.86003539163073,109.74681
90.29697022614472,109.72029
90.29697022614472,109.72029
88.86003539163073,109.72029
93.07504423953841,109.72029
94.41618341841813,109.72029
106.77382299523838,109.72029
105.24109250509012,109.72029
103.70836201494188,109.72029
100.54710537901114,109.72029
106.77382299523838,109.72029
103.70836201494188,109.722305
102.07983586915937,109.72549
100.54710537901114,109.726715
99.01437488886286,109.72029
99.01437488886286,109.72029
97.48164439871461,109.72029
97.48164439871461,109.72029
94.41618341841813,109.72029
93.07504423953841,109.72029
91.63810940502444,109.72029
90.29697022614472,109.72029
88.86003539163073,109.72029
88.86003539163073,109.72029
90.29697022614472,109.72029
90.29697022614472,109.72029
88.86003539163073,109.72029
88.86003539163073,109.72029
88.86003539163073,109.72029
90.29697022614472,109.72029
90.29697022614472,109.72029
88.86003539163073,109.72029
93.07504423953841,109.72029
105.24109250509012,109.72029
131.96808042705024,109.73319
133.88399353973554,109.758705
130.05216731436488,109.77471
128.13625420167958,109.73678
124.30442797630897,109.72029
128.13625420167958,109.72029
126.22034108899427,109.72029
139.63173287779145,109.72029
141.54764599047675,109.73002
133.88399353973554,109.745415
120.47260175093835,109.75136
124.30442797630897,109.72029
120.47260175093835,109.72029
116.64077552556775,109.72029
120.47260175093835,109.72029
118.55668863825305,109.72029
116.64077552556775,109.72029
116.64077552556775,109.72029
112.8089493001971,109.72029
110.8930361875118,109.72029
108.97712307482648,109.72029
108.97712307482648,109.72029
108.97712307482648,109.72029
107.06120996214118,109.72029
107.06120996214118,109.72029
105.14529684945587,109.72029
105.14529684945587,109.72029
105.14529684945587,109.72029
108.97712307482648,109.72029
99.39755751139994,109.72029
97.48164439871461,109.72029
95.5657312860293,109.72344
94.12879645151534,109.72845
94.12879645151534,109.73038
94.12879645151534,109.72029
92.69186161700135,109.72029
91.25492678248737,109.72029
89.81799194797338,109.72029
101.31347062408527,109.72029
108.97712307482648,109.72029
97.48164439871461,109.72029
94.12879645151534,109.72029
97.48164439871461,109.72029
103.22938373677057,109.72029
103.22938373677057,109.72029
99.39755751139994,109.72029
99.39755751139994,109.72029
92.69186161700135,109.72029
91.25492678248737,109.72242
89.81799194797338,109.72578
88.3810571134594,109.72988
85.50718744443144,109.72756
84.07025260991746,109.72927
82.63331777540347,109.72029
84.07025260991746,109.72029
86.94412227894543,109.72029
86.94412227894543,109.72029
106.77382299523838,109.72029
103.70836201494188,109.72488
102.07983586915937,109.73215
100.54710537901114,109.73494
99.01437488886286,109.72029
99.01437488886286,109.72029
95.94891390856638,109.72029
94.41618341841813,109.72029
102.07983586915937,109.72029
127.17829764533694,109.72029
125.26238453265164,109.730865
116.64077552556775,109.74875
109.83928397553488,109.75703
100.54710537901114,109.72396
97.48164439871461,109.72029
97.48164439871461,109.72029
95.94891390856638,109.72029
94.41618341841813,109.72086
93.07504423953841,109.72178
91.63810940502444,109.72213
90.29697022614472,109.72029
90.29697022614472,109.72029
100.54710537901114,109.72029
94.41618341841813,109.72374
94.41618341841813,109.729195
91.63810940502444,109.73129
88.86003539163073,109.72029
87.518896212751,109.72029
97.48164439871461,109.72029
97.48164439871461,109.72029
97.48164439871461,109.72029
95.5657312860293,109.72029
94.12879645151534,109.72029
95.5657312860293,109.72029
95.5657312860293,109.72029
94.12879645151534,109.72029
92.69186161700135,109.72029
95.5657312860293,109.72029
95.5657312860293,109.72029
95.5657312860293,109.72029
95.5657312860293,109.72029
94.12879645151534,109.72029
94.12879645151534,109.72029
99.39755751139994,109.72029
107.06120996214118,109.72098
99.39755751139994,109.72207
97.48164439871461,109.72249
94.12879645151534,109.72029
92.69186161700135,109.72029
89.81799194797338,109.72029
94.12879645151534,109.72029
110.8930361875118,109.72029
110.8930361875118,109.7385
97.48164439871461,109.776405
91.25492678248737,109.8021
92.69186161700135,109.7499
108.40234914102092,109.72029
106.19904906143279,109.72029
106.19904906143279,109.72029
104.09154463747895,109.72029
101.9840402135251,109.72029
100.54710537901114,109.72029
98.53539661069154,109.72029
97.09846177617754,109.72029
97.09846177617754,109.72029
123.34647141996633,109.72029
161.66473367367252,109.721436
204.772778709092,109.73524
160.70677711732986,109.77259
140.58968943413413,109.807785
130.05216731436488,109.78612
127.17829764533694,109.730736
122.38851486362367,109.72029
117.59873208191038,109.724655
113.57531454527121,109.73156
114.34167979034534,109.73421
112.90474495583138,109.72029
109.93507963116916,109.72029
106.96541430650693,109.72029
106.19904906143279,109.72299
104.09154463747895,109.727264
122.38851486362367,109.72891
122.38851486362367,109.72488
161.66473367367252,109.73483
134.84195009607816,109.74837
104.76211422691881,109.74575
103.42097504803908,109.74116
102.65460980296496,109.72029
101.9840402135251,109.72029
104.09154463747895,109.72029
101.9840402135251,109.72116
100.54710537901114,109.72252
99.20596620013141,109.72304
98.53539661069154,109.72029
97.09846177617754,109.72029
96.42789218673772,109.72029
94.99095735222373,109.72029
93.64981817334402,109.72029
92.30867899446429,109.72029
92.30867899446429,109.72029
92.30867899446429,109.72029
89.62640063670484,109.72029
88.3810571134594,109.72029
85.8903700669685,109.72029
84.64502654372305,109.72029
84.64502654372305,109.72029
85.21980047752865,109.72029
85.21980047752865,109.72029
88.3810571134594,109.72029
87.13571359021395,109.722755
87.71048752401954,109.72667
88.955831047265,109.72818
88.3810571134594,109.72029
123.34647141996633,109.72029
122.38851486362367,109.72029
125.26238453265164,109.72029
126.22034108899427,109.72029
124.30442797630897,109.72029
121.43055830728099,109.72029
120.47260175093835,109.72029
120.47260175093835,109.72029
119.51464519459569,109.72029
117.59873208191038,109.72029
116.64077552556775,109.72029
116.64077552556775,109.72029
116.64077552556775,109.72029
116.64077552556775,109.72029
115.68281896922507,109.72029
113.57531454527121,109.72029
112.23417536639153,109.72029
110.8930361875118,109.72029
111.56360577695166,109.72029
116.64077552556775,109.72029
112.90474495583138,109.72029
110.8930361875118,109.72029
109.55189700863208,109.72029
107.63598389594677,109.72029
115.68281896922507,109.72029
120.47260175093835,109.721436
112.23417536639153,109.72933
115.68281896922507,109.73965
117.59873208191038,109.7397
116.64077552556775,109.72029
116.64077552556775,109.72029
115.68281896922507,109.72029
123.34647141996633,109.72029
113.57531454527121,109.72029
112.13837971075725,109.72029
111.37201446568312,109.72029
110.70144487624329,109.72029
110.70144487624329,109.72029
109.16871438609503,109.72029
109.16871438609503,109.72029
107.73177955158104,109.72029
106.96541430650693,109.72029
106.19904906143279,109.72029
104.76211422691881,109.72029
105.52847947199294,109.72029
104.76211422691881,109.72029
103.42097504803908,109.72029
101.9840402135251,109.72029
102.65460980296496,109.72029
101.9840402135251,109.72029
100.54710537901114,109.72086
103.42097504803908,109.72178
102.65460980296496,109.72213
101.9840402135251,109.72029
101.31347062408527,109.72029
100.54710537901114,109.72029
107.73177955158104,109.72029
110.41405790934047,109.72029
109.7434883199006,109.72029
107.73177955158104,109.72029
106.39064037270131,109.72029
109.7434883199006,109.72029
111.85099274385446,109.72029
113.86270151217403,109.72029
111.08462749878034,109.72476
108.40234914102092,109.73186
106.39064037270131,109.73458
107.73177955158104,109.72029
113.86270151217403,109.72029
111.08462749878034,109.72029
107.06120996214118,109.724594
105.04950119382161,109.731415
103.80415767057615,109.73403
102.55881414733071,109.72029
100.64290103464539,109.72029
99.97233144520553,109.72029
98.72698792196009,109.72029
97.48164439871461,109.72029
97.48164439871461,109.72029
94.89516169658945,109.72029
93.64981817334402,109.72029
93.64981817334402,109.72029
92.40447465009855,109.72029
92.40447465009855,109.72029
93.64981817334402,109.72029
114.05429282344258,109.72029
112.23417536639153,109.72029
110.41405790934047,109.72029
106.39064037270131,109.72029
105.04950119382161,109.72029
104.66631857128453,109.72029
102.94199676986776,109.72029
102.94199676986776,109.72029
102.55881414733071,109.72029
103.32517939240482,109.72029
104.66631857128453,109.72029
107.73177955158104,109.72029
105.52847947199294,109.72029
103.80415767057615,109.72029
102.55881414733071,109.72029
102.55881414733071,109.72029
101.69665324662232,109.72029
100.45130972337685,109.72029
98.72698792196009,109.72029
98.72698792196009,109.72029
97.48164439871461,109.72029
102.07983586915937,109.72029
101.21767496845099,109.72259
99.97233144520553,109.72623
100.8344923459139,109.72763
103.80415767057615,109.72029
103.80415767057615,109.72179
102.55881414733071,109.735664
105.14529684945587,109.75485
102.07983586915937,109.757164
110.41405790934047,109.72029
96.56200610462567,109.72029
101.69665324662232,109.72029
101.50506193535378,109.72029
124.30442797630897,109.72029
125.26238453265164,109.72029
117.59873208191038,109.72029
115.68281896922507,109.72029
114.05429282344258,109.72173
118.55668863825305,109.724
450.22969414423966,109.72488
450.22969414423966,109.72029
450.22969414423966,109.729164
450.22969414423966,109.74322
450.22969414423966,109.74863
450.22969414423966,109.72029
450.22969414423966,109.72029
450.22969414423966,109.72029
450.22969414423966,109.72029
450.22969414423966,109.72029
450.22969414423966,109.72029
450.22969414423966,109.72029
450.22969414423966,109.72029
450.22969414423966,109.72029
450.22969414423966,109.72029
450.22969414423966,109.72705
450.22969414423966,109.74072
450.22969414423966,109.749565
450.22969414423966,109.74268
450.22969414423966,109.75363
450.22969414423966,109.76151
450.22969414423966,109.72029
450.22969414423966,109.72029
450.22969414423966,109.72029
450.22969414423966,109.72029
450.22969414423966,109.72029
450.22969414423966,109.72029
450.22969414423966,109.72029
112.32997102202577,109.72029
113.00054061146565,109.72029
113.3837232340027,109.72029
107.44439258467824,109.72029
106.29484471706705,109.72029
101.60085759098803,109.72029
115.68281896922507,109.72029
133.88399353973554,109.72029
144.42151565950473,109.73692
127.17829764533694,109.77073
118.55668863825305,109.79286
117.59873208191038,109.74463
107.34859692904399,109.72029
98.34380529942302,109.72029
116.64077552556775,109.73212
122.38851486362367,109.75085
135.79990665242084,109.75807
133.88399353973554,109.72029
135.79990665242084,109.72029
141.54764599047675,109.72029
133.88399353973554,109.72029
132.92603698339286,109.72029
128.13625420167958,109.72029
129.09421075802226,109.72029
123.34647141996633,109.72086
127.17829764533694,109.72178
127.17829764533694,109.72213
120.47260175093835,109.72029
123.34647141996633,109.72029
120.47260175093835,109.72029
115.68281896922507,109.72029
129.09421075802226,109.72029
126.22034108899427,109.72029
112.04258405512299,109.72029
119.51464519459569,109.72029
118.55668863825305,109.72029
122.38851486362367,109.72029
100.45130972337685,109.72344
121.43055830728099,109.72845
127.17829764533694,109.73038
125.26238453265164,109.72029
115.68281896922507,109.72029
127.17829764533694,109.72029
134.84195009607816,109.72029
120.47260175093835,109.72029
135.79990665242084,109.72029
134.84195009607816,109.72029
125.26238453265164,109.72247
122.38851486362367,109.72856
119.51464519459569,109.73408
114.24588413471109,109.72872
139.63173287779145,109.72029
136.75786320876347,109.72029
130.05216731436488,109.72029
132.92603698339286,109.72029
116.64077552556775,109.72029
123.34647141996633,109.72029
109.2645100417293,109.72029
107.06120996214118,109.72029
113.57531454527121,109.72029
121.43055830728099,109.72029
129.09421075802226,109.72029
137.71581976510615,109.721436
115.68281896922507,109.72327
128.13625420167958,109.72396
125.26238453265164,109.72029
118.55668863825305,109.72029
114.62906675724814,109.72029
118.55668863825305,109.72029
122.38851486362367,109.72029
119.51464519459569,109.72029
118.55668863825305,109.72029
117.59873208191038,109.72029
122.38851486362367,109.72029
119.51464519459569,109.72029
124.30442797630897,109.72029
122.38851486362367,109.72029
113.47951888963696,109.72029
114.7248624128824,109.72029
114.7248624128824,109.72029
114.7248624128824,109.72029
110.31826225370622,109.72029
128.13625420167958,109.72029
134.84195009607816,109.72029
123.34647141996633,109.72029
121.43055830728099,109.72029
111.08462749878034,109.72029
112.42576667766004,109.72029
130.05216731436488,109.72029
123.34647141996633,109.72029
125.26238453265164,109.72029
122.38851486362367,109.72029
125.26238453265164,109.72029
121.43055830728099,109.72029
121.43055830728099,109.72029
122.38851486362367,109.72029
116.64077552556775,109.72029
125.26238453265164,109.72029
123.34647141996633,109.72029
122.38851486362367,109.72029
107.15700561777544,109.72029
104.85790988255307,109.72029
119.51464519459569,109.72029
111.56360577695166,109.72029
114.43747544597963,109.72029
117.59873208191038,109.72029
133.88399353973554,109.72098
105.24109250509012,109.725685
111.65940143258591,109.731834
120.47260175093835,109.73246
110.70144487624329,109.721924
105.24109250509012,109.72375
100.16392275647407,109.724
104.66631857128453,109.72488
253.62856308256744,109.72311
215.3103008288612,109.7286
172.20225579344174,109.768105
141.54764599047675,109.8274
111.1804231544146,109.85305
119.51464519459569,109.734604
128.13625420167958,109.72178
118.55668863825305,109.72213
118.55668863825305,109.72029
123.34647141996633,109.72029
112.71315364456284,109.72029
108.49814479665517,109.72029
117.59873208191038,109.72029
113.00054061146565,109.72029
113.28792757836845,109.74171
142.50560254681943,109.79452
140.58968943413413,109.83716
131.96808042705024,109.78123
122.38851486362367,109.72029
114.62906675724814,109.72029
137.71581976510615,109.72029
121.43055830728099,109.72029
119.51464519459569,109.72029
117.59873208191038,109.72029
117.59873208191038,109.72029
120.47260175093835,109.72029
111.94678839948872,109.72029
109.7434883199006,109.72029
113.57531454527121,109.72029
111.94678839948872,109.72029
114.7248624128824,109.72029
116.64077552556775,109.72029
126.22034108899427,109.72029
134.84195009607816,109.72029
122.38851486362367,109.72029
121.43055830728099,109.72029
120.47260175093835,109.72029
113.95849716780832,109.72029
116.64077552556775,109.72029
116.64077552556775,109.72029
115.68281896922507,109.72029
119.51464519459569,109.72029
116.64077552556775,109.72029
114.7248624128824,109.72029
106.19904906143279,109.72029
100.25971841210834,109.72029
91.1591311268531,109.72029
97.76903136561742,109.72029
102.17563152479364,109.72029
102.55881414733071,109.72029
95.3741399747608,109.72029
85.41139178879718,109.72029
95.46993563039506,109.72029
97.0026661205433,109.72029
96.81107480927477,109.72029
104.09154463747895,109.72029
92.30867899446429,109.72029
96.81107480927477,109.72029
97.48164439871461,109.72029
87.99787449092234,109.72029
96.90687046490905,109.72029
96.81107480927477,109.72029
94.32038776278387,109.72029
96.81107480927477,109.72029
91.63810940502444,109.72029
92.69186161700135,109.72029
88.0936701465566,109.72029
90.20117457051045,109.72029
89.81799194797338,109.72029
89.81799194797338,109.72029
90.8717441599503,109.72029
76.78978278171327,109.72029
101.12187931281672,109.72029
101.69665324662232,109.72029
117.59873208191038,109.72029
113.67111020090552,109.72029
105.81586643889574,109.72029
112.90474495583138,109.72029
111.65940143258591,109.72029
101.88824455789083,109.72029
110.79724053187753,109.72029
111.94678839948872,109.72029
145.37947221584736,109.72614
144.42151565950473,109.74769
129.09421075802226,109.77084
123.34647141996633,109.75989
117.59873208191038,109.72029
117.59873208191038,109.72247
111.37201446568312,109.72592
116.64077552556775,109.73012
112.04258405512299,109.72771
111.75519708822021,109.729454
115.68281896922507,109.72029
112.13837971075725,109.72029
106.77382299523838,109.72029
109.83928397553488,109.72029
104.85790988255307,109.72029
104.09154463747895,109.72029
103.42097504803908,109.72029
92.78765727263561,109.72029
125.26238453265164,109.72029
118.55668863825305,109.72029
132.92603698339286,109.72029
126.22034108899427,109.72029
119.51464519459569,109.72029
112.13837971075725,109.72029
124.30442797630897,109.72029
112.61735798892859,109.72029
121.43055830728099,109.72029
120.47260175093835,109.72029
121.43055830728099,109.72029
122.38851486362367,109.72029
103.03779242550202,109.72029
121.43055830728099,109.72029
123.34647141996633,109.72029
103.03779242550202,109.72029
142.50560254681943,109.72029
137.71581976510615,109.72029
131.96808042705024,109.72292
123.34647141996633,109.72712
119.51464519459569,109.72872
114.53327110161389,109.72029
123.34647141996633,109.72029
124.30442797630897,109.72029
119.51464519459569,109.72029
123.34647141996633,109.72029
114.7248624128824,109.72029
120.47260175093835,109.72029
99.30176185576566,109.72029
100.64290103464539,109.72029
104.85790988255307,109.72029
106.19904906143279,109.72029
107.73177955158104,109.72029
98.53539661069154,109.72029
102.07983586915937,109.72029
124.30442797630897,109.72029
114.15008847907683,109.72029
135.79990665242084,109.73449
115.68281896922507,109.77315
111.56360577695166,109.807724
102.55881414733071,109.77292
105.72007078326145,109.72029
107.8275752072153,109.72029
111.08462749878034,109.72029
113.47951888963696,109.72029
113.47951888963696,109.72029
112.52156233329433,109.72029
107.63598389594677,109.72029
101.60085759098803,109.72029
99.78074013393702,109.72029
109.07291873046074,109.72029
103.42097504803908,109.72029
105.3368881607244,109.72029
103.42097504803908,109.72029
102.55881414733071,109.72029
103.03779242550202,109.72029
100.35551406774259,109.72029
102.07983586915937,109.72029
104.47472726001601,109.72029
101.12187931281672,109.72029
99.30176185576566,109.72029
101.12187931281672,109.72029
125.26238453265164,109.72029
148.25334188487534,109.72476
134.84195009607816,109.74771
110.98883184314606,109.77679
108.59394045228942,109.774216
115.68281896922507,109.72396
106.77382299523838,109.72029
110.79724053187753,109.72029
108.6897361079237,109.72029
112.8089493001971,109.72029
101.60085759098803,109.72029
107.25280127340972,109.72029
117.59873208191038,109.72029
157.8329074483019,109.7358
119.51464519459569,109.77243
119.51464519459569,109.801315
116.64077552556775,109.759705
121.43055830728099,109.72247
111.94678839948872,109.72592
106.67802733960411,109.72726
110.70144487624329,109.72029
115.68281896922507,109.72029
119.51464519459569,109.72029
124.30442797630897,109.72029
124.30442797630897,109.72029
149.21129844121802,109.72029
146.33742877219004,109.72029
145.37947221584736,109.72029
143.46355910316205,109.72029
143.46355910316205,109.72029
142.50560254681943,109.72029
142.50560254681943,109.72029
145.37947221584736,109.72029
127.17829764533694,109.72029
131.01012387070756,109.72029
115.68281896922507,109.72029
110.98883184314606,109.72029
125.26238453265164,109.72029
140.58968943413413,109.72029
147.29538532853272,109.72287
151.12721155390332,109.726974
138.67377632144883,109.72992
137.71581976510615,109.723854
125.26238453265164,109.72469
138.67377632144883,109.72029
128.13625420167958,109.72029
128.13625420167958,109.72029
118.55668863825305,109.72029
121.43055830728099,109.72029
116.64077552556775,109.72029
118.55668863825305,109.72029
120.47260175093835,109.7227
131.01012387070756,109.726524
130.05216731436488,109.72799
133.88399353973554,109.72029
132.92603698339286,109.72029
134.84195009607816,109.72029
131.96808042705024,109.72029
131.01012387070756,109.72029
114.05429282344258,109.72029
126.22034108899427,109.72029
124.30442797630897,109.72029
115.68281896922507,109.72029
115.68281896922507,109.72029
115.68281896922507,109.72029
118.55668863825305,109.72029
120.47260175093835,109.72029
128.13625420167958,109.72029
118.55668863825305,109.72029
126.22034108899427,109.72029
140.58968943413413,109.72029
129.09421075802226,109.72029
124.30442797630897,109.72029
114.7248624128824,109.72029
122.38851486362367,109.72029
138.67377632144883,109.72029
136.75786320876347,109.72029
135.79990665242084,109.72029
135.79990665242084,109.7267
116.64077552556775,109.74527
118.55668863825305,109.76257
120.47260175093835,109.74735
128.13625420167958,109.72029
124.30442797630897,109.72029
122.38851486362367,109.72029
122.38851486362367,109.72029
122.38851486362367,109.72029
116.64077552556775,109.72029
122.38851486362367,109.720695
131.01012387070756,109.724945
113.57531454527121,109.73092
109.55189700863208,109.731834
101.50506193535378,109.72029
100.73869669027965,109.72029
98.72698792196009,109.72029
98.43960095505729,109.72029
121.43055830728099,109.72029
104.76211422691881,109.72029
105.81586643889574,109.72029
105.04950119382161,109.72029
93.9372051402468,109.72029
89.14742235853352,109.72029
93.84140948461254,109.72029
108.1149621741181,109.72029
109.83928397553488,109.72029
104.28313594874747,109.721954
96.81107480927477,109.724594
91.35072243812162,109.72561
130.05216731436488,109.72029
119.51464519459569,109.72029
126.22034108899427,109.72029
133.88399353973554,109.72029
118.55668863825305,109.72029
117.59873208191038,109.72029
116.64077552556775,109.72029
115.68281896922507,109.72029
121.43055830728099,109.72029
120.47260175093835,109.72029
120.47260175093835,109.72029
104.66631857128453,109.72029
126.22034108899427,109.72029
102.55881414733071,109.72029
107.44439258467824,109.72029
114.24588413471109,109.72029
111.85099274385446,109.72029
114.7248624128824,109.72029
113.00054061146565,109.72029
110.31826225370622,109.72029
114.62906675724814,109.72029
119.51464519459569,109.72029
116.64077552556775,109.72029
111.85099274385446,109.72029
99.87653578957128,109.72029
110.12667094243767,109.72029
115.68281896922507,109.72029
112.04258405512299,109.72029
137.71581976510615,109.72029
138.67377632144883,109.72029
135.79990665242084,109.72029
126.22034108899427,109.72029
131.01012387070756,109.72029
123.34647141996633,109.72029
127.17829764533694,109.72029
124.30442797630897,109.72029
122.38851486362367,109.72029
113.0963362670999,109.72029
116.64077552556775,109.72029
119.51464519459569,109.72029
122.38851486362367,109.72029
125.26238453265164,109.72029
128.13625420167958,109.72029
116.64077552556775,109.72029
120.47260175093835,109.722305
105.14529684945587,109.72549
101.12187931281672,109.726715
108.01916651848383,109.72029
108.97712307482648,109.72029
118.55668863825305,109.72029
120.47260175093835,109.72029
121.43055830728099,109.72029
107.92337086284958,109.72029
117.59873208191038,109.72029
109.93507963116916,109.72133
110.41405790934047,109.72296
145.37947221584736,109.723595
144.42151565950473,109.72029
144.42151565950473,109.72029
147.29538532853272,109.72029
154.0010812229313,109.72029
148.25334188487534,109.72029
155.9169943356166,109.72029
168.3704295680711,109.72029
199.98299592737877,109.72443
231.59556228668635,109.744804
174.11816890612704,109.785576
162.6226902300152,109.80727
162.6226902300152,109.77346
153.04312466658862,109.72029
178.90795168784032,109.72029
159.7488205609872,109.72029
165.49655989904312,109.722534
152.08516811024595,109.72832
154.95903777927393,109.74599
144.42151565950473,109.760574
155.9169943356166,109.76331
154.0010812229313,109.72549
152.08516811024595,109.726715
145.37947221584736,109.72029
148.25334188487534,109.72029
144.42151565950473,109.72029
149.21129844121802,109.72029
159.7488205609872,109.72029
88.76423973599647,109.723274
88.76423973599647,109.70483
90.00958325924192,109.673935
97.38584874308036,109.62176
97.38584874308036,109.62402
98.72698792196009,109.62733
94.89516169658945,109.63185
94.89516169658945,109.628716
93.74561382897826,109.630844
93.74561382897826,109.62176
93.74561382897826,109.62176
93.74561382897826,109.62176
93.74561382897826,109.62176
96.14050521983492,109.62176
98.72698792196009,109.62176
98.72698792196009,109.62176
100.06812710083979,109.62176
97.38584874308036,109.62176
97.38584874308036,109.62176
97.38584874308036,109.62176
94.89516169658945,109.62176
94.89516169658945,109.62176
94.89516169658945,109.62176
94.89516169658945,109.62176
94.89516169658945,109.62176
92.50027030573281,109.62176
92.50027030573281,109.62176
92.50027030573281,109.62176
94.89516169658945,109.62176
100.45130972337685,109.62176
99.39755751139994,109.62176
97.19425743181185,109.62176
96.14050521983492,109.62176
95.18254866349224,109.62176
95.18254866349224,109.62176
95.18254866349224,109.62176
94.12879645151534,109.62176
92.11708768319576,109.622604
91.1591311268531,109.62385
90.20117457051045,109.62449
90.20117457051045,109.62176
89.14742235853352,109.62176
90.20117457051045,109.62176
90.20117457051045,109.62176
88.18946580219087,109.62176
88.18946580219087,109.62176
86.1777570338713,109.62176
86.1777570338713,109.62176
86.1777570338713,109.62176
88.18946580219087,109.62176
86.1777570338713,109.62176
85.21980047752865,109.62176
84.35763957682025,109.62176
85.21980047752865,109.62176
85.21980047752865,109.62176
83.3996830204776,109.62176
82.44172646413493,109.62176
139.63173287779145,109.62176
139.63173287779145,109.62176
137.71581976510615,109.62797
131.96808042705024,109.63757
131.96808042705024,109.64311
132.92603698339286,109.62357
130.05216731436488,109.62176
127.17829764533694,109.62176
126.22034108899427,109.62176
126.22034108899427,109.62176
124.30442797630897,109.62176
124.30442797630897,109.62176
124.30442797630897,109.62176
123.34647141996633,109.62176
121.43055830728099,109.62176
119.51464519459569,109.62176
119.51464519459569,109.62176
124.30442797630897,109.62176
119.51464519459569,109.62176
117.59873208191038,109.62176
116.64077552556775,109.62176
116.64077552556775,109.62176
114.7248624128824,109.62176
113.86270151217403,109.62176
112.71315364456284,109.62176
111.56360577695166,109.62176
111.56360577695166,109.62176
111.56360577695166,109.62176
102.55881414733071,109.62176
101.50506193535378,109.62176
100.45130972337685,109.62176
98.24800964378873,109.62176
97.19425743181185,109.62176
96.14050521983492,109.62176
96.14050521983492,109.62176
96.14050521983492,109.62176
94.12879645151534,109.62176
94.12879645151534,109.62176
92.11708768319576,109.62176
91.1591311268531,109.62176
91.1591311268531,109.62176
91.1591311268531,109.62176
91.1591311268531,109.62176
90.20117457051045,109.62176
88.18946580219087,109.62176
86.1777570338713,109.62176
86.1777570338713,109.62176
86.1777570338713,109.62176
84.35763957682025,109.62176
84.35763957682025,109.62176
85.21980047752865,109.62176
86.1777570338713,109.62176
86.1777570338713,109.62176
88.18946580219087,109.62176
86.1777570338713,109.62289
86.1777570338713,109.62454
90.48856153741325,109.6254
91.63810940502444,109.62176
90.48856153741325,109.62176
89.33901366980206,109.62176
88.0936701465566,109.62176
85.79457441133422,109.62176
84.64502654372305,109.62176
84.64502654372305,109.62176
84.64502654372305,109.62176
85.79457441133422,109.62176
85.79457441133422,109.62176
84.64502654372305,109.62176
84.64502654372305,109.62176
82.2501351528664,109.62176
81.10058728525523,109.62176
81.10058728525523,109.62176
79.95103941764404,109.62176
79.95103941764404,109.62176
78.89728720566713,109.62176
79.95103941764404,109.62176
84.64502654372305,109.62176
84.64502654372305,109.62289
79.95103941764404,109.627655
78.89728720566713,109.63303
77.84353499369018,109.631744
76.78978278171327,109.62176
75.73603056973636,109.62176
75.73603056973636,109.62176
75.73603056973636,109.62176
107.25280127340972,109.62176
107.25280127340972,109.62176
107.92337086284958,109.62176
105.81586643889574,109.62176
107.25280127340972,109.62176
107.25280127340972,109.62176
107.25280127340972,109.62176
105.81586643889574,109.62176
105.81586643889574,109.62176
103.1335880811363,109.62176
103.70836201494188,109.62176
102.46301849169645,109.62176
101.79244890225658,109.62176
101.79244890225658,109.62176
100.54710537901114,109.62176
99.30176185576566,109.62176
101.79244890225658,109.62176
101.79244890225658,109.62176
101.21767496845099,109.62176
100.54710537901114,109.62176
101.21767496845099,109.62176
101.79244890225658,109.62176
100.54710537901114,109.62176
99.30176185576566,109.62176
105.81586643889574,109.62176
105.14529684945587,109.62176
101.79244890225658,109.62176
101.79244890225658,109.62176
450.22969414423966,109.62176
450.22969414423966,109.62176
450.22969414423966,109.62176
450.22969414423966,109.62176
450.22969414423966,109.62176
450.22969414423966,109.62176
450.22969414423966,109.62176
450.22969414423966,109.62176
450.22969414423966,109.62176
450.22969414423966,109.62176
450.22969414423966,109.62176
139.63173287779145,109.62853
131.01012387070756,109.64815
126.22034108899427,109.667534
127.17829764533694,109.65329
131.96808042705024,109.62176
127.17829764533694,109.62572
123.34647141996633,109.637115
121.43055830728099,109.64826
121.43055830728099,109.63991
119.51464519459569,109.62176
119.51464519459569,109.62176
118.55668863825305,109.62176
115.68281896922507,109.62176
112.71315364456284,109.62176
109.55189700863208,109.62176
108.6897361079237,109.62176
108.1149621741181,109.62176
133.88399353973554,109.62176
136.75786320876347,109.62176
139.63173287779145,109.62176
137.71581976510615,109.62176
137.71581976510615,109.62176
137.71581976510615,109.62176
136.75786320876347,109.62176
135.79990665242084,109.62176
135.79990665242084,109.62176
135.79990665242084,109.62176
136.75786320876347,109.62176
133.88399353973554,109.62176
133.88399353973554,109.62176
133.88399353973554,109.62176
133.88399353973554,109.62176
133.88399353973554,109.62176
133.88399353973554,109.62176
135.79990665242084,109.62289
135.79990665242084,109.62454
132.92603698339286,109.63565
131.01012387070756,109.64736
128.13625420167958,109.65474
127.17829764533694,109.62176
127.17829764533694,109.62176
125.26238453265164,109.62176
124.30442797630897,109.62176
124.30442797630897,109.62176
124.30442797630897,109.62176
111.4678101213174,109.62176
111.4678101213174,109.62176
112.90474495583138,109.62176
111.4678101213174,109.62176
110.03087528680341,109.62176
112.90474495583138,109.62176
114.34167979034534,109.62176
115.68281896922507,109.62176
114.34167979034534,109.62176
112.90474495583138,109.62176
112.90474495583138,109.62176
111.4678101213174,109.62176
111.4678101213174,109.62176
108.59394045228942,109.62176
110.03087528680341,109.62176
108.59394045228942,109.62482
108.59394045228942,109.63152
107.25280127340972,109.63712
107.25280127340972,109.62903
104.37893160438175,109.62176
104.37893160438175,109.62176
105.81586643889574,109.62176
108.59394045228942,109.62176
108.59394045228942,109.62176
111.4678101213174,109.62176
110.03087528680341,109.62853
105.81586643889574,109.6384
104.37893160438175,109.643524
105.81586643889574,109.62176
87.90207883528808,109.62176
87.90207883528808,109.62176
85.98616572260276,109.62176
85.02820916626011,109.62176
83.97445695428318,109.62176
83.97445695428318,109.62176
83.01650039794053,109.62176
79.08887851693564,109.62176
78.13092196059299,109.62176
77.2687610598846,109.62176
77.2687610598846,109.62176
76.40660015917621,109.62176
74.58648270212517,109.62176
73.72432180141679,109.62176
73.72432180141679,109.62176
72.86216090070839,109.62176
72.0,109.62176
72.0,109.62176
72.86216090070839,109.62176
79.08887851693564,109.62176
79.08887851693564,109.62487
76.40660015917621,109.63335
75.54443925846782,109.641426
74.58648270212517,109.634476
73.72432180141679,109.62176
74.58648270212517,109.62176
73.72432180141679,109.62176
74.58648270212517,109.62176
106.77382299523838,109.62176
105.24109250509012,109.62176
103.70836201494188,109.62176
100.54710537901114,109.62176
106.77382299523838,109.62176
103.70836201494188,109.62176
102.07983586915937,109.62176
100.54710537901114,109.62176
99.01437488886286,109.62176
99.01437488886286,109.62176
97.48164439871461,109.62176
97.48164439871461,109.62176
94.41618341841813,109.62176
93.07504423953841,109.62176
91.63810940502444,109.62176
90.29697022614472,109.65771
88.86003539163073,109.71445
88.86003539163073,109.733
90.29697022614472,109.626305
90.29697022614472,109.62176
88.86003539163073,109.62176
88.86003539163073,109.62176
88.86003539163073,109.62176
90.29697022614472,109.62176
90.29697022614472,109.62176
88.86003539163073,109.62176
93.07504423953841,109.62318
94.41618341841813,109.625244
106.77382299523838,109.626305
105.24109250509012,109.62176
103.70836201494188,109.62176
100.54710537901114,109.62176
106.77382299523838,109.62176
103.70836201494188,109.62176
102.07983586915937,109.62176
100.54710537901114,109.62176
99.01437488886286,109.62176
99.01437488886286,109.62176
97.48164439871461,109.62176
97.48164439871461,109.62176
94.41618341841813,109.62176
93.07504423953841,109.62176
91.63810940502444,109.62176
90.29697022614472,109.62176
88.86003539163073,109.62176
88.86003539163073,109.62176
90.29697022614472,109.62176
90.29697022614472,109.62176
88.86003539163073,109.62176
88.86003539163073,109.62176
88.86003539163073,109.62176
90.29697022614472,109.62176
90.29697022614472,109.62176
88.86003539163073,109.62176
93.07504423953841,109.62176
105.24109250509012,109.62515
131.96808042705024,109.64385
133.88399353973554,109.667465
130.05216731436488,109.66602
128.13625420167958,109.62176
124.30442797630897,109.62176
128.13625420167958,109.62176
126.22034108899427,109.62176
139.63173287779145,109.630226
141.54764599047675,109.64591
133.88399353973554,109.65719
120.47260175093835,109.63266
124.30442797630897,109.62176
120.47260175093835,109.62176
116.64077552556775,109.62176
120.47260175093835,109.62176
118.55668863825305,109.62176
116.64077552556775,109.62176
116.64077552556775,109.62176
112.8089493001971,109.62176
110.8930361875118,109.62176
108.97712307482648,109.62176
108.97712307482648,109.62176
108.97712307482648,109.62176
107.06120996214118,109.62176
107.06120996214118,109.62176
105.14529684945587,109.62176
105.14529684945587,109.62176
105.14529684945587,109.62176
108.97712307482648,109.62176
99.39755751139994,109.62176
97.48164439871461,109.62176
95.5657312860293,109.62176
94.12879645151534,109.62176
94.12879645151534,109.62176
94.12879645151534,109.62176
92.69186161700135,109.62176
91.25492678248737,109.62176
89.81799194797338,109.62176
101.31347062408527,109.62176
108.97712307482648,109.62176
97.48164439871461,109.62176
94.12879645151534,109.62176
97.48164439871461,109.62176
103.22938373677057,109.62176
103.22938373677057,109.62176
99.39755751139994,109.62176
99.39755751139994,109.62176
92.69186161700135,109.62176
91.25492678248737,109.62176
89.81799194797338,109.625435
88.3810571134594,109.63079
85.50718744443144,109.63356
84.07025260991746,109.62176
82.63331777540347,109.62176
84.07025260991746,109.62176
86.94412227894543,109.62232
86.94412227894543,109.62315
106.77382299523838,109.62357
103.70836201494188,109.62176
102.07983586915937,109.62176
100.54710537901114,109.62176
99.01437488886286,109.62176
99.01437488886286,109.62176
95.94891390856638,109.62176
94.41618341841813,109.62176
102.07983586915937,109.62176
127.17829764533694,109.62176
125.26238453265164,109.633255
116.64077552556775,109.65066
109.83928397553488,109.65871
100.54710537901114,109.62176
97.48164439871461,109.62176
97.48164439871461,109.62176
95.94891390856638,109.62176
94.41618341841813,109.62176
93.07504423953841,109.62176
91.63810940502444,109.62176
90.29697022614472,109.62176
90.29697022614472,109.62176
100.54710537901114,109.62176
94.41618341841813,109.626
94.41618341841813,109.63219
91.63810940502444,109.635376
88.86003539163073,109.62176
87.518896212751,109.62176
97.48164439871461,109.62176
97.48164439871461,109.62176
97.48164439871461,109.62176
95.5657312860293,109.62176
94.12879645151534,109.62176
95.5657312860293,109.62176
95.5657312860293,109.62176
94.12879645151534,109.62176
92.69186161700135,109.62176
95.5657312860293,109.62176
95.5657312860293,109.62176
95.5657312860293,109.62176
95.5657312860293,109.62176
94.12879645151534,109.62176
94.12879645151534,109.62176
99.39755751139994,109.62176
107.06120996214118,109.62628
99.39755751139994,109.63849
97.48164439871461,109.65006
94.12879645151534,109.63991
92.69186161700135,109.62176
89.81799194797338,109.62176
94.12879645151534,109.62176
110.8930361875118,109.62176
110.8930361875118,109.632195
97.48164439871461,109.64781
91.25492678248737,109.65528
92.69186161700135,109.62176
108.40234914102092,109.62176
106.19904906143279,109.62176
106.19904906143279,109.62176
104.09154463747895,109.62176
101.9840402135251,109.62176
100.54710537901114,109.62176
98.53539661069154,109.62176
97.09846177617754,109.62176
97.09846177617754,109.62176
123.34647141996633,109.62176
161.66473367367252,109.62176
204.772778709092,109.64338
160.70677711732986,109.69956
140.58968943413413,109.74721
130.05216731436488,109.69449
127.17829764533694,109.62176
122.38851486362367,109.62176
117.59873208191038,109.62943
113.57531454527121,109.64062
114.34167979034534,109.64642
112.90474495583138,109.62176
109.93507963116916,109.62176
106.96541430650693,109.62176
106.19904906143279,109.62176
104.09154463747895,109.62176
122.38851486362367,109.62176
122.38851486362367,109.62176
161.66473367367252,109.62825
134.84195009607816,109.64416
104.76211422691881,109.65844
103.42097504803908,109.642624
102.65460980296496,109.62176
101.9840402135251,109.62176
104.09154463747895,109.62176
101.9840402135251,109.62176
100.54710537901114,109.624306
99.20596620013141,109.62801
98.53539661069154,109.62993
97.09846177617754,109.62176
96.42789218673772,109.62176
94.99095735222373,109.62176
93.64981817334402,109.62176
92.30867899446429,109.62176
92.30867899446429,109.62176
92.30867899446429,109.62176
89.62640063670484,109.62176
88.3810571134594,109.62176
85.8903700669685,109.62176
84.64502654372305,109.62176
84.64502654372305,109.62176
85.21980047752865,109.62176
85.21980047752865,109.62176
88.3810571134594,109.62176
87.13571359021395,109.62176
87.71048752401954,109.62176
88.955831047265,109.62176
88.3810571134594,109.62176
123.34647141996633,109.62176
122.38851486362367,109.62176
125.26238453265164,109.62176
126.22034108899427,109.62176
124.30442797630897,109.62176
121.43055830728099,109.62176
120.47260175093835,109.62176
120.47260175093835,109.62176
119.51464519459569,109.62176
117.59873208191038,109.62176
116.64077552556775,109.62176
116.64077552556775,109.62176
116.64077552556775,109.62176
116.64077552556775,109.62176
115.68281896922507,109.62176
113.57531454527121,109.62176
112.23417536639153,109.62176
110.8930361875118,109.62176
111.56360577695166,109.62176
116.64077552556775,109.62176
112.90474495583138,109.62176
110.8930361875118,109.62176
109.55189700863208,109.62176
107.63598389594677,109.62176
115.68281896922507,109.62176
120.47260175093835,109.62176
112.23417536639153,109.629944
115.68281896922507,109.64942
117.59873208191038,109.66659
116.64077552556775,109.64624
116.64077552556775,109.62176
115.68281896922507,109.62176
123.34647141996633,109.62266
113.57531454527121,109.62399
112.13837971075725,109.624664
111.37201446568312,109.62176
110.70144487624329,109.62176
110.70144487624329,109.62176
109.16871438609503,109.62176
109.16871438609503,109.62176
107.73177955158104,109.62176
106.96541430650693,109.62176
106.19904906143279,109.62176
104.76211422691881,109.62176
105.52847947199294,109.62176
104.76211422691881,109.62176
103.42097504803908,109.62176
101.9840402135251,109.62176
102.65460980296496,109.62176
101.9840402135251,109.62176
100.54710537901114,109.62176
103.42097504803908,109.62176
102.65460980296496,109.62176
101.9840402135251,109.62176
101.31347062408527,109.62176
100.54710537901114,109.62176
107.73177955158104,109.62176
110.41405790934047,109.62176
109.7434883199006,109.62176
107.73177955158104,109.62176
106.39064037270131,109.62176
109.7434883199006,109.62176
111.85099274385446,109.62713
113.86270151217403,109.634926
111.08462749878034,109.63901
108.40234914102092,109.62176
106.39064037270131,109.62176
107.73177955158104,109.62176
113.86270151217403,109.62176
111.08462749878034,109.62414
107.06120996214118,109.6276
105.04950119382161,109.629395
103.80415767057615,109.62176
102.55881414733071,109.62176
100.64290103464539,109.62176
99.97233144520553,109.62176
98.72698792196009,109.62176
97.48164439871461,109.62176
97.48164439871461,109.62176
94.89516169658945,109.62176
93.64981817334402,109.62176
93.64981817334402,109.62176
92.40447465009855,109.62176
92.40447465009855,109.62176
93.64981817334402,109.62176
114.05429282344258,109.62176
112.23417536639153,109.62176
110.41405790934047,109.62176
106.39064037270131,109.62176
105.04950119382161,109.62176
104.66631857128453,109.62176
102.94199676986776,109.62176
102.94199676986776,109.62176
102.55881414733071,109.62176
103.32517939240482,109.62176
104.66631857128453,109.62176
107.73177955158104,109.62176
105.52847947199294,109.62176
103.80415767057615,109.62176
102.55881414733071,109.62176
102.55881414733071,109.62176
101.69665324662232,109.62176
100.45130972337685,109.62176
98.72698792196009,109.62176
98.72698792196009,109.62176
97.48164439871461,109.62176
102.07983586915937,109.62176
101.21767496845099,109.622604
99.97233144520553,109.63231
100.8344923459139,109.64526
103.80415767057615,109.64896
103.80415767057615,109.62176
102.55881414733071,109.628815
105.14529684945587,109.6391
102.07983586915937,109.64444
110.41405790934047,109.62176
96.56200610462567,109.62176
101.69665324662232,109.62176
101.50506193535378,109.62176
124.30442797630897,109.62176
125.26238453265164,109.62176
117.59873208191038,109.62176
115.68281896922507,109.62176
114.05429282344258,109.62176
118.55668863825305,109.62176
450.22969414423966,109.62176
450.22969414423966,109.63248
450.22969414423966,109.64857
450.22969414423966,109.65618
450.22969414423966,109.62176
450.22969414423966,109.62176
450.22969414423966,109.62176
450.22969414423966,109.62176
450.22969414423966,109.62176
450.22969414423966,109.62176
450.22969414423966,109.62176
450.22969414423966,109.62176
450.22969414423966,109.62176
450.22969414423966,109.62176
450.22969414423966,109.62966
450.22969414423966,109.64341
450.22969414423966,109.65266
450.22969414423966,109.62903
450.22969414423966,109.6291
450.22969414423966,109.639786
450.22969414423966,109.64534
450.22969414423966,109.62176
450.22969414423966,109.62176
450.22969414423966,109.62176
450.22969414423966,109.62176
450.22969414423966,109.62176
450.22969414423966,109.62176
450.22969414423966,109.62176
112.32997102202577,109.62176
113.00054061146565,109.62176
113.3837232340027,109.62176
107.44439258467824,109.62176
106.29484471706705,109.62176
101.60085759098803,109.62176
115.68281896922507,109.62176
133.88399353973554,109.62176
144.42151565950473,109.63724
127.17829764533694,109.67209
118.55668863825305,109.69789
117.59873208191038,109.65709
107.34859692904399,109.62176
98.34380529942302,109.62176
116.64077552556775,109.622604
122.38851486362367,109.62385
135.79990665242084,109.62449
133.88399353973554,109.62176
135.79990665242084,109.62176
141.54764599047675,109.62176
133.88399353973554,109.62176
132.92603698339286,109.62176
128.13625420167958,109.62176
129.09421075802226,109.62176
123.34647141996633,109.62176
127.17829764533694,109.62176
127.17829764533694,109.62176
120.47260175093835,109.62176
123.34647141996633,109.62176
120.47260175093835,109.62176
115.68281896922507,109.62176
129.09421075802226,109.62176
126.22034108899427,109.62176
112.04258405512299,109.62176
119.51464519459569,109.62176
118.55668863825305,109.62176
122.38851486362367,109.62176
100.45130972337685,109.62176
121.43055830728099,109.62176
127.17829764533694,109.62176
125.26238453265164,109.62176
115.68281896922507,109.62176
127.17829764533694,109.62176
134.84195009607816,109.62176
120.47260175093835,109.62176
135.79990665242084,109.62176
134.84195009607816,109.62176
125.26238453265164,109.62527
122.38851486362367,109.63039
119.51464519459569,109.63302
114.24588413471109,109.62176
139.63173287779145,109.62176
136.75786320876347,109.62176
130.05216731436488,109.62176
132.92603698339286,109.62176
116.64077552556775,109.62176
123.34647141996633,109.62176
109.2645100417293,109.62176
107.06120996214118,109.62176
113.57531454527121,109.62176
121.43055830728099,109.62176
129.09421075802226,109.62176
137.71581976510615,109.62414
115.68281896922507,109.6276
128.13625420167958,109.629395
125.26238453265164,109.62176
118.55668863825305,109.62176
114.62906675724814,109.62176
118.55668863825305,109.62176
122.38851486362367,109.62515
119.51464519459569,109.630104
118.55668863825305,109.63266
117.59873208191038,109.62176
122.38851486362367,109.62176
119.51464519459569,109.62176
124.30442797630897,109.62176
122.38851486362367,109.62176
113.47951888963696,109.62176
114.7248624128824,109.62176
114.7248624128824,109.62176
114.7248624128824,109.62176
110.31826225370622,109.62176
128.13625420167958,109.62176
134.84195009607816,109.62176
123.34647141996633,109.62176
121.43055830728099,109.62176
111.08462749878034,109.62176
112.42576667766004,109.62176
130.05216731436488,109.62176
123.34647141996633,109.62176
125.26238453265164,109.62176
122.38851486362367,109.62176
125.26238453265164,109.62176
121.43055830728099,109.62176
121.43055830728099,109.62176
122.38851486362367,109.62176
116.64077552556775,109.62176
125.26238453265164,109.62176
123.34647141996633,109.62176
122.38851486362367,109.62176
107.15700561777544,109.62176
104.85790988255307,109.62176
119.51464519459569,109.62176
111.56360577695166,109.62176
114.43747544597963,109.62176
117.59873208191038,109.62176
133.88399353973554,109.62176
105.24109250509012,109.62176
111.65940143258591,109.62176
120.47260175093835,109.62176
110.70144487624329,109.62515
105.24109250509012,109.630104
100.16392275647407,109.63266
104.66631857128453,109.62176
253.62856308256744,109.62374
215.3103008288612,109.62663
172.20225579344174,109.65437
141.54764599047675,109.69001
111.1804231544146,109.705894
119.51464519459569,109.626305
128.13625420167958,109.62176
118.55668863825305,109.62176
118.55668863825305,109.62176
123.34647141996633,109.62176
112.71315364456284,109.62176
108.49814479665517,109.62176
117.59873208191038,109.62176
113.00054061146565,109.62176
113.28792757836845,109.62244
142.50560254681943,109.62343
140.58968943413413,109.62395
131.96808042705024,109.62176
122.38851486362367,109.62176
114.62906675724814,109.62176
137.71581976510615,109.62176
121.43055830728099,109.62176
119.51464519459569,109.62176
117.59873208191038,109.62176
117.59873208191038,109.62176
120.47260175093835,109.62176
111.94678839948872,109.62176
109.7434883199006,109.62176
113.57531454527121,109.62176
111.94678839948872,109.62176
114.7248624128824,109.62176
116.64077552556775,109.62176
126.22034108899427,109.62176
134.84195009607816,109.62176
122.38851486362367,109.62176
121.43055830728099,109.62176
120.47260175093835,109.62176
113.95849716780832,109.62176
116.64077552556775,109.62176
116.64077552556775,109.62176
115.68281896922507,109.62176
119.51464519459569,109.62176
116.64077552556775,109.62176
114.7248624128824,109.62176
106.19904906143279,109.62176
100.25971841210834,109.62176
91.1591311268531,109.62176
97.76903136561742,109.62176
102.17563152479364,109.62176
102.55881414733071,109.62176
95.3741399747608,109.62176
85.41139178879718,109.62176
95.46993563039506,109.62176
97.0026661205433,109.62176
96.81107480927477,109.62176
104.09154463747895,109.62176
92.30867899446429,109.62176
96.81107480927477,109.62176
97.48164439871461,109.62176
87.99787449092234,109.62176
96.90687046490905,109.62176
96.81107480927477,109.62176
94.32038776278387,109.62176
96.81107480927477,109.62176
91.63810940502444,109.62176
92.69186161700135,109.62176
88.0936701465566,109.62176
90.20117457051045,109.62176
89.81799194797338,109.62176
89.81799194797338,109.62176
90.8717441599503,109.62176
76.78978278171327,109.62176
101.12187931281672,109.62176
101.69665324662232,109.62176
117.59873208191038,109.62176
113.67111020090552,109.62176
105.81586643889574,109.62176
112.90474495583138,109.62176
111.65940143258591,109.62176
101.88824455789083,109.62176
110.79724053187753,109.62176
111.94678839948872,109.62176
145.37947221584736,109.62673
144.42151565950473,109.65081
129.09421075802226,109.68077
123.34647141996633,109.675766
117.59873208191038,109.62425
117.59873208191038,109.627884
111.37201446568312,109.62975
116.64077552556775,109.62176
112.04258405512299,109.62176
111.75519708822021,109.62176
115.68281896922507,109.62176
112.13837971075725,109.62176
106.77382299523838,109.62176
109.83928397553488,109.62176
104.85790988255307,109.62176
104.09154463747895,109.62352
103.42097504803908,109.626076
92.78765727263561,109.627396
125.26238453265164,109.62176
118.55668863825305,109.62176
132.92603698339286,109.62176
126.22034108899427,109.62176
119.51464519459569,109.62176
112.13837971075725,109.62176
124.30442797630897,109.62176
112.61735798892859,109.62176
121.43055830728099,109.62176
120.47260175093835,109.62176
121.43055830728099,109.62176
122.38851486362367,109.62176
103.03779242550202,109.62176
121.43055830728099,109.62176
123.34647141996633,109.62176
103.03779242550202,109.62176
142.50560254681943,109.62238
137.71581976510615,109.6281
131.96808042705024,109.64257
123.34647141996633,109.65441
119.51464519459569,109.64444
114.53327110161389,109.62176
123.34647141996633,109.62176
124.30442797630897,109.62176
119.51464519459569,109.62176
123.34647141996633,109.62176
114.7248624128824,109.62176
120.47260175093835,109.62176
99.30176185576566,109.62176
100.64290103464539,109.62176
104.85790988255307,109.62176
106.19904906143279,109.62176
107.73177955158104,109.62176
98.53539661069154,109.62176
102.07983586915937,109.62176
124.30442797630897,109.62176
114.15008847907683,109.62176
135.79990665242084,109.64605
115.68281896922507,109.70186
111.56360577695166,109.74359
102.55881414733071,109.68144
105.72007078326145,109.62176
107.8275752072153,109.62176
111.08462749878034,109.62318
113.47951888963696,109.625244
113.47951888963696,109.626305
112.52156233329433,109.62176
107.63598389594677,109.62176
101.60085759098803,109.62176
99.78074013393702,109.62176
109.07291873046074,109.62176
103.42097504803908,109.62176
105.3368881607244,109.62176
103.42097504803908,109.62176
102.55881414733071,109.62176
103.03779242550202,109.62176
100.35551406774259,109.62176
102.07983586915937,109.62176
104.47472726001601,109.62176
101.12187931281672,109.62176
99.30176185576566,109.62176
101.12187931281672,109.62176
125.26238453265164,109.62176
148.25334188487534,109.63118
134.84195009607816,109.661156
110.98883184314606,109.69693
108.59394045228942,109.683685
115.68281896922507,109.635376
106.77382299523838,109.62176
110.79724053187753,109.62176
108.6897361079237,109.62176
112.8089493001971,109.62176
101.60085759098803,109.62176
107.25280127340972,109.62176
117.59873208191038,109.62176
157.8329074483019,109.638916
119.51464519459569,109.67907
119.51464519459569,109.709816
116.64077552556775,109.66533
121.43055830728099,109.6388
111.94678839948872,109.66546
106.67802733960411,109.67612
110.70144487624329,109.62176
115.68281896922507,109.62176
119.51464519459569,109.62176
124.30442797630897,109.62176
124.30442797630897,109.62176
149.21129844121802,109.62176
146.33742877219004,109.62176
145.37947221584736,109.62176
143.46355910316205,109.62176
143.46355910316205,109.62176
142.50560254681943,109.62176
142.50560254681943,109.62176
145.37947221584736,109.62176
127.17829764533694,109.62176
131.01012387070756,109.62176
115.68281896922507,109.62176
110.98883184314606,109.62176
125.26238453265164,109.62176
140.58968943413413,109.62176
147.29538532853272,109.628815
151.12721155390332,109.64442
138.67377632144883,109.664444
137.71581976510615,109.65622
125.26238453265164,109.64444
138.67377632144883,109.62176
128.13625420167958,109.62176
128.13625420167958,109.62176
118.55668863825305,109.62176
121.43055830728099,109.62176
116.64077552556775,109.62176
118.55668863825305,109.62176
120.47260175093835,109.622955
131.01012387070756,109.62468
130.05216731436488,109.62558
133.88399353973554,109.62176
132.92603698339286,109.62176
134.84195009607816,109.62825
131.96808042705024,109.63771
131.01012387070756,109.642624
114.05429282344258,109.62176
126.22034108899427,109.62176
124.30442797630897,109.62176
115.68281896922507,109.62176
115.68281896922507,109.62176
115.68281896922507,109.62176
118.55668863825305,109.62176
120.47260175093835,109.62176
128.13625420167958,109.62176
118.55668863825305,109.62176
126.22034108899427,109.62176
140.58968943413413,109.62176
129.09421075802226,109.62482
124.30442797630897,109.629265
114.7248624128824,109.63157
122.38851486362367,109.62176
138.67377632144883,109.62176
136.75786320876347,109.62176
135.79990665242084,109.62176
135.79990665242084,109.622955
116.64077552556775,109.62869
118.55668863825305,109.63543
120.47260175093835,109.63465
128.13625420167958,109.62176
124.30442797630897,109.62176
122.38851486362367,109.62176
122.38851486362367,109.62176
122.38851486362367,109.62176
116.64077552556775,109.62176
122.38851486362367,109.62277
131.01012387070756,109.62426
113.57531454527121,109.62503
109.55189700863208,109.62176
101.50506193535378,109.62176
100.73869669027965,109.62176
98.72698792196009,109.62176
98.43960095505729,109.62176
121.43055830728099,109.62176
104.76211422691881,109.62176
105.81586643889574,109.62176
105.04950119382161,109.62176
93.9372051402468,109.62176
89.14742235853352,109.62176
93.84140948461254,109.62176
108.1149621741181,109.62176
109.83928397553488,109.62176
104.28313594874747,109.62176
96.81107480927477,109.62176
91.35072243812162,109.62176
130.05216731436488,109.62176
119.51464519459569,109.62176
126.22034108899427,109.62176
133.88399353973554,109.62176
118.55668863825305,109.62176
117.59873208191038,109.62176
116.64077552556775,109.62176
115.68281896922507,109.62176
121.43055830728099,109.62176
120.47260175093835,109.62176
120.47260175093835,109.62176
104.66631857128453,109.62176
126.22034108899427,109.62176
102.55881414733071,109.62176
107.44439258467824,109.62176
114.24588413471109,109.62176
111.85099274385446,109.62176
114.7248624128824,109.62176
113.00054061146565,109.62176
110.31826225370622,109.62176
114.62906675724814,109.62176
119.51464519459569,109.62176
116.64077552556775,109.62176
111.85099274385446,109.62176
99.87653578957128,109.62176
110.12667094243767,109.62176
115.68281896922507,109.62176
112.04258405512299,109.62176
137.71581976510615,109.62176
138.67377632144883,109.62176
135.79990665242084,109.62176
126.22034108899427,109.62176
131.01012387070756,109.62176
123.34647141996633,109.62176
127.17829764533694,109.62176
124.30442797630897,109.62176
122.38851486362367,109.62176
113.0963362670999,109.62176
116.64077552556775,109.62176
119.51464519459569,109.62176
122.38851486362367,109.62176
125.26238453265164,109.62176
128.13625420167958,109.62318
116.64077552556775,109.625244
120.47260175093835,109.626305
105.14529684945587,109.62176
101.12187931281672,109.62176
108.01916651848383,109.62176
108.97712307482648,109.62176
118.55668863825305,109.62176
120.47260175093835,109.62176
121.43055830728099,109.62176
107.92337086284958,109.62176
117.59873208191038,109.62176
109.93507963116916,109.62176
110.41405790934047,109.62176
145.37947221584736,109.62176
144.42151565950473,109.62176
144.42151565950473,109.62176
147.29538532853272,109.62176
154.0010812229313,109.62176
148.25334188487534,109.62176
155.9169943356166,109.62176
168.3704295680711,109.62176
199.98299592737877,109.62465
231.59556228668635,109.65629
174.11816890612704,109.71633
162.6226902300152,109.74544
162.6226902300152,109.67333
153.04312466658862,109.62176
178.90795168784032,109.62176
159.7488205609872,109.622154
165.49655989904312,109.62273
152.08516811024595,109.62303
154.95903777927393,109.626335
144.42151565950473,109.63301
155.9169943356166,109.638275
154.0010812229313,109.62621
152.08516811024595,109.62758
145.37947221584736,109.62176
148.25334188487534,109.62176
144.42151565950473,109.62176
149.21129844121802,109.62176
159.7488205609872,109.62176
88.76423973599647,109.62255
88.76423973599647,109.607216
90.00958325924192,109.59472
97.38584874308036,109.599304
97.38584874308036,109.60739
98.72698792196009,109.61803
94.89516169658945,109.6213
94.89516169658945,109.60268
93.74561382897826,109.60013
93.74561382897826,109.599304
93.74561382897826,109.599304
93.74561382897826,109.60111
93.74561382897826,109.60393
96.14050521983492,109.6052
98.72698792196009,109.601265
98.72698792196009,109.599304
100.06812710083979,109.599304
97.38584874308036,109.60024
97.38584874308036,109.60327
97.38584874308036,109.60737
94.89516169658945,109.60964
94.89516169658945,109.607735
94.89516169658945,109.60667
94.89516169658945,109.60441
94.89516169658945,109.60487
92.50027030573281,109.599304
92.50027030573281,109.599304
92.50027030573281,109.599304
94.89516169658945,109.599304
100.45130972337685,109.599304
99.39755751139994,109.60053
97.19425743181185,109.60185
96.14050521983492,109.60209
95.18254866349224,109.599304
95.18254866349224,109.599304
95.18254866349224,109.599304
94.12879645151534,109.599304
92.11708768319576,109.60119
91.1591311268531,109.6032
90.20117457051045,109.60357
90.20117457051045,109.6014
89.14742235853352,109.60365
90.20117457051045,109.60485
90.20117457051045,109.60489
88.18946580219087,109.60941
88.18946580219087,109.60834
86.1777570338713,109.599304
86.1777570338713,109.599304
86.1777570338713,109.599304
88.18946580219087,109.599304
86.1777570338713,109.599304
85.21980047752865,109.599304
84.35763957682025,109.599304
85.21980047752865,109.599304
85.21980047752865,109.599304
83.3996830204776,109.599304
82.44172646413493,109.599304
139.63173287779145,109.599304
139.63173287779145,109.599304
137.71581976510615,109.608086
131.96808042705024,109.6196
131.96808042705024,109.62266
132.92603698339286,109.60236
130.05216731436488,109.6058
127.17829764533694,109.61245
126.22034108899427,109.61273
126.22034108899427,109.600075
124.30442797630897,109.60324
124.30442797630897,109.60659
124.30442797630897,109.60614
123.34647141996633,109.599304
121.43055830728099,109.599304
119.51464519459569,109.599304
119.51464519459569,109.599304
124.30442797630897,109.5996
119.51464519459569,109.603714
117.59873208191038,109.60799
116.64077552556775,109.60946
116.64077552556775,109.6023
114.7248624128824,109.602585
113.86270151217403,109.599304
112.71315364456284,109.599304
111.56360577695166,109.599304
111.56360577695166,109.599304
111.56360577695166,109.599304
102.55881414733071,109.599304
101.50506193535378,109.61025
100.45130972337685,109.62329
98.24800964378873,109.62562
97.19425743181185,109.599304
96.14050521983492,109.599304
96.14050521983492,109.59952
96.14050521983492,109.599754
94.12879645151534,109.5998
94.12879645151534,109.599304
92.11708768319576,109.599304
91.1591311268531,109.599304
91.1591311268531,109.599304
91.1591311268531,109.599304
91.1591311268531,109.599304
90.20117457051045,109.599304
88.18946580219087,109.599304
86.1777570338713,109.599304
86.1777570338713,109.599304
86.1777570338713,109.599304
84.35763957682025,109.599304
84.35763957682025,109.599304
85.21980047752865,109.60039
86.1777570338713,109.602646
86.1777570338713,109.605675
88.18946580219087,109.60521
86.1777570338713,109.604515
86.1777570338713,109.60245
90.48856153741325,109.60353
91.63810940502444,109.60098
90.48856153741325,109.600784
89.33901366980206,109.599304
88.0936701465566,109.599304
85.79457441133422,109.599304
84.64502654372305,109.599304
84.64502654372305,109.599304
84.64502654372305,109.599304
85.79457441133422,109.599304
85.79457441133422,109.599304
84.64502654372305,109.599304
84.64502654372305,109.6006
82.2501351528664,109.603455
81.10058728525523,109.605255
81.10058728525523,109.602585
79.95103941764404,109.599304
79.95103941764404,109.599304
78.89728720566713,109.599304
79.95103941764404,109.599304
84.64502654372305,109.599304
84.64502654372305,109.6035
79.95103941764404,109.608185
78.89728720566713,109.60896
77.84353499369018,109.599304
76.78978278171327,109.599304
75.73603056973636,109.599304
75.73603056973636,109.599304
75.73603056973636,109.599304
107.25280127340972,109.599304
107.25280127340972,109.599304
107.92337086284958,109.599304
105.81586643889574,109.60147
107.25280127340972,109.603806
107.25280127340972,109.6048
107.25280127340972,109.600876
105.81586643889574,109.6026
105.81586643889574,109.60339
103.1335880811363,109.604454
103.70836201494188,109.60469
102.46301849169645,109.60568
101.79244890225658,109.60448
101.79244890225658,109.60013
100.54710537901114,109.599304
99.30176185576566,109.599304
101.79244890225658,109.599304
101.79244890225658,109.60822
101.21767496845099,109.620026
100.54710537901114,109.62328
101.21767496845099,109.60226
101.79244890225658,109.599304
100.54710537901114,109.599304
99.30176185576566,109.599304
105.81586643889574,109.599304
105.14529684945587,109.599304
101.79244890225658,109.599304
101.79244890225658,109.599304
450.22969414423966,109.599304
450.22969414423966,109.599304
450.22969414423966,109.599304
450.22969414423966,109.599304
450.22969414423966,109.599304
450.22969414423966,109.599304
450.22969414423966,109.599304
450.22969414423966,109.599304
450.22969414423966,109.599304
450.22969414423966,109.599304
450.22969414423966,109.599304
139.63173287779145,109.599304
131.01012387070756,109.610825
126.22034108899427,109.624565
127.17829764533694,109.62702
131.96808042705024,109.59966
127.17829764533694,109.60928
123.34647141996633,109.6222
121.43055830728099,109.6254
121.43055830728099,109.60372
119.51464519459569,109.599304
119.51464519459569,109.599304
118.55668863825305,109.599304
115.68281896922507,109.599304
112.71315364456284,109.599304
109.55189700863208,109.599304
108.6897361079237,109.599304
108.1149621741181,109.599304
133.88399353973554,109.599304
136.75786320876347,109.599304
139.63173287779145,109.599304
137.71581976510615,109.610756
137.71581976510615,109.62443
137.71581976510615,109.62751
136.75786320876347,109.600655
135.79990665242084,109.600784
135.79990665242084,109.599304
135.79990665242084,109.599304
136.75786320876347,109.599304
133.88399353973554,109.599304
133.88399353973554,109.599304
133.88399353973554,109.599304
133.88399353973554,109.599304
133.88399353973554,109.599304
133.88399353973554,109.599304
135.79990665242084,109.600746
135.79990665242084,109.604546
132.92603698339286,109.60723
131.01012387070756,109.60438
128.13625420167958,109.599304
127.17829764533694,109.599304
127.17829764533694,109.599304
125.26238453265164,109.599304
124.30442797630897,109.599304
124.30442797630897,109.60003
124.30442797630897,109.60665
111.4678101213174,109.61353
111.4678101213174,109.61306
112.90474495583138,109.599304
111.4678101213174,109.599304
110.03087528680341,109.599304
112.90474495583138,109.599304
114.34167979034534,109.599304
115.68281896922507,109.599304
114.34167979034534,109.599304
112.90474495583138,109.599304
112.90474495583138,109.599304
111.4678101213174,109.599304
111.4678101213174,109.599304
108.59394045228942,109.599304
110.03087528680341,109.6006
108.59394045228942,109.60237
108.59394045228942,109.60879
107.25280127340972,109.61257
107.25280127340972,109.6129
104.37893160438175,109.599304
104.37893160438175,109.599304
105.81586643889574,109.60039
108.59394045228942,109.60336
108.59394045228942,109.60918
111.4678101213174,109.61113
110.03087528680341,109.61716
105.81586643889574,109.62328
104.37893160438175,109.63177
105.81586643889574,109.6129
87.90207883528808,109.60598
87.90207883528808,109.599304
85.98616572260276,109.599304
85.02820916626011,109.599304
83.97445695428318,109.599304
83.97445695428318,109.599304
83.01650039794053,109.599304
79.08887851693564,109.599304
78.13092196059299,109.599304
77.2687610598846,109.599304
77.2687610598846,109.599304
76.40660015917621,109.599304
74.58648270212517,109.599304
73.72432180141679,109.599304
73.72432180141679,109.599304
72.86216090070839,109.599304
72.0,109.599304
72.0,109.599304
72.86216090070839,109.599304
79.08887851693564,109.599304
79.08887851693564,109.607
76.40660015917621,109.62695
75.54443925846782,109.641624
74.58648270212517,109.62612
73.72432180141679,109.60027
74.58648270212517,109.60058
73.72432180141679,109.5998
74.58648270212517,109.599304
106.77382299523838,109.599304
105.24109250509012,109.599304
103.70836201494188,109.599304
100.54710537901114,109.599304
106.77382299523838,109.599304
103.70836201494188,109.599304
102.07983586915937,109.599304
100.54710537901114,109.599304
99.01437488886286,109.60003
99.01437488886286,109.60261
97.48164439871461,109.60469
97.48164439871461,109.609116
94.41618341841813,109.64862
93.07504423953841,109.69671
91.63810940502444,109.694046
90.29697022614472,109.62346
88.86003539163073,109.65178
88.86003539163073,109.65578
90.29697022614472,109.602585
90.29697022614472,109.599304
88.86003539163073,109.60318
88.86003539163073,109.607475
88.86003539163073,109.60825
90.29697022614472,109.599464
90.29697022614472,109.61511
88.86003539163073,109.6501
93.07504423953841,109.67352
94.41618341841813,109.63976
106.77382299523838,109.60458
105.24109250509012,109.61007
103.70836201494188,109.61086
100.54710537901114,109.599304
106.77382299523838,109.599304
103.70836201494188,109.605606
102.07983586915937,109.6129
100.54710537901114,109.61415
99.01437488886286,109.599304
99.01437488886286,109.599304
97.48164439871461,109.599304
97.48164439871461,109.599304
94.41618341841813,109.599304
93.07504423953841,109.59939
91.63810940502444,109.599464
90.29697022614472,109.59947
88.86003539163073,109.599304
88.86003539163073,109.599304
90.29697022614472,109.599304
90.29697022614472,109.599304
88.86003539163073,109.599304
88.86003539163073,109.599304
88.86003539163073,109.599304
90.29697022614472,109.599304
90.29697022614472,109.599304
88.86003539163073,109.599304
93.07504423953841,109.599304
105.24109250509012,109.59945
131.96808042705024,109.61462
133.88399353973554,109.63587
130.05216731436488,109.64408
128.13625420167958,109.612144
124.30442797630897,109.61037
128.13625420167958,109.61014
126.22034108899427,109.60661
139.63173287779145,109.599304
141.54764599047675,109.6121
133.88399353973554,109.62969
120.47260175093835,109.63491
124.30442797630897,109.604546
120.47260175093835,109.59952
116.64077552556775,109.60258
120.47260175093835,109.605934
118.55668863825305,109.60626
116.64077552556775,109.59996
116.64077552556775,109.599304
112.8089493001971,109.599304
110.8930361875118,109.60003
108.97712307482648,109.60081
108.97712307482648,109.60094
108.97712307482648,109.6006
107.06120996214118,109.60201
107.06120996214118,109.60226
105.14529684945587,109.599304
105.14529684945587,109.599304
105.14529684945587,109.599304
108.97712307482648,109.599304
99.39755751139994,109.59939
97.48164439871461,109.599464
95.5657312860293,109.60005
94.12879645151534,109.60051
94.12879645151534,109.60062
94.12879645151534,109.599304
92.69186161700135,109.599304
91.25492678248737,109.599304
89.81799194797338,109.599304
101.31347062408527,109.599304
108.97712307482648,109.599304
97.48164439871461,109.599304
94.12879645151534,109.599304
97.48164439871461,109.599304
103.22938373677057,109.599304
103.22938373677057,109.599304
99.39755751139994,109.599304
99.39755751139994,109.60068
92.69186161700135,109.60216
91.25492678248737,109.60242
89.81799194797338,109.605606
88.3810571134594,109.613625
85.50718744443144,109.61565
84.07025260991746,109.60094
82.63331777540347,109.59945
84.07025260991746,109.59961
86.94412227894543,109.59963
86.94412227894543,109.599304
106.77382299523838,109.599304
103.70836201494188,109.60414
102.07983586915937,109.60962
100.54710537901114,109.61054
99.01437488886286,109.599304
99.01437488886286,109.599304
95.94891390856638,109.599304
94.41618341841813,109.599304
102.07983586915937,109.599304
127.17829764533694,109.599304
125.26238453265164,109.614624
116.64077552556775,109.635994
109.83928397553488,109.64251
100.54710537901114,109.60605
97.48164439871461,109.599464
97.48164439871461,109.59947
95.94891390856638,109.60003
94.41618341841813,109.60088
93.07504423953841,109.61387
91.63810940502444,109.62758
90.29697022614472,109.63016
90.29697022614472,109.599304
100.54710537901114,109.599304
94.41618341841813,109.60529
94.41618341841813,109.619705
91.63810940502444,109.62975
88.86003539163073,109.617294
87.518896212751,109.599304
97.48164439871461,109.599304
97.48164439871461,109.599304
97.48164439871461,109.60003
95.5657312860293,109.60081
94.12879645151534,109.60094
95.5657312860293,109.599304
95.5657312860293,109.59939
94.12879645151534,109.61561
92.69186161700135,109.63509
95.5657312860293,109.63845
95.5657312860293,109.6035
95.5657312860293,109.60855
95.5657312860293,109.60972
94.12879645151534,109.60013
94.12879645151534,109.599304
99.39755751139994,109.599304
107.06120996214118,109.60213
99.39755751139994,109.60959
97.48164439871461,109.6151
94.12879645151534,109.620125
92.69186161700135,109.62315
89.81799194797338,109.62615
94.12879645151534,109.60094
110.8930361875118,109.59939
110.8930361875118,109.61351
97.48164439871461,109.630554
91.25492678248737,109.63358
92.69186161700135,109.59963
108.40234914102092,109.60764
106.19904906143279,109.617455
106.19904906143279,109.61918
104.09154463747895,109.599304
101.9840402135251,109.60111
100.54710537901114,109.60306
98.53539661069154,109.60339
97.09846177617754,109.599304
97.09846177617754,109.599304
123.34647141996633,109.599304
161.66473367367252,109.60955
204.772778709092,109.629974
160.70677711732986,109.65467
140.58968943413413,109.6544
130.05216731436488,109.64565
127.17829764533694,109.61589
122.38851486362367,109.599304
117.59873208191038,109.59939
113.57531454527121,109.599464
114.34167979034534,109.59947
112.90474495583138,109.599304
109.93507963116916,109.59952
106.96541430650693,109.60012
106.19904906143279,109.60249
104.09154463747895,109.60417
122.38851486362367,109.60372
122.38851486362367,109.60111
161.66473367367252,109.60928
134.84195009607816,109.63203
104.76211422691881,109.647644
103.42097504803908,109.63641
102.65460980296496,109.59966
101.9840402135251,109.6015
104.09154463747895,109.60421
101.9840402135251,109.60749
100.54710537901114,109.60839
99.20596620013141,109.60903
98.53539661069154,109.60584
97.09846177617754,109.60901
96.42789218673772,109.61065
94.99095735222373,109.60896
93.64981817334402,109.599304
92.30867899446429,109.599304
92.30867899446429,109.599304
92.30867899446429,109.599304
89.62640063670484,109.599304
88.3810571134594,109.599304
85.8903700669685,109.599304
84.64502654372305,109.599304
84.64502654372305,109.599304
85.21980047752865,109.60803
85.21980047752865,109.61831
88.3810571134594,109.62019
87.13571359021395,109.6062
87.71048752401954,109.61406
88.955831047265,109.6154
88.3810571134594,109.600334
123.34647141996633,109.60136
122.38851486362367,109.601395
125.26238453265164,109.5998
126.22034108899427,109.599304
124.30442797630897,109.60213
121.43055830728099,109.605156
120.47260175093835,109.60985
120.47260175093835,109.608185
119.51464519459569,109.61113
117.59873208191038,109.60539
116.64077552556775,109.60751
116.64077552556775,109.60291
116.64077552556775,109.599304
116.64077552556775,109.599304
115.68281896922507,109.599304
113.57531454527121,109.599304
112.23417536639153,109.599304
110.8930361875118,109.599304
111.56360577695166,109.599304
116.64077552556775,109.599304
112.90474495583138,109.604774
110.8930361875118,109.61118
109.55189700863208,109.61241
107.63598389594677,109.60014
115.68281896922507,109.60036
120.47260175093835,109.600525
112.23417536639153,109.607285
115.68281896922507,109.616486
117.59873208191038,109.61793
116.64077552556775,109.599304
116.64077552556775,109.599304
115.68281896922507,109.599304
123.34647141996633,109.599304
113.57531454527121,109.599304
112.13837971075725,109.599304
111.37201446568312,109.599304
110.70144487624329,109.599304
110.70144487624329,109.599304
109.16871438609503,109.599304
109.16871438609503,109.599304
107.73177955158104,109.599304
106.96541430650693,109.599304
106.19904906143279,109.599304
104.76211422691881,109.599304
105.52847947199294,109.599304
104.76211422691881,109.599304
103.42097504803908,109.599304
101.9840402135251,109.599304
102.65460980296496,109.599304
101.9840402135251,109.599304
100.54710537901114,109.599304
103.42097504803908,109.61172
102.65460980296496,109.626564
101.9840402135251,109.62921
101.31347062408527,109.599304
100.54710537901114,109.60003
107.73177955158104,109.601395
110.41405790934047,109.60214
109.7434883199006,109.60062
107.73177955158104,109.600746
106.39064037270131,109.6023
109.7434883199006,109.602585
111.85099274385446,109.599304
113.86270151217403,109.60638
111.08462749878034,109.615326
108.40234914102092,109.61796
106.39064037270131,109.606804
107.73177955158104,109.610886
113.86270151217403,109.61086
111.08462749878034,109.60733
107.06120996214118,109.616745
105.04950119382161,109.61839
103.80415767057615,109.599304
102.55881414733071,109.599304
100.64290103464539,109.599304
99.97233144520553,109.599304
98.72698792196009,109.599304
97.48164439871461,109.599304
97.48164439871461,109.599304
94.89516169658945,109.599304
93.64981817334402,109.599304
93.64981817334402,109.599304
92.40447465009855,109.599304
92.40447465009855,109.599304
93.64981817334402,109.604004
114.05429282344258,109.60934
112.23417536639153,109.61023
110.41405790934047,109.599304
106.39064037270131,109.599304
105.04950119382161,109.599304
104.66631857128453,109.599304
102.94199676986776,109.599304
102.94199676986776,109.599304
102.55881414733071,109.599304
103.32517939240482,109.599304
104.66631857128453,109.599304
107.73177955158104,109.599304
105.52847947199294,109.599304
103.80415767057615,109.599304
102.55881414733071,109.599304
102.55881414733071,109.599304
101.69665324662232,109.59952
100.45130972337685,109.599754
98.72698792196009,109.5998
98.72698792196009,109.599304
97.48164439871461,109.60573
102.07983586915937,109.61412
101.21767496845099,109.61642
99.97233144520553,109.606575
100.8344923459139,109.61033
103.80415767057615,109.612404
103.80415767057615,109.603004
102.55881414733071,109.6062
105.14529684945587,109.607735
102.07983586915937,109.607086
110.41405790934047,109.60422
96.56200610462567,109.599304
101.69665324662232,109.599304
101.50506193535378,109.599304
124.30442797630897,109.599304
125.26238453265164,109.599304
117.59873208191038,109.59945
115.68281896922507,109.59961
114.05429282344258,109.59963
118.55668863825305,109.599304
450.22969414423966,109.599304
450.22969414423966,109.6114
450.22969414423966,109.625854
450.22969414423966,109.62843
450.22969414423966,109.599304
450.22969414423966,109.599304
450.22969414423966,109.599304
450.22969414423966,109.599304
450.22969414423966,109.61196
450.22969414423966,109.62713
450.22969414423966,109.6302
450.22969414423966,109.606415
450.22969414423966,109.61386
450.22969414423966,109.61431
450.22969414423966,109.61089
450.22969414423966,109.63092
450.22969414423966,109.64066
450.22969414423966,109.615234
450.22969414423966,109.61955
450.22969414423966,109.64267
450.22969414423966,109.64536
450.22969414423966,109.60176
450.22969414423966,109.599304
450.22969414423966,109.599304
450.22969414423966,109.599304
450.22969414423966,109.599304
450.22969414423966,109.599304
450.22969414423966,109.599304
112.32997102202577,109.599304
113.00054061146565,109.599304
113.3837232340027,109.599304
107.44439258467824,109.599304
106.29484471706705,109.599304
101.60085759098803,109.599304
115.68281896922507,109.6006
133.88399353973554,109.60201
144.42151565950473,109.62399
127.17829764533694,109.65377
118.55668863825305,109.665504
117.59873208191038,109.61337
107.34859692904399,109.599304
98.34380529942302,109.599304
116.64077552556775,109.601326
122.38851486362367,109.60351
135.79990665242084,109.61082
133.88399353973554,109.61432
135.79990665242084,109.61573
141.54764599047675,109.599304
133.88399353973554,109.599304
132.92603698339286,109.599304
128.13625420167958,109.599304
129.09421075802226,109.61051
123.34647141996633,109.62458
127.17829764533694,109.62772
127.17829764533694,109.6013
120.47260175093835,109.60006
123.34647141996633,109.60013
120.47260175093835,109.60147
115.68281896922507,109.603806
129.09421075802226,109.60422
126.22034108899427,109.604774
112.04258405512299,109.61105
119.51464519459569,109.612114
118.55668863825305,109.599304
122.38851486362367,109.61241
100.45130972337685,109.62812
121.43055830728099,109.630936
127.17829764533694,109.599304
125.26238453265164,109.599304
115.68281896922507,109.599304
127.17829764533694,109.599884
134.84195009607816,109.60051
120.47260175093835,109.60062
135.79990665242084,109.599304
134.84195009607816,109.599304
125.26238453265164,109.60286
122.38851486362367,109.6103
119.51464519459569,109.61484
114.24588413471109,109.6074
139.63173287779145,109.599304
136.75786320876347,109.599304
130.05216731436488,109.599304
132.92603698339286,109.599304
116.64077552556775,109.59952
123.34647141996633,109.599754
109.2645100417293,109.5998
107.06120996214118,109.599304
113.57531454527121,109.599304
121.43055830728099,109.599304
129.09421075802226,109.599304
137.71581976510615,109.59945
115.68281896922507,109.59961
128.13625420167958,109.59963
125.26238453265164,109.599304
118.55668863825305,109.599304
114.62906675724814,109.599304
118.55668863825305,109.599304
122.38851486362367,109.59966
119.51464519459569,109.60006
118.55668863825305,109.60013
117.59873208191038,109.599304
122.38851486362367,109.599304
119.51464519459569,109.599304
124.30442797630897,109.599304
122.38851486362367,109.599304
113.47951888963696,109.599304
114.7248624128824,109.599304
114.7248624128824,109.599304
114.7248624128824,109.599304
110.31826225370622,109.599304
128.13625420167958,109.599304
134.84195009607816,109.599304
123.34647141996633,109.60828
121.43055830728099,109.61889
111.08462749878034,109.62074
112.42576667766004,109.599304
130.05216731436488,109.599304
123.34647141996633,109.599304
125.26238453265164,109.599304
122.38851486362367,109.5996
125.26238453265164,109.599915
121.43055830728099,109.59996
121.43055830728099,109.59966
122.38851486362367,109.6015
116.64077552556775,109.60313
125.26238453265164,109.602585
123.34647141996633,109.599304
122.38851486362367,109.599304
107.15700561777544,109.599304
104.85790988255307,109.599304
119.51464519459569,109.599304
111.56360577695166,109.599304
114.43747544597963,109.599304
117.59873208191038,109.599304
133.88399353973554,109.600746
105.24109250509012,109.61317
111.65940143258591,109.626755
120.47260175093835,109.631615
110.70144487624329,109.61186
105.24109250509012,109.61413
100.16392275647407,109.60351
104.66631857128453,109.60534
253.62856308256744,109.60917
215.3103008288612,109.62539
172.20225579344174,109.697624
141.54764599047675,109.767204
111.1804231544146,109.76594
119.51464519459569,109.60529
128.13625420167958,109.613045
118.55668863825305,109.615166
118.55668863825305,109.601265
123.34647141996633,109.599304
112.71315364456284,109.599304
108.49814479665517,109.599304
117.59873208191038,109.599304
113.00054061146565,109.599304
113.28792757836845,109.60764
142.50560254681943,109.62414
140.58968943413413,109.63568
131.96808042705024,109.62087
122.38851486362367,109.606895
114.62906675724814,109.602585
137.71581976510615,109.599304
121.43055830728099,109.599304
119.51464519459569,109.599304
117.59873208191038,109.599304
117.59873208191038,109.599304
120.47260175093835,109.599304
111.94678839948872,109.599304
109.7434883199006,109.599304
113.57531454527121,109.599304
111.94678839948872,109.599304
114.7248624128824,109.599304
116.64077552556775,109.599304
126.22034108899427,109.599304
134.84195009607816,109.599304
122.38851486362367,109.599304
121.43055830728099,109.60219
120.47260175093835,109.60853
113.95849716780832,109.61255
116.64077552556775,109.60661
116.64077552556775,109.599304
115.68281896922507,109.599304
119.51464519459569,109.599304
116.64077552556775,109.599304
114.7248624128824,109.59966
106.19904906143279,109.60006
100.25971841210834,109.60013
91.1591311268531,109.599304
97.76903136561742,109.599304
102.17563152479364,109.59945
102.55881414733071,109.59961
95.3741399747608,109.59963
85.41139178879718,109.599304
95.46993563039506,109.599304
97.0026661205433,109.599304
96.81107480927477,109.599304
104.09154463747895,109.599304
92.30867899446429,109.60254
96.81107480927477,109.60605
97.48164439871461,109.60661
87.99787449092234,109.599304
96.90687046490905,109.599304
96.81107480927477,109.599304
94.32038776278387,109.599304
96.81107480927477,109.599304
91.63810940502444,109.599304
92.69186161700135,109.599304
88.0936701465566,109.599304
90.20117457051045,109.599304
89.81799194797338,109.599304
89.81799194797338,109.599304
90.8717441599503,109.599304
76.78978278171327,109.599304
101.12187931281672,109.599304
101.69665324662232,109.599304
117.59873208191038,109.599304
113.67111020090552,109.599304
105.81586643889574,109.599304
112.90474495583138,109.599304
111.65940143258591,109.599304
101.88824455789083,109.599304
110.79724053187753,109.599304
111.94678839948872,109.599304
145.37947221584736,109.6224
144.42151565950473,109.659225
129.09421075802226,109.67426
123.34647141996633,109.61934
117.59873208191038,109.604004
117.59873208191038,109.60934
111.37201446568312,109.61023
116.64077552556775,109.599304
112.04258405512299,109.599304
111.75519708822021,109.599304
115.68281896922507,109.599304
112.13837971075725,109.599304
106.77382299523838,109.599304
109.83928397553488,109.59945
104.85790988255307,109.59961
104.09154463747895,109.60332
103.42097504803908,109.60705
92.78765727263561,109.60771
125.26238453265164,109.59945
118.55668863825305,109.59961
132.92603698339286,109.59963
126.22034108899427,109.599304
119.51464519459569,109.599304
112.13837971075725,109.599304
124.30442797630897,109.599304
112.61735798892859,109.599304
121.43055830728099,109.599304
120.47260175093835,109.599304
121.43055830728099,109.599304
122.38851486362367,109.599304
103.03779242550202,109.599304
121.43055830728099,109.599304
123.34647141996633,109.599304
103.03779242550202,109.599815
142.50560254681943,109.600716
137.71581976510615,109.616325
131.96808042705024,109.64073
123.34647141996633,109.6518
119.51464519459569,109.61682
114.53327110161389,109.599304
123.34647141996633,109.600746
124.30442797630897,109.6023
119.51464519459569,109.602585
123.34647141996633,109.600746
114.7248624128824,109.60554
120.47260175093835,109.609314
99.30176185576566,109.60661
100.64290103464539,109.599304
104.85790988255307,109.599304
106.19904906143279,109.599304
107.73177955158104,109.599304
98.53539661069154,109.599304
102.07983586915937,109.599304
124.30442797630897,109.599304
114.15008847907683,109.599304
135.79990665242084,109.625595
115.68281896922507,109.668335
111.56360577695166,109.68653
102.55881414733071,109.62389
105.72007078326145,109.599304
107.8275752072153,109.599304
111.08462749878034,109.599304
113.47951888963696,109.599304
113.47951888963696,109.599304
112.52156233329433,109.599304
107.63598389594677,109.599304
101.60085759098803,109.599304
99.78074013393702,109.599304
109.07291873046074,109.599304
103.42097504803908,109.599304
105.3368881607244,109.599304
103.42097504803908,109.599304
102.55881414733071,109.599304
103.03779242550202,109.599304
100.35551406774259,109.599304
102.07983586915937,109.599304
104.47472726001601,109.599304
101.12187931281672,109.599304
99.30176185576566,109.601974
101.12187931281672,109.60536
125.26238453265164,109.60639
148.25334188487534,109.60631
134.84195009607816,109.6253
110.98883184314606,109.643326
108.59394045228942,109.63337
115.68281896922507,109.60094
106.77382299523838,109.599304
110.79724053187753,109.599304
108.6897361079237,109.599304
112.8089493001971,109.599304
101.60085759098803,109.599304
107.25280127340972,109.599304
117.59873208191038,109.60003
157.8329074483019,109.61923
119.51464519459569,109.6487
119.51464519459569,109.6597
116.64077552556775,109.61679
121.43055830728099,109.60013
111.94678839948872,109.599304
106.67802733960411,109.599304
110.70144487624329,109.60688
115.68281896922507,109.62212
119.51464519459569,109.6311
124.30442797630897,109.61446
124.30442797630897,109.599304
149.21129844121802,109.599304
146.33742877219004,109.599304
145.37947221584736,109.599304
143.46355910316205,109.599304
143.46355910316205,109.599304
142.50560254681943,109.599304
142.50560254681943,109.599304
145.37947221584736,109.599304
127.17829764533694,109.599304
131.01012387070756,109.599304
115.68281896922507,109.599304
110.98883184314606,109.599304
125.26238453265164,109.599304
140.58968943413413,109.60039
147.29538532853272,109.606766
151.12721155390332,109.61708
138.67377632144883,109.62449
137.71581976510615,109.61783
125.26238453265164,109.60896
138.67377632144883,109.599304
128.13625420167958,109.599304
128.13625420167958,109.599304
118.55668863825305,109.599304
121.43055830728099,109.599304
116.64077552556775,109.599304
118.55668863825305,109.599304
120.47260175093835,109.60234
131.01012387070756,109.608955
130.05216731436488,109.613144
133.88399353973554,109.606926
132.92603698339286,109.599304
134.84195009607816,109.60247
131.96808042705024,109.60591
131.01012387070756,109.60645
114.05429282344258,109.599304
126.22034108899427,109.599304
124.30442797630897,109.599304
115.68281896922507,109.599304
115.68281896922507,109.599304
115.68281896922507,109.599304
118.55668863825305,109.599304
120.47260175093835,109.599304
128.13625420167958,109.59966
118.55668863825305,109.60006
126.22034108899427,109.60013
140.58968943413413,109.60219
129.09421075802226,109.61635
124.30442797630897,109.63004
114.7248624128824,109.625916
122.38851486362367,109.599304
138.67377632144883,109.599304
136.75786320876347,109.599304
135.79990665242084,109.604645
135.79990665242084,109.610756
116.64077552556775,109.61431
118.55668863825305,109.60456
120.47260175093835,109.605034
128.13625420167958,109.599304
124.30442797630897,109.599304
122.38851486362367,109.599304
122.38851486362367,109.599304
122.38851486362367,109.599304
116.64077552556775,109.599304
122.38851486362367,109.600174
131.01012387070756,109.60364
113.57531454527121,109.60652
109.55189700863208,109.605034
101.50506193535378,109.599304
100.73869669027965,109.599304
98.72698792196009,109.599304
98.43960095505729,109.599304
121.43055830728099,109.599304
104.76211422691881,109.599304
105.81586643889574,109.599304
105.04950119382161,109.599304
93.9372051402468,109.599304
89.14742235853352,109.599304
93.84140948461254,109.599304
108.1149621741181,109.599304
109.83928397553488,109.599304
104.28313594874747,109.599815
96.81107480927477,109.60036
91.35072243812162,109.6019
130.05216731436488,109.60497
119.51464519459569,109.60813
126.22034108899427,109.60535
133.88399353973554,109.59939
118.55668863825305,109.599464
117.59873208191038,109.59947
116.64077552556775,109.599304
115.68281896922507,109.599304
121.43055830728099,109.599304
120.47260175093835,109.599304
120.47260175093835,109.599304
104.66631857128453,109.599304
126.22034108899427,109.599304
102.55881414733071,109.599304
107.44439258467824,109.599304
114.24588413471109,109.599304
111.85099274385446,109.599304
114.7248624128824,109.599304
113.00054061146565,109.599304
110.31826225370622,109.599304
114.62906675724814,109.599304
119.51464519459569,109.599304
116.64077552556775,109.599304
111.85099274385446,109.599304
99.87653578957128,109.599304
110.12667094243767,109.599304
115.68281896922507,109.599304
112.04258405512299,109.599304
137.71581976510615,109.599304
138.67377632144883,109.599304
135.79990665242084,109.599304
126.22034108899427,109.599304
131.01012387070756,109.599304
123.34647141996633,109.599304
127.17829764533694,109.599304
124.30442797630897,109.599304
122.38851486362367,109.599304
113.0963362670999,109.599304
116.64077552556775,109.599304
119.51464519459569,109.599304
122.38851486362367,109.599304
125.26238453265164,109.60381
128.13625420167958,109.60891
116.64077552556775,109.60976
120.47260175093835,109.599304
105.14529684945587,109.599304
101.12187931281672,109.599304
108.01916651848383,109.599304
108.97712307482648,109.599304
118.55668863825305,109.599304
120.47260175093835,109.599304
121.43055830728099,109.61241
107.92337086284958,109.62812
117.59873208191038,109.63165
109.93507963116916,109.60081
110.41405790934047,109.603676
145.37947221584736,109.60573
144.42151565950473,109.607
144.42151565950473,109.60094
147.29538532853272,109.599304
154.0010812229313,109.599304
148.25334188487534,109.599304
155.9169943356166,109.599304
168.3704295680711,109.599304
199.98299592737877,109.60733
231.59556228668635,109.630684
174.11816890612704,109.6781
162.6226902300152,109.6993
162.6226902300152,109.67306
153.04312466658862,109.599304
178.90795168784032,109.599304
159.7488205609872,109.599304
165.49655989904312,109.60299
152.08516811024595,109.62168
154.95903777927393,109.64035
144.42151565950473,109.63559
155.9169943356166,109.60258
154.0010812229313,109.60441
152.08516811024595,109.60487
145.37947221584736,109.599304
148.25334188487534,109.599304
144.42151565950473,109.599304
149.21129844121802,109.60111
159.7488205609872,109.60306
88.76423973599647,109.611725
88.76423973599647,109.638626
90.00958325924192,109.63871
97.38584874308036,109.591255
97.38584874308036,109.592
98.72698792196009,109.592545
94.89516169658945,109.592995
94.89516169658945,109.593185
93.74561382897826,109.593925
93.74561382897826,109.594315
93.74561382897826,109.593346
93.74561382897826,109.59267
93.74561382897826,109.59434
96.14050521983492,109.59514
98.72698792196009,109.59508
98.72698792196009,109.59687
100.06812710083979,109.59795
97.38584874308036,109.59741
97.38584874308036,109.59595
97.38584874308036,109.59546
94.89516169658945,109.59507
94.89516169658945,109.59587
94.89516169658945,109.59738
94.89516169658945,109.59864
94.89516169658945,109.59917
92.50027030573281,109.59937
92.50027030573281,109.599495
92.50027030573281,109.599625
94.89516169658945,109.59953
100.45130972337685,109.59984
99.39755751139994,109.5993
97.19425743181185,109.5941
96.14050521983492,109.58809
95.18254866349224,109.59104
95.18254866349224,109.599945
95.18254866349224,109.601135
94.12879645151534,109.599495
92.11708768319576,109.59602
91.1591311268531,109.59071
90.20117457051045,109.58939
90.20117457051045,109.5871
89.14742235853352,109.59009
90.20117457051045,109.60171
90.20117457051045,109.607895
88.18946580219087,109.605934
88.18946580219087,109.60435
86.1777570338713,109.60608
86.1777570338713,109.6073
86.1777570338713,109.610466
88.18946580219087,109.61291
86.1777570338713,109.61493
85.21980047752865,109.61505
84.35763957682025,109.614655
85.21980047752865,109.61566
85.21980047752865,109.61571
83.3996830204776,109.61174
82.44172646413493,109.60771
139.63173287779145,109.60475
139.63173287779145,109.59689
137.71581976510615,109.5827
131.96808042705024,109.57189
131.96808042705024,109.57387
132.92603698339286,109.56854
130.05216731436488,109.56826
127.17829764533694,109.56665
126.22034108899427,109.56825
126.22034108899427,109.57227
124.30442797630897,109.57945
124.30442797630897,109.582985
124.30442797630897,109.586174
123.34647141996633,109.587006
121.43055830728099,109.58573
119.51464519459569,109.587494
119.51464519459569,109.59116
124.30442797630897,109.589615
119.51464519459569,109.5845
117.59873208191038,109.58084
116.64077552556775,109.587944
116.64077552556775,109.592476
114.7248624128824,109.59267
113.86270151217403,109.59158
112.71315364456284,109.59102
111.56360577695166,109.59399
111.56360577695166,109.59711
111.56360577695166,109.59961
102.55881414733071,109.601616
101.50506193535378,109.59945
100.45130972337685,109.59069
98.24800964378873,109.57992
97.19425743181185,109.57964
96.14050521983492,109.57973
96.14050521983492,109.57706
96.14050521983492,109.57435
94.12879645151534,109.57557
94.12879645151534,109.5795
92.11708768319576,109.58351
91.1591311268531,109.58598
91.1591311268531,109.588684
91.1591311268531,109.590355
91.1591311268531,109.591484
90.20117457051045,109.59186
88.18946580219087,109.59293
86.1777570338713,109.59351
86.1777570338713,109.59472
86.1777570338713,109.59595
84.35763957682025,109.59819
84.35763957682025,109.59947
85.21980047752865,109.601395
86.1777570338713,109.599655
86.1777570338713,109.5956
88.18946580219087,109.59116
86.1777570338713,109.59261
86.1777570338713,109.59528
90.48856153741325,109.59838
91.63810940502444,109.59958
90.48856153741325,109.59321
89.33901366980206,109.58143
88.0936701465566,109.58357
85.79457441133422,109.588684
84.64502654372305,109.59063
84.64502654372305,109.59234
84.64502654372305,109.59363
85.79457441133422,109.59539
85.79457441133422,109.597244
84.64502654372305,109.59748
84.64502654372305,109.59548
82.2501351528664,109.59305
81.10058728525523,109.59316
81.10058728525523,109.595406
79.95103941764404,109.59786
79.95103941764404,109.60289
78.89728720566713,109.60832
79.95103941764404,109.60702
84.64502654372305,109.605606
84.64502654372305,109.607376
79.95103941764404,109.60429
78.89728720566713,109.599655
77.84353499369018,109.59548
76.78978278171327,109.591446
75.73603056973636,109.59418
75.73603056973636,109.59863
75.73603056973636,109.60111
107.25280127340972,109.60601
107.25280127340972,109.60502
107.92337086284958,109.59306
105.81586643889574,109.57833
107.25280127340972,109.5823
107.25280127340972,109.587944
107.25280127340972,109.59175
105.81586643889574,109.59127
105.81586643889574,109.59102
103.1335880811363,109.59399
103.70836201494188,109.596756
102.46301849169645,109.5958
101.79244890225658,109.59134
101.79244890225658,109.58936
100.54710537901114,109.59571
99.30176185576566,109.59737
101.79244890225658,109.59307
101.79244890225658,109.59084
101.21767496845099,109.58906
100.54710537901114,109.589554
101.21767496845099,109.59416
101.79244890225658,109.599655
100.54710537901114,109.60284
99.30176185576566,109.60124
105.81586643889574,109.6015
105.14529684945587,109.603386
101.79244890225658,109.60806
101.79244890225658,109.613304
450.22969414423966,109.61517
450.22969414423966,109.611694
450.22969414423966,109.59755
450.22969414423966,109.58124
450.22969414423966,109.58067
450.22969414423966,109.579865
450.22969414423966,109.57763
450.22969414423966,109.57642
450.22969414423966,109.57935
450.22969414423966,109.582405
450.22969414423966,109.58351
139.63173287779145,109.58598
131.01012387070756,109.588684
126.22034108899427,109.59206
127.17829764533694,109.597176
131.96808042705024,109.59997
127.17829764533694,109.5956
123.34647141996633,109.59116
121.43055830728099,109.59261
121.43055830728099,109.594154
119.51464519459569,109.59123
119.51464519459569,109.58825
118.55668863825305,109.59119
115.68281896922507,109.600105
112.71315364456284,109.59919
109.55189700863208,109.59488
108.6897361079237,109.59111
108.1149621741181,109.59137
133.88399353973554,109.59321
136.75786320876347,109.59527
139.63173287779145,109.59427
137.71581976510615,109.58603
137.71581976510615,109.58761
137.71581976510615,109.5888
136.75786320876347,109.59063
135.79990665242084,109.59175
135.79990665242084,109.58948
135.79990665242084,109.58509
136.75786320876347,109.57887
133.88399353973554,109.577896
133.88399353973554,109.57574
133.88399353973554,109.57888
133.88399353973554,109.585365
133.88399353973554,109.59351
133.88399353973554,109.59444
135.79990665242084,109.59539
135.79990665242084,109.59713
132.92603698339286,109.598335
131.01012387070756,109.59963
128.13625420167958,109.601395
127.17829764533694,109.600784
127.17829764533694,109.598305
125.26238453265164,109.59411
124.30442797630897,109.59229
124.30442797630897,109.59528
124.30442797630897,109.59838
111.4678101213174,109.60395
111.4678101213174,109.60717
112.90474495583138,109.603195
111.4678101213174,109.598045
110.03087528680341,109.59793
112.90474495583138,109.5981
114.34167979034534,109.59882
115.68281896922507,109.59959
114.34167979034534,109.59874
112.90474495583138,109.59889
112.90474495583138,109.600525
111.4678101213174,109.60096
111.4678101213174,109.59727
108.59394045228942,109.593094
110.03087528680341,109.59261
108.59394045228942,109.594154
108.59394045228942,109.594055
107.25280127340972,109.59524
107.25280127340972,109.5982
104.37893160438175,109.59496
104.37893160438175,109.58993
105.81586643889574,109.587494
108.59394045228942,109.5897
108.59394045228942,109.58787
111.4678101213174,109.587975
110.03087528680341,109.5941
105.81586643889574,109.5989
104.37893160438175,109.598404
105.81586643889574,109.59932
87.90207883528808,109.59441
87.90207883528808,109.590866
85.98616572260276,109.59069
85.02820916626011,109.58771
83.97445695428318,109.58237
83.97445695428318,109.58214
83.01650039794053,109.58437
79.08887851693564,109.585846
78.13092196059299,109.58748
77.2687610598846,109.588165
77.2687610598846,109.59074
76.40660015917621,109.59488
74.58648270212517,109.59783
73.72432180141679,109.60022
73.72432180141679,109.60176
72.86216090070839,109.60059
72.0,109.594345
72.0,109.58547
72.86216090070839,109.58152
79.08887851693564,109.58294
79.08887851693564,109.58497
76.40660015917621,109.58951
75.54443925846782,109.592125
74.58648270212517,109.59118
73.72432180141679,109.59108
74.58648270212517,109.594795
73.72432180141679,109.59906
74.58648270212517,109.602234
106.77382299523838,109.608154
105.24109250509012,109.61398
103.70836201494188,109.610374
100.54710537901114,109.60437
106.77382299523838,109.600784
103.70836201494188,109.6018
102.07983586915937,109.5989
100.54710537901114,109.59276
99.01437488886286,109.58897
99.01437488886286,109.59059
97.48164439871461,109.59168
97.48164439871461,109.59267
94.41618341841813,109.59789
93.07504423953841,109.60077
91.63810940502444,109.599396
90.29697022614472,109.59231
88.86003539163073,109.58664
88.86003539163073,109.591385
90.29697022614472,109.59288
90.29697022614472,109.59163
88.86003539163073,109.58622
88.86003539163073,109.57966
88.86003539163073,109.58563
90.29697022614472,109.587006
90.29697022614472,109.587585
88.86003539163073,109.58667
93.07504423953841,109.585144
94.41618341841813,109.58672
106.77382299523838,109.587234
105.24109250509012,109.58834
103.70836201494188,109.59129
100.54710537901114,109.59311
106.77382299523838,109.586914
103.70836201494188,109.58003
102.07983586915937,109.580795
100.54710537901114,109.58648
99.01437488886286,109.59539
99.01437488886286,109.5973
97.48164439871461,109.59913
97.48164439871461,109.606155
94.41618341841813,109.607994
93.07504423953841,109.602036
91.63810940502444,109.600266
90.29697022614472,109.59906
88.86003539163073,109.6005
88.86003539163073,109.60307
90.29697022614472,109.605385
90.29697022614472,109.60234
88.86003539163073,109.59712
88.86003539163073,109.60209
88.86003539163073,109.61306
90.29697022614472,109.61925
90.29697022614472,109.62195
88.86003539163073,109.61966
93.07504423953841,109.611595
105.24109250509012,109.605034
131.96808042705024,109.591606
133.88399353973554,109.57642
130.05216731436488,109.58209
128.13625420167958,109.58735
124.30442797630897,109.58998
128.13625420167958,109.580574
126.22034108899427,109.582565
139.63173287779145,109.59037
141.54764599047675,109.58845
133.88399353973554,109.58358
120.47260175093835,109.5825
124.30442797630897,109.58547
120.47260175093835,109.59031
116.64077552556775,109.5916
120.47260175093835,109.591446
118.55668863825305,109.59553
116.64077552556775,109.594604
116.64077552556775,109.592094
112.8089493001971,109.591125
110.8930361875118,109.58846
108.97712307482648,109.59146
108.97712307482648,109.59311
108.97712307482648,109.58918
107.06120996214118,109.58571
107.06120996214118,109.58525
105.14529684945587,109.58563
105.14529684945587,109.58049
105.14529684945587,109.58528
108.97712307482648,109.59954
99.39755751139994,109.603615
97.48164439871461,109.59882
95.5657312860293,109.596664
94.12879645151534,109.595406
94.12879645151534,109.59779
94.12879645151534,109.5951
92.69186161700135,109.59731
91.25492678248737,109.60676
89.81799194797338,109.61575
101.31347062408527,109.60858
108.97712307482648,109.596466
97.48164439871461,109.60155
94.12879645151534,109.60728
97.48164439871461,109.60413
103.22938373677057,109.606895
103.22938373677057,109.61212
99.39755751139994,109.61557
99.39755751139994,109.61424
92.69186161700135,109.60447
91.25492678248737,109.599945
89.81799194797338,109.59304
88.3810571134594,109.58915
85.50718744443144,109.58344
84.07025260991746,109.58074
82.63331777540347,109.58266
84.07025260991746,109.58625
86.94412227894543,109.58816
86.94412227894543,109.589615
106.77382299523838,109.59014
103.70836201494188,109.589226
102.07983586915937,109.58388
100.54710537901114,109.58134
99.01437488886286,109.58036
99.01437488886286,109.58658
95.94891390856638,109.58422
94.41618341841813,109.58634
102.07983586915937,109.59259
127.17829764533694,109.59645
125.26238453265164,109.591644
116.64077552556775,109.58339
109.83928397553488,109.59014
100.54710537901114,109.5921
97.48164439871461,109.586205
97.48164439871461,109.58613
95.94891390856638,109.592224
94.41618341841813,109.59039
93.07504423953841,109.59227
91.63810940502444,109.59293
90.29697022614472,109.59368
90.29697022614472,109.59916
100.54710537901114,109.607346
94.41618341841813,109.602745
94.41618341841813,109.59359
91.63810940502444,109.5921
88.86003539163073,109.59885
87.518896212751,109.598564
97.48164439871461,109.599365
97.48164439871461,109.596
97.48164439871461,109.59446
95.5657312860293,109.59402
94.12879645151534,109.59158
95.5657312860293,109.592926
95.5657312860293,109.58872
94.12879645151534,109.58685
92.69186161700135,109.59076
95.5657312860293,109.59953
95.5657312860293,109.601845
95.5657312860293,109.59326
95.5657312860293,109.58785
94.12879645151534,109.58931
94.12879645151534,109.59255
99.39755751139994,109.597855
107.06120996214118,109.59637
99.39755751139994,109.58908
97.48164439871461,109.585686
94.12879645151534,109.58797
92.69186161700135,109.58433
89.81799194797338,109.578125
94.12879645151534,109.57871
110.8930361875118,109.58124
110.8930361875118,109.58136
97.48164439871461,109.57808
91.25492678248737,109.578026
92.69186161700135,109.587135
108.40234914102092,109.59108
106.19904906143279,109.58748
106.19904906143279,109.588684
104.09154463747895,109.59425
101.9840402135251,109.59605
100.54710537901114,109.59742
98.53539661069154,109.60242
97.09846177617754,109.60094
97.09846177617754,109.59736
123.34647141996633,109.5927
161.66473367367252,109.5812
204.772778709092,109.57314
160.70677711732986,109.57524
140.58968943413413,109.57706
130.05216731436488,109.582886
127.17829764533694,109.59175
122.38851486362367,109.594246
117.59873208191038,109.59156
113.57531454527121,109.59028
114.34167979034534,109.59807
112.90474495583138,109.59767
109.93507963116916,109.58936
106.96541430650693,109.58139
106.19904906143279,109.58441
104.09154463747895,109.58948
122.38851486362367,109.59456
122.38851486362367,109.59591
161.66473367367252,109.59177
134.84195009607816,109.58914
104.76211422691881,109.58568
103.42097504803908,109.5905
102.65460980296496,109.59108
101.9840402135251,109.591255
104.09154463747895,109.592
101.9840402135251,109.592545
100.54710537901114,109.592995
99.20596620013141,109.593185
98.53539661069154,109.593925
97.09846177617754,109.594315
96.42789218673772,109.593346
94.99095735222373,109.59267
93.64981817334402,109.59434
92.30867899446429,109.594696
92.30867899446429,109.594124
92.30867899446429,109.59593
89.62640063670484,109.59829
88.3810571134594,109.59741
85.8903700669685,109.59595
84.64502654372305,109.59546
84.64502654372305,109.59507
85.21980047752865,109.59587
85.21980047752865,109.59738
88.3810571134594,109.59864
87.13571359021395,109.59909
87.71048752401954,109.598045
88.955831047265,109.59368
88.3810571134594,109.58823
123.34647141996633,109.58622
122.38851486362367,109.58985
125.26238453265164,109.592636
126.22034108899427,109.59621
124.30442797630897,109.592476
121.43055830728099,109.58653
120.47260175093835,109.58516
120.47260175093835,109.58322
119.51464519459569,109.58455
117.59873208191038,109.58658
116.64077552556775,109.58821
116.64077552556775,109.58879
116.64077552556775,109.587944
116.64077552556775,109.58597
115.68281896922507,109.58482
113.57531454527121,109.58523
112.23417536639153,109.58676
110.8930361875118,109.58809
111.56360577695166,109.58875
116.64077552556775,109.58943
112.90474495583138,109.58985
110.8930361875118,109.59092
109.55189700863208,109.59215
107.63598389594677,109.59335
115.68281896922507,109.59466
120.47260175093835,109.59678
112.23417536639153,109.600784
115.68281896922507,109.603386
117.59873208191038,109.60393
116.64077552556775,109.60227
116.64077552556775,109.5971
115.68281896922507,109.592285
123.34647141996633,109.59643
113.57531454527121,109.60005
112.13837971075725,109.59873
111.37201446568312,109.5999
110.70144487624329,109.60614
110.70144487624329,109.61245
109.16871438609503,109.6069
109.16871438609503,109.597084
107.73177955158104,109.59765
106.96541430650693,109.60853
106.19904906143279,109.61352
104.76211422691881,109.61708
105.52847947199294,109.619385
104.76211422691881,109.62135
103.42097504803908,109.62059
101.9840402135251,109.619514
102.65460980296496,109.61757
101.9840402135251,109.61583
100.54710537901114,109.61316
103.42097504803908,109.61248
102.65460980296496,109.614296
101.9840402135251,109.615425
101.31347062408527,109.60195
100.54710537901114,109.59561
107.73177955158104,109.595375
110.41405790934047,109.59261
109.7434883199006,109.58693
107.73177955158104,109.57765
106.39064037270131,109.577675
109.7434883199006,109.582535
111.85099274385446,109.5861
113.86270151217403,109.580986
111.08462749878034,109.575485
108.40234914102092,109.58181
106.39064037270131,109.58415
107.73177955158104,109.587
113.86270151217403,109.58988
111.08462749878034,109.59
107.06120996214118,109.58578
105.04950119382161,109.586784
103.80415767057615,109.591385
102.55881414733071,109.59605
100.64290103464539,109.59539
99.97233144520553,109.58561
98.72698792196009,109.578026
97.48164439871461,109.57699
97.48164439871461,109.57871
94.89516169658945,109.58191
93.64981817334402,109.58646
93.64981817334402,109.59174
92.40447465009855,109.595375
92.40447465009855,109.593704
93.64981817334402,109.58804
114.05429282344258,109.58433
112.23417536639153,109.59153
110.41405790934047,109.60324
106.39064037270131,109.617676
105.04950119382161,109.610374
104.66631857128453,109.60426
102.94199676986776,109.59791
102.94199676986776,109.591606
102.55881414733071,109.59528
103.32517939240482,109.60236
104.66631857128453,109.60747
107.73177955158104,109.6037
105.52847947199294,109.60048
103.80415767057615,109.60058
102.55881414733071,109.600655
102.55881414733071,109.60306
101.69665324662232,109.606766
100.45130972337685,109.60731
98.72698792196009,109.60794
98.72698792196009,109.60461
97.48164439871461,109.601006
102.07983586915937,109.60044
101.21767496845099,109.596344
99.97233144520553,109.59102
100.8344923459139,109.59168
103.80415767057615,109.600914
103.80415767057615,109.59345
102.55881414733071,109.59127
105.14529684945587,109.59068
102.07983586915937,109.594536
110.41405790934047,109.59546
96.56200610462567,109.59418
101.69665324662232,109.59923
101.50506193535378,109.60415
124.30442797630897,109.6035
125.26238453265164,109.60251
117.59873208191038,109.59889
115.68281896922507,109.596375
114.05429282344258,109.59644
118.55668863825305,109.59783
450.22969414423966,109.60006
450.22969414423966,109.5963
450.22969414423966,109.588165
450.22969414423966,109.591225
450.22969414423966,109.59881
450.22969414423966,109.60322
450.22969414423966,109.60176
450.22969414423966,109.5989
450.22969414423966,109.598495
450.22969414423966,109.60065
450.22969414423966,109.601166
450.22969414423966,109.59987
450.22969414423966,109.60117
450.22969414423966,109.601
450.22969414423966,109.59312
450.22969414423966,109.588104
450.22969414423966,109.587585
450.22969414423966,109.58849
450.22969414423966,109.58296
450.22969414423966,109.57704
450.22969414423966,109.58398
450.22969414423966,109.591255
450.22969414423966,109.5967
450.22969414423966,109.59986
450.22969414423966,109.60261
450.22969414423966,109.59784
450.22969414423966,109.58985
450.22969414423966,109.59295
112.32997102202577,109.59168
113.00054061146565,109.588104
113.3837232340027,109.585556
107.44439258467824,109.584526
106.29484471706705,109.590454
101.60085759098803,109.59451
115.68281896922507,109.594894
133.88399353973554,109.59553
144.42151565950473,109.59606
127.17829764533694,109.59276
118.55668863825305,109.58917
117.59873208191038,109.58881
107.34859692904399,109.59626
98.34380529942302,109.5974
116.64077552556775,109.596
122.38851486362367,109.597336
135.79990665242084,109.599205
133.88399353973554,109.60062
135.79990665242084,109.59837
141.54764599047675,109.58899
133.88399353973554,109.588585
132.92603698339286,109.59109
128.13625420167958,109.59082
129.09421075802226,109.58273
123.34647141996633,109.57826
127.17829764533694,109.58631
127.17829764533694,109.596794
120.47260175093835,109.59554
123.34647141996633,109.60183
120.47260175093835,109.60211
115.68281896922507,109.60223
129.09421075802226,109.59966
126.22034108899427,109.59262
112.04258405512299,109.59354
119.51464519459569,109.59906
118.55668863825305,109.6049
122.38851486362367,109.5989
100.45130972337685,109.5938
121.43055830728099,109.59261
127.17829764533694,109.599625
125.26238453265164,109.605446
115.68281896922507,109.611725
127.17829764533694,109.622795
134.84195009607816,109.62388
120.47260175093835,109.620544
135.79990665242084,109.61494
134.84195009607816,109.60827
125.26238453265164,109.59252
122.38851486362367,109.5799
119.51464519459569,109.58275
114.24588413471109,109.5857
139.63173287779145,109.585396
136.75786320876347,109.58164
130.05216731436488,109.581505
132.92603698339286,109.5786
116.64077552556775,109.58072
123.34647141996633,109.58662
109.2645100417293,109.600914
107.06120996214118,109.60497
113.57531454527121,109.599304
121.43055830728099,109.60294
129.09421075802226,109.599655
137.71581976510615,109.59425
115.68281896922507,109.58773
128.13625420167958,109.591774
125.26238453265164,109.593346
118.55668863825305,109.59711
114.62906675724814,109.60266
118.55668863825305,109.60068
122.38851486362367,109.59824
119.51464519459569,109.5982
118.55668863825305,109.606094
117.59873208191038,109.60794
122.38851486362367,109.60813
119.51464519459569,109.61089
124.30442797630897,109.61507
122.38851486362367,109.615715
113.47951888963696,109.61017
114.7248624128824,109.60631
114.7248624128824,109.612114
114.7248624128824,109.61651
110.31826225370622,109.61823
128.13625420167958,109.610634
134.84195009607816,109.601776
123.34647141996633,109.599205
121.43055830728099,109.60439
111.08462749878034,109.60973
112.42576667766004,109.60553
130.05216731436488,109.60314
123.34647141996633,109.60263
125.26238453265164,109.59965
122.38851486362367,109.59874
125.26238453265164,109.60957
121.43055830728099,109.61557
121.43055830728099,109.61343
122.38851486362367,109.61365
116.64077552556775,109.61984
125.26238453265164,109.62104
123.34647141996633,109.618095
122.38851486362367,109.622795
107.15700561777544,109.62822
104.85790988255307,109.6278
119.51464519459569,109.6219
111.56360577695166,109.61282
114.43747544597963,109.60821
117.59873208191038,109.6086
133.88399353973554,109.598694
105.24109250509012,109.58905
111.65940143258591,109.58597
120.47260175093835,109.58355
110.70144487624329,109.58249
105.24109250509012,109.58523
100.16392275647407,109.59298
104.66631857128453,109.59456
253.62856308256744,109.58623
215.3103008288612,109.57685
172.20225579344174,109.5845
141.54764599047675,109.58344
111.1804231544146,109.58074
119.51464519459569,109.57501
128.13625420167958,109.5702
118.55668863825305,109.57541
118.55668863825305,109.58414
123.34647141996633,109.596306
112.71315364456284,109.60442
108.49814479665517,109.60433
117.59873208191038,109.60001
113.00054061146565,109.59581
113.28792757836845,109.58707
142.50560254681943,109.58202
140.58968943413413,109.58269
131.96808042705024,109.57773
122.38851486362367,109.57223
114.62906675724814,109.5824
137.71581976510615,109.583275
121.43055830728099,109.58789
119.51464519459569,109.590164
117.59873208191038,109.594246
117.59873208191038,109.597694
120.47260175093835,109.59782
111.94678839948872,109.595375
109.7434883199006,109.59262
113.57531454527121,109.594536
111.94678839948872,109.59548
114.7248624128824,109.59324
116.64077552556775,109.591774
126.22034108899427,109.59536
134.84195009607816,109.596886
122.38851486362367,109.5985
121.43055830728099,109.581436
120.47260175093835,109.57933
113.95849716780832,109.58722
116.64077552556775,109.60296
116.64077552556775,109.60411
115.68281896922507,109.59824
119.51464519459569,109.59687
116.64077552556775,109.59524
114.7248624128824,109.59647
106.19904906143279,109.60518
100.25971841210834,109.61632
91.1591311268531,109.61576
97.76903136561742,109.607254
102.17563152479364,109.607895
102.55881414733071,109.6044
95.3741399747608,109.60282
85.41139178879718,109.60836
95.46993563039506,109.607475
97.0026661205433,109.60973
96.81107480927477,109.61224
104.09154463747895,109.616165
92.30867899446429,109.6172
96.81107480927477,109.61422
97.48164439871461,109.61449
87.99787449092234,109.61856
96.90687046490905,109.62298
96.81107480927477,109.62115
94.32038776278387,109.617615
96.81107480927477,109.61189
91.63810940502444,109.61231
92.69186161700135,109.61032
88.0936701465566,109.60815
90.20117457051045,109.604965
89.81799194797338,109.60497
89.81799194797338,109.6026
90.8717441599503,109.601585
76.78978278171327,109.60044
101.12187931281672,109.60005
101.69665324662232,109.59765
117.59873208191038,109.59359
113.67111020090552,109.5918
105.81586643889574,109.58979
112.90474495583138,109.59019
111.65940143258591,109.591774
101.88824455789083,109.59749
110.79724053187753,109.60385
111.94678839948872,109.60341
145.37947221584736,109.59567
144.42151565950473,109.58497
129.09421075802226,109.58336
123.34647141996633,109.588554
117.59873208191038,109.589005
117.59873208191038,109.58741
111.37201446568312,109.599655
116.64077552556775,109.5981
112.04258405512299,109.59734
111.75519708822021,109.59712
115.68281896922507,109.59923
112.13837971075725,109.60456
106.77382299523838,109.60685
109.83928397553488,109.612434
104.85790988255307,109.61217
104.09154463747895,109.6001
103.42097504803908,109.59104
92.78765727263561,109.60181
125.26238453265164,109.605156
118.55668863825305,109.60374
132.92603698339286,109.60107
126.22034108899427,109.6011
119.51464519459569,109.60969
112.13837971075725,109.613
124.30442797630897,109.61465
112.61735798892859,109.613846
121.43055830728099,109.615776
120.47260175093835,109.616516
121.43055830728099,109.61427
122.38851486362367,109.61245
103.03779242550202,109.61236
121.43055830728099,109.61316
123.34647141996633,109.611626
103.03779242550202,109.6069
142.50560254681943,109.59939
137.71581976510615,109.58953
131.96808042705024,109.57878
123.34647141996633,109.57834
119.51464519459569,109.58349
114.53327110161389,109.586716
123.34647141996633,109.59283
124.30442797630897,109.5944
119.51464519459569,109.595634
123.34647141996633,109.59885
114.7248624128824,109.59741
120.47260175093835,109.59026
99.30176185576566,109.58446
100.64290103464539,109.586716
104.85790988255307,109.58912
106.19904906143279,109.59017
107.73177955158104,109.58962
98.53539661069154,109.59278
102.07983586915937,109.593864
124.30442797630897,109.59994
114.15008847907683,109.605446
135.79990665242084,109.60685
115.68281896922507,109.599205
111.56360577695166,109.5887
102.55881414733071,109.58636
105.72007078326145,109.58587
107.8275752072153,109.58437
111.08462749878034,109.58752
113.47951888963696,109.59031
113.47951888963696,109.59286
112.52156233329433,109.591896
107.63598389594677,109.5916
101.60085759098803,109.59489
99.78074013393702,109.60023
109.07291873046074,109.60334
103.42097504803908,109.60043
105.3368881607244,109.59893
103.42097504803908,109.606926
102.55881414733071,109.61103
103.03779242550202,109.60973
100.35551406774259,109.61209
102.07983586915937,109.61511
104.47472726001601,109.605034
101.12187931281672,109.594696
99.30176185576566,109.59028
101.12187931281672,109.58771
125.26238453265164,109.58964
148.25334188487534,109.58978
134.84195009607816,109.58827
110.98883184314606,109.586296
108.59394045228942,109.5875
115.68281896922507,109.58819
106.77382299523838,109.58556
110.79724053187753,109.590805
108.6897361079237,109.59949
112.8089493001971,109.59978
101.60085759098803,109.59581
107.25280127340972,109.59749
117.59873208191038,109.59415
157.8329074483019,109.57973
119.51464519459569,109.57458
119.51464519459569,109.57586
116.64077552556775,109.58191
121.43055830728099,109.584526
111.94678839948872,109.59252
106.67802733960411,109.597626
110.70144487624329,109.59664
115.68281896922507,109.593216
119.51464519459569,109.5972
124.30442797630897,109.60955
124.30442797630897,109.61177
149.21129844121802,109.60615
146.33742877219004,109.60166
145.37947221584736,109.60627
143.46355910316205,109.609
143.46355910316205,109.607254
142.50560254681943,109.60135
142.50560254681943,109.598045
145.37947221584736,109.59909
127.17829764533694,109.5966
131.01012387070756,109.597015
115.68281896922507,109.59781
110.98883184314606,109.59434
125.26238453265164,109.5905
140.58968943413413,109.595406
147.29538532853272,109.59939
151.12721155390332,109.596
138.67377632144883,109.58698
137.71581976510615,109.579735
125.26238453265164,109.58702
138.67377632144883,109.59494
128.13625420167958,109.60076
128.13625420167958,109.60236
118.55668863825305,109.594055
121.43055830728099,109.591675
116.64077552556775,109.60745
118.55668863825305,109.60918
120.47260175093835,109.60112
131.01012387070756,109.591866
130.05216731436488,109.5905
133.88399353973554,109.59472
132.92603698339286,109.59475
134.84195009607816,109.59165
131.96808042705024,109.59208
131.01012387070756,109.60258
114.05429282344258,109.60338
126.22034108899427,109.5998
124.30442797630897,109.59246
115.68281896922507,109.590775
115.68281896922507,109.596756
115.68281896922507,109.59473
118.55668863825305,109.59529
120.47260175093835,109.599815
128.13625420167958,109.60263
118.55668863825305,109.60357
126.22034108899427,109.6056
140.58968943413413,109.60176
129.09421075802226,109.59462
124.30442797630897,109.593
114.7248624128824,109.60291
122.38851486362367,109.612404
138.67377632144883,109.62048
136.75786320876347,109.62459
135.79990665242084,109.62315
135.79990665242084,109.61716
116.64077552556775,109.60702
118.55668863825305,109.59953
120.47260175093835,109.59571
128.13625420167958,109.59252
124.30442797630897,109.594696
122.38851486362367,109.60093
122.38851486362367,109.61005
122.38851486362367,109.61691
116.64077552556775,109.61781
122.38851486362367,109.60804
131.01012387070756,109.599106
113.57531454527121,109.59437
109.55189700863208,109.59599
101.50506193535378,109.59715
100.73869669027965,109.59756
98.72698792196009,109.60003
98.43960095505729,109.60315
121.43055830728099,109.60558
104.76211422691881,109.61004
105.81586643889574,109.61403
105.04950119382161,109.61874
93.9372051402468,109.61947
89.14742235853352,109.6147
93.84140948461254,109.612434
108.1149621741181,109.61611
109.83928397553488,109.61138
104.28313594874747,109.607185
96.81107480927477,109.608185
91.35072243812162,109.60563
130.05216731436488,109.60014
119.51464519459569,109.59913
126.22034108899427,109.59731
133.88399353973554,109.59522
118.55668863825305,109.5985
117.59873208191038,109.60463
116.64077552556775,109.61353
115.68281896922507,109.6107
121.43055830728099,109.60493
120.47260175093835,109.60377
120.47260175093835,109.60721
104.66631857128453,109.60506
126.22034108899427,109.60407
102.55881414733071,109.60431
107.44439258467824,109.6039
114.24588413471109,109.605774
111.85099274385446,109.610756
114.7248624128824,109.61271
113.00054061146565,109.60698
110.31826225370622,109.60662
114.62906675724814,109.60601
119.51464519459569,109.60679
116.64077552556775,109.60211
111.85099274385446,109.60176
99.87653578957128,109.60111
110.12667094243767,109.60342
115.68281896922507,109.60579
112.04258405512299,109.60519
137.71581976510615,109.599815
138.67377632144883,109.595245
135.79990665242084,109.59402
126.22034108899427,109.59106
131.01012387070756,109.591896
123.34647141996633,109.592735
127.17829764533694,109.59356
124.30442797630897,109.593994
122.38851486362367,109.594536
113.0963362670999,109.594604
116.64077552556775,109.59339
119.51464519459569,109.59252
122.38851486362367,109.59418
125.26238453265164,109.59543
128.13625420167958,109.5959
116.64077552556775,109.5976
120.47260175093835,109.59845
105.14529684945587,109.59748
101.12187931281672,109.595955
108.01916651848383,109.59545
108.97712307482648,109.59524
118.55668863825305,109.596
120.47260175093835,109.59712
121.43055830728099,109.598236
107.92337086284958,109.59867
117.59873208191038,109.59918
109.93507963116916,109.59923
110.41405790934047,109.59906
145.37947221584736,109.59867
144.42151565950473,109.59569
144.42151565950473,109.53322
147.29538532853272,109.44008
154.0010812229313,109.40698
148.25334188487534,109.59777
155.9169943356166,109.60253
168.3704295680711,109.604065
199.98299592737877,109.59786
231.59556228668635,109.589455
174.11816890612704,109.581825
162.6226902300152,109.574295
162.6226902300152,109.5713
153.04312466658862,109.58492
178.90795168784032,109.59838
159.7488205609872,109.60279
165.49655989904312,109.59917
152.08516811024595,109.58702
154.95903777927393,109.58286
144.42151565950473,109.583206
155.9169943356166,109.589264
154.0010812229313,109.58868
152.08516811024595,109.58988
145.37947221584736,109.596
148.25334188487534,109.59814
144.42151565950473,109.59872
149.21129844121802,109.59484
159.7488205609872,109.58571
88.76423973599647,109.573265
88.76423973599647,109.69229
90.00958325924192,109.8819
97.38584874308036,110.06594
97.38584874308036,110.06499
98.72698792196009,110.063614
94.89516169658945,110.06432
94.89516169658945,110.06598
93.74561382897826,110.06786
93.74561382897826,110.06906
93.74561382897826,110.06878
93.74561382897826,110.06746
93.74561382897826,110.06607
96.14050521983492,110.06571
98.72698792196009,110.066414
98.72698792196009,110.06712
100.06812710083979,110.06838
97.38584874308036,110.06932
97.38584874308036,110.06963
97.38584874308036,110.06916
94.89516169658945,110.069016
94.89516169658945,110.06834
94.89516169658945,110.0688
94.89516169658945,110.07022
94.89516169658945,110.07048
92.50027030573281,110.07103
92.50027030573281,110.07206
92.50027030573281,110.07338
94.89516169658945,110.074265
100.45130972337685,110.07423
99.39755751139994,110.07304
97.19425743181185,110.070694
96.14050521983492,110.06769
95.18254866349224,110.0676
95.18254866349224,110.0651
95.18254866349224,110.06646
94.12879645151534,110.067345
92.11708768319576,110.06899
91.1591311268531,110.06434
90.20117457051045,110.056076
90.20117457051045,110.05535
89.14742235853352,110.05657
90.20117457051045,110.06316
90.20117457051045,110.068726
88.18946580219087,110.07053
88.18946580219087,110.06946
86.1777570338713,110.06708
86.1777570338713,110.06897
86.1777570338713,110.07102
88.18946580219087,110.0752
86.1777570338713,110.0769
85.21980047752865,110.07501
84.35763957682025,110.074265
85.21980047752865,110.07747
85.21980047752865,110.0788
83.3996830204776,110.07724
82.44172646413493,110.07673
139.63173287779145,110.07674
139.63173287779145,110.07596
137.71581976510615,110.06894
131.96808042705024,110.05934
131.96808042705024,110.056694
132.92603698339286,110.054214
130.05216731436488,110.05097
127.17829764533694,110.04973
126.22034108899427,110.04728
126.22034108899427,110.04948
124.30442797630897,110.05071
124.30442797630897,110.05259
124.30442797630897,110.052376
123.34647141996633,110.05528
121.43055830728099,110.05622
119.51464519459569,110.05712
119.51464519459569,110.0591
124.30442797630897,110.063675
119.51464519459569,110.06744
117.59873208191038,110.07005
116.64077552556775,110.06888
116.64077552556775,110.06196
114.7248624128824,110.062454
113.86270151217403,110.062225
112.71315364456284,110.06207
111.56360577695166,110.06245
111.56360577695166,110.0633
111.56360577695166,110.06475
102.55881414733071,110.06573
101.50506193535378,110.06321
100.45130972337685,110.0522
98.24800964378873,110.04134
97.19425743181185,110.039406
96.14050521983492,110.037125
96.14050521983492,110.03481
96.14050521983492,110.032
94.12879645151534,110.031296
94.12879645151534,110.03417
92.11708768319576,110.04052
91.1591311268531,110.04503
91.1591311268531,110.049934
91.1591311268531,110.052704
91.1591311268531,110.05357
90.20117457051045,110.05293
88.18946580219087,110.052864
86.1777570338713,110.053696
86.1777570338713,110.05489
86.1777570338713,110.05567
84.35763957682025,110.056015
84.35763957682025,110.0563
85.21980047752865,110.056725
86.1777570338713,110.057304
86.1777570338713,110.05709
88.18946580219087,110.05771
86.1777570338713,110.060936
86.1777570338713,110.06428
90.48856153741325,110.06734
91.63810940502444,110.06701
90.48856153741325,110.06187
89.33901366980206,110.0507
88.0936701465566,110.04649
85.79457441133422,110.04631
84.64502654372305,110.052704
84.64502654372305,110.05383
84.64502654372305,110.053955
85.79457441133422,110.05487
85.79457441133422,110.055824
84.64502654372305,110.05674
84.64502654372305,110.05604
82.2501351528664,110.05355
81.10058728525523,110.05027
81.10058728525523,110.05027
79.95103941764404,110.05306
79.95103941764404,110.058205
78.89728720566713,110.06236
79.95103941764404,110.060936
84.64502654372305,110.06415
84.64502654372305,110.06516
79.95103941764404,110.06293
78.89728720566713,110.0594
77.84353499369018,110.0574
76.78978278171327,110.05804
75.73603056973636,110.060936
75.73603056973636,110.06428
75.73603056973636,110.06734
107.25280127340972,110.06906
107.25280127340972,110.06628
107.92337086284958,110.05521
105.81586643889574,110.049515
107.25280127340972,110.055916
107.25280127340972,110.06477
107.25280127340972,110.06196
105.81586643889574,110.062386
105.81586643889574,110.06207
103.1335880811363,110.06245
103.70836201494188,110.0633
102.46301849169645,110.06522
101.79244890225658,110.06517
101.79244890225658,110.065125
100.54710537901114,110.06319
99.30176185576566,110.06605
101.79244890225658,110.061516
101.79244890225658,110.06014
101.21767496845099,110.063324
100.54710537901114,110.06583
101.21767496845099,110.06516
101.79244890225658,110.06293
100.54710537901114,110.061
99.30176185576566,110.0625
105.81586643889574,110.06596
105.14529684945587,110.067474
101.79244890225658,110.07196
101.79244890225658,110.07829
450.22969414423966,110.08214
450.22969414423966,110.075935
450.22969414423966,110.05974
450.22969414423966,110.04201
450.22969414423966,110.04186
450.22969414423966,110.0415
450.22969414423966,110.04044
450.22969414423966,110.04052
450.22969414423966,110.04215
450.22969414423966,110.04316
450.22969414423966,110.04486
139.63173287779145,110.04749
131.01012387070756,110.049934
126.22034108899427,110.05284
127.17829764533694,110.05442
131.96808042705024,110.055176
127.17829764533694,110.05641
123.34647141996633,110.05804
121.43055830728099,110.060936
121.43055830728099,110.06633
119.51464519459569,110.072
119.51464519459569,110.07329
118.55668863825305,110.067474
115.68281896922507,110.06479
112.71315364456284,110.06612
109.55189700863208,110.06423
108.6897361079237,110.061676
108.1149621741181,110.05658
133.88399353973554,110.056244
136.75786320876347,110.05469
139.63173287779145,110.05067
137.71581976510615,110.04743
137.71581976510615,110.04503
137.71581976510615,110.049934
136.75786320876347,110.052704
135.79990665242084,110.05357
135.79990665242084,110.05119
135.79990665242084,110.04743
136.75786320876347,110.04406
133.88399353973554,110.042786
133.88399353973554,110.03798
133.88399353973554,110.03535
133.88399353973554,110.039604
133.88399353973554,110.047775
133.88399353973554,110.05489
135.79990665242084,110.055534
135.79990665242084,110.05584
132.92603698339286,110.05615
131.01012387070756,110.05674
128.13625420167958,110.05737
127.17829764533694,110.05763
127.17829764533694,110.05709
125.26238453265164,110.05771
124.30442797630897,110.060936
124.30442797630897,110.06428
124.30442797630897,110.06734
111.4678101213174,110.06906
111.4678101213174,110.0684
112.90474495583138,110.06357
111.4678101213174,110.06144
110.03087528680341,110.06142
112.90474495583138,110.06197
114.34167979034534,110.06206
115.68281896922507,110.06141
114.34167979034534,110.061
112.90474495583138,110.06118
112.90474495583138,110.06116
111.4678101213174,110.05889
111.4678101213174,110.06201
108.59394045228942,110.06516
110.03087528680341,110.064255
108.59394045228942,110.064674
108.59394045228942,110.06656
107.25280127340972,110.06626
107.25280127340972,110.064926
104.37893160438175,110.06391
104.37893160438175,110.05893
105.81586643889574,110.05612
108.59394045228942,110.056076
108.59394045228942,110.05235
111.4678101213174,110.04914
110.03087528680341,110.0502
105.81586643889574,110.055466
104.37893160438175,110.06099
105.81586643889574,110.065895
87.90207883528808,110.06926
87.90207883528808,110.07647
85.98616572260276,110.08018
85.02820916626011,110.080086
83.97445695428318,110.071655
83.97445695428318,110.06718
83.01650039794053,110.072296
79.08887851693564,110.08202
78.13092196059299,110.07943
77.2687610598846,110.07163
77.2687610598846,110.06712
76.40660015917621,110.07565
74.58648270212517,110.07973
73.72432180141679,110.07185
73.72432180141679,110.06596
72.86216090070839,110.06587
72.0,110.07004
72.0,110.06959
72.86216090070839,110.062355
79.08887851693564,110.05853
79.08887851693564,110.058365
76.40660015917621,110.06319
75.54443925846782,110.068825
74.58648270212517,110.06775
73.72432180141679,110.06076
74.58648270212517,110.06805
73.72432180141679,110.07822
74.58648270212517,110.07636
106.77382299523838,110.07526
105.24109250509012,110.08002
103.70836201494188,110.075455
100.54710537901114,110.07188
106.77382299523838,110.068825
103.70836201494188,110.06281
102.07983586915937,110.067245
100.54710537901114,110.070526
99.01437488886286,110.06922
99.01437488886286,110.06737
97.48164439871461,110.07079
97.48164439871461,110.07624
94.41618341841813,110.07541
93.07504423953841,110.07471
91.63810940502444,110.07839
90.29697022614472,110.08313
88.86003539163073,110.084404
88.86003539163073,110.07222
90.29697022614472,110.06101
90.29697022614472,110.06082
88.86003539163073,110.06319
88.86003539163073,110.05717
88.86003539163073,110.05136
90.29697022614472,110.05711
90.29697022614472,110.06045
88.86003539163073,110.06517
93.07504423953841,110.06366
94.41618341841813,110.05979
106.77382299523838,110.06569
105.24109250509012,110.07103
103.70836201494188,110.06661
100.54710537901114,110.05964
106.77382299523838,110.05578
103.70836201494188,110.04944
102.07983586915937,110.04503
100.54710537901114,110.0456
99.01437488886286,110.05374
99.01437488886286,110.05719
97.48164439871461,110.06503
97.48164439871461,110.0706
94.41618341841813,110.0761
93.07504423953841,110.076485
91.63810940502444,110.07693
90.29697022614472,110.07188
88.86003539163073,110.06455
88.86003539163073,110.0612
90.29697022614472,110.06154
90.29697022614472,110.07137
88.86003539163073,110.08234
88.86003539163073,110.08421
88.86003539163073,110.07685
90.29697022614472,110.07278
90.29697022614472,110.074585
88.86003539163073,110.07756
93.07504423953841,110.07444
105.24109250509012,110.0731
131.96808042705024,110.072655
133.88399353973554,110.075386
130.05216731436488,110.07546
128.13625420167958,110.07474
124.30442797630897,110.06862
128.13625420167958,110.06113
126.22034108899427,110.05747
139.63173287779145,110.06422
141.54764599047675,110.067276
133.88399353973554,110.07144
120.47260175093835,110.06904
124.30442797630897,110.05754
120.47260175093835,110.05455
116.64077552556775,110.05744
120.47260175093835,110.06285
118.55668863825305,110.06817
116.64077552556775,110.06639
116.64077552556775,110.066734
112.8089493001971,110.068665
110.8930361875118,110.06526
108.97712307482648,110.060326
108.97712307482648,110.05888
108.97712307482648,110.06854
107.06120996214118,110.070526
107.06120996214118,110.061554
105.14529684945587,110.05069
105.14529684945587,110.04654
105.14529684945587,110.05159
108.97712307482648,110.06633
99.39755751139994,110.06622
97.48164439871461,110.06573
95.5657312860293,110.06635
94.12879645151534,110.05833
94.12879645151534,110.05382
94.12879645151534,110.05534
92.69186161700135,110.058754
91.25492678248737,110.06481
89.81799194797338,110.07412
101.31347062408527,110.08828
108.97712307482648,110.08927
97.48164439871461,110.085304
94.12879645151534,110.0743
97.48164439871461,110.07168
103.22938373677057,110.0728
103.22938373677057,110.076385
99.39755751139994,110.07858
99.39755751139994,110.07994
92.69186161700135,110.076004
91.25492678248737,110.074356
89.81799194797338,110.07025
88.3810571134594,110.05938
85.50718744443144,110.05686
84.07025260991746,110.05481
82.63331777540347,110.05405
84.07025260991746,110.04661
86.94412227894543,110.05455
86.94412227894543,110.06543
106.77382299523838,110.071526
103.70836201494188,110.07062
102.07983586915937,110.06881
100.54710537901114,110.06465
99.01437488886286,110.06326
99.01437488886286,110.05667
95.94891390856638,110.06012
94.41618341841813,110.06602
102.07983586915937,110.066734
127.17829764533694,110.063774
125.26238453265164,110.07411
116.64077552556775,110.07478
109.83928397553488,110.067276
100.54710537901114,110.06066
97.48164439871461,110.05823
97.48164439871461,110.05882
95.94891390856638,110.05507
94.41618341841813,110.05164
93.07504423953841,110.052895
91.63810940502444,110.05514
90.29697022614472,110.05723
90.29697022614472,110.0596
100.54710537901114,110.064644
94.41618341841813,110.07136
94.41618341841813,110.07353
91.63810940502444,110.059814
88.86003539163073,110.05648
87.518896212751,110.06143
97.48164439871461,110.066025
97.48164439871461,110.07105
97.48164439871461,110.0731
95.5657312860293,110.072136
94.12879645151534,110.07211
95.5657312860293,110.0749
95.5657312860293,110.076096
94.12879645151534,110.07314
92.69186161700135,110.07312
95.5657312860293,110.0757
95.5657312860293,110.07844
95.5657312860293,110.07587
95.5657312860293,110.08059
94.12879645151534,110.08094
94.12879645151534,110.08047
99.39755751139994,110.07738
107.06120996214118,110.07312
99.39755751139994,110.07047
97.48164439871461,110.06779
94.12879645151534,110.06751
92.69186161700135,110.06725
89.81799194797338,110.063
94.12879645151534,110.06321
110.8930361875118,110.07234
110.8930361875118,110.07692
97.48164439871461,110.0794
91.25492678248737,110.07465
92.69186161700135,110.07129
108.40234914102092,110.07053
106.19904906143279,110.07329
106.19904906143279,110.072235
104.09154463747895,110.07466
101.9840402135251,110.07442
100.54710537901114,110.07688
98.53539661069154,110.074844
97.09846177617754,110.07537
97.09846177617754,110.07504
123.34647141996633,110.0764
161.66473367367252,110.07407
204.772778709092,110.069725
160.70677711732986,110.05884
140.58968943413413,110.05522
130.05216731436488,110.05679
127.17829764533694,110.06383
122.38851486362367,110.07079
117.59873208191038,110.07607
113.57531454527121,110.07629
114.34167979034534,110.069695
112.90474495583138,110.073006
109.93507963116916,110.07429
106.96541430650693,110.07296
106.19904906143279,110.069
104.09154463747895,110.06626
122.38851486362367,110.070625
122.38851486362367,110.08179
161.66473367367252,110.09033
134.84195009607816,110.08446
104.76211422691881,110.07482
103.42097504803908,110.071785
102.65460980296496,110.07067
101.9840402135251,110.06594
104.09154463747895,110.06499
101.9840402135251,110.063614
100.54710537901114,110.06432
99.20596620013141,110.06598
98.53539661069154,110.06786
97.09846177617754,110.06906
96.42789218673772,110.06878
94.99095735222373,110.06746
93.64981817334402,110.06607
92.30867899446429,110.06571
92.30867899446429,110.066414
92.30867899446429,110.06712
89.62640063670484,110.06838
88.3810571134594,110.06932
85.8903700669685,110.06963
84.64502654372305,110.06916
84.64502654372305,110.069016
85.21980047752865,110.06834
85.21980047752865,110.0688
88.3810571134594,110.07022
87.13571359021395,110.07048
87.71048752401954,110.07103
88.955831047265,110.07206
88.3810571134594,110.07338
123.34647141996633,110.074265
122.38851486362367,110.07294
125.26238453265164,110.070694
126.22034108899427,110.07012
124.30442797630897,110.07263
121.43055830728099,110.070946
120.47260175093835,110.06356
120.47260175093835,110.06137
119.51464519459569,110.061676
117.59873208191038,110.0654
116.64077552556775,110.06583
116.64077552556775,110.06892
116.64077552556775,110.06827
116.64077552556775,110.06719
115.68281896922507,110.068214
113.57531454527121,110.06963
112.23417536639153,110.07232
110.8930361875118,110.07045
111.56360577695166,110.07444
116.64077552556775,110.07942
112.90474495583138,110.08013
110.8930361875118,110.08022
109.55189700863208,110.08393
107.63598389594677,110.08776
115.68281896922507,110.08997
120.47260175093835,110.090744
112.23417536639153,110.09172
115.68281896922507,110.093666
117.59873208191038,110.09602
116.64077552556775,110.09023
116.64077552556775,110.08136
115.68281896922507,110.07275
123.34647141996633,110.08337
113.57531454527121,110.084435
112.13837971075725,110.081436
111.37201446568312,110.07143
110.70144487624329,110.07171
110.70144487624329,110.07437
109.16871438609503,110.07773
109.16871438609503,110.08089
107.73177955158104,110.08632
106.96541430650693,110.08018
106.19904906143279,110.078766
104.76211422691881,110.0841
105.52847947199294,110.086655
104.76211422691881,110.0862
103.42097504803908,110.08611
101.9840402135251,110.08533
102.65460980296496,110.08479
101.9840402135251,110.08138
100.54710537901114,110.07905
103.42097504803908,110.07895
102.65460980296496,110.082214
101.9840402135251,110.08375
101.31347062408527,110.08732
100.54710537901114,110.091515
107.73177955158104,110.08909
110.41405790934047,110.08073
109.7434883199006,110.07023
107.73177955158104,110.06302
106.39064037270131,110.06373
109.7434883199006,110.05997
111.85099274385446,110.06637
113.86270151217403,110.07019
111.08462749878034,110.06966
108.40234914102092,110.06373
106.39064037270131,110.05847
107.73177955158104,110.058586
113.86270151217403,110.061134
111.08462749878034,110.07086
107.06120996214118,110.07711
105.04950119382161,110.068855
103.80415767057615,110.06111
102.55881414733071,110.06907
100.64290103464539,110.08009
99.97233144520553,110.07671
98.72698792196009,110.06788
97.48164439871461,110.054245
97.48164439871461,110.04801
94.89516169658945,110.05292
93.64981817334402,110.05639
93.64981817334402,110.055115
92.40447465009855,110.05586
92.40447465009855,110.0558
93.64981817334402,110.05794
114.05429282344258,110.063324
112.23417536639153,110.073105
110.41405790934047,110.07969
106.39064037270131,110.08471
105.04950119382161,110.075714
104.66631857128453,110.070816
102.94199676986776,110.07045
102.94199676986776,110.07526
102.55881414733071,110.07886
103.32517939240482,110.07267
104.66631857128453,110.06949
107.73177955158104,110.069084
105.52847947199294,110.07058
103.80415767057615,110.069954
102.55881414733071,110.0703
102.55881414733071,110.072845
101.69665324662232,110.07605
100.45130972337685,110.07569
98.72698792196009,110.07673
98.72698792196009,110.07544
97.48164439871461,110.0719
102.07983586915937,110.07155
101.21767496845099,110.0752
99.97233144520553,110.07746
100.8344923459139,110.07683
103.80415767057615,110.07688
103.80415767057615,110.082726
102.55881414733071,110.08616
105.14529684945587,110.08044
102.07983586915937,110.06883
110.41405790934047,110.067696
96.56200610462567,110.06696
101.69665324662232,110.06542
101.50506193535378,110.06512
124.30442797630897,110.067604
125.26238453265164,110.07185
117.59873208191038,110.080376
115.68281896922507,110.090614
114.05429282344258,110.08788
118.55668863825305,110.08245
450.22969414423966,110.07577
450.22969414423966,110.06624
450.22969414423966,110.0664
450.22969414423966,110.06739
450.22969414423966,110.06862
450.22969414423966,110.07428
450.22969414423966,110.07985
450.22969414423966,110.079384
450.22969414423966,110.07783
450.22969414423966,110.077675
450.22969414423966,110.07794
450.22969414423966,110.077705
450.22969414423966,110.07502
450.22969414423966,110.07704
450.22969414423966,110.07323
450.22969414423966,110.06859
450.22969414423966,110.06359
450.22969414423966,110.06535
450.22969414423966,110.07305
450.22969414423966,110.07835
450.22969414423966,110.07017
450.22969414423966,110.06248
450.22969414423966,110.062355
450.22969414423966,110.06719
450.22969414423966,110.07051
450.22969414423966,110.07287
450.22969414423966,110.066284
450.22969414423966,110.06173
112.32997102202577,110.0596
113.00054061146565,110.05754
113.3837232340027,110.05675
107.44439258467824,110.05808
106.29484471706705,110.06227
101.60085759098803,110.06621
115.68281896922507,110.06691
133.88399353973554,110.06993
144.42151565950473,110.070244
127.17829764533694,110.06624
118.55668863825305,110.0672
117.59873208191038,110.07121
107.34859692904399,110.07351
98.34380529942302,110.0758
116.64077552556775,110.077065
122.38851486362367,110.07799
135.79990665242084,110.08068
133.88399353973554,110.08245
135.79990665242084,110.07871
141.54764599047675,110.07364
133.88399353973554,110.06756
132.92603698339286,110.06448
128.13625420167958,110.06719
129.09421075802226,110.06722
123.34647141996633,110.066475
127.17829764533694,110.07034
127.17829764533694,110.06838
120.47260175093835,110.068504
123.34647141996633,110.06853
120.47260175093835,110.07041
115.68281896922507,110.07056
129.09421075802226,110.06885
126.22034108899427,110.06789
112.04258405512299,110.0718
119.51464519459569,110.07749
118.55668863825305,110.078064
122.38851486362367,110.0794
100.45130972337685,110.081345
121.43055830728099,110.07829
127.17829764533694,110.07739
125.26238453265164,110.07874
115.68281896922507,110.08406
127.17829764533694,110.08937
134.84195009607816,110.088356
120.47260175093835,110.08991
135.79990665242084,110.08646
134.84195009607816,110.08431
125.26238453265164,110.07934
122.38851486362367,110.07546
119.51464519459569,110.069954
114.24588413471109,110.06465
139.63173287779145,110.06496
136.75786320876347,110.06583
130.05216731436488,110.06771
132.92603698339286,110.07658
116.64077552556775,110.07891
123.34647141996633,110.07288
109.2645100417293,110.06833
107.06120996214118,110.072296
113.57531454527121,110.07235
121.43055830728099,110.071075
129.09421075802226,110.077446
137.71581976510615,110.08517
115.68281896922507,110.08537
128.13625420167958,110.07614
125.26238453265164,110.069176
118.55668863825305,110.07155
114.62906675724814,110.072914
118.55668863825305,110.07496
122.38851486362367,110.07152
119.51464519459569,110.07554
118.55668863825305,110.076614
117.59873208191038,110.079506
122.38851486362367,110.081345
119.51464519459569,110.08016
124.30442797630897,110.08188
122.38851486362367,110.08243
113.47951888963696,110.08156
114.7248624128824,110.078835
114.7248624128824,110.07698
114.7248624128824,110.08223
110.31826225370622,110.086815
128.13625420167958,110.08332
134.84195009607816,110.080696
123.34647141996633,110.07837
121.43055830728099,110.077446
111.08462749878034,110.07535
112.42576667766004,110.077255
130.05216731436488,110.07822
123.34647141996633,110.07891
125.26238453265164,110.07974
122.38851486362367,110.07947
125.26238453265164,110.07765
121.43055830728099,110.08091
121.43055830728099,110.08201
122.38851486362367,110.08464
116.64077552556775,110.08733
125.26238453265164,110.08926
123.34647141996633,110.094154
122.38851486362367,110.09394
107.15700561777544,110.09168
104.85790988255307,110.08599
119.51464519459569,110.083725
111.56360577695166,110.07869
114.43747544597963,110.07652
117.59873208191038,110.08137
133.88399353973554,110.08377
105.24109250509012,110.08514
111.65940143258591,110.08273
120.47260175093835,110.07817
110.70144487624329,110.07338
105.24109250509012,110.07034
100.16392275647407,110.06649
104.66631857128453,110.06738
253.62856308256744,110.07081
215.3103008288612,110.06755
172.20225579344174,110.0605
141.54764599047675,110.05434
111.1804231544146,110.05129
119.51464519459569,110.05027
128.13625420167958,110.04843
118.55668863825305,110.04551
118.55668863825305,110.054504
123.34647141996633,110.06647
112.71315364456284,110.0753
108.49814479665517,110.07359
117.59873208191038,110.07144
113.00054061146565,110.069824
113.28792757836845,110.06904
142.50560254681943,110.06826
140.58968943413413,110.06372
131.96808042705024,110.05925
122.38851486362367,110.053314
114.62906675724814,110.05233
137.71581976510615,110.05448
121.43055830728099,110.05773
119.51464519459569,110.05573
117.59873208191038,110.06498
117.59873208191038,110.0851
120.47260175093835,110.09643
111.94678839948872,110.08882
109.7434883199006,110.07188
113.57531454527121,110.06425
111.94678839948872,110.061775
114.7248624128824,110.05914
116.64077552556775,110.06029
126.22034108899427,110.06439
134.84195009607816,110.06316
122.38851486362367,110.068726
121.43055830728099,110.06869
120.47260175093835,110.06321
113.95849716780832,110.05905
116.64077552556775,110.0665
116.64077552556775,110.07359
115.68281896922507,110.0742
119.51464519459569,110.07371
116.64077552556775,110.067665
114.7248624128824,110.065445
106.19904906143279,110.06771
100.25971841210834,110.07327
91.1591311268531,110.07465
97.76903136561742,110.070946
102.17563152479364,110.07411
102.55881414733071,110.07206
95.3741399747608,110.06949
85.41139178879718,110.067406
95.46993563039506,110.06801
97.0026661205433,110.069115
96.81107480927477,110.068726
104.09154463747895,110.07289
92.30867899446429,110.0747
96.81107480927477,110.07148
97.48164439871461,110.070595
87.99787449092234,110.070694
96.90687046490905,110.07421
96.81107480927477,110.07148
94.32038776278387,110.07011
96.81107480927477,110.07455
91.63810940502444,110.07961
92.69186161700135,110.07844
88.0936701465566,110.072914
90.20117457051045,110.07454
89.81799194797338,110.07313
89.81799194797338,110.072205
90.8717441599503,110.07489
76.78978278171327,110.07804
101.12187931281672,110.07854
101.69665324662232,110.06951
117.59873208191038,110.06704
113.67111020090552,110.06545
105.81586643889574,110.0635
112.90474495583138,110.054504
111.65940143258591,110.05377
101.88824455789083,110.057526
110.79724053187753,110.065216
111.94678839948872,110.07064
145.37947221584736,110.07135
144.42151565950473,110.069466
129.09421075802226,110.06402
123.34647141996633,110.062035
117.59873208191038,110.06784
117.59873208191038,110.06746
111.37201446568312,110.06363
116.64077552556775,110.06402
112.04258405512299,110.06808
111.75519708822021,110.07053
115.68281896922507,110.070946
112.13837971075725,110.06932
106.77382299523838,110.06889
109.83928397553488,110.07226
104.85790988255307,110.07548
104.09154463747895,110.07403
103.42097504803908,110.06998
92.78765727263561,110.067535
125.26238453265164,110.07174
118.55668863825305,110.070335
132.92603698339286,110.0648
126.22034108899427,110.06038
119.51464519459569,110.06753
112.13837971075725,110.06838
124.30442797630897,110.06749
112.61735798892859,110.06762
121.43055830728099,110.067085
120.47260175093835,110.06834
121.43055830728099,110.069275
122.38851486362367,110.069626
103.03779242550202,110.06956
121.43055830728099,110.070274
123.34647141996633,110.07157
103.03779242550202,110.07494
142.50560254681943,110.081764
137.71581976510615,110.08462
131.96808042705024,110.07749
123.34647141996633,110.06148
119.51464519459569,110.05627
114.53327110161389,110.05826
123.34647141996633,110.06048
124.30442797630897,110.06337
119.51464519459569,110.067986
123.34647141996633,110.07161
114.7248624128824,110.0741
120.47260175093835,110.076706
99.30176185576566,110.07246
100.64290103464539,110.062004
104.85790988255307,110.05622
106.19904906143279,110.055275
107.73177955158104,110.05949
98.53539661069154,110.06365
102.07983586915937,110.07197
124.30442797630897,110.07827
114.15008847907683,110.08037
135.79990665242084,110.06924
115.68281896922507,110.07098
111.56360577695166,110.0641
102.55881414733071,110.057304
105.72007078326145,110.05371
107.8275752072153,110.056625
111.08462749878034,110.061676
113.47951888963696,110.065994
113.47951888963696,110.06808
112.52156233329433,110.06281
107.63598389594677,110.06012
101.60085759098803,110.06521
99.78074013393702,110.06906
109.07291873046074,110.0732
103.42097504803908,110.07808
105.3368881607244,110.0742
103.42097504803908,110.06948
102.55881414733071,110.06956
103.03779242550202,110.073074
100.35551406774259,110.07856
102.07983586915937,110.08191
104.47472726001601,110.07746
101.12187931281672,110.07181
99.30176185576566,110.07275
101.12187931281672,110.070984
125.26238453265164,110.06855
148.25334188487534,110.069824
134.84195009607816,110.07284
110.98883184314606,110.07921
108.59394045228942,110.082664
115.68281896922507,110.080025
106.77382299523838,110.06902
110.79724053187753,110.06868
108.6897361079237,110.071785
112.8089493001971,110.07763
101.60085759098803,110.07846
107.25280127340972,110.07456
117.59873208191038,110.072495
157.8329074483019,110.07308
119.51464519459569,110.06732
119.51464519459569,110.05925
116.64077552556775,110.0571
121.43055830728099,110.06611
111.94678839948872,110.07031
106.67802733960411,110.07461
110.70144487624329,110.07746
115.68281896922507,110.07776
119.51464519459569,110.076195
124.30442797630897,110.07355
124.30442797630897,110.073006
149.21129844121802,110.07232
146.33742877219004,110.07235
145.37947221584736,110.07461
143.46355910316205,110.075386
143.46355910316205,110.07414
142.50560254681943,110.07237
142.50560254681943,110.071976
145.37947221584736,110.07031
127.17829764533694,110.068504
131.01012387070756,110.06852
115.68281896922507,110.07295
110.98883184314606,110.07496
125.26238453265164,110.06944
140.58968943413413,110.06588
147.29538532853272,110.07763
151.12721155390332,110.08339
138.67377632144883,110.071236
137.71581976510615,110.06663
125.26238453265164,110.066284
138.67377632144883,110.06899
128.13625420167958,110.06949
128.13625420167958,110.07164
118.55668863825305,110.07234
121.43055830728099,110.07133
116.64077552556775,110.068214
118.55668863825305,110.07336
120.47260175093835,110.07686
131.01012387070756,110.07448
130.05216731436488,110.07239
133.88399353973554,110.07051
132.92603698339286,110.07047
134.84195009607816,110.06621
131.96808042705024,110.06435
131.01012387070756,110.06835
114.05429282344258,110.0753
126.22034108899427,110.07222
124.30442797630897,110.06642
115.68281896922507,110.06439
115.68281896922507,110.06656
115.68281896922507,110.06952
118.55668863825305,110.06829
120.47260175093835,110.06783
128.13625420167958,110.07123
118.55668863825305,110.07305
126.22034108899427,110.078865
140.58968943413413,110.08004
129.09421075802226,110.07798
124.30442797630897,110.07333
114.7248624128824,110.071075
122.38851486362367,110.07204
138.67377632144883,110.07803
136.75786320876347,110.08616
135.79990665242084,110.08967
135.79990665242084,110.086494
116.64077552556775,110.08453
118.55668863825305,110.08288
120.47260175093835,110.078156
128.13625420167958,110.064514
124.30442797630897,110.060844
122.38851486362367,110.06143
122.38851486362367,110.06717
122.38851486362367,110.073364
116.64077552556775,110.07853
122.38851486362367,110.08276
131.01012387070756,110.081345
113.57531454527121,110.07349
109.55189700863208,110.06862
101.50506193535378,110.07218
100.73869669027965,110.075
98.72698792196009,110.07207
98.43960095505729,110.07617
121.43055830728099,110.075386
104.76211422691881,110.0838
105.81586643889574,110.08283
105.04950119382161,110.082664
93.9372051402468,110.08606
89.14742235853352,110.09376
93.84140948461254,110.08995
108.1149621741181,110.07825
109.83928397553488,110.078865
104.28313594874747,110.080444
96.81107480927477,110.08231
91.35072243812162,110.0787
130.05216731436488,110.07541
119.51464519459569,110.07677
126.22034108899427,110.073906
133.88399353973554,110.07048
118.55668863825305,110.0732
117.59873208191038,110.07629
116.64077552556775,110.08184
115.68281896922507,110.08474
121.43055830728099,110.08475
120.47260175093835,110.0836
120.47260175093835,110.0741
104.66631857128453,110.07138
126.22034108899427,110.06597
102.55881414733071,110.06435
107.44439258467824,110.06561
114.24588413471109,110.06924
111.85099274385446,110.074234
114.7248624128824,110.07819
113.00054061146565,110.07733
110.31826225370622,110.078865
114.62906675724814,110.08139
119.51464519459569,110.08618
116.64077552556775,110.08492
111.85099274385446,110.08292
99.87653578957128,110.08066
110.12667094243767,110.07874
115.68281896922507,110.07047
112.04258405512299,110.07329
137.71581976510615,110.07617
138.67377632144883,110.07402
135.79990665242084,110.06845
126.22034108899427,110.06594
131.01012387070756,110.06498
123.34647141996633,110.06361
127.17829764533694,110.06432
124.30442797630897,110.06598
122.38851486362367,110.06786
113.0963362670999,110.06907
116.64077552556775,110.06879
119.51464519459569,110.067474
122.38851486362367,110.066086
125.26238453265164,110.06573
128.13625420167958,110.0664
116.64077552556775,110.06711
120.47260175093835,110.06838
105.14529684945587,110.06932
101.12187931281672,110.06965
108.01916651848383,110.06916
108.97712307482648,110.069016
118.55668863825305,110.06833
120.47260175093835,110.06879
121.43055830728099,110.07021
107.92337086284958,110.07048
117.59873208191038,110.07103
109.93507963116916,110.07207
110.41405790934047,110.07339
145.37947221584736,110.07428
144.42151565950473,110.07174
144.42151565950473,110.06715
147.29538532853272,110.06399
154.0010812229313,110.0664
148.25334188487534,110.065186
155.9169943356166,110.06365
168.3704295680711,110.06628
199.98299592737877,110.06656
231.59556228668635,110.06687
174.11816890612704,110.06666
162.6226902300152,110.060425
162.6226902300152,110.054184
153.04312466658862,110.05433
178.90795168784032,110.05917
159.7488205609872,110.06654
165.49655989904312,110.071785
152.08516811024595,110.071075
154.95903777927393,110.06557
144.42151565950473,110.06123
155.9169943356166,110.059364
154.0010812229313,110.064606
152.08516811024595,110.06978
145.37947221584736,110.0722
148.25334188487534,110.075325
144.42151565950473,110.07588
149.21129844121802,110.071465
159.7488205609872,110.0689
