,Date,runoff_value
0,1/1/1980,128.0
1,1/2/1980,118.0
2,1/3/1980,114.0
3,1/4/1980,111.0
4,1/5/1980,111.0
5,1/6/1980,108.0
6,1/7/1980,108.0
7,1/8/1980,105.0
8,1/9/1980,105.0
9,1/10/1980,104.0
10,1/11/1980,102.0
11,1/12/1980,101.0
12,1/13/1980,99.0
13,1/14/1980,96.0
14,1/15/1980,96.0
15,1/16/1980,93.2
16,1/17/1980,91.8
17,1/18/1980,90.4
18,1/19/1980,89.0
19,1/20/1980,87.5
20,1/21/1980,84.7
21,1/22/1980,83.3
22,1/23/1980,81.9
23,1/24/1980,81.9
24,1/25/1980,80.6
25,1/26/1980,79.3
26,1/27/1980,78.1
27,1/28/1980,76.8
28,1/29/1980,76.8
29,1/30/1980,75.5
30,1/31/1980,74.2
31,2/1/1980,72.9
32,2/2/1980,72.9
33,2/3/1980,74.2
34,2/4/1980,81.9
35,2/5/1980,81.9
36,2/6/1980,83.3
37,2/7/1980,79.3
38,2/8/1980,79.3
39,2/9/1980,78.1
40,2/10/1980,78.1
41,2/11/1980,78.1
42,2/12/1980,78.1
43,2/13/1980,78.1
44,2/14/1980,80.6
45,2/15/1980,83.3
46,2/16/1980,83.3
47,2/17/1980,84.7
48,2/18/1980,81.9
49,2/19/1980,81.9
50,2/20/1980,81.9
51,2/21/1980,79.3
52,2/22/1980,79.3
53,2/23/1980,79.3
54,2/24/1980,79.3
55,2/25/1980,79.3
56,2/26/1980,76.8
57,2/27/1980,76.8
58,2/28/1980,76.8
59,2/29/1980,79.3
60,3/1/1980,79.3
61,3/2/1980,90.4
62,3/3/1980,87.5
63,3/4/1980,81.9
64,3/5/1980,79.3
65,3/6/1980,81.9
66,3/7/1980,84.7
67,3/8/1980,90.4
68,3/9/1980,81.9
69,3/10/1980,79.3
70,3/11/1980,79.3
71,3/12/1980,76.8
72,3/13/1980,74.2
73,3/14/1980,71.7
74,3/15/1980,70.4
75,3/16/1980,69.1
76,3/17/1980,69.1
77,3/18/1980,69.1
78,3/19/1980,66.8
79,3/20/1980,66.8
80,3/21/1980,66.8
81,3/22/1980,67.9
82,3/23/1980,72.9
83,3/24/1980,74.2
84,3/25/1980,71.7
85,3/26/1980,69.1
86,3/27/1980,66.8
87,3/28/1980,66.8
88,3/29/1980,65.6
89,3/30/1980,66.8
90,3/31/1980,71.7
91,4/1/1980,71.7
92,4/2/1980,69.1
93,4/3/1980,67.9
94,4/4/1980,69.1
95,4/5/1980,67.9
96,4/6/1980,66.8
97,4/7/1980,66.8
98,4/8/1980,72.9
99,4/9/1980,75.5
100,4/10/1980,76.8
101,4/11/1980,75.5
102,4/12/1980,74.2
103,4/13/1980,74.2
104,4/14/1980,74.2
105,4/15/1980,74.2
106,4/16/1980,74.2
107,4/17/1980,74.2
108,4/18/1980,70.4
109,4/19/1980,67.9
110,4/20/1980,80.6
111,4/21/1980,90.4
112,4/22/1980,102.0
113,4/23/1980,110.0
114,4/24/1980,110.0
115,4/25/1980,105.0
116,4/26/1980,104.0
117,4/27/1980,102.0
118,4/28/1980,94.6
119,4/29/1980,93.2
120,4/30/1980,93.2
121,5/1/1980,90.4
122,5/2/1980,93.2
123,5/3/1980,105.0
124,5/4/1980,113.0
125,5/5/1980,128.0
126,5/6/1980,136.0
127,5/7/1980,138.0
128,5/8/1980,138.0
129,5/9/1980,135.0
130,5/10/1980,130.0
131,5/11/1980,125.0
132,5/12/1980,136.0
133,5/13/1980,119.0
134,5/14/1980,105.0
135,5/15/1980,125.0
136,5/16/1980,113.0
137,5/17/1980,114.0
138,5/18/1980,154.0
139,5/19/1980,125.0
140,5/20/1980,147.0
141,5/21/1980,189.0
142,5/22/1980,149.0
143,5/23/1980,138.0
144,5/24/1980,133.0
145,5/25/1980,125.0
146,5/26/1980,151.0
147,5/27/1980,185.0
148,5/28/1980,149.0
149,5/29/1980,121.0
150,5/30/1980,123.0
151,5/31/1980,123.0
152,6/1/1980,154.0
153,6/2/1980,154.0
154,6/3/1980,147.0
155,6/4/1980,156.0
156,6/5/1980,179.0
157,6/6/1980,170.0
158,6/7/1980,179.0
159,6/8/1980,289.0
160,6/9/1980,686.0
161,6/10/1980,1390.0
162,6/11/1980,429.0
163,6/12/1980,490.0
164,6/13/1980,282.0
165,6/14/1980,382.0
166,6/15/1980,360.0
167,6/16/1980,357.0
168,6/17/1980,337.0
169,6/18/1980,322.0
170,6/19/1980,348.0
171,6/20/1980,343.0
172,6/21/1980,407.0
173,6/22/1980,423.0
174,6/23/1980,446.0
175,6/24/1980,501.0
176,6/25/1980,449.0
177,6/26/1980,512.0
178,6/27/1980,527.0
179,6/28/1980,592.0
180,6/29/1980,952.0
181,6/30/1980,484.0
182,7/1/1980,572.0
183,7/2/1980,872.0
184,7/3/1980,829.0
185,7/4/1980,616.0
186,7/5/1980,546.0
187,7/6/1980,624.0
188,7/7/1980,742.0
189,7/8/1980,584.0
190,7/9/1980,1010.0
191,7/10/1980,1770.0
192,7/11/1980,2020.0
193,7/12/1980,2420.0
194,7/13/1980,2710.0
195,7/14/1980,2350.0
196,7/15/1980,1180.0
197,7/16/1980,1540.0
198,7/17/1980,2090.0
199,7/18/1980,1450.0
200,7/19/1980,1200.0
201,7/20/1980,1340.0
202,7/21/1980,1670.0
203,7/22/1980,1600.0
204,7/23/1980,1360.0
205,7/24/1980,1420.0
206,7/25/1980,1290.0
207,7/26/1980,1160.0
208,7/27/1980,1230.0
209,7/28/1980,1460.0
210,7/29/1980,1470.0
211,7/30/1980,1720.0
212,7/31/1980,2180.0
213,8/1/1980,2100.0
214,8/2/1980,2190.0
215,8/3/1980,2020.0
216,8/4/1980,2240.0
217,8/5/1980,1790.0
218,8/6/1980,1830.0
219,8/7/1980,1740.0
220,8/8/1980,2220.0
221,8/9/1980,1870.0
222,8/10/1980,1690.0
223,8/11/1980,1570.0
224,8/12/1980,1540.0
225,8/13/1980,1480.0
226,8/14/1980,1240.0
227,8/15/1980,1320.0
228,8/16/1980,1190.0
229,8/17/1980,1070.0
230,8/18/1980,1040.0
231,8/19/1980,921.0
232,8/20/1980,896.0
233,8/21/1980,1020.0
234,8/22/1980,1150.0
235,8/23/1980,1070.0
236,8/24/1980,1020.0
237,8/25/1980,1240.0
238,8/26/1980,1280.0
239,8/27/1980,1200.0
240,8/28/1980,1020.0
241,8/29/1980,1170.0
242,8/30/1980,946.0
243,8/31/1980,887.0
244,9/1/1980,1630.0
245,9/2/1980,1870.0
246,9/3/1980,1450.0
247,9/4/1980,1220.0
248,9/5/1980,1820.0
249,9/6/1980,5680.0
250,9/7/1980,3450.0
251,9/8/1980,2030.0
252,9/9/1980,1570.0
253,9/10/1980,1440.0
254,9/11/1980,1240.0
255,9/12/1980,1140.0
256,9/13/1980,1180.0
257,9/14/1980,1020.0
258,9/15/1980,963.0
259,9/16/1980,823.0
260,9/17/1980,823.0
261,9/18/1980,790.0
262,9/19/1980,798.0
263,9/20/1980,733.0
264,9/21/1980,1370.0
265,9/22/1980,1010.0
266,9/23/1980,831.0
267,9/24/1980,733.0
268,9/25/1980,674.0
269,9/26/1980,659.0
270,9/27/1980,618.0
271,9/28/1980,579.0
272,9/29/1980,560.0
273,9/30/1980,553.0
274,10/1/1980,554.0
275,10/2/1980,530.0
276,10/3/1980,500.0
277,10/4/1980,465.0
278,10/5/1980,449.0
279,10/6/1980,487.0
280,10/7/1980,430.0
281,10/8/1980,412.0
282,10/9/1980,395.0
283,10/10/1980,386.0
284,10/11/1980,372.0
285,10/12/1980,366.0
286,10/13/1980,357.0
287,10/14/1980,346.0
288,10/15/1980,333.0
289,10/16/1980,323.0
290,10/17/1980,291.0
291,10/18/1980,291.0
292,10/19/1980,286.0
293,10/20/1980,286.0
294,10/21/1980,286.0
295,10/22/1980,281.0
296,10/23/1980,274.0
297,10/24/1980,267.0
298,10/25/1980,262.0
299,10/26/1980,257.0
300,10/27/1980,252.0
301,10/28/1980,248.0
302,10/29/1980,241.0
303,10/30/1980,234.0
304,10/31/1980,234.0
305,11/1/1980,230.0
306,11/2/1980,227.0
307,11/3/1980,225.0
308,11/4/1980,221.0
309,11/5/1980,219.0
310,11/6/1980,216.0
311,11/7/1980,212.0
312,11/8/1980,208.0
313,11/9/1980,206.0
314,11/10/1980,204.0
315,11/11/1980,200.0
316,11/12/1980,194.0
317,11/13/1980,192.0
318,11/14/1980,192.0
319,11/15/1980,188.0
320,11/16/1980,184.0
321,11/17/1980,180.0
322,11/18/1980,178.0
323,11/19/1980,178.0
324,11/20/1980,170.0
325,11/21/1980,168.0
326,11/22/1980,166.0
327,11/23/1980,163.0
328,11/24/1980,161.0
329,11/25/1980,155.0
330,11/26/1980,151.0
331,11/27/1980,150.0
332,11/28/1980,150.0
333,11/29/1980,146.0
334,11/30/1980,143.0
335,12/1/1980,141.0
336,12/2/1980,138.0
337,12/3/1980,136.0
338,12/4/1980,133.0
339,12/5/1980,133.0
340,12/6/1980,129.0
341,12/7/1980,127.0
342,12/8/1980,124.0
343,12/9/1980,122.0
344,12/10/1980,122.0
345,12/11/1980,119.0
346,12/12/1980,119.0
347,12/13/1980,119.0
348,12/14/1980,114.0
349,12/15/1980,113.0
350,12/16/1980,113.0
351,12/17/1980,112.0
352,12/18/1980,110.0
353,12/19/1980,110.0
354,12/20/1980,109.0
355,12/21/1980,107.0
356,12/22/1980,107.0
357,12/23/1980,107.0
358,12/24/1980,104.0
359,12/25/1980,103.0
360,12/26/1980,102.0
361,12/27/1980,99.1
362,12/28/1980,96.7
363,12/29/1980,95.5
364,12/30/1980,94.2
365,12/31/1980,93.0
366,1/1/1981,91.8
367,1/2/1981,91.8
368,1/3/1981,91.8
369,1/4/1981,91.8
370,1/5/1981,90.7
371,1/6/1981,90.7
372,1/7/1981,90.7
373,1/8/1981,91.8
374,1/9/1981,90.7
375,1/10/1981,89.6
376,1/11/1981,88.4
377,1/12/1981,87.3
378,1/13/1981,86.2
379,1/14/1981,88.4
380,1/15/1981,88.4
381,1/16/1981,86.2
382,1/17/1981,85.1
383,1/18/1981,84.0
384,1/19/1981,84.0
385,1/20/1981,82.8
386,1/21/1981,82.8
387,1/22/1981,81.7
388,1/23/1981,81.7
389,1/24/1981,82.8
390,1/25/1981,87.3
391,1/26/1981,99.1
392,1/27/1981,93.0
393,1/28/1981,88.4
394,1/29/1981,86.2
395,1/30/1981,85.1
396,1/31/1981,85.1
397,2/1/1981,85.1
398,2/2/1981,84.0
399,2/3/1981,81.7
400,2/4/1981,80.6
401,2/5/1981,79.6
402,2/6/1981,79.6
403,2/7/1981,79.6
404,2/8/1981,78.5
405,2/9/1981,76.4
406,2/10/1981,75.4
407,2/11/1981,74.4
408,2/12/1981,74.4
409,2/13/1981,73.3
410,2/14/1981,74.4
411,2/15/1981,74.4
412,2/16/1981,72.3
413,2/17/1981,72.3
414,2/18/1981,70.2
415,2/19/1981,70.2
416,2/20/1981,70.2
417,2/21/1981,72.3
418,2/22/1981,70.2
419,2/23/1981,69.2
420,2/24/1981,68.3
421,2/25/1981,69.2
422,2/26/1981,69.2
423,2/27/1981,67.3
424,2/28/1981,66.3
425,3/1/1981,66.3
426,3/2/1981,70.2
427,3/3/1981,66.3
428,3/4/1981,65.3
429,3/5/1981,65.3
430,3/6/1981,64.4
431,3/7/1981,66.3
432,3/8/1981,68.3
433,3/9/1981,67.3
434,3/10/1981,64.4
435,3/11/1981,64.4
436,3/12/1981,63.4
437,3/13/1981,65.3
438,3/14/1981,65.3
439,3/15/1981,64.4
440,3/16/1981,62.4
441,3/17/1981,64.4
442,3/18/1981,63.4
443,3/19/1981,68.3
444,3/20/1981,68.3
445,3/21/1981,71.2
446,3/22/1981,74.4
447,3/23/1981,88.4
448,3/24/1981,61.5
449,3/25/1981,67.3
450,3/26/1981,65.3
451,3/27/1981,64.4
452,3/28/1981,64.4
453,3/29/1981,64.4
454,3/30/1981,63.4
455,3/31/1981,77.5
456,4/1/1981,76.4
457,4/2/1981,62.4
458,4/3/1981,75.4
459,4/4/1981,72.3
460,4/5/1981,72.3
461,4/6/1981,70.2
462,4/7/1981,67.3
463,4/8/1981,80.6
464,4/9/1981,77.5
465,4/10/1981,78.5
466,4/11/1981,73.3
467,4/12/1981,81.7
468,4/13/1981,86.2
469,4/14/1981,94.2
470,4/15/1981,90.7
471,4/16/1981,102.0
472,4/17/1981,116.0
473,4/18/1981,126.0
474,4/19/1981,116.0
475,4/20/1981,105.0
476,4/21/1981,89.6
477,4/22/1981,91.8
478,4/23/1981,102.0
479,4/24/1981,104.0
480,4/25/1981,110.0
481,4/26/1981,104.0
482,4/27/1981,99.1
483,4/28/1981,97.9
484,4/29/1981,131.0
485,4/30/1981,239.0
486,5/1/1981,180.0
487,5/2/1981,105.0
488,5/3/1981,144.0
489,5/4/1981,150.0
490,5/5/1981,136.0
491,5/6/1981,126.0
492,5/7/1981,136.0
493,5/8/1981,161.0
494,5/9/1981,150.0
495,5/10/1981,124.0
496,5/11/1981,126.0
497,5/12/1981,122.0
498,5/13/1981,129.0
499,5/14/1981,110.0
500,5/15/1981,153.0
501,5/16/1981,139.0
502,5/17/1981,180.0
503,5/18/1981,141.0
504,5/19/1981,150.0
505,5/20/1981,143.0
506,5/21/1981,155.0
507,5/22/1981,146.0
508,5/23/1981,139.0
509,5/24/1981,119.0
510,5/25/1981,113.0
511,5/26/1981,104.0
512,5/27/1981,112.0
513,5/28/1981,190.0
514,5/29/1981,184.0
515,5/30/1981,139.0
516,5/31/1981,122.0
517,6/1/1981,138.0
518,6/2/1981,143.0
519,6/3/1981,168.0
520,6/4/1981,176.0
521,6/5/1981,200.0
522,6/6/1981,159.0
523,6/7/1981,139.0
524,6/8/1981,126.0
525,6/9/1981,139.0
526,6/10/1981,118.0
527,6/11/1981,150.0
528,6/12/1981,150.0
529,6/13/1981,155.0
530,6/14/1981,172.0
531,6/15/1981,172.0
532,6/16/1981,184.0
533,6/17/1981,212.0
534,6/18/1981,202.0
535,6/19/1981,180.0
536,6/20/1981,176.0
537,6/21/1981,257.0
538,6/22/1981,271.0
539,6/23/1981,250.0
540,6/24/1981,336.0
541,6/25/1981,299.0
542,6/26/1981,297.0
543,6/27/1981,372.0
544,6/28/1981,493.0
545,6/29/1981,633.0
546,6/30/1981,1100.0
547,7/1/1981,733.0
548,7/2/1981,725.0
549,7/3/1981,697.0
550,7/4/1981,1200.0
551,7/5/1981,1100.0
552,7/6/1981,1060.0
553,7/7/1981,733.0
554,7/8/1981,848.0
555,7/9/1981,701.0
556,7/10/1981,562.0
557,7/11/1981,554.0
558,7/12/1981,709.0
559,7/13/1981,733.0
560,7/14/1981,733.0
561,7/15/1981,910.0
562,7/16/1981,1130.0
563,7/17/1981,1210.0
564,7/18/1981,1200.0
565,7/19/1981,1520.0
566,7/20/1981,1160.0
567,7/21/1981,973.0
568,7/22/1981,923.0
569,7/23/1981,848.0
570,7/24/1981,840.0
571,7/25/1981,866.0
572,7/26/1981,733.0
573,7/27/1981,1780.0
574,7/28/1981,2680.0
575,7/29/1981,1420.0
576,7/30/1981,1560.0
577,7/31/1981,3840.0
578,8/1/1981,3500.0
579,8/2/1981,2430.0
580,8/3/1981,1990.0
581,8/4/1981,1570.0
582,8/5/1981,1300.0
583,8/6/1981,1220.0
584,8/7/1981,1120.0
585,8/8/1981,1020.0
586,8/9/1981,1160.0
587,8/10/1981,954.0
588,8/11/1981,866.0
589,8/12/1981,840.0
590,8/13/1981,1230.0
591,8/14/1981,1160.0
592,8/15/1981,1240.0
593,8/16/1981,968.0
594,8/17/1981,827.0
595,8/18/1981,823.0
596,8/19/1981,1000.0
597,8/20/1981,2210.0
598,8/21/1981,1980.0
599,8/22/1981,1960.0
600,8/23/1981,1470.0
601,8/24/1981,1800.0
602,8/25/1981,1510.0
603,8/26/1981,1490.0
604,8/27/1981,1240.0
605,8/28/1981,1080.0
606,8/29/1981,892.0
607,8/30/1981,848.0
608,8/31/1981,968.0
609,9/1/1981,932.0
610,9/2/1981,954.0
611,9/3/1981,798.0
612,9/4/1981,765.0
613,9/5/1981,757.0
614,9/6/1981,749.0
615,9/7/1981,749.0
616,9/8/1981,1020.0
617,9/9/1981,1050.0
618,9/10/1981,1500.0
619,9/11/1981,2970.0
620,9/12/1981,1420.0
621,9/13/1981,1080.0
622,9/14/1981,927.0
623,9/15/1981,848.0
624,9/16/1981,1010.0
625,9/17/1981,782.0
626,9/18/1981,733.0
627,9/19/1981,733.0
628,9/20/1981,693.0
629,9/21/1981,663.0
630,9/22/1981,612.0
631,9/23/1981,550.0
632,9/24/1981,537.0
633,9/25/1981,506.0
634,9/26/1981,487.0
635,9/27/1981,474.0
636,9/28/1981,477.0
637,9/29/1981,4180.0
638,9/30/1981,1990.0
639,10/1/1981,1250.0
640,10/2/1981,923.0
641,10/3/1981,749.0
642,10/4/1981,701.0
643,10/5/1981,655.0
644,10/6/1981,584.0
645,10/7/1981,554.0
646,10/8/1981,540.0
647,10/9/1981,527.0
648,10/10/1981,493.0
649,10/11/1981,471.0
650,10/12/1981,443.0
651,10/13/1981,427.0
652,10/14/1981,412.0
653,10/15/1981,401.0
654,10/16/1981,392.0
655,10/17/1981,383.0
656,10/18/1981,377.0
657,10/19/1981,366.0
658,10/20/1981,357.0
659,10/21/1981,355.0
660,10/22/1981,344.0
661,10/23/1981,344.0
662,10/24/1981,330.0
663,10/25/1981,328.0
664,10/26/1981,323.0
665,10/27/1981,317.0
666,10/28/1981,304.0
667,10/29/1981,297.0
668,10/30/1981,291.0
669,10/31/1981,286.0
670,11/1/1981,281.0
671,11/2/1981,276.0
672,11/3/1981,271.0
673,11/4/1981,289.0
674,11/5/1981,323.0
675,11/6/1981,281.0
676,11/7/1981,269.0
677,11/8/1981,264.0
678,11/9/1981,262.0
679,11/10/1981,257.0
680,11/11/1981,252.0
681,11/12/1981,243.0
682,11/13/1981,236.0
683,11/14/1981,234.0
684,11/15/1981,234.0
685,11/16/1981,227.0
686,11/17/1981,221.0
687,11/18/1981,216.0
688,11/19/1981,212.0
689,11/20/1981,208.0
690,11/21/1981,208.0
691,11/22/1981,204.0
692,11/23/1981,200.0
693,11/24/1981,196.0
694,11/25/1981,196.0
695,11/26/1981,192.0
696,11/27/1981,192.0
697,11/28/1981,190.0
698,11/29/1981,184.0
699,11/30/1981,182.0
700,12/1/1981,180.0
701,12/2/1981,176.0
702,12/3/1981,176.0
703,12/4/1981,174.0
704,12/5/1981,172.0
705,12/6/1981,168.0
706,12/7/1981,164.0
707,12/8/1981,166.0
708,12/9/1981,164.0
709,12/10/1981,161.0
710,12/11/1981,161.0
711,12/12/1981,157.0
712,12/13/1981,155.0
713,12/14/1981,153.0
714,12/15/1981,151.0
715,12/16/1981,150.0
716,12/17/1981,148.0
717,12/18/1981,146.0
718,12/19/1981,146.0
719,12/20/1981,143.0
720,12/21/1981,143.0
721,12/22/1981,141.0
722,12/23/1981,139.0
723,12/24/1981,138.0
724,12/25/1981,136.0
725,12/26/1981,136.0
726,12/27/1981,133.0
727,12/28/1981,133.0
728,12/29/1981,133.0
729,12/30/1981,133.0
730,12/31/1981,131.0
731,1/1/1982,450.2296941442396
732,1/2/1982,450.2296941442396
733,1/3/1982,450.2296941442396
734,1/4/1982,450.2296941442396
735,1/5/1982,450.2296941442396
736,1/6/1982,450.2296941442396
737,1/7/1982,450.2296941442396
738,1/8/1982,450.2296941442396
739,1/9/1982,450.2296941442396
740,1/10/1982,450.2296941442396
741,1/11/1982,450.2296941442396
742,1/12/1982,450.2296941442396
743,1/13/1982,450.2296941442396
744,1/14/1982,118.0
745,1/15/1982,116.0
746,1/16/1982,116.0
747,1/17/1982,114.0
748,1/18/1982,114.0
749,1/19/1982,113.0
750,1/20/1982,112.0
751,1/21/1982,110.0
752,1/22/1982,110.0
753,1/23/1982,110.0
754,1/24/1982,109.0
755,1/25/1982,109.0
756,1/26/1982,116.0
757,1/27/1982,146.0
758,1/28/1982,168.0
759,1/29/1982,139.0
760,1/30/1982,129.0
761,1/31/1982,122.0
762,2/1/1982,126.0
763,2/2/1982,126.0
764,2/3/1982,124.0
765,2/4/1982,118.0
766,2/5/1982,118.0
767,2/6/1982,119.0
768,2/7/1982,116.0
769,2/8/1982,113.0
770,2/9/1982,112.0
771,2/10/1982,112.0
772,2/11/1982,110.0
773,2/12/1982,110.0
774,2/13/1982,110.0
775,2/14/1982,109.0
776,2/15/1982,107.0
777,2/16/1982,105.0
778,2/17/1982,105.0
779,2/18/1982,110.0
780,2/19/1982,105.0
781,2/20/1982,103.0
782,2/21/1982,102.0
783,2/22/1982,102.0
784,2/23/1982,100.0
785,2/24/1982,99.1
786,2/25/1982,97.9
787,2/26/1982,96.7
788,2/27/1982,96.7
789,2/28/1982,96.7
790,3/1/1982,99.1
791,3/2/1982,113.0
792,3/3/1982,144.0
793,3/4/1982,126.0
794,3/5/1982,112.0
795,3/6/1982,107.0
796,3/7/1982,121.0
797,3/8/1982,136.0
798,3/9/1982,116.0
799,3/10/1982,110.0
800,3/11/1982,107.0
801,3/12/1982,104.0
802,3/13/1982,102.0
803,3/14/1982,450.2296941442396
804,3/15/1982,450.2296941442396
805,3/16/1982,450.2296941442396
806,3/17/1982,450.2296941442396
807,3/18/1982,450.2296941442396
808,3/19/1982,450.2296941442396
809,3/20/1982,450.2296941442396
810,3/21/1982,450.2296941442396
811,3/22/1982,450.2296941442396
812,3/23/1982,450.2296941442396
813,3/24/1982,450.2296941442396
814,3/25/1982,450.2296941442396
815,3/26/1982,450.2296941442396
816,3/27/1982,450.2296941442396
817,3/28/1982,450.2296941442396
818,3/29/1982,450.2296941442396
819,3/30/1982,450.2296941442396
820,3/31/1982,450.2296941442396
821,4/1/1982,450.2296941442396
822,4/2/1982,450.2296941442396
823,4/3/1982,450.2296941442396
824,4/4/1982,450.2296941442396
825,4/5/1982,450.2296941442396
826,4/6/1982,450.2296941442396
827,4/7/1982,450.2296941442396
828,4/8/1982,450.2296941442396
829,4/9/1982,450.2296941442396
830,4/10/1982,450.2296941442396
831,4/11/1982,450.2296941442396
832,4/12/1982,450.2296941442396
833,4/13/1982,450.2296941442396
834,4/14/1982,450.2296941442396
835,4/15/1982,450.2296941442396
836,4/16/1982,450.2296941442396
837,4/17/1982,450.2296941442396
838,4/18/1982,450.2296941442396
839,4/19/1982,450.2296941442396
840,4/20/1982,450.2296941442396
841,4/21/1982,450.2296941442396
842,4/22/1982,450.2296941442396
843,4/23/1982,450.2296941442396
844,4/24/1982,450.2296941442396
845,4/25/1982,450.2296941442396
846,4/26/1982,450.2296941442396
847,4/27/1982,450.2296941442396
848,4/28/1982,450.2296941442396
849,4/29/1982,450.2296941442396
850,4/30/1982,450.2296941442396
851,5/1/1982,450.2296941442396
852,5/2/1982,450.2296941442396
853,5/3/1982,450.2296941442396
854,5/4/1982,450.2296941442396
855,5/5/1982,450.2296941442396
856,5/6/1982,450.2296941442396
857,5/7/1982,450.2296941442396
858,5/8/1982,450.2296941442396
859,5/9/1982,450.2296941442396
860,5/10/1982,450.2296941442396
861,5/11/1982,450.2296941442396
862,5/12/1982,450.2296941442396
863,5/13/1982,450.2296941442396
864,5/14/1982,450.2296941442396
865,5/15/1982,450.2296941442396
866,5/16/1982,450.2296941442396
867,5/17/1982,450.2296941442396
868,5/18/1982,450.2296941442396
869,5/19/1982,450.2296941442396
870,5/20/1982,450.2296941442396
871,5/21/1982,450.2296941442396
872,5/22/1982,450.2296941442396
873,5/23/1982,450.2296941442396
874,5/24/1982,450.2296941442396
875,5/25/1982,450.2296941442396
876,5/26/1982,450.2296941442396
877,5/27/1982,450.2296941442396
878,5/28/1982,450.2296941442396
879,5/29/1982,450.2296941442396
880,5/30/1982,450.2296941442396
881,5/31/1982,450.2296941442396
882,6/1/1982,450.2296941442396
883,6/2/1982,450.2296941442396
884,6/3/1982,450.2296941442396
885,6/4/1982,450.2296941442396
886,6/5/1982,450.2296941442396
887,6/6/1982,450.2296941442396
888,6/7/1982,450.2296941442396
889,6/8/1982,450.2296941442396
890,6/9/1982,450.2296941442396
891,6/10/1982,450.2296941442396
892,6/11/1982,450.2296941442396
893,6/12/1982,450.2296941442396
894,6/13/1982,450.2296941442396
895,6/14/1982,450.2296941442396
896,6/15/1982,450.2296941442396
897,6/16/1982,450.2296941442396
898,6/17/1982,450.2296941442396
899,6/18/1982,450.2296941442396
900,6/19/1982,450.2296941442396
901,6/20/1982,450.2296941442396
902,6/21/1982,450.2296941442396
903,6/22/1982,450.2296941442396
904,6/23/1982,450.2296941442396
905,6/24/1982,450.2296941442396
906,6/25/1982,450.2296941442396
907,6/26/1982,450.2296941442396
908,6/27/1982,450.2296941442396
909,6/28/1982,450.2296941442396
910,6/29/1982,450.2296941442396
911,6/30/1982,450.2296941442396
912,7/1/1982,450.2296941442396
913,7/2/1982,450.2296941442396
914,7/3/1982,450.2296941442396
915,7/4/1982,450.2296941442396
916,7/5/1982,450.2296941442396
917,7/6/1982,450.2296941442396
918,7/7/1982,450.2296941442396
919,7/8/1982,450.2296941442396
920,7/9/1982,450.2296941442396
921,7/10/1982,450.2296941442396
922,7/11/1982,450.2296941442396
923,7/12/1982,450.2296941442396
924,7/13/1982,450.2296941442396
925,7/14/1982,450.2296941442396
926,7/15/1982,450.2296941442396
927,7/16/1982,450.2296941442396
928,7/17/1982,450.2296941442396
929,7/18/1982,450.2296941442396
930,7/19/1982,450.2296941442396
931,7/20/1982,450.2296941442396
932,7/21/1982,450.2296941442396
933,7/22/1982,450.2296941442396
934,7/23/1982,450.2296941442396
935,7/24/1982,450.2296941442396
936,7/25/1982,450.2296941442396
937,7/26/1982,450.2296941442396
938,7/27/1982,450.2296941442396
939,7/28/1982,450.2296941442396
940,7/29/1982,450.2296941442396
941,7/30/1982,450.2296941442396
942,7/31/1982,450.2296941442396
943,8/1/1982,450.2296941442396
944,8/2/1982,450.2296941442396
945,8/3/1982,450.2296941442396
946,8/4/1982,450.2296941442396
947,8/5/1982,450.2296941442396
948,8/6/1982,450.2296941442396
949,8/7/1982,450.2296941442396
950,8/8/1982,450.2296941442396
951,8/9/1982,450.2296941442396
952,8/10/1982,450.2296941442396
953,8/11/1982,450.2296941442396
954,8/12/1982,450.2296941442396
955,8/13/1982,450.2296941442396
956,8/14/1982,450.2296941442396
957,8/15/1982,450.2296941442396
958,8/16/1982,450.2296941442396
959,8/17/1982,450.2296941442396
960,8/18/1982,450.2296941442396
961,8/19/1982,450.2296941442396
962,8/20/1982,450.2296941442396
963,8/21/1982,450.2296941442396
964,8/22/1982,450.2296941442396
965,8/23/1982,450.2296941442396
966,8/24/1982,450.2296941442396
967,8/25/1982,450.2296941442396
968,8/26/1982,450.2296941442396
969,8/27/1982,450.2296941442396
970,8/28/1982,450.2296941442396
971,8/29/1982,450.2296941442396
972,8/30/1982,450.2296941442396
973,8/31/1982,450.2296941442396
974,9/1/1982,450.2296941442396
975,9/2/1982,450.2296941442396
976,9/3/1982,450.2296941442396
977,9/4/1982,450.2296941442396
978,9/5/1982,450.2296941442396
979,9/6/1982,450.2296941442396
980,9/7/1982,450.2296941442396
981,9/8/1982,450.2296941442396
982,9/9/1982,450.2296941442396
983,9/10/1982,450.2296941442396
984,9/11/1982,450.2296941442396
985,9/12/1982,450.2296941442396
986,9/13/1982,450.2296941442396
987,9/14/1982,450.2296941442396
988,9/15/1982,450.2296941442396
989,9/16/1982,450.2296941442396
990,9/17/1982,450.2296941442396
991,9/18/1982,450.2296941442396
992,9/19/1982,450.2296941442396
993,9/20/1982,450.2296941442396
994,9/21/1982,450.2296941442396
995,9/22/1982,450.2296941442396
996,9/23/1982,450.2296941442396
997,9/24/1982,450.2296941442396
998,9/25/1982,450.2296941442396
999,9/26/1982,450.2296941442396
1000,9/27/1982,450.2296941442396
1001,9/28/1982,450.2296941442396
1002,9/29/1982,450.2296941442396
1003,9/30/1982,450.2296941442396
1004,10/1/1982,450.2296941442396
1005,10/2/1982,450.2296941442396
1006,10/3/1982,450.2296941442396
1007,10/4/1982,450.2296941442396
1008,10/5/1982,450.2296941442396
1009,10/6/1982,450.2296941442396
1010,10/7/1982,450.2296941442396
1011,10/8/1982,450.2296941442396
1012,10/9/1982,450.2296941442396
1013,10/10/1982,450.2296941442396
1014,10/11/1982,450.2296941442396
1015,10/12/1982,450.2296941442396
1016,10/13/1982,450.2296941442396
1017,10/14/1982,450.2296941442396
1018,10/15/1982,450.2296941442396
1019,10/16/1982,450.2296941442396
1020,10/17/1982,450.2296941442396
1021,10/18/1982,450.2296941442396
1022,10/19/1982,450.2296941442396
1023,10/20/1982,450.2296941442396
1024,10/21/1982,450.2296941442396
1025,10/22/1982,450.2296941442396
1026,10/23/1982,450.2296941442396
1027,10/24/1982,450.2296941442396
1028,10/25/1982,450.2296941442396
1029,10/26/1982,450.2296941442396
1030,10/27/1982,450.2296941442396
1031,10/28/1982,450.2296941442396
1032,10/29/1982,450.2296941442396
1033,10/30/1982,450.2296941442396
1034,10/31/1982,450.2296941442396
1035,11/1/1982,450.2296941442396
1036,11/2/1982,450.2296941442396
1037,11/3/1982,450.2296941442396
1038,11/4/1982,450.2296941442396
1039,11/5/1982,450.2296941442396
1040,11/6/1982,450.2296941442396
1041,11/7/1982,450.2296941442396
1042,11/8/1982,450.2296941442396
1043,11/9/1982,450.2296941442396
1044,11/10/1982,450.2296941442396
1045,11/11/1982,450.2296941442396
1046,11/12/1982,450.2296941442396
1047,11/13/1982,450.2296941442396
1048,11/14/1982,450.2296941442396
1049,11/15/1982,450.2296941442396
1050,11/16/1982,450.2296941442396
1051,11/17/1982,450.2296941442396
1052,11/18/1982,450.2296941442396
1053,11/19/1982,450.2296941442396
1054,11/20/1982,450.2296941442396
1055,11/21/1982,450.2296941442396
1056,11/22/1982,450.2296941442396
1057,11/23/1982,450.2296941442396
1058,11/24/1982,450.2296941442396
1059,11/25/1982,450.2296941442396
1060,11/26/1982,450.2296941442396
1061,11/27/1982,450.2296941442396
1062,11/28/1982,450.2296941442396
1063,11/29/1982,450.2296941442396
1064,11/30/1982,450.2296941442396
1065,12/1/1982,450.2296941442396
1066,12/2/1982,450.2296941442396
1067,12/3/1982,450.2296941442396
1068,12/4/1982,450.2296941442396
1069,12/5/1982,450.2296941442396
1070,12/6/1982,450.2296941442396
1071,12/7/1982,450.2296941442396
1072,12/8/1982,450.2296941442396
1073,12/9/1982,450.2296941442396
1074,12/10/1982,450.2296941442396
1075,12/11/1982,450.2296941442396
1076,12/12/1982,450.2296941442396
1077,12/13/1982,450.2296941442396
1078,12/14/1982,450.2296941442396
1079,12/15/1982,450.2296941442396
1080,12/16/1982,450.2296941442396
1081,12/17/1982,450.2296941442396
1082,12/18/1982,450.2296941442396
1083,12/19/1982,450.2296941442396
1084,12/20/1982,450.2296941442396
1085,12/21/1982,450.2296941442396
1086,12/22/1982,450.2296941442396
1087,12/23/1982,450.2296941442396
1088,12/24/1982,450.2296941442396
1089,12/25/1982,450.2296941442396
1090,12/26/1982,450.2296941442396
1091,12/27/1982,450.2296941442396
1092,12/28/1982,450.2296941442396
1093,12/29/1982,450.2296941442396
1094,12/30/1982,450.2296941442396
1095,12/31/1982,450.2296941442396
1096,1/1/1983,96.7
1097,1/2/1983,96.7
1098,1/3/1983,95.5
1099,1/4/1983,94.2
1100,1/5/1983,93.0
1101,1/6/1983,91.8
1102,1/7/1983,90.7
1103,1/8/1983,89.6
1104,1/9/1983,89.6
1105,1/10/1983,89.6
1106,1/11/1983,88.4
1107,1/12/1983,88.4
1108,1/13/1983,89.6
1109,1/14/1983,88.4
1110,1/15/1983,87.3
1111,1/16/1983,87.3
1112,1/17/1983,86.2
1113,1/18/1983,85.1
1114,1/19/1983,85.1
1115,1/20/1983,85.1
1116,1/21/1983,84.0
1117,1/22/1983,84.0
1118,1/23/1983,82.8
1119,1/24/1983,82.8
1120,1/25/1983,82.8
1121,1/26/1983,81.7
1122,1/27/1983,81.7
1123,1/28/1983,82.8
1124,1/29/1983,87.3
1125,1/30/1983,94.2
1126,1/31/1983,89.6
1127,2/1/1983,87.3
1128,2/2/1983,86.2
1129,2/3/1983,85.1
1130,2/4/1983,82.8
1131,2/5/1983,81.7
1132,2/6/1983,80.6
1133,2/7/1983,80.6
1134,2/8/1983,80.6
1135,2/9/1983,78.5
1136,2/10/1983,78.5
1137,2/11/1983,76.4
1138,2/12/1983,75.4
1139,2/13/1983,75.4
1140,2/14/1983,75.4
1141,2/15/1983,75.4
1142,2/16/1983,74.4
1143,2/17/1983,72.3
1144,2/18/1983,70.2
1145,2/19/1983,70.2
1146,2/20/1983,70.2
1147,2/21/1983,68.3
1148,2/22/1983,68.3
1149,2/23/1983,69.2
1150,2/24/1983,70.2
1151,2/25/1983,70.2
1152,2/26/1983,72.3
1153,2/27/1983,70.2
1154,2/28/1983,70.2
1155,3/1/1983,70.2
1156,3/2/1983,70.2
1157,3/3/1983,70.2
1158,3/4/1983,70.2
1159,3/5/1983,69.2
1160,3/6/1983,68.3
1161,3/7/1983,67.3
1162,3/8/1983,66.3
1163,3/9/1983,68.3
1164,3/10/1983,68.3
1165,3/11/1983,70.2
1166,3/12/1983,69.2
1167,3/13/1983,68.3
1168,3/14/1983,67.3
1169,3/15/1983,66.3
1170,3/16/1983,68.3
1171,3/17/1983,67.3
1172,3/18/1983,67.3
1173,3/19/1983,68.3
1174,3/20/1983,67.3
1175,3/21/1983,70.2
1176,3/22/1983,73.3
1177,3/23/1983,74.4
1178,3/24/1983,71.2
1179,3/25/1983,69.2
1180,3/26/1983,68.3
1181,3/27/1983,68.3
1182,3/28/1983,66.3
1183,3/29/1983,65.3
1184,3/30/1983,64.4
1185,3/31/1983,63.4
1186,4/1/1983,63.4
1187,4/2/1983,63.4
1188,4/3/1983,63.4
1189,4/4/1983,64.4
1190,4/5/1983,62.4
1191,4/6/1983,62.4
1192,4/7/1983,62.4
1193,4/8/1983,64.4
1194,4/9/1983,64.4
1195,4/10/1983,63.4
1196,4/11/1983,63.4
1197,4/12/1983,66.3
1198,4/13/1983,65.3
1199,4/14/1983,66.3
1200,4/15/1983,66.3
1201,4/16/1983,67.3
1202,4/17/1983,66.3
1203,4/18/1983,64.4
1204,4/19/1983,65.3
1205,4/20/1983,69.2
1206,4/21/1983,65.3
1207,4/22/1983,64.4
1208,4/23/1983,63.4
1209,4/24/1983,68.3
1210,4/25/1983,68.3
1211,4/26/1983,67.3
1212,4/27/1983,68.3
1213,4/28/1983,64.4
1214,4/29/1983,86.2
1215,4/30/1983,87.3
1216,5/1/1983,84.0
1217,5/2/1983,87.3
1218,5/3/1983,85.1
1219,5/4/1983,89.6
1220,5/5/1983,86.2
1221,5/6/1983,96.7
1222,5/7/1983,126.0
1223,5/8/1983,122.0
1224,5/9/1983,212.0
1225,5/10/1983,141.0
1226,5/11/1983,116.0
1227,5/12/1983,118.0
1228,5/13/1983,163.0
1229,5/14/1983,133.0
1230,5/15/1983,110.0
1231,5/16/1983,184.0
1232,5/17/1983,161.0
1233,5/18/1983,139.0
1234,5/19/1983,136.0
1235,5/20/1983,124.0
1236,5/21/1983,138.0
1237,5/22/1983,166.0
1238,5/23/1983,164.0
1239,5/24/1983,161.0
1240,5/25/1983,150.0
1241,5/26/1983,136.0
1242,5/27/1983,126.0
1243,5/28/1983,119.0
1244,5/29/1983,129.0
1245,5/30/1983,129.0
1246,5/31/1983,121.0
1247,6/1/1983,122.0
1248,6/2/1983,119.0
1249,6/3/1983,129.0
1250,6/4/1983,143.0
1251,6/5/1983,141.0
1252,6/6/1983,146.0
1253,6/7/1983,146.0
1254,6/8/1983,136.0
1255,6/9/1983,166.0
1256,6/10/1983,136.0
1257,6/11/1983,121.0
1258,6/12/1983,119.0
1259,6/13/1983,113.0
1260,6/14/1983,104.0
1261,6/15/1983,107.0
1262,6/16/1983,119.0
1263,6/17/1983,126.0
1264,6/18/1983,116.0
1265,6/19/1983,126.0
1266,6/20/1983,119.0
1267,6/21/1983,119.0
1268,6/22/1983,134.0
1269,6/23/1983,139.0
1270,6/24/1983,146.0
1271,6/25/1983,153.0
1272,6/26/1983,150.0
1273,6/27/1983,188.0
1274,6/28/1983,487.0
1275,6/29/1983,468.0
1276,6/30/1983,404.0
1277,7/1/1983,333.0
1278,7/2/1983,465.0
1279,7/3/1983,500.0
1280,7/4/1983,513.0
1281,7/5/1983,446.0
1282,7/6/1983,406.0
1283,7/7/1983,333.0
1284,7/8/1983,317.0
1285,7/9/1983,281.0
1286,7/10/1983,221.0
1287,7/11/1983,349.0
1288,7/12/1983,262.0
1289,7/13/1983,252.0
1290,7/14/1983,271.0
1291,7/15/1983,395.0
1292,7/16/1983,506.0
1293,7/17/1983,1050.0
1294,7/18/1983,936.0
1295,7/19/1983,733.0
1296,7/20/1983,798.0
1297,7/21/1983,717.0
1298,7/22/1983,655.0
1299,7/23/1983,590.0
1300,7/24/1983,547.0
1301,7/25/1983,823.0
1302,7/26/1983,1380.0
1303,7/27/1983,1470.0
1304,7/28/1983,1160.0
1305,7/29/1983,923.0
1306,7/30/1983,749.0
1307,7/31/1983,717.0
1308,8/1/1983,954.0
1309,8/2/1983,1400.0
1310,8/3/1983,1130.0
1311,8/4/1983,982.0
1312,8/5/1983,973.0
1313,8/6/1983,927.0
1314,8/7/1983,919.0
1315,8/8/1983,798.0
1316,8/9/1983,806.0
1317,8/10/1983,959.0
1318,8/11/1983,1000.0
1319,8/12/1983,982.0
1320,8/13/1983,932.0
1321,8/14/1983,857.0
1322,8/15/1983,733.0
1323,8/16/1983,733.0
1324,8/17/1983,709.0
1325,8/18/1983,733.0
1326,8/19/1983,733.0
1327,8/20/1983,733.0
1328,8/21/1983,705.0
1329,8/22/1983,607.0
1330,8/23/1983,584.0
1331,8/24/1983,659.0
1332,8/25/1983,685.0
1333,8/26/1983,733.0
1334,8/27/1983,721.0
1335,8/28/1983,670.0
1336,8/29/1983,733.0
1337,8/30/1983,765.0
1338,8/31/1983,733.0
1339,9/1/1983,892.0
1340,9/2/1983,1050.0
1341,9/3/1983,823.0
1342,9/4/1983,1160.0
1343,9/5/1983,1100.0
1344,9/6/1983,1510.0
1345,9/7/1983,1470.0
1346,9/8/1983,1230.0
1347,9/9/1983,1180.0
1348,9/10/1983,1050.0
1349,9/11/1983,1110.0
1350,9/12/1983,2560.0
1351,9/13/1983,1440.0
1352,9/14/1983,1200.0
1353,9/15/1983,1090.0
1354,9/16/1983,1000.0
1355,9/17/1983,1040.0
1356,9/18/1983,1050.0
1357,9/19/1983,1420.0
1358,9/20/1983,1940.0
1359,9/21/1983,1720.0
1360,9/22/1983,1440.0
1361,9/23/1983,1590.0
1362,9/24/1983,1340.0
1363,9/25/1983,1160.0
1364,9/26/1983,982.0
1365,9/27/1983,857.0
1366,9/28/1983,741.0
1367,9/29/1983,670.0
1368,9/30/1983,611.0
1369,10/1/1983,575.0
1370,10/2/1983,533.0
1371,10/3/1983,568.0
1372,10/4/1983,533.0
1373,10/5/1983,477.0
1374,10/6/1983,443.0
1375,10/7/1983,418.0
1376,10/8/1983,412.0
1377,10/9/1983,465.0
1378,10/10/1983,618.0
1379,10/11/1983,611.0
1380,10/12/1983,1190.0
1381,10/13/1983,1220.0
1382,10/14/1983,798.0
1383,10/15/1983,666.0
1384,10/16/1983,589.0
1385,10/17/1983,530.0
1386,10/18/1983,480.0
1387,10/19/1983,449.0
1388,10/20/1983,424.0
1389,10/21/1983,401.0
1390,10/22/1983,392.0
1391,10/23/1983,377.0
1392,10/24/1983,366.0
1393,10/25/1983,360.0
1394,10/26/1983,341.0
1395,10/27/1983,328.0
1396,10/28/1983,317.0
1397,10/29/1983,307.0
1398,10/30/1983,297.0
1399,10/31/1983,289.0
1400,11/1/1983,281.0
1401,11/2/1983,276.0
1402,11/3/1983,271.0
1403,11/4/1983,267.0
1404,11/5/1983,259.0
1405,11/6/1983,255.0
1406,11/7/1983,248.0
1407,11/8/1983,243.0
1408,11/9/1983,239.0
1409,11/10/1983,234.0
1410,11/11/1983,230.0
1411,11/12/1983,225.0
1412,11/13/1983,221.0
1413,11/14/1983,216.0
1414,11/15/1983,212.0
1415,11/16/1983,208.0
1416,11/17/1983,204.0
1417,11/18/1983,200.0
1418,11/19/1983,196.0
1419,11/20/1983,192.0
1420,11/21/1983,188.0
1421,11/22/1983,184.0
1422,11/23/1983,180.0
1423,11/24/1983,176.0
1424,11/25/1983,172.0
1425,11/26/1983,168.0
1426,11/27/1983,164.0
1427,11/28/1983,163.0
1428,11/29/1983,161.0
1429,11/30/1983,157.0
1430,12/1/1983,153.0
1431,12/2/1983,151.0
1432,12/3/1983,150.0
1433,12/4/1983,146.0
1434,12/5/1983,144.0
1435,12/6/1983,143.0
1436,12/7/1983,139.0
1437,12/8/1983,136.0
1438,12/9/1983,134.0
1439,12/10/1983,133.0
1440,12/11/1983,133.0
1441,12/12/1983,129.0
1442,12/13/1983,129.0
1443,12/14/1983,126.0
1444,12/15/1983,122.0
1445,12/16/1983,121.0
1446,12/17/1983,119.0
1447,12/18/1983,116.0
1448,12/19/1983,115.0
1449,12/20/1983,113.0
1450,12/21/1983,113.0
1451,12/22/1983,112.0
1452,12/23/1983,110.0
1453,12/24/1983,109.0
1454,12/25/1983,109.0
1455,12/26/1983,110.0
1456,12/27/1983,139.0
1457,12/28/1983,129.0
1458,12/29/1983,119.0
1459,12/30/1983,116.0
1460,12/31/1983,113.0
1461,1/1/1984,110.0
1462,1/2/1984,110.0
1463,1/3/1984,107.0
1464,1/4/1984,106.0
1465,1/5/1984,104.0
1466,1/6/1984,101.0
1467,1/7/1984,98.1
1468,1/8/1984,98.1
1469,1/9/1984,95.1
1470,1/10/1984,95.1
1471,1/11/1984,92.2
1472,1/12/1984,98.1
1473,1/13/1984,89.2
1474,1/14/1984,89.2
1475,1/15/1984,87.9
1476,1/16/1984,86.5
1477,1/17/1984,96.6
1478,1/18/1984,107.0
1479,1/19/1984,95.1
1480,1/20/1984,92.2
1481,1/21/1984,90.7
1482,1/22/1984,89.2
1483,1/23/1984,87.9
1484,1/24/1984,86.5
1485,1/25/1984,85.2
1486,1/26/1984,83.9
1487,1/27/1984,81.2
1488,1/28/1984,79.9
1489,1/29/1984,78.6
1490,1/30/1984,75.9
1491,1/31/1984,75.9
1492,2/1/1984,74.7
1493,2/2/1984,75.9
1494,2/3/1984,74.7
1495,2/4/1984,73.5
1496,2/5/1984,72.2
1497,2/6/1984,69.8
1498,2/7/1984,68.6
1499,2/8/1984,68.6
1500,2/9/1984,68.6
1501,2/10/1984,69.8
1502,2/11/1984,69.8
1503,2/12/1984,68.6
1504,2/13/1984,68.6
1505,2/14/1984,66.1
1506,2/15/1984,64.9
1507,2/16/1984,64.9
1508,2/17/1984,63.7
1509,2/18/1984,63.7
1510,2/19/1984,62.6
1511,2/20/1984,63.7
1512,2/21/1984,68.6
1513,2/22/1984,68.6
1514,2/23/1984,63.7
1515,2/24/1984,62.6
1516,2/25/1984,61.5
1517,2/26/1984,60.4
1518,2/27/1984,59.3
1519,2/28/1984,59.3
1520,2/29/1984,59.3
1521,3/1/1984,59.3
1522,3/2/1984,59.3
1523,3/3/1984,58.2
1524,3/4/1984,58.2
1525,3/5/1984,63.7
1526,3/6/1984,61.5
1527,3/7/1984,60.4
1528,3/8/1984,61.5
1529,3/9/1984,61.5
1530,3/10/1984,61.5
1531,3/11/1984,59.3
1532,3/12/1984,59.3
1533,3/13/1984,57.0
1534,3/14/1984,57.0
1535,3/15/1984,57.0
1536,3/16/1984,54.8
1537,3/17/1984,57.0
1538,3/18/1984,59.3
1539,3/19/1984,60.4
1540,3/20/1984,57.0
1541,3/21/1984,54.8
1542,3/22/1984,53.7
1543,3/23/1984,59.3
1544,3/24/1984,57.0
1545,3/25/1984,57.0
1546,3/26/1984,59.3
1547,3/27/1984,66.1
1548,3/28/1984,63.7
1549,3/29/1984,57.0
1550,3/30/1984,59.3
1551,3/31/1984,62.6
1552,4/1/1984,66.1
1553,4/2/1984,68.6
1554,4/3/1984,63.7
1555,4/4/1984,58.2
1556,4/5/1984,54.8
1557,4/6/1984,50.6
1558,4/7/1984,48.6
1559,4/8/1984,48.6
1560,4/9/1984,46.5
1561,4/10/1984,46.5
1562,4/11/1984,46.5
1563,4/12/1984,49.6
1564,4/13/1984,46.5
1565,4/14/1984,46.5
1566,4/15/1984,47.6
1567,4/16/1984,51.6
1568,4/17/1984,53.7
1569,4/18/1984,53.7
1570,4/19/1984,52.6
1571,4/20/1984,54.8
1572,4/21/1984,51.6
1573,4/22/1984,52.6
1574,4/23/1984,50.6
1575,4/24/1984,50.6
1576,4/25/1984,54.8
1577,4/26/1984,54.8
1578,4/27/1984,52.6
1579,4/28/1984,77.2
1580,4/29/1984,61.5
1581,4/30/1984,82.6
1582,5/1/1984,78.6
1583,5/2/1984,74.7
1584,5/3/1984,63.7
1585,5/4/1984,68.6
1586,5/5/1984,66.1
1587,5/6/1984,90.7
1588,5/7/1984,95.1
1589,5/8/1984,112.0
1590,5/9/1984,107.0
1591,5/10/1984,109.0
1592,5/11/1984,101.0
1593,5/12/1984,81.2
1594,5/13/1984,90.7
1595,5/14/1984,98.1
1596,5/15/1984,106.0
1597,5/16/1984,107.0
1598,5/17/1984,99.6
1599,5/18/1984,121.0
1600,5/19/1984,107.0
1601,5/20/1984,98.1
1602,5/21/1984,119.0
1603,5/22/1984,122.0
1604,5/23/1984,122.0
1605,5/24/1984,112.0
1606,5/25/1984,146.0
1607,5/26/1984,146.0
1608,5/27/1984,168.0
1609,5/28/1984,136.0
1610,5/29/1984,230.0
1611,5/30/1984,250.0
1612,5/31/1984,176.0
1613,6/1/1984,178.0
1614,6/2/1984,188.0
1615,6/3/1984,192.0
1616,6/4/1984,210.0
1617,6/5/1984,255.0
1618,6/6/1984,289.0
1619,6/7/1984,276.0
1620,6/8/1984,267.0
1621,6/9/1984,310.0
1622,6/10/1984,307.0
1623,6/11/1984,276.0
1624,6/12/1984,302.0
1625,6/13/1984,527.0
1626,6/14/1984,325.0
1627,6/15/1984,281.0
1628,6/16/1984,346.0
1629,6/17/1984,443.0
1630,6/18/1984,468.0
1631,6/19/1984,483.0
1632,6/20/1984,360.0
1633,6/21/1984,357.0
1634,6/22/1984,527.0
1635,6/23/1984,455.0
1636,6/24/1984,437.0
1637,6/25/1984,395.0
1638,6/26/1984,455.0
1639,6/27/1984,412.0
1640,6/28/1984,389.0
1641,6/29/1984,369.0
1642,6/30/1984,510.0
1643,7/1/1984,596.0
1644,7/2/1984,633.0
1645,7/3/1984,561.0
1646,7/4/1984,875.0
1647,7/5/1984,1050.0
1648,7/6/1984,1570.0
1649,7/7/1984,1520.0
1650,7/8/1984,2080.0
1651,7/9/1984,2450.0
1652,7/10/1984,1640.0
1653,7/11/1984,1700.0
1654,7/12/1984,1410.0
1655,7/13/1984,1100.0
1656,7/14/1984,963.0
1657,7/15/1984,840.0
1658,7/16/1984,857.0
1659,7/17/1984,866.0
1660,7/18/1984,963.0
1661,7/19/1984,892.0
1662,7/20/1984,818.0
1663,7/21/1984,693.0
1664,7/22/1984,1220.0
1665,7/23/1984,1810.0
1666,7/24/1984,2240.0
1667,7/25/1984,2120.0
1668,7/26/1984,1850.0
1669,7/27/1984,2150.0
1670,7/28/1984,2400.0
1671,7/29/1984,2260.0
1672,7/30/1984,3030.0
1673,7/31/1984,2270.0
1674,8/1/1984,2020.0
1675,8/2/1984,1670.0
1676,8/3/1984,1350.0
1677,8/4/1984,1110.0
1678,8/5/1984,963.0
1679,8/6/1984,892.0
1680,8/7/1984,840.0
1681,8/8/1984,1070.0
1682,8/9/1984,857.0
1683,8/10/1984,794.0
1684,8/11/1984,749.0
1685,8/12/1984,701.0
1686,8/13/1984,685.0
1687,8/14/1984,678.0
1688,8/15/1984,554.0
1689,8/16/1984,709.0
1690,8/17/1984,520.0
1691,8/18/1984,773.0
1692,8/19/1984,741.0
1693,8/20/1984,725.0
1694,8/21/1984,685.0
1695,8/22/1984,1140.0
1696,8/23/1984,701.0
1697,8/24/1984,823.0
1698,8/25/1984,870.0
1699,8/26/1984,1130.0
1700,8/27/1984,1490.0
1701,8/28/1984,1390.0
1702,8/29/1984,1350.0
1703,8/30/1984,1450.0
1704,8/31/1984,1290.0
1705,9/1/1984,1240.0
1706,9/2/1984,1120.0
1707,9/3/1984,1000.0
1708,9/4/1984,1050.0
1709,9/5/1984,1150.0
1710,9/6/1984,1190.0
1711,9/7/1984,2950.0
1712,9/8/1984,3810.0
1713,9/9/1984,2720.0
1714,9/10/1984,1880.0
1715,9/11/1984,1500.0
1716,9/12/1984,1410.0
1717,9/13/1984,1300.0
1718,9/14/1984,1150.0
1719,9/15/1984,1020.0
1720,9/16/1984,973.0
1721,9/17/1984,945.0
1722,9/18/1984,991.0
1723,9/19/1984,1250.0
1724,9/20/1984,1170.0
1725,9/21/1984,954.0
1726,9/22/1984,840.0
1727,9/23/1984,749.0
1728,9/24/1984,701.0
1729,9/25/1984,625.0
1730,9/26/1984,582.0
1731,9/27/1984,547.0
1732,9/28/1984,520.0
1733,9/29/1984,496.0
1734,9/30/1984,477.0
1735,10/1/1984,455.0
1736,10/2/1984,437.0
1737,10/3/1984,421.0
1738,10/4/1984,412.0
1739,10/5/1984,406.0
1740,10/6/1984,395.0
1741,10/7/1984,383.0
1742,10/8/1984,372.0
1743,10/9/1984,366.0
1744,10/10/1984,349.0
1745,10/11/1984,333.0
1746,10/12/1984,317.0
1747,10/13/1984,304.0
1748,10/14/1984,297.0
1749,10/15/1984,320.0
1750,10/16/1984,341.0
1751,10/17/1984,304.0
1752,10/18/1984,299.0
1753,10/19/1984,284.0
1754,10/20/1984,274.0
1755,10/21/1984,267.0
1756,10/22/1984,257.0
1757,10/23/1984,250.0
1758,10/24/1984,252.0
1759,10/25/1984,241.0
1760,10/26/1984,243.0
1761,10/27/1984,234.0
1762,10/28/1984,225.0
1763,10/29/1984,214.0
1764,10/30/1984,206.0
1765,10/31/1984,198.0
1766,11/1/1984,196.0
1767,11/2/1984,196.0
1768,11/3/1984,194.0
1769,11/4/1984,194.0
1770,11/5/1984,192.0
1771,11/6/1984,192.0
1772,11/7/1984,190.0
1773,11/8/1984,188.0
1774,11/9/1984,188.0
1775,11/10/1984,186.0
1776,11/11/1984,184.0
1777,11/12/1984,182.0
1778,11/13/1984,180.0
1779,11/14/1984,180.0
1780,11/15/1984,182.0
1781,11/16/1984,180.0
1782,11/17/1984,178.0
1783,11/18/1984,176.0
1784,11/19/1984,174.0
1785,11/20/1984,178.0
1786,11/21/1984,176.0
1787,11/22/1984,170.0
1788,11/23/1984,166.0
1789,11/24/1984,164.0
1790,11/25/1984,161.0
1791,11/26/1984,161.0
1792,11/27/1984,157.0
1793,11/28/1984,159.0
1794,11/29/1984,159.0
1795,11/30/1984,157.0
1796,12/1/1984,153.0
1797,12/2/1984,151.0
1798,12/3/1984,153.0
1799,12/4/1984,151.0
1800,12/5/1984,150.0
1801,12/6/1984,150.0
1802,12/7/1984,148.0
1803,12/8/1984,143.0
1804,12/9/1984,143.0
1805,12/10/1984,141.0
1806,12/11/1984,139.0
1807,12/12/1984,138.0
1808,12/13/1984,144.0
1809,12/14/1984,143.0
1810,12/15/1984,141.0
1811,12/16/1984,138.0
1812,12/17/1984,133.0
1813,12/18/1984,134.0
1814,12/19/1984,133.0
1815,12/20/1984,131.0
1816,12/21/1984,129.0
1817,12/22/1984,129.0
1818,12/23/1984,124.0
1819,12/24/1984,122.0
1820,12/25/1984,121.0
1821,12/26/1984,119.0
1822,12/27/1984,116.0
1823,12/28/1984,115.0
1824,12/29/1984,113.0
1825,12/30/1984,113.0
1826,12/31/1984,112.0
1827,1/1/1985,113.0
1828,1/2/1985,115.0
1829,1/3/1985,119.0
1830,1/4/1985,117.0
1831,1/5/1985,117.0
1832,1/6/1985,125.0
1833,1/7/1985,118.0
1834,1/8/1985,115.0
1835,1/9/1985,113.0
1836,1/10/1985,112.0
1837,1/11/1985,110.0
1838,1/12/1985,109.0
1839,1/13/1985,106.0
1840,1/14/1985,106.0
1841,1/15/1985,104.0
1842,1/16/1985,103.0
1843,1/17/1985,103.0
1844,1/18/1985,98.1
1845,1/19/1985,99.6
1846,1/20/1985,101.0
1847,1/21/1985,103.0
1848,1/22/1985,101.0
1849,1/23/1985,99.6
1850,1/24/1985,99.6
1851,1/25/1985,97.3
1852,1/26/1985,93.6
1853,1/27/1985,93.6
1854,1/28/1985,93.6
1855,1/29/1985,92.2
1856,1/30/1985,93.6
1857,1/31/1985,92.9
1858,2/1/1985,92.2
1859,2/2/1985,92.2
1860,2/3/1985,92.9
1861,2/4/1985,90.7
1862,2/5/1985,92.2
1863,2/6/1985,92.2
1864,2/7/1985,92.2
1865,2/8/1985,90.7
1866,2/9/1985,90.7
1867,2/10/1985,87.9
1868,2/11/1985,88.5
1869,2/12/1985,87.2
1870,2/13/1985,86.5
1871,2/14/1985,86.5
1872,2/15/1985,85.2
1873,2/16/1985,83.9
1874,2/17/1985,86.5
1875,2/18/1985,86.5
1876,2/19/1985,85.9
1877,2/20/1985,85.2
1878,2/21/1985,85.9
1879,2/22/1985,86.5
1880,2/23/1985,85.2
1881,2/24/1985,83.9
1882,2/25/1985,90.7
1883,2/26/1985,90.0
1884,2/27/1985,86.5
1885,2/28/1985,86.5
1886,3/1/1985,87.9
1887,3/2/1985,96.6
1888,3/3/1985,96.6
1889,3/4/1985,95.1
1890,3/5/1985,97.3
1891,3/6/1985,99.6
1892,3/7/1985,98.1
1893,3/8/1985,94.4
1894,3/9/1985,92.2
1895,3/10/1985,88.6
1896,3/11/1985,87.2
1897,3/12/1985,90.7
1898,3/13/1985,91.4
1899,3/14/1985,89.3
1900,3/15/1985,87.2
1901,3/16/1985,86.0
1902,3/17/1985,84.5
1903,3/18/1985,79.9
1904,3/19/1985,81.9
1905,3/20/1985,74.1
1906,3/21/1985,73.5
1907,3/22/1985,72.2
1908,3/23/1985,74.1
1909,3/24/1985,79.2
1910,3/25/1985,78.6
1911,3/26/1985,78.6
1912,3/27/1985,76.6
1913,3/28/1985,77.2
1914,3/29/1985,81.2
1915,3/30/1985,81.9
1916,3/31/1985,80.6
1917,4/1/1985,76.0
1918,4/2/1985,73.5
1919,4/3/1985,73.5
1920,4/4/1985,72.9
1921,4/5/1985,71.6
1922,4/6/1985,70.4
1923,4/7/1985,69.8
1924,4/8/1985,69.2
1925,4/9/1985,69.8
1926,4/10/1985,69.8
1927,4/11/1985,76.0
1928,4/12/1985,80.6
1929,4/13/1985,83.9
1930,4/14/1985,88.0
1931,4/15/1985,82.6
1932,4/16/1985,79.2
1933,4/17/1985,76.6
1934,4/18/1985,76.6
1935,4/19/1985,76.7
1936,4/20/1985,75.3
1937,4/21/1985,83.9
1938,4/22/1985,90.0
1939,4/23/1985,106.0
1940,4/24/1985,108.0
1941,4/25/1985,98.1
1942,4/26/1985,86.5
1943,4/27/1985,79.2
1944,4/28/1985,74.1
1945,4/29/1985,72.2
1946,4/30/1985,79.9
1947,5/1/1985,81.9
1948,5/2/1985,87.4
1949,5/3/1985,85.9
1950,5/4/1985,85.2
1951,5/5/1985,87.2
1952,5/6/1985,92.9
1953,5/7/1985,99.6
1954,5/8/1985,98.1
1955,5/9/1985,94.4
1956,5/10/1985,132.0
1957,5/11/1985,126.0
1958,5/12/1985,116.0
1959,5/13/1985,118.0
1960,5/14/1985,106.0
1961,5/15/1985,101.0
1962,5/16/1985,99.6
1963,5/17/1985,92.9
1964,5/18/1985,94.4
1965,5/19/1985,112.0
1966,5/20/1985,147.0
1967,5/21/1985,139.0
1968,5/22/1985,132.0
1969,5/23/1985,119.0
1970,5/24/1985,106.0
1971,5/25/1985,104.0
1972,5/26/1985,109.0
1973,5/27/1985,151.0
1974,5/28/1985,173.0
1975,5/29/1985,174.0
1976,5/30/1985,155.0
1977,5/31/1985,135.0
1978,6/1/1985,138.0
1979,6/2/1985,144.0
1980,6/3/1985,139.0
1981,6/4/1985,133.0
1982,6/5/1985,159.0
1983,6/6/1985,139.0
1984,6/7/1985,145.0
1985,6/8/1985,127.0
1986,6/9/1985,124.0
1987,6/10/1985,133.0
1988,6/11/1985,134.0
1989,6/12/1985,146.0
1990,6/13/1985,137.0
1991,6/14/1985,139.0
1992,6/15/1985,213.0
1993,6/16/1985,224.0
1994,6/17/1985,211.0
1995,6/18/1985,197.0
1996,6/19/1985,284.0
1997,6/20/1985,275.0
1998,6/21/1985,384.0
1999,6/22/1985,322.0
2000,6/23/1985,286.0
2001,6/24/1985,403.0
2002,6/25/1985,332.0
2003,6/26/1985,328.0
2004,6/27/1985,371.0
2005,6/28/1985,500.0
2006,6/29/1985,420.0
2007,6/30/1985,340.0
2008,7/1/1985,464.0
2009,7/2/1985,592.0
2010,7/3/1985,447.0
2011,7/4/1985,573.0
2012,7/5/1985,1100.0
2013,7/6/1985,868.0
2014,7/7/1985,1560.0
2015,7/8/1985,1600.0
2016,7/9/1985,1030.0
2017,7/10/1985,857.0
2018,7/11/1985,1020.0
2019,7/12/1985,1050.0
2020,7/13/1985,1070.0
2021,7/14/1985,1180.0
2022,7/15/1985,1240.0
2023,7/16/1985,1160.0
2024,7/17/1985,1340.0
2025,7/18/1985,1100.0
2026,7/19/1985,1000.0
2027,7/20/1985,1040.0
2028,7/21/1985,1000.0
2029,7/22/1985,1370.0
2030,7/23/1985,1180.0
2031,7/24/1985,1320.0
2032,7/25/1985,1330.0
2033,7/26/1985,1690.0
2034,7/27/1985,1440.0
2035,7/28/1985,1460.0
2036,7/29/1985,1250.0
2037,7/30/1985,1090.0
2038,7/31/1985,868.0
2039,8/1/1985,771.0
2040,8/2/1985,783.0
2041,8/3/1985,697.0
2042,8/4/1985,739.0
2043,8/5/1985,751.0
2044,8/6/1985,800.0
2045,8/7/1985,735.0
2046,8/8/1985,682.0
2047,8/9/1985,661.0
2048,8/10/1985,691.0
2049,8/11/1985,651.0
2050,8/12/1985,638.0
2051,8/13/1985,639.0
2052,8/14/1985,626.0
2053,8/15/1985,624.0
2054,8/16/1985,563.0
2055,8/17/1985,643.0
2056,8/18/1985,708.0
2057,8/19/1985,1270.0
2058,8/20/1985,1190.0
2059,8/21/1985,1090.0
2060,8/22/1985,1130.0
2061,8/23/1985,1670.0
2062,8/24/1985,1340.0
2063,8/25/1985,1030.0
2064,8/26/1985,853.0
2065,8/27/1985,806.0
2066,8/28/1985,675.0
2067,8/29/1985,897.0
2068,8/30/1985,874.0
2069,8/31/1985,815.0
2070,9/1/1985,1010.0
2071,9/2/1985,987.0
2072,9/3/1985,1400.0
2073,9/4/1985,2450.0
2074,9/5/1985,2110.0
2075,9/6/1985,1860.0
2076,9/7/1985,1550.0
2077,9/8/1985,1230.0
2078,9/9/1985,1070.0
2079,9/10/1985,917.0
2080,9/11/1985,1430.0
2081,9/12/1985,1440.0
2082,9/13/1985,1150.0
2083,9/14/1985,973.0
2084,9/15/1985,1030.0
2085,9/16/1985,1190.0
2086,9/17/1985,1250.0
2087,9/18/1985,1410.0
2088,9/19/1985,1130.0
2089,9/20/1985,981.0
2090,9/21/1985,912.0
2091,9/22/1985,802.0
2092,9/23/1985,742.0
2093,9/24/1985,706.0
2094,9/25/1985,690.0
2095,9/26/1985,829.0
2096,9/27/1985,704.0
2097,9/28/1985,759.0
2098,9/29/1985,835.0
2099,9/30/1985,771.0
2100,10/1/1985,702.0
2101,10/2/1985,640.0
2102,10/3/1985,593.0
2103,10/4/1985,553.0
2104,10/5/1985,534.0
2105,10/6/1985,561.0
2106,10/7/1985,520.0
2107,10/8/1985,498.0
2108,10/9/1985,506.0
2109,10/10/1985,939.0
2110,10/11/1985,1250.0
2111,10/12/1985,1040.0
2112,10/13/1985,695.0
2113,10/14/1985,590.0
2114,10/15/1985,567.0
2115,10/16/1985,544.0
2116,10/17/1985,532.0
2117,10/18/1985,595.0
2118,10/19/1985,704.0
2119,10/20/1985,634.0
2120,10/21/1985,544.0
2121,10/22/1985,524.0
2122,10/23/1985,482.0
2123,10/24/1985,459.0
2124,10/25/1985,440.0
2125,10/26/1985,416.0
2126,10/27/1985,405.0
2127,10/28/1985,391.0
2128,10/29/1985,383.0
2129,10/30/1985,375.0
2130,10/31/1985,367.0
2131,11/1/1985,352.0
2132,11/2/1985,346.0
2133,11/3/1985,340.0
2134,11/4/1985,335.0
2135,11/5/1985,323.0
2136,11/6/1985,318.0
2137,11/7/1985,309.0
2138,11/8/1985,305.0
2139,11/9/1985,298.0
2140,11/10/1985,293.0
2141,11/11/1985,289.0
2142,11/12/1985,292.0
2143,11/13/1985,280.0
2144,11/14/1985,282.0
2145,11/15/1985,270.0
2146,11/16/1985,262.0
2147,11/17/1985,257.0
2148,11/18/1985,252.0
2149,11/19/1985,250.0
2150,11/20/1985,242.0
2151,11/21/1985,240.0
2152,11/22/1985,237.0
2153,11/23/1985,234.0
2154,11/24/1985,231.0
2155,11/25/1985,230.0
2156,11/26/1985,225.0
2157,11/27/1985,221.0
2158,11/28/1985,217.0
2159,11/29/1985,214.0
2160,11/30/1985,212.0
2161,12/1/1985,211.0
2162,12/2/1985,209.0
2163,12/3/1985,204.0
2164,12/4/1985,203.0
2165,12/5/1985,200.0
2166,12/6/1985,198.0
2167,12/7/1985,197.0
2168,12/8/1985,196.0
2169,12/9/1985,190.0
2170,12/10/1985,186.0
2171,12/11/1985,184.0
2172,12/12/1985,180.0
2173,12/13/1985,177.0
2174,12/14/1985,174.0
2175,12/15/1985,172.0
2176,12/16/1985,169.0
2177,12/17/1985,169.0
2178,12/18/1985,165.0
2179,12/19/1985,162.0
2180,12/20/1985,158.0
2181,12/21/1985,155.0
2182,12/22/1985,154.0
2183,12/23/1985,153.0
2184,12/24/1985,153.0
2185,12/25/1985,151.0
2186,12/26/1985,149.0
2187,12/27/1985,191.0
2188,12/28/1985,244.0
2189,12/29/1985,202.0
2190,12/30/1985,180.0
2191,12/31/1985,168.0
2192,1/1/1986,450.2296941442396
2193,1/2/1986,450.2296941442396
2194,1/3/1986,450.2296941442396
2195,1/4/1986,450.2296941442396
2196,1/5/1986,450.2296941442396
2197,1/6/1986,450.2296941442396
2198,1/7/1986,450.2296941442396
2199,1/8/1986,450.2296941442396
2200,1/9/1986,450.2296941442396
2201,1/10/1986,450.2296941442396
2202,1/11/1986,450.2296941442396
2203,1/12/1986,450.2296941442396
2204,1/13/1986,450.2296941442396
2205,1/14/1986,450.2296941442396
2206,1/15/1986,450.2296941442396
2207,1/16/1986,450.2296941442396
2208,1/17/1986,450.2296941442396
2209,1/18/1986,450.2296941442396
2210,1/19/1986,450.2296941442396
2211,1/20/1986,450.2296941442396
2212,1/21/1986,450.2296941442396
2213,1/22/1986,450.2296941442396
2214,1/23/1986,450.2296941442396
2215,1/24/1986,450.2296941442396
2216,1/25/1986,450.2296941442396
2217,1/26/1986,450.2296941442396
2218,1/27/1986,450.2296941442396
2219,1/28/1986,450.2296941442396
2220,1/29/1986,450.2296941442396
2221,1/30/1986,450.2296941442396
2222,1/31/1986,450.2296941442396
2223,2/1/1986,450.2296941442396
2224,2/2/1986,450.2296941442396
2225,2/3/1986,450.2296941442396
2226,2/4/1986,450.2296941442396
2227,2/5/1986,450.2296941442396
2228,2/6/1986,450.2296941442396
2229,2/7/1986,450.2296941442396
2230,2/8/1986,450.2296941442396
2231,2/9/1986,450.2296941442396
2232,2/10/1986,450.2296941442396
2233,2/11/1986,450.2296941442396
2234,2/12/1986,126.0
2235,2/13/1986,117.0
2236,2/14/1986,112.0
2237,2/15/1986,113.0
2238,2/16/1986,118.0
2239,2/17/1986,113.0
2240,2/18/1986,109.0
2241,2/19/1986,107.0
2242,2/20/1986,107.0
2243,2/21/1986,105.0
2244,2/22/1986,105.0
2245,2/23/1986,104.0
2246,2/24/1986,101.0
2247,2/25/1986,97.9
2248,2/26/1986,94.6
2249,2/27/1986,93.7
2250,2/28/1986,93.1
2251,3/1/1986,90.3
2252,3/2/1986,90.4
2253,3/3/1986,91.1
2254,3/4/1986,95.8
2255,3/5/1986,98.6
2256,3/6/1986,97.9
2257,3/7/1986,96.4
2258,3/8/1986,93.7
2259,3/9/1986,95.7
2260,3/10/1986,95.0
2261,3/11/1986,95.0
2262,3/12/1986,94.8
2263,3/13/1986,94.5
2264,3/14/1986,94.4
2265,3/15/1986,87.8
2266,3/16/1986,91.7
2267,3/17/1986,97.9
2268,3/18/1986,91.1
2269,3/19/1986,89.8
2270,3/20/1986,89.1
2271,3/21/1986,86.4
2272,3/22/1986,87.1
2273,3/23/1986,84.4
2274,3/24/1986,82.5
2275,3/25/1986,80.7
2276,3/26/1986,79.5
2277,3/27/1986,78.3
2278,3/28/1986,78.3
2279,3/29/1986,82.1
2280,3/30/1986,85.8
2281,3/31/1986,86.4
2282,4/1/1986,83.8
2283,4/2/1986,81.3
2284,4/3/1986,80.1
2285,4/4/1986,80.1
2286,4/5/1986,85.8
2287,4/6/1986,81.9
2288,4/7/1986,80.7
2289,4/8/1986,79.5
2290,4/9/1986,80.7
2291,4/10/1986,79.5
2292,4/11/1986,87.1
2293,4/12/1986,95.2
2294,4/13/1986,128.0
2295,4/14/1986,106.0
2296,4/15/1986,123.0
2297,4/16/1986,113.0
2298,4/17/1986,109.0
2299,4/18/1986,113.0
2300,4/19/1986,97.1
2301,4/20/1986,96.5
2302,4/21/1986,97.1
2303,4/22/1986,110.0
2304,4/23/1986,108.0
2305,4/24/1986,117.0
2306,4/25/1986,125.0
2307,4/26/1986,117.0
2308,4/27/1986,110.0
2309,4/28/1986,102.0
2310,4/29/1986,104.0
2311,4/30/1986,117.0
2312,5/1/1986,103.0
2313,5/2/1986,99.3
2314,5/3/1986,105.0
2315,5/4/1986,115.0
2316,5/5/1986,123.0
2317,5/6/1986,118.0
2318,5/7/1986,106.0
2319,5/8/1986,104.0
2320,5/9/1986,106.0
2321,5/10/1986,116.0
2322,5/11/1986,124.0
2323,5/12/1986,129.0
2324,5/13/1986,133.0
2325,5/14/1986,144.0
2326,5/15/1986,146.0
2327,5/16/1986,177.0
2328,5/17/1986,164.0
2329,5/18/1986,180.0
2330,5/19/1986,150.0
2331,5/20/1986,127.0
2332,5/21/1986,130.0
2333,5/22/1986,116.0
2334,5/23/1986,109.0
2335,5/24/1986,105.0
2336,5/25/1986,97.9
2337,5/26/1986,95.7
2338,5/27/1986,100.0
2339,5/28/1986,110.0
2340,5/29/1986,118.0
2341,5/30/1986,112.0
2342,5/31/1986,112.0
2343,6/1/1986,112.0
2344,6/2/1986,107.0
2345,6/3/1986,104.0
2346,6/4/1986,102.0
2347,6/5/1986,108.0
2348,6/6/1986,107.0
2349,6/7/1986,114.0
2350,6/8/1986,141.0
2351,6/9/1986,146.0
2352,6/10/1986,157.0
2353,6/11/1986,157.0
2354,6/12/1986,193.0
2355,6/13/1986,280.0
2356,6/14/1986,289.0
2357,6/15/1986,284.0
2358,6/16/1986,300.0
2359,6/17/1986,331.0
2360,6/18/1986,432.0
2361,6/19/1986,669.0
2362,6/20/1986,832.0
2363,6/21/1986,612.0
2364,6/22/1986,598.0
2365,6/23/1986,601.0
2366,6/24/1986,1240.0
2367,6/25/1986,1190.0
2368,6/26/1986,864.0
2369,6/27/1986,1340.0
2370,6/28/1986,1250.0
2371,6/29/1986,2020.0
2372,6/30/1986,2720.0
2373,7/1/1986,2730.0
2374,7/2/1986,1330.0
2375,7/3/1986,957.0
2376,7/4/1986,794.0
2377,7/5/1986,834.0
2378,7/6/1986,883.0
2379,7/7/1986,785.0
2380,7/8/1986,879.0
2381,7/9/1986,945.0
2382,7/10/1986,929.0
2383,7/11/1986,1100.0
2384,7/12/1986,768.0
2385,7/13/1986,729.0
2386,7/14/1986,1040.0
2387,7/15/1986,1020.0
2388,7/16/1986,968.0
2389,7/17/1986,1530.0
2390,7/18/1986,1660.0
2391,7/19/1986,1410.0
2392,7/20/1986,1190.0
2393,7/21/1986,2040.0
2394,7/22/1986,1460.0
2395,7/23/1986,1190.0
2396,7/24/1986,1090.0
2397,7/25/1986,1810.0
2398,7/26/1986,3230.0
2399,7/27/1986,2940.0
2400,7/28/1986,2220.0
2401,7/29/1986,1490.0
2402,7/30/1986,1230.0
2403,7/31/1986,1560.0
2404,8/1/1986,1800.0
2405,8/2/1986,1550.0
2406,8/3/1986,1570.0
2407,8/4/1986,1430.0
2408,8/5/1986,1110.0
2409,8/6/1986,1070.0
2410,8/7/1986,976.0
2411,8/8/1986,894.0
2412,8/9/1986,836.0
2413,8/10/1986,766.0
2414,8/11/1986,793.0
2415,8/12/1986,866.0
2416,8/13/1986,858.0
2417,8/14/1986,726.0
2418,8/15/1986,688.0
2419,8/16/1986,701.0
2420,8/17/1986,854.0
2421,8/18/1986,973.0
2422,8/19/1986,1020.0
2423,8/20/1986,1090.0
2424,8/21/1986,955.0
2425,8/22/1986,914.0
2426,8/23/1986,906.0
2427,8/24/1986,952.0
2428,8/25/1986,912.0
2429,8/26/1986,898.0
2430,8/27/1986,947.0
2431,8/28/1986,1010.0
2432,8/29/1986,980.0
2433,8/30/1986,856.0
2434,8/31/1986,769.0
2435,9/1/1986,764.0
2436,9/2/1986,934.0
2437,9/3/1986,976.0
2438,9/4/1986,933.0
2439,9/5/1986,1060.0
2440,9/6/1986,1590.0
2441,9/7/1986,1230.0
2442,9/8/1986,1160.0
2443,9/9/1986,1190.0
2444,9/10/1986,1290.0
2445,9/11/1986,1590.0
2446,9/12/1986,2560.0
2447,9/13/1986,3950.0
2448,9/14/1986,4530.0
2449,9/15/1986,4140.0
2450,9/16/1986,3100.0
2451,9/17/1986,1950.0
2452,9/18/1986,1590.0
2453,9/19/1986,1350.0
2454,9/20/1986,1180.0
2455,9/21/1986,1110.0
2456,9/22/1986,1100.0
2457,9/23/1986,1010.0
2458,9/24/1986,990.0
2459,9/25/1986,904.0
2460,9/26/1986,868.0
2461,9/27/1986,917.0
2462,9/28/1986,836.0
2463,9/29/1986,1020.0
2464,9/30/1986,917.0
2465,10/1/1986,968.0
2466,10/2/1986,878.0
2467,10/3/1986,799.0
2468,10/4/1986,735.0
2469,10/5/1986,688.0
2470,10/6/1986,670.0
2471,10/7/1986,647.0
2472,10/8/1986,611.0
2473,10/9/1986,591.0
2474,10/10/1986,571.0
2475,10/11/1986,568.0
2476,10/12/1986,563.0
2477,10/13/1986,575.0
2478,10/14/1986,559.0
2479,10/15/1986,544.0
2480,10/16/1986,498.0
2481,10/17/1986,487.0
2482,10/18/1986,456.0
2483,10/19/1986,445.0
2484,10/20/1986,421.0
2485,10/21/1986,410.0
2486,10/22/1986,399.0
2487,10/23/1986,389.0
2488,10/24/1986,378.0
2489,10/25/1986,370.0
2490,10/26/1986,361.0
2491,10/27/1986,354.0
2492,10/28/1986,349.0
2493,10/29/1986,346.0
2494,10/30/1986,338.0
2495,10/31/1986,332.0
2496,11/1/1986,326.0
2497,11/2/1986,322.0
2498,11/3/1986,320.0
2499,11/4/1986,318.0
2500,11/5/1986,312.0
2501,11/6/1986,302.0
2502,11/7/1986,298.0
2503,11/8/1986,294.0
2504,11/9/1986,292.0
2505,11/10/1986,289.0
2506,11/11/1986,288.0
2507,11/12/1986,281.0
2508,11/13/1986,277.0
2509,11/14/1986,272.0
2510,11/15/1986,267.0
2511,11/16/1986,267.0
2512,11/17/1986,265.0
2513,11/18/1986,257.0
2514,11/19/1986,253.0
2515,11/20/1986,250.0
2516,11/21/1986,250.0
2517,11/22/1986,248.0
2518,11/23/1986,244.0
2519,11/24/1986,241.0
2520,11/25/1986,234.0
2521,11/26/1986,232.0
2522,11/27/1986,226.0
2523,11/28/1986,224.0
2524,11/29/1986,221.0
2525,11/30/1986,217.0
2526,12/1/1986,220.0
2527,12/2/1986,214.0
2528,12/3/1986,212.0
2529,12/4/1986,210.0
2530,12/5/1986,208.0
2531,12/6/1986,205.0
2532,12/7/1986,205.0
2533,12/8/1986,203.0
2534,12/9/1986,204.0
2535,12/10/1986,200.0
2536,12/11/1986,196.0
2537,12/12/1986,190.0
2538,12/13/1986,189.0
2539,12/14/1986,183.0
2540,12/15/1986,202.0
2541,12/16/1986,199.0
2542,12/17/1986,190.0
2543,12/18/1986,191.0
2544,12/19/1986,240.0
2545,12/20/1986,212.0
2546,12/21/1986,196.0
2547,12/22/1986,187.0
2548,12/23/1986,184.0
2549,12/24/1986,182.0
2550,12/25/1986,179.0
2551,12/26/1986,176.0
2552,12/27/1986,174.0
2553,12/28/1986,172.0
2554,12/29/1986,171.0
2555,12/30/1986,168.0
2556,12/31/1986,166.0
2557,1/1/1987,166.0
2558,1/2/1987,162.0
2559,1/3/1987,162.0
2560,1/4/1987,160.0
2561,1/5/1987,158.0
2562,1/6/1987,156.0
2563,1/7/1987,154.0
2564,1/8/1987,153.0
2565,1/9/1987,149.0
2566,1/10/1987,147.0
2567,1/11/1987,147.0
2568,1/12/1987,145.0
2569,1/13/1987,147.0
2570,1/14/1987,145.0
2571,1/15/1987,143.0
2572,1/16/1987,141.0
2573,1/17/1987,140.0
2574,1/18/1987,140.0
2575,1/19/1987,138.0
2576,1/20/1987,136.0
2577,1/21/1987,136.0
2578,1/22/1987,134.0
2579,1/23/1987,133.0
2580,1/24/1987,131.0
2581,1/25/1987,129.0
2582,1/26/1987,129.0
2583,1/27/1987,129.0
2584,1/28/1987,129.0
2585,1/29/1987,126.0
2586,1/30/1987,128.0
2587,1/31/1987,126.0
2588,2/1/1987,120.0
2589,2/2/1987,123.0
2590,2/3/1987,126.0
2591,2/4/1987,124.0
2592,2/5/1987,124.0
2593,2/6/1987,124.0
2594,2/7/1987,123.0
2595,2/8/1987,122.0
2596,2/9/1987,122.0
2597,2/10/1987,122.0
2598,2/11/1987,123.0
2599,2/12/1987,120.0
2600,2/13/1987,120.0
2601,2/14/1987,120.0
2602,2/15/1987,120.0
2603,2/16/1987,120.0
2604,2/17/1987,120.0
2605,2/18/1987,122.0
2606,2/19/1987,122.0
2607,2/20/1987,119.0
2608,2/21/1987,117.0
2609,2/22/1987,114.0
2610,2/23/1987,113.0
2611,2/24/1987,113.0
2612,2/25/1987,111.0
2613,2/26/1987,110.0
2614,2/27/1987,110.0
2615,2/28/1987,110.0
2616,3/1/1987,116.0
2617,3/2/1987,111.0
2618,3/3/1987,113.0
2619,3/4/1987,111.0
2620,3/5/1987,117.0
2621,3/6/1987,117.0
2622,3/7/1987,113.0
2623,3/8/1987,114.0
2624,3/9/1987,116.0
2625,3/10/1987,114.0
2626,3/11/1987,114.0
2627,3/12/1987,116.0
2628,3/13/1987,114.0
2629,3/14/1987,114.0
2630,3/15/1987,113.0
2631,3/16/1987,113.0
2632,3/17/1987,113.0
2633,3/18/1987,113.0
2634,3/19/1987,111.0
2635,3/20/1987,108.0
2636,3/21/1987,107.0
2637,3/22/1987,108.0
2638,3/23/1987,105.0
2639,3/24/1987,107.0
2640,3/25/1987,111.0
2641,3/26/1987,116.0
2642,3/27/1987,113.0
2643,3/28/1987,105.0
2644,3/29/1987,107.0
2645,3/30/1987,111.0
2646,3/31/1987,128.0
2647,4/1/1987,126.0
2648,4/2/1987,123.0
2649,4/3/1987,119.0
2650,4/4/1987,116.0
2651,4/5/1987,113.0
2652,4/6/1987,111.0
2653,4/7/1987,111.0
2654,4/8/1987,119.0
2655,4/9/1987,122.0
2656,4/10/1987,131.0
2657,4/11/1987,129.0
2658,4/12/1987,114.0
2659,4/13/1987,107.0
2660,4/14/1987,102.0
2661,4/15/1987,101.0
2662,4/16/1987,99.3
2663,4/17/1987,101.0
2664,4/18/1987,104.0
2665,4/19/1987,105.0
2666,4/20/1987,110.0
2667,4/21/1987,108.0
2668,4/22/1987,117.0
2669,4/23/1987,191.0
2670,4/24/1987,162.0
2671,4/25/1987,141.0
2672,4/26/1987,170.0
2673,4/27/1987,140.0
2674,4/28/1987,131.0
2675,4/29/1987,122.0
2676,4/30/1987,122.0
2677,5/1/1987,126.0
2678,5/2/1987,140.0
2679,5/3/1987,158.0
2680,5/4/1987,185.0
2681,5/5/1987,175.0
2682,5/6/1987,151.0
2683,5/7/1987,147.0
2684,5/8/1987,149.0
2685,5/9/1987,151.0
2686,5/10/1987,147.0
2687,5/11/1987,141.0
2688,5/12/1987,129.0
2689,5/13/1987,124.0
2690,5/14/1987,124.0
2691,5/15/1987,123.0
2692,5/16/1987,120.0
2693,5/17/1987,123.0
2694,5/18/1987,123.0
2695,5/19/1987,126.0
2696,5/20/1987,123.0
2697,5/21/1987,129.0
2698,5/22/1987,131.0
2699,5/23/1987,181.0
2700,5/24/1987,185.0
2701,5/25/1987,168.0
2702,5/26/1987,158.0
2703,5/27/1987,158.0
2704,5/28/1987,158.0
2705,5/29/1987,151.0
2706,5/30/1987,168.0
2707,5/31/1987,175.0
2708,6/1/1987,206.0
2709,6/2/1987,211.0
2710,6/3/1987,262.0
2711,6/4/1987,255.0
2712,6/5/1987,240.0
2713,6/6/1987,245.0
2714,6/7/1987,270.0
2715,6/8/1987,367.0
2716,6/9/1987,275.0
2717,6/10/1987,532.0
2718,6/11/1987,358.0
2719,6/12/1987,290.0
2720,6/13/1987,272.0
2721,6/14/1987,270.0
2722,6/15/1987,275.0
2723,6/16/1987,288.0
2724,6/17/1987,224.0
2725,6/18/1987,312.0
2726,6/19/1987,285.0
2727,6/20/1987,249.0
2728,6/21/1987,233.0
2729,6/22/1987,245.0
2730,6/23/1987,260.0
2731,6/24/1987,389.0
2732,6/25/1987,374.0
2733,6/26/1987,320.0
2734,6/27/1987,312.0
2735,6/28/1987,326.0
2736,6/29/1987,408.0
2737,6/30/1987,466.0
2738,7/1/1987,421.0
2739,7/2/1987,540.0
2740,7/3/1987,547.0
2741,7/4/1987,1000.0
2742,7/5/1987,761.0
2743,7/6/1987,724.0
2744,7/7/1987,838.0
2745,7/8/1987,1540.0
2746,7/9/1987,2460.0
2747,7/10/1987,1450.0
2748,7/11/1987,2150.0
2749,7/12/1987,1870.0
2750,7/13/1987,1530.0
2751,7/14/1987,1120.0
2752,7/15/1987,973.0
2753,7/16/1987,843.0
2754,7/17/1987,990.0
2755,7/18/1987,973.0
2756,7/19/1987,973.0
2757,7/20/1987,899.0
2758,7/21/1987,799.0
2759,7/22/1987,941.0
2760,7/23/1987,2090.0
2761,7/24/1987,3490.0
2762,7/25/1987,3680.0
2763,7/26/1987,3580.0
2764,7/27/1987,2500.0
2765,7/28/1987,2540.0
2766,7/29/1987,2290.0
2767,7/30/1987,2050.0
2768,7/31/1987,2100.0
2769,8/1/1987,2420.0
2770,8/2/1987,2540.0
2771,8/3/1987,2470.0
2772,8/4/1987,1940.0
2773,8/5/1987,1670.0
2774,8/6/1987,1500.0
2775,8/7/1987,1370.0
2776,8/8/1987,1240.0
2777,8/9/1987,1250.0
2778,8/10/1987,1310.0
2779,8/11/1987,1470.0
2780,8/12/1987,1940.0
2781,8/13/1987,3760.0
2782,8/14/1987,2000.0
2783,8/15/1987,1590.0
2784,8/16/1987,1290.0
2785,8/17/1987,1060.0
2786,8/18/1987,991.0
2787,8/19/1987,1120.0
2788,8/20/1987,982.0
2789,8/21/1987,897.0
2790,8/22/1987,1180.0
2791,8/23/1987,1130.0
2792,8/24/1987,1090.0
2793,8/25/1987,1080.0
2794,8/26/1987,1240.0
2795,8/27/1987,1260.0
2796,8/28/1987,1400.0
2797,8/29/1987,1360.0
2798,8/30/1987,1170.0
2799,8/31/1987,1010.0
2800,9/1/1987,927.0
2801,9/2/1987,1050.0
2802,9/3/1987,1350.0
2803,9/4/1987,1220.0
2804,9/5/1987,977.0
2805,9/6/1987,870.0
2806,9/7/1987,818.0
2807,9/8/1987,883.0
2808,9/9/1987,831.0
2809,9/10/1987,753.0
2810,9/11/1987,840.0
2811,9/12/1987,789.0
2812,9/13/1987,721.0
2813,9/14/1987,663.0
2814,9/15/1987,670.0
2815,9/16/1987,600.0
2816,9/17/1987,554.0
2817,9/18/1987,527.0
2818,9/19/1987,513.0
2819,9/20/1987,520.0
2820,9/21/1987,618.0
2821,9/22/1987,493.0
2822,9/23/1987,480.0
2823,9/24/1987,513.0
2824,9/25/1987,468.0
2825,9/26/1987,446.0
2826,9/27/1987,437.0
2827,9/28/1987,401.0
2828,9/29/1987,401.0
2829,9/30/1987,398.0
2830,10/1/1987,383.0
2831,10/2/1987,363.0
2832,10/3/1987,355.0
2833,10/4/1987,344.0
2834,10/5/1987,333.0
2835,10/6/1987,325.0
2836,10/7/1987,317.0
2837,10/8/1987,310.0
2838,10/9/1987,299.0
2839,10/10/1987,302.0
2840,10/11/1987,289.0
2841,10/12/1987,281.0
2842,10/13/1987,279.0
2843,10/14/1987,279.0
2844,10/15/1987,274.0
2845,10/16/1987,269.0
2846,10/17/1987,264.0
2847,10/18/1987,257.0
2848,10/19/1987,255.0
2849,10/20/1987,618.0
2850,10/21/1987,346.0
2851,10/22/1987,299.0
2852,10/23/1987,281.0
2853,10/24/1987,269.0
2854,10/25/1987,267.0
2855,10/26/1987,257.0
2856,10/27/1987,255.0
2857,10/28/1987,245.0
2858,10/29/1987,243.0
2859,10/30/1987,245.0
2860,10/31/1987,239.0
2861,11/1/1987,234.0
2862,11/2/1987,227.0
2863,11/3/1987,227.0
2864,11/4/1987,223.0
2865,11/5/1987,223.0
2866,11/6/1987,221.0
2867,11/7/1987,221.0
2868,11/8/1987,219.0
2869,11/9/1987,216.0
2870,11/10/1987,212.0
2871,11/11/1987,212.0
2872,11/12/1987,210.0
2873,11/13/1987,210.0
2874,11/14/1987,204.0
2875,11/15/1987,200.0
2876,11/16/1987,198.0
2877,11/17/1987,196.0
2878,11/18/1987,194.0
2879,11/19/1987,192.0
2880,11/20/1987,186.0
2881,11/21/1987,184.0
2882,11/22/1987,182.0
2883,11/23/1987,182.0
2884,11/24/1987,180.0
2885,11/25/1987,178.0
2886,11/26/1987,176.0
2887,11/27/1987,176.0
2888,11/28/1987,174.0
2889,11/29/1987,172.0
2890,11/30/1987,172.0
2891,12/1/1987,170.0
2892,12/2/1987,168.0
2893,12/3/1987,166.0
2894,12/4/1987,166.0
2895,12/5/1987,161.0
2896,12/6/1987,164.0
2897,12/7/1987,159.0
2898,12/8/1987,159.0
2899,12/9/1987,157.0
2900,12/10/1987,157.0
2901,12/11/1987,155.0
2902,12/12/1987,161.0
2903,12/13/1987,176.0
2904,12/14/1987,164.0
2905,12/15/1987,157.0
2906,12/16/1987,163.0
2907,12/17/1987,163.0
2908,12/18/1987,151.0
2909,12/19/1987,146.0
2910,12/20/1987,144.0
2911,12/21/1987,143.0
2912,12/22/1987,139.0
2913,12/23/1987,138.0
2914,12/24/1987,136.0
2915,12/25/1987,136.0
2916,12/26/1987,134.0
2917,12/27/1987,131.0
2918,12/28/1987,129.0
2919,12/29/1987,128.0
2920,12/30/1987,126.0
2921,12/31/1987,126.0
2922,1/1/1988,126.0
2923,1/2/1988,126.0
2924,1/3/1988,128.0
2925,1/4/1988,128.0
2926,1/5/1988,122.0
2927,1/6/1988,121.0
2928,1/7/1988,119.0
2929,1/8/1988,118.0
2930,1/9/1988,118.0
2931,1/10/1988,116.0
2932,1/11/1988,116.0
2933,1/12/1988,116.0
2934,1/13/1988,116.0
2935,1/14/1988,116.0
2936,1/15/1988,116.0
2937,1/16/1988,115.0
2938,1/17/1988,113.0
2939,1/18/1988,110.0
2940,1/19/1988,109.0
2941,1/20/1988,109.0
2942,1/21/1988,109.0
2943,1/22/1988,107.0
2944,1/23/1988,107.0
2945,1/24/1988,104.0
2946,1/25/1988,103.0
2947,1/26/1988,101.0
2948,1/27/1988,99.6
2949,1/28/1988,98.1
2950,1/29/1988,98.1
2951,1/30/1988,96.6
2952,1/31/1988,96.6
2953,2/1/1988,96.6
2954,2/2/1988,96.6
2955,2/3/1988,98.1
2956,2/4/1988,96.6
2957,2/5/1988,95.1
2958,2/6/1988,98.1
2959,2/7/1988,99.6
2960,2/8/1988,101.0
2961,2/9/1988,99.6
2962,2/10/1988,98.1
2963,2/11/1988,98.1
2964,2/12/1988,96.6
2965,2/13/1988,96.6
2966,2/14/1988,93.6
2967,2/15/1988,95.1
2968,2/16/1988,93.6
2969,2/17/1988,93.6
2970,2/18/1988,92.2
2971,2/19/1988,92.2
2972,2/20/1988,89.2
2973,2/21/1988,89.2
2974,2/22/1988,90.7
2975,2/23/1988,93.6
2976,2/24/1988,93.6
2977,2/25/1988,96.6
2978,2/26/1988,95.1
2979,2/27/1988,90.7
2980,2/28/1988,89.2
2981,2/29/1988,90.7
2982,3/1/1988,103.0
2983,3/2/1988,93.6
2984,3/3/1988,90.7
2985,3/4/1988,87.9
2986,3/5/1988,86.5
2987,3/6/1988,86.5
2988,3/7/1988,89.2
2989,3/8/1988,87.9
2990,3/9/1988,89.2
2991,3/10/1988,93.6
2992,3/11/1988,98.1
2993,3/12/1988,93.6
2994,3/13/1988,96.6
2995,3/14/1988,99.6
2996,3/15/1988,92.2
2997,3/16/1988,87.9
2998,3/17/1988,85.2
2999,3/18/1988,85.2
3000,3/19/1988,83.9
3001,3/20/1988,90.7
3002,3/21/1988,101.0
3003,3/22/1988,89.2
3004,3/23/1988,86.5
3005,3/24/1988,85.2
3006,3/25/1988,85.2
3007,3/26/1988,82.6
3008,3/27/1988,89.2
3009,3/28/1988,86.5
3010,3/29/1988,83.9
3011,3/30/1988,81.2
3012,3/31/1988,85.2
3013,4/1/1988,86.5
3014,4/2/1988,82.6
3015,4/3/1988,79.9
3016,4/4/1988,78.6
3017,4/5/1988,86.5
3018,4/6/1988,90.7
3019,4/7/1988,87.9
3020,4/8/1988,95.1
3021,4/9/1988,104.0
3022,4/10/1988,110.0
3023,4/11/1988,101.0
3024,4/12/1988,96.6
3025,4/13/1988,110.0
3026,4/14/1988,109.0
3027,4/15/1988,110.0
3028,4/16/1988,104.0
3029,4/17/1988,115.0
3030,4/18/1988,113.0
3031,4/19/1988,112.0
3032,4/20/1988,116.0
3033,4/21/1988,115.0
3034,4/22/1988,112.0
3035,4/23/1988,113.0
3036,4/24/1988,112.0
3037,4/25/1988,115.0
3038,4/26/1988,103.0
3039,4/27/1988,129.0
3040,4/28/1988,115.0
3041,4/29/1988,129.0
3042,4/30/1988,115.0
3043,5/1/1988,115.0
3044,5/2/1988,141.0
3045,5/3/1988,139.0
3046,5/4/1988,118.0
3047,5/5/1988,116.0
3048,5/6/1988,112.0
3049,5/7/1988,113.0
3050,5/8/1988,103.0
3051,5/9/1988,109.0
3052,5/10/1988,116.0
3053,5/11/1988,116.0
3054,5/12/1988,134.0
3055,5/13/1988,121.0
3056,5/14/1988,134.0
3057,5/15/1988,129.0
3058,5/16/1988,133.0
3059,5/17/1988,124.0
3060,5/18/1988,146.0
3061,5/19/1988,155.0
3062,5/20/1988,168.0
3063,5/21/1988,141.0
3064,5/22/1988,148.0
3065,5/23/1988,138.0
3066,5/24/1988,138.0
3067,5/25/1988,136.0
3068,5/26/1988,153.0
3069,5/27/1988,150.0
3070,5/28/1988,153.0
3071,5/29/1988,188.0
3072,5/30/1988,178.0
3073,5/31/1988,174.0
3074,6/1/1988,168.0
3075,6/2/1988,164.0
3076,6/3/1988,146.0
3077,6/4/1988,136.0
3078,6/5/1988,131.0
3079,6/6/1988,136.0
3080,6/7/1988,141.0
3081,6/8/1988,150.0
3082,6/9/1988,138.0
3083,6/10/1988,146.0
3084,6/11/1988,176.0
3085,6/12/1988,170.0
3086,6/13/1988,192.0
3087,6/14/1988,190.0
3088,6/15/1988,186.0
3089,6/16/1988,192.0
3090,6/17/1988,221.0
3091,6/18/1988,239.0
3092,6/19/1988,259.0
3093,6/20/1988,248.0
3094,6/21/1988,267.0
3095,6/22/1988,276.0
3096,6/23/1988,286.0
3097,6/24/1988,281.0
3098,6/25/1988,377.0
3099,6/26/1988,360.0
3100,6/27/1988,346.0
3101,6/28/1988,412.0
3102,6/29/1988,395.0
3103,6/30/1988,374.0
3104,7/1/1988,338.0
3105,7/2/1988,932.0
3106,7/3/1988,777.0
3107,7/4/1988,629.0
3108,7/5/1988,1220.0
3109,7/6/1988,2210.0
3110,7/7/1988,1290.0
3111,7/8/1988,1210.0
3112,7/9/1988,1110.0
3113,7/10/1988,927.0
3114,7/11/1988,914.0
3115,7/12/1988,875.0
3116,7/13/1988,1620.0
3117,7/14/1988,1540.0
3118,7/15/1988,1180.0
3119,7/16/1988,991.0
3120,7/17/1988,982.0
3121,7/18/1988,986.0
3122,7/19/1988,991.0
3123,7/20/1988,831.0
3124,7/21/1988,831.0
3125,7/22/1988,1230.0
3126,7/23/1988,1010.0
3127,7/24/1988,1180.0
3128,7/25/1988,1580.0
3129,7/26/1988,2070.0
3130,7/27/1988,1940.0
3131,7/28/1988,1670.0
3132,7/29/1988,1410.0
3133,7/30/1988,1220.0
3134,7/31/1988,1440.0
3135,8/1/1988,1600.0
3136,8/2/1988,2130.0
3137,8/3/1988,1630.0
3138,8/4/1988,1210.0
3139,8/5/1988,1160.0
3140,8/6/1988,977.0
3141,8/7/1988,1200.0
3142,8/8/1988,1390.0
3143,8/9/1988,1230.0
3144,8/10/1988,1310.0
3145,8/11/1988,1380.0
3146,8/12/1988,1690.0
3147,8/13/1988,1740.0
3148,8/14/1988,1570.0
3149,8/15/1988,1410.0
3150,8/16/1988,1900.0
3151,8/17/1988,1950.0
3152,8/18/1988,1660.0
3153,8/19/1988,1730.0
3154,8/20/1988,1610.0
3155,8/21/1988,1600.0
3156,8/22/1988,1530.0
3157,8/23/1988,2210.0
3158,8/24/1988,3590.0
3159,8/25/1988,2570.0
3160,8/26/1988,3290.0
3161,8/27/1988,2740.0
3162,8/28/1988,2800.0
3163,8/29/1988,2760.0
3164,8/30/1988,2630.0
3165,8/31/1988,2200.0
3166,9/1/1988,1900.0
3167,9/2/1988,1760.0
3168,9/3/1988,1540.0
3169,9/4/1988,1570.0
3170,9/5/1988,1380.0
3171,9/6/1988,1180.0
3172,9/7/1988,1910.0
3173,9/8/1988,2560.0
3174,9/9/1988,3230.0
3175,9/10/1988,2230.0
3176,9/11/1988,1960.0
3177,9/12/1988,1340.0
3178,9/13/1988,1220.0
3179,9/14/1988,1150.0
3180,9/15/1988,1050.0
3181,9/16/1988,1140.0
3182,9/17/1988,1020.0
3183,9/18/1988,950.0
3184,9/19/1988,1130.0
3185,9/20/1988,956.0
3186,9/21/1988,872.0
3187,9/22/1988,1750.0
3188,9/23/1988,849.0
3189,9/24/1988,825.0
3190,9/25/1988,779.0
3191,9/26/1988,732.0
3192,9/27/1988,719.0
3193,9/28/1988,702.0
3194,9/29/1988,661.0
3195,9/30/1988,637.0
3196,10/1/1988,609.0
3197,10/2/1988,590.0
3198,10/3/1988,572.0
3199,10/4/1988,568.0
3200,10/5/1988,557.0
3201,10/6/1988,550.0
3202,10/7/1988,536.0
3203,10/8/1988,518.0
3204,10/9/1988,508.0
3205,10/10/1988,498.0
3206,10/11/1988,484.0
3207,10/12/1988,474.0
3208,10/13/1988,461.0
3209,10/14/1988,458.0
3210,10/15/1988,452.0
3211,10/16/1988,445.0
3212,10/17/1988,436.0
3213,10/18/1988,430.0
3214,10/19/1988,426.0
3215,10/20/1988,420.0
3216,10/21/1988,417.0
3217,10/22/1988,411.0
3218,10/23/1988,405.0
3219,10/24/1988,402.0
3220,10/25/1988,399.0
3221,10/26/1988,390.0
3222,10/27/1988,384.0
3223,10/28/1988,378.0
3224,10/29/1988,373.0
3225,10/30/1988,367.0
3226,10/31/1988,364.0
3227,11/1/1988,361.0
3228,11/2/1988,359.0
3229,11/3/1988,353.0
3230,11/4/1988,350.0
3231,11/5/1988,348.0
3232,11/6/1988,348.0
3233,11/7/1988,342.0
3234,11/8/1988,337.0
3235,11/9/1988,334.0
3236,11/10/1988,329.0
3237,11/11/1988,329.0
3238,11/12/1988,321.0
3239,11/13/1988,318.0
3240,11/14/1988,316.0
3241,11/15/1988,313.0
3242,11/16/1988,310.0
3243,11/17/1988,310.0
3244,11/18/1988,308.0
3245,11/19/1988,305.0
3246,11/20/1988,300.0
3247,11/21/1988,295.0
3248,11/22/1988,293.0
3249,11/23/1988,288.0
3250,11/24/1988,286.0
3251,11/25/1988,281.0
3252,11/26/1988,278.0
3253,11/27/1988,276.0
3254,11/28/1988,274.0
3255,11/29/1988,274.0
3256,11/30/1988,274.0
3257,12/1/1988,274.0
3258,12/2/1988,271.0
3259,12/3/1988,269.0
3260,12/4/1988,271.0
3261,12/5/1988,271.0
3262,12/6/1988,274.0
3263,12/7/1988,274.0
3264,12/8/1988,269.0
3265,12/9/1988,269.0
3266,12/10/1988,267.0
3267,12/11/1988,264.0
3268,12/12/1988,262.0
3269,12/13/1988,260.0
3270,12/14/1988,255.0
3271,12/15/1988,251.0
3272,12/16/1988,251.0
3273,12/17/1988,246.0
3274,12/18/1988,242.0
3275,12/19/1988,238.0
3276,12/20/1988,238.0
3277,12/21/1988,235.0
3278,12/22/1988,233.0
3279,12/23/1988,231.0
3280,12/24/1988,231.0
3281,12/25/1988,229.0
3282,12/26/1988,258.0
3283,12/27/1988,345.0
3284,12/28/1988,281.0
3285,12/29/1988,264.0
3286,12/30/1988,255.0
3287,12/31/1988,249.0
3288,1/1/1989,246.0
3289,1/2/1989,244.0
3290,1/3/1989,240.0
3291,1/4/1989,240.0
3292,1/5/1989,240.0
3293,1/6/1989,238.0
3294,1/7/1989,233.0
3295,1/8/1989,264.0
3296,1/9/1989,227.0
3297,1/10/1989,134.0
3298,1/11/1989,109.0
3299,1/12/1989,97.4
3300,1/13/1989,92.5
3301,1/14/1989,88.9
3302,1/15/1989,86.5
3303,1/16/1989,84.1
3304,1/17/1989,84.1
3305,1/18/1989,82.9
3306,1/19/1989,80.8
3307,1/20/1989,78.6
3308,1/21/1989,78.6
3309,1/22/1989,77.5
3310,1/23/1989,77.5
3311,1/24/1989,76.4
3312,1/25/1989,76.4
3313,1/26/1989,75.3
3314,1/27/1989,75.3
3315,1/28/1989,75.3
3316,1/29/1989,74.2
3317,1/30/1989,73.1
3318,1/31/1989,72.0
3319,2/1/1989,72.0
3320,2/2/1989,72.0
3321,2/3/1989,70.0
3322,2/4/1989,69.0
3323,2/5/1989,67.9
3324,2/6/1989,67.9
3325,2/7/1989,66.9
3326,2/8/1989,62.8
3327,2/9/1989,61.8
3328,2/10/1989,60.9
3329,2/11/1989,60.9
3330,2/12/1989,60.0
3331,2/13/1989,58.1
3332,2/14/1989,57.2
3333,2/15/1989,57.2
3334,2/16/1989,56.3
3335,2/17/1989,55.4
3336,2/18/1989,55.4
3337,2/19/1989,56.3
3338,2/20/1989,62.8
3339,2/21/1989,62.8
3340,2/22/1989,60.0
3341,2/23/1989,59.1
3342,2/24/1989,58.1
3343,2/25/1989,57.2
3344,2/26/1989,58.1
3345,2/27/1989,57.2
3346,2/28/1989,58.1
3347,3/1/1989,58.1
3348,3/2/1989,58.1
3349,3/3/1989,56.3
3350,3/4/1989,54.4
3351,3/5/1989,55.4
3352,3/6/1989,56.3
3353,3/7/1989,54.4
3354,3/8/1989,55.4
3355,3/9/1989,55.4
3356,3/10/1989,54.4
3357,3/11/1989,53.5
3358,3/12/1989,56.3
3359,3/13/1989,59.1
3360,3/14/1989,64.9
3361,3/15/1989,61.8
3362,3/16/1989,59.1
3363,3/17/1989,56.3
3364,3/18/1989,55.4
3365,3/19/1989,54.4
3366,3/20/1989,53.5
3367,3/21/1989,56.3
3368,3/22/1989,56.3
3369,3/23/1989,60.9
3370,3/24/1989,60.9
3371,3/25/1989,60.0
3372,3/26/1989,57.2
3373,3/27/1989,56.3
3374,3/28/1989,55.4
3375,3/29/1989,55.4
3376,3/30/1989,63.8
3377,3/31/1989,60.0
3378,4/1/1989,55.4
3379,4/2/1989,55.4
3380,4/3/1989,55.4
3381,4/4/1989,55.4
3382,4/5/1989,53.5
3383,4/6/1989,54.4
3384,4/7/1989,55.4
3385,4/8/1989,60.0
3386,4/9/1989,61.8
3387,4/10/1989,67.9
3388,4/11/1989,65.9
3389,4/12/1989,59.1
3390,4/13/1989,55.4
3391,4/14/1989,53.5
3392,4/15/1989,54.4
3393,4/16/1989,57.2
3394,4/17/1989,56.3
3395,4/18/1989,55.4
3396,4/19/1989,52.6
3397,4/20/1989,51.0
3398,4/21/1989,52.6
3399,4/22/1989,52.6
3400,4/23/1989,51.8
3401,4/24/1989,56.3
3402,4/25/1989,57.2
3403,4/26/1989,55.4
3404,4/27/1989,54.4
3405,4/28/1989,53.5
3406,4/29/1989,51.8
3407,4/30/1989,49.3
3408,5/1/1989,48.5
3409,5/2/1989,50.1
3410,5/3/1989,51.8
3411,5/4/1989,58.1
3412,5/5/1989,65.9
3413,5/6/1989,62.8
3414,5/7/1989,61.8
3415,5/8/1989,62.8
3416,5/9/1989,69.0
3417,5/10/1989,69.0
3418,5/11/1989,70.0
3419,5/12/1989,84.1
3420,5/13/1989,100.0
3421,5/14/1989,86.5
3422,5/15/1989,87.7
3423,5/16/1989,75.3
3424,5/17/1989,86.5
3425,5/18/1989,97.4
3426,5/19/1989,104.0
3427,5/20/1989,148.0
3428,5/21/1989,130.0
3429,5/22/1989,115.0
3430,5/23/1989,120.0
3431,5/24/1989,112.0
3432,5/25/1989,108.0
3433,5/26/1989,106.0
3434,5/27/1989,164.0
3435,5/28/1989,244.0
3436,5/29/1989,196.0
3437,5/30/1989,169.0
3438,5/31/1989,136.0
3439,6/1/1989,128.0
3440,6/2/1989,116.0
3441,6/3/1989,112.0
3442,6/4/1989,155.0
3443,6/5/1989,146.0
3444,6/6/1989,134.0
3445,6/7/1989,129.0
3446,6/8/1989,117.0
3447,6/9/1989,112.0
3448,6/10/1989,110.0
3449,6/11/1989,143.0
3450,6/12/1989,138.0
3451,6/13/1989,188.0
3452,6/14/1989,167.0
3453,6/15/1989,188.0
3454,6/16/1989,157.0
3455,6/17/1989,148.0
3456,6/18/1989,148.0
3457,6/19/1989,196.0
3458,6/20/1989,204.0
3459,6/21/1989,196.0
3460,6/22/1989,194.0
3461,6/23/1989,192.0
3462,6/24/1989,192.0
3463,6/25/1989,206.0
3464,6/26/1989,216.0
3465,6/27/1989,255.0
3466,6/28/1989,356.0
3467,6/29/1989,411.0
3468,6/30/1989,494.0
3469,7/1/1989,649.0
3470,7/2/1989,468.0
3471,7/3/1989,550.0
3472,7/4/1989,598.0
3473,7/5/1989,821.0
3474,7/6/1989,732.0
3475,7/7/1989,758.0
3476,7/8/1989,744.0
3477,7/9/1989,617.0
3478,7/10/1989,488.0
3479,7/11/1989,645.0
3480,7/12/1989,702.0
3481,7/13/1989,653.0
3482,7/14/1989,1060.0
3483,7/15/1989,4120.0
3484,7/16/1989,6270.0
3485,7/17/1989,3550.0
3486,7/18/1989,2770.0
3487,7/19/1989,2240.0
3488,7/20/1989,2140.0
3489,7/21/1989,1320.0
3490,7/22/1989,1240.0
3491,7/23/1989,1110.0
3492,7/24/1989,1010.0
3493,7/25/1989,948.0
3494,7/26/1989,871.0
3495,7/27/1989,834.0
3496,7/28/1989,1200.0
3497,7/29/1989,1850.0
3498,7/30/1989,4520.0
3499,7/31/1989,3860.0
3500,8/1/1989,4160.0
3501,8/2/1989,4400.0
3502,8/3/1989,3280.0
3503,8/4/1989,2650.0
3504,8/5/1989,1550.0
3505,8/6/1989,1480.0
3506,8/7/1989,1500.0
3507,8/8/1989,2170.0
3508,8/9/1989,2510.0
3509,8/10/1989,2580.0
3510,8/11/1989,2630.0
3511,8/12/1989,2670.0
3512,8/13/1989,2770.0
3513,8/14/1989,2630.0
3514,8/15/1989,2480.0
3515,8/16/1989,2390.0
3516,8/17/1989,2110.0
3517,8/18/1989,2140.0
3518,8/19/1989,1970.0
3519,8/20/1989,1960.0
3520,8/21/1989,2120.0
3521,8/22/1989,3080.0
3522,8/23/1989,3290.0
3523,8/24/1989,2180.0
3524,8/25/1989,1860.0
3525,8/26/1989,1800.0
3526,8/27/1989,1710.0
3527,8/28/1989,1560.0
3528,8/29/1989,1310.0
3529,8/30/1989,1250.0
3530,8/31/1989,1240.0
3531,9/1/1989,1100.0
3532,9/2/1989,1300.0
3533,9/3/1989,1060.0
3534,9/4/1989,983.0
3535,9/5/1989,1050.0
3536,9/6/1989,751.0
3537,9/7/1989,1020.0
3538,9/8/1989,966.0
3539,9/9/1989,1010.0
3540,9/10/1989,1020.0
3541,9/11/1989,1030.0
3542,9/12/1989,1030.0
3543,9/13/1989,1060.0
3544,9/14/1989,1080.0
3545,9/15/1989,1080.0
3546,9/16/1989,937.0
3547,9/17/1989,829.0
3548,9/18/1989,898.0
3549,9/19/1989,977.0
3550,9/20/1989,866.0
3551,9/21/1989,1230.0
3552,9/22/1989,1050.0
3553,9/23/1989,1070.0
3554,9/24/1989,1070.0
3555,9/25/1989,1190.0
3556,9/26/1989,1090.0
3557,9/27/1989,948.0
3558,9/28/1989,818.0
3559,9/29/1989,813.0
3560,9/30/1989,855.0
3561,10/1/1989,803.0
3562,10/2/1989,707.0
3563,10/3/1989,655.0
3564,10/4/1989,618.0
3565,10/5/1989,600.0
3566,10/6/1989,557.0
3567,10/7/1989,527.0
3568,10/8/1989,511.0
3569,10/9/1989,487.0
3570,10/10/1989,483.0
3571,10/11/1989,475.0
3572,10/12/1989,464.0
3573,10/13/1989,452.0
3574,10/14/1989,429.0
3575,10/15/1989,414.0
3576,10/16/1989,407.0
3577,10/17/1989,382.0
3578,10/18/1989,385.0
3579,10/19/1989,385.0
3580,10/20/1989,371.0
3581,10/21/1989,368.0
3582,10/22/1989,364.0
3583,10/23/1989,344.0
3584,10/24/1989,334.0
3585,10/25/1989,331.0
3586,10/26/1989,325.0
3587,10/27/1989,322.0
3588,10/28/1989,315.0
3589,10/29/1989,312.0
3590,10/30/1989,309.0
3591,10/31/1989,306.0
3592,11/1/1989,293.0
3593,11/2/1989,281.0
3594,11/3/1989,278.0
3595,11/4/1989,275.0
3596,11/5/1989,272.0
3597,11/6/1989,266.0
3598,11/7/1989,264.0
3599,11/8/1989,258.0
3600,11/9/1989,255.0
3601,11/10/1989,252.0
3602,11/11/1989,252.0
3603,11/12/1989,249.0
3604,11/13/1989,247.0
3605,11/14/1989,247.0
3606,11/15/1989,241.0
3607,11/16/1989,236.0
3608,11/17/1989,228.0
3609,11/18/1989,225.0
3610,11/19/1989,222.0
3611,11/20/1989,220.0
3612,11/21/1989,217.0
3613,11/22/1989,215.0
3614,11/23/1989,209.0
3615,11/24/1989,204.0
3616,11/25/1989,204.0
3617,11/26/1989,212.0
3618,11/27/1989,209.0
3619,11/28/1989,204.0
3620,11/29/1989,202.0
3621,11/30/1989,202.0
3622,12/1/1989,192.0
3623,12/2/1989,187.0
3624,12/3/1989,185.0
3625,12/4/1989,182.0
3626,12/5/1989,182.0
3627,12/6/1989,182.0
3628,12/7/1989,182.0
3629,12/8/1989,180.0
3630,12/9/1989,177.0
3631,12/10/1989,175.0
3632,12/11/1989,175.0
3633,12/12/1989,175.0
3634,12/13/1989,173.0
3635,12/14/1989,173.0
3636,12/15/1989,168.0
3637,12/16/1989,164.0
3638,12/17/1989,162.0
3639,12/18/1989,160.0
3640,12/19/1989,153.0
3641,12/20/1989,149.0
3642,12/21/1989,145.0
3643,12/22/1989,140.0
3644,12/23/1989,138.0
3645,12/24/1989,136.0
3646,12/25/1989,153.0
3647,12/26/1989,145.0
3648,12/27/1989,136.0
3649,12/28/1989,132.0
3650,12/29/1989,134.0
3651,12/30/1989,136.0
3652,12/31/1989,138.0
3653,1/1/1990,136.0
3654,1/2/1990,155.0
3655,1/3/1990,143.0
3656,1/4/1990,134.0
3657,1/5/1990,126.0
3658,1/6/1990,124.0
3659,1/7/1990,121.0
3660,1/8/1990,122.0
3661,1/9/1990,121.0
3662,1/10/1990,119.0
3663,1/11/1990,115.0
3664,1/12/1990,113.0
3665,1/13/1990,111.0
3666,1/14/1990,109.0
3667,1/15/1990,108.0
3668,1/16/1990,108.0
3669,1/17/1990,106.0
3670,1/18/1990,104.0
3671,1/19/1990,102.0
3672,1/20/1990,98.5
3673,1/21/1990,98.5
3674,1/22/1990,96.7
3675,1/23/1990,96.7
3676,1/24/1990,96.7
3677,1/25/1990,94.9
3678,1/26/1990,94.9
3679,1/27/1990,94.9
3680,1/28/1990,94.9
3681,1/29/1990,96.7
3682,1/30/1990,96.7
3683,1/31/1990,94.9
3684,2/1/1990,91.7
3685,2/2/1990,90.1
3686,2/3/1990,88.5
3687,2/4/1990,85.2
3688,2/5/1990,91.7
3689,2/6/1990,88.5
3690,2/7/1990,86.8
3691,2/8/1990,85.2
3692,2/9/1990,83.6
3693,2/10/1990,83.6
3694,2/11/1990,82.0
3695,2/12/1990,82.0
3696,2/13/1990,78.8
3697,2/14/1990,77.4
3698,2/15/1990,75.9
3699,2/16/1990,74.5
3700,2/17/1990,73.0
3701,2/18/1990,73.0
3702,2/19/1990,74.5
3703,2/20/1990,74.5
3704,2/21/1990,73.0
3705,2/22/1990,73.0
3706,2/23/1990,73.0
3707,2/24/1990,74.5
3708,2/25/1990,74.5
3709,2/26/1990,73.0
3710,2/27/1990,77.4
3711,2/28/1990,78.8
3712,3/1/1990,90.1
3713,3/2/1990,85.2
3714,3/3/1990,80.4
3715,3/4/1990,77.4
3716,3/5/1990,80.4
3717,3/6/1990,86.8
3718,3/7/1990,86.8
3719,3/8/1990,82.0
3720,3/9/1990,78.8
3721,3/10/1990,80.4
3722,3/11/1990,80.4
3723,3/12/1990,77.4
3724,3/13/1990,75.9
3725,3/14/1990,74.5
3726,3/15/1990,71.6
3727,3/16/1990,71.6
3728,3/17/1990,71.6
3729,3/18/1990,71.6
3730,3/19/1990,77.4
3731,3/20/1990,77.4
3732,3/21/1990,75.9
3733,3/22/1990,74.5
3734,3/23/1990,73.0
3735,3/24/1990,74.5
3736,3/25/1990,91.7
3737,3/26/1990,77.4
3738,3/27/1990,71.6
3739,3/28/1990,71.6
3740,3/29/1990,73.0
3741,3/30/1990,75.9
3742,3/31/1990,75.9
3743,4/1/1990,82.0
3744,4/2/1990,90.1
3745,4/3/1990,77.4
3746,4/4/1990,88.5
3747,4/5/1990,80.4
3748,4/6/1990,75.9
3749,4/7/1990,74.5
3750,4/8/1990,75.9
3751,4/9/1990,71.6
3752,4/10/1990,78.8
3753,4/11/1990,90.1
3754,4/12/1990,75.9
3755,4/13/1990,77.4
3756,4/14/1990,73.0
3757,4/15/1990,74.5
3758,4/16/1990,70.1
3759,4/17/1990,65.8
3760,4/18/1990,65.8
3761,4/19/1990,67.2
3762,4/20/1990,61.7
3763,4/21/1990,68.6
3764,4/22/1990,65.8
3765,4/23/1990,70.1
3766,4/24/1990,70.1
3767,4/25/1990,67.2
3768,4/26/1990,64.3
3769,4/27/1990,67.2
3770,4/28/1990,80.4
3771,4/29/1990,98.5
3772,4/30/1990,104.0
3773,5/1/1990,108.0
3774,5/2/1990,136.0
3775,5/3/1990,140.0
3776,5/4/1990,115.0
3777,5/5/1990,78.8
3778,5/6/1990,98.5
3779,5/7/1990,104.0
3780,5/8/1990,115.0
3781,5/9/1990,124.0
3782,5/10/1990,138.0
3783,5/11/1990,119.0
3784,5/12/1990,111.0
3785,5/13/1990,113.0
3786,5/14/1990,104.0
3787,5/15/1990,450.2296941442396
3788,5/16/1990,450.2296941442396
3789,5/17/1990,450.2296941442396
3790,5/18/1990,450.2296941442396
3791,5/19/1990,450.2296941442396
3792,5/20/1990,450.2296941442396
3793,5/21/1990,450.2296941442396
3794,5/22/1990,450.2296941442396
3795,5/23/1990,450.2296941442396
3796,5/24/1990,450.2296941442396
3797,5/25/1990,450.2296941442396
3798,5/26/1990,450.2296941442396
3799,5/27/1990,450.2296941442396
3800,5/28/1990,450.2296941442396
3801,5/29/1990,450.2296941442396
3802,5/30/1990,450.2296941442396
3803,5/31/1990,450.2296941442396
3804,6/1/1990,450.2296941442396
3805,6/2/1990,450.2296941442396
3806,6/3/1990,450.2296941442396
3807,6/4/1990,450.2296941442396
3808,6/5/1990,450.2296941442396
3809,6/6/1990,450.2296941442396
3810,6/7/1990,450.2296941442396
3811,6/8/1990,450.2296941442396
3812,6/9/1990,450.2296941442396
3813,6/10/1990,450.2296941442396
3814,6/11/1990,450.2296941442396
3815,6/12/1990,450.2296941442396
3816,6/13/1990,450.2296941442396
3817,6/14/1990,450.2296941442396
3818,6/15/1990,278.0
3819,6/16/1990,296.0
3820,6/17/1990,309.0
3821,6/18/1990,574.0
3822,6/19/1990,659.0
3823,6/20/1990,722.0
3824,6/21/1990,570.0
3825,6/22/1990,655.0
3826,6/23/1990,712.0
3827,6/24/1990,646.0
3828,6/25/1990,519.0
3829,6/26/1990,600.0
3830,6/27/1990,871.0
3831,6/28/1990,722.0
3832,6/29/1990,641.0
3833,6/30/1990,614.0
3834,7/1/1990,600.0
3835,7/2/1990,523.0
3836,7/3/1990,557.0
3837,7/4/1990,578.0
3838,7/5/1990,499.0
3839,7/6/1990,674.0
3840,7/7/1990,650.0
3841,7/8/1990,871.0
3842,7/9/1990,2330.0
3843,7/10/1990,2440.0
3844,7/11/1990,2220.0
3845,7/12/1990,1690.0
3846,7/13/1990,2040.0
3847,7/14/1990,2480.0
3848,7/15/1990,2620.0
3849,7/16/1990,1600.0
3850,7/17/1990,1490.0
3851,7/18/1990,1910.0
3852,7/19/1990,3640.0
3853,7/20/1990,3880.0
3854,7/21/1990,2180.0
3855,7/22/1990,1830.0
3856,7/23/1990,2010.0
3857,7/24/1990,1810.0
3858,7/25/1990,1540.0
3859,7/26/1990,1330.0
3860,7/27/1990,1390.0
3861,7/28/1990,2140.0
3862,7/29/1990,2000.0
3863,7/30/1990,1690.0
3864,7/31/1990,1400.0
3865,8/1/1990,1270.0
3866,8/2/1990,1210.0
3867,8/3/1990,1050.0
3868,8/4/1990,954.0
3869,8/5/1990,920.0
3870,8/6/1990,931.0
3871,8/7/1990,1010.0
3872,8/8/1990,1030.0
3873,8/9/1990,1080.0
3874,8/10/1990,1190.0
3875,8/11/1990,1390.0
3876,8/12/1990,2940.0
3877,8/13/1990,4650.0
3878,8/14/1990,3740.0
3879,8/15/1990,2430.0
3880,8/16/1990,2100.0
3881,8/17/1990,1750.0
3882,8/18/1990,1560.0
3883,8/19/1990,1490.0
3884,8/20/1990,1290.0
3885,8/21/1990,1140.0
3886,8/22/1990,1110.0
3887,8/23/1990,1030.0
3888,8/24/1990,966.0
3889,8/25/1990,954.0
3890,8/26/1990,966.0
3891,8/27/1990,1310.0
3892,8/28/1990,1300.0
3893,8/29/1990,989.0
3894,8/30/1990,954.0
3895,8/31/1990,888.0
3896,9/1/1990,840.0
3897,9/2/1990,777.0
3898,9/3/1990,751.0
3899,9/4/1990,683.0
3900,9/5/1990,829.0
3901,9/6/1990,898.0
3902,9/7/1990,1050.0
3903,9/8/1990,954.0
3904,9/9/1990,813.0
3905,9/10/1990,766.0
3906,9/11/1990,1450.0
3907,9/12/1990,1270.0
3908,9/13/1990,937.0
3909,9/14/1990,824.0
3910,9/15/1990,877.0
3911,9/16/1990,771.0
3912,9/17/1990,722.0
3913,9/18/1990,966.0
3914,9/19/1990,915.0
3915,9/20/1990,702.0
3916,9/21/1990,664.0
3917,9/22/1990,678.0
3918,9/23/1990,636.0
3919,9/24/1990,722.0
3920,9/25/1990,818.0
3921,9/26/1990,746.0
3922,9/27/1990,669.0
3923,9/28/1990,641.0
3924,9/29/1990,641.0
3925,9/30/1990,587.0
3926,10/1/1990,570.0
3927,10/2/1990,540.0
3928,10/3/1990,507.0
3929,10/4/1990,499.0
3930,10/5/1990,483.0
3931,10/6/1990,464.0
3932,10/7/1990,441.0
3933,10/8/1990,433.0
3934,10/9/1990,414.0
3935,10/10/1990,418.0
3936,10/11/1990,400.0
3937,10/12/1990,392.0
3938,10/13/1990,392.0
3939,10/14/1990,483.0
3940,10/15/1990,425.0
3941,10/16/1990,403.0
3942,10/17/1990,378.0
3943,10/18/1990,358.0
3944,10/19/1990,347.0
3945,10/20/1990,344.0
3946,10/21/1990,341.0
3947,10/22/1990,318.0
3948,10/23/1990,309.0
3949,10/24/1990,300.0
3950,10/25/1990,296.0
3951,10/26/1990,290.0
3952,10/27/1990,284.0
3953,10/28/1990,278.0
3954,10/29/1990,272.0
3955,10/30/1990,269.0
3956,10/31/1990,264.0
3957,11/1/1990,258.0
3958,11/2/1990,252.0
3959,11/3/1990,252.0
3960,11/4/1990,252.0
3961,11/5/1990,252.0
3962,11/6/1990,247.0
3963,11/7/1990,244.0
3964,11/8/1990,249.0
3965,11/9/1990,238.0
3966,11/10/1990,236.0
3967,11/11/1990,230.0
3968,11/12/1990,222.0
3969,11/13/1990,220.0
3970,11/14/1990,215.0
3971,11/15/1990,212.0
3972,11/16/1990,209.0
3973,11/17/1990,207.0
3974,11/18/1990,204.0
3975,11/19/1990,199.0
3976,11/20/1990,194.0
3977,11/21/1990,192.0
3978,11/22/1990,180.0
3979,11/23/1990,182.0
3980,11/24/1990,182.0
3981,11/25/1990,177.0
3982,11/26/1990,175.0
3983,11/27/1990,175.0
3984,11/28/1990,171.0
3985,11/29/1990,171.0
3986,11/30/1990,171.0
3987,12/1/1990,168.0
3988,12/2/1990,168.0
3989,12/3/1990,166.0
3990,12/4/1990,164.0
3991,12/5/1990,162.0
3992,12/6/1990,162.0
3993,12/7/1990,160.0
3994,12/8/1990,153.0
3995,12/9/1990,151.0
3996,12/10/1990,149.0
3997,12/11/1990,143.0
3998,12/12/1990,140.0
3999,12/13/1990,140.0
4000,12/14/1990,138.0
4001,12/15/1990,136.0
4002,12/16/1990,134.0
4003,12/17/1990,132.0
4004,12/18/1990,128.0
4005,12/19/1990,126.0
4006,12/20/1990,126.0
4007,12/21/1990,124.0
4008,12/22/1990,122.0
4009,12/23/1990,122.0
4010,12/24/1990,122.0
4011,12/25/1990,121.0
4012,12/26/1990,121.0
4013,12/27/1990,119.0
4014,12/28/1990,117.0
4015,12/29/1990,117.0
4016,12/30/1990,121.0
4017,12/31/1990,119.0
4018,1/1/1991,136.0
4019,1/2/1991,155.0
4020,1/3/1991,143.0
4021,1/4/1991,134.0
4022,1/5/1991,126.0
4023,1/6/1991,124.0
4024,1/7/1991,121.0
4025,1/8/1991,122.0
4026,1/9/1991,121.0
4027,1/10/1991,119.0
4028,1/11/1991,115.0
4029,1/12/1991,113.0
4030,1/13/1991,111.0
4031,1/14/1991,109.0
4032,1/15/1991,108.0
4033,1/16/1991,108.0
4034,1/17/1991,106.0
4035,1/18/1991,104.0
4036,1/19/1991,102.0
4037,1/20/1991,98.5
4038,1/21/1991,98.5
4039,1/22/1991,96.7
4040,1/23/1991,96.7
4041,1/24/1991,96.7
4042,1/25/1991,94.9
4043,1/26/1991,94.9
4044,1/27/1991,94.9
4045,1/28/1991,94.9
4046,1/29/1991,96.7
4047,1/30/1991,96.7
4048,1/31/1991,94.9
4049,2/1/1991,91.7
4050,2/2/1991,90.1
4051,2/3/1991,88.5
4052,2/4/1991,85.2
4053,2/5/1991,91.7
4054,2/6/1991,88.5
4055,2/7/1991,86.8
4056,2/8/1991,85.2
4057,2/9/1991,83.6
4058,2/10/1991,83.6
4059,2/11/1991,82.0
4060,2/12/1991,82.0
4061,2/13/1991,78.8
4062,2/14/1991,77.4
4063,2/15/1991,75.9
4064,2/16/1991,74.5
4065,2/17/1991,73.0
4066,2/18/1991,73.0
4067,2/19/1991,74.5
4068,2/20/1991,74.5
4069,2/21/1991,73.0
4070,2/22/1991,73.0
4071,2/23/1991,73.0
4072,2/24/1991,74.5
4073,2/25/1991,74.5
4074,2/26/1991,73.0
4075,2/27/1991,77.4
4076,2/28/1991,90.1
4077,3/1/1991,90.1
4078,3/2/1991,85.2
4079,3/3/1991,80.4
4080,3/4/1991,77.4
4081,3/5/1991,80.4
4082,3/6/1991,86.8
4083,3/7/1991,86.8
4084,3/8/1991,82.0
4085,3/9/1991,78.8
4086,3/10/1991,80.4
4087,3/11/1991,80.4
4088,3/12/1991,77.4
4089,3/13/1991,75.9
4090,3/14/1991,74.5
4091,3/15/1991,71.6
4092,3/16/1991,71.6
4093,3/17/1991,73.0
4094,3/18/1991,71.6
4095,3/19/1991,75.9
4096,3/20/1991,77.4
4097,3/21/1991,75.9
4098,3/22/1991,74.5
4099,3/23/1991,73.0
4100,3/24/1991,74.5
4101,3/25/1991,91.7
4102,3/26/1991,77.4
4103,3/27/1991,71.6
4104,3/28/1991,71.6
4105,3/29/1991,71.6
4106,3/30/1991,75.9
4107,3/31/1991,75.9
4108,4/1/1991,82.0
4109,4/2/1991,90.1
4110,4/3/1991,77.4
4111,4/4/1991,88.5
4112,4/5/1991,80.4
4113,4/6/1991,75.9
4114,4/7/1991,74.5
4115,4/8/1991,75.9
4116,4/9/1991,73.0
4117,4/10/1991,78.8
4118,4/11/1991,90.1
4119,4/12/1991,75.9
4120,4/13/1991,77.4
4121,4/14/1991,73.0
4122,4/15/1991,74.5
4123,4/16/1991,70.1
4124,4/17/1991,65.8
4125,4/18/1991,65.8
4126,4/19/1991,67.2
4127,4/20/1991,67.2
4128,4/21/1991,68.6
4129,4/22/1991,65.8
4130,4/23/1991,70.1
4131,4/24/1991,70.1
4132,4/25/1991,67.2
4133,4/26/1991,64.3
4134,4/27/1991,67.2
4135,4/28/1991,80.4
4136,4/29/1991,98.5
4137,4/30/1991,104.0
4138,5/1/1991,108.0
4139,5/2/1991,136.0
4140,5/3/1991,140.0
4141,5/4/1991,115.0
4142,5/5/1991,78.8
4143,5/6/1991,98.5
4144,5/7/1991,104.0
4145,5/8/1991,115.0
4146,5/9/1991,124.0
4147,5/10/1991,138.0
4148,5/11/1991,119.0
4149,5/12/1991,111.0
4150,5/13/1991,113.0
4151,5/14/1991,104.0
4152,5/15/1991,94.9
4153,5/16/1991,175.0
4154,5/17/1991,132.0
4155,5/18/1991,136.0
4156,5/19/1991,132.0
4157,5/20/1991,164.0
4158,5/21/1991,145.0
4159,5/22/1991,177.0
4160,5/23/1991,171.0
4161,5/24/1991,149.0
4162,5/25/1991,122.0
4163,5/26/1991,119.0
4164,5/27/1991,153.0
4165,5/28/1991,187.0
4166,5/29/1991,182.0
4167,5/30/1991,182.0
4168,5/31/1991,189.0
4169,6/1/1991,164.0
4170,6/2/1991,143.0
4171,6/3/1991,122.0
4172,6/4/1991,109.0
4173,6/5/1991,128.0
4174,6/6/1991,182.0
4175,6/7/1991,228.0
4176,6/8/1991,410.0
4177,6/9/1991,414.0
4178,6/10/1991,358.0
4179,6/11/1991,425.0
4180,6/12/1991,407.0
4181,6/13/1991,361.0
4182,6/14/1991,364.0
4183,6/15/1991,441.0
4184,6/16/1991,315.0
4185,6/17/1991,296.0
4186,6/18/1991,368.0
4187,6/19/1991,403.0
4188,6/20/1991,396.0
4189,6/21/1991,375.0
4190,6/22/1991,375.0
4191,6/23/1991,368.0
4192,6/24/1991,422.0
4193,6/25/1991,464.0
4194,6/26/1991,464.0
4195,6/27/1991,495.0
4196,6/28/1991,468.0
4197,6/29/1991,669.0
4198,6/30/1991,468.0
4199,7/1/1991,966.0
4200,7/2/1991,618.0
4201,7/3/1991,623.0
4202,7/4/1991,1720.0
4203,7/5/1991,1760.0
4204,7/6/1991,1600.0
4205,7/7/1991,1480.0
4206,7/8/1991,1660.0
4207,7/9/1991,2210.0
4208,7/10/1991,1470.0
4209,7/11/1991,1330.0
4210,7/12/1991,1100.0
4211,7/13/1991,861.0
4212,7/14/1991,777.0
4213,7/15/1991,920.0
4214,7/16/1991,989.0
4215,7/17/1991,792.0
4216,7/18/1991,792.0
4217,7/19/1991,722.0
4218,7/20/1991,782.0
4219,7/21/1991,877.0
4220,7/22/1991,834.0
4221,7/23/1991,818.0
4222,7/24/1991,717.0
4223,7/25/1991,674.0
4224,7/26/1991,693.0
4225,7/27/1991,674.0
4226,7/28/1991,712.0
4227,7/29/1991,1150.0
4228,7/30/1991,1160.0
4229,7/31/1991,977.0
4230,8/1/1991,751.0
4231,8/2/1991,850.0
4232,8/3/1991,1420.0
4233,8/4/1991,1870.0
4234,8/5/1991,1970.0
4235,8/6/1991,1890.0
4236,8/7/1991,1550.0
4237,8/8/1991,1440.0
4238,8/9/1991,1720.0
4239,8/10/1991,1710.0
4240,8/11/1991,1830.0
4241,8/12/1991,1610.0
4242,8/13/1991,1500.0
4243,8/14/1991,1320.0
4244,8/15/1991,1330.0
4245,8/16/1991,1460.0
4246,8/17/1991,2650.0
4247,8/18/1991,1700.0
4248,8/19/1991,1790.0
4249,8/20/1991,1650.0
4250,8/21/1991,1630.0
4251,8/22/1991,1330.0
4252,8/23/1991,1180.0
4253,8/24/1991,1080.0
4254,8/25/1991,1040.0
4255,8/26/1991,1030.0
4256,8/27/1991,1040.0
4257,8/28/1991,2060.0
4258,8/29/1991,1650.0
4259,8/30/1991,1590.0
4260,8/31/1991,1630.0
4261,9/1/1991,1510.0
4262,9/2/1991,1640.0
4263,9/3/1991,2190.0
4264,9/4/1991,1870.0
4265,9/5/1991,1750.0
4266,9/6/1991,1470.0
4267,9/7/1991,1470.0
4268,9/8/1991,1420.0
4269,9/9/1991,1510.0
4270,9/10/1991,1750.0
4271,9/11/1991,1620.0
4272,9/12/1991,1560.0
4273,9/13/1991,1410.0
4274,9/14/1991,1460.0
4275,9/15/1991,1290.0
4276,9/16/1991,1200.0
4277,9/17/1991,1550.0
4278,9/18/1991,1470.0
4279,9/19/1991,1250.0
4280,9/20/1991,1090.0
4281,9/21/1991,909.0
4282,9/22/1991,829.0
4283,9/23/1991,766.0
4284,9/24/1991,712.0
4285,9/25/1991,650.0
4286,9/26/1991,614.0
4287,9/27/1991,574.0
4288,9/28/1991,540.0
4289,9/29/1991,527.0
4290,9/30/1991,507.0
4291,10/1/1991,459.0
4292,10/2/1991,469.0
4293,10/3/1991,469.0
4294,10/4/1991,473.0
4295,10/5/1991,428.0
4296,10/6/1991,418.0
4297,10/7/1991,418.0
4298,10/8/1991,405.0
4299,10/9/1991,390.0
4300,10/10/1991,388.0
4301,10/11/1991,375.0
4302,10/12/1991,367.0
4303,10/13/1991,362.0
4304,10/14/1991,352.0
4305,10/15/1991,345.0
4306,10/16/1991,342.0
4307,10/17/1991,340.0
4308,10/18/1991,328.0
4309,10/19/1991,322.0
4310,10/20/1991,320.0
4311,10/21/1991,315.0
4312,10/22/1991,312.0
4313,10/23/1991,310.0
4314,10/24/1991,305.0
4315,10/25/1991,300.0
4316,10/26/1991,298.0
4317,10/27/1991,292.0
4318,10/28/1991,292.0
4319,10/29/1991,288.0
4320,10/30/1991,278.0
4321,10/31/1991,275.0
4322,11/1/1991,272.0
4323,11/2/1991,270.0
4324,11/3/1991,268.0
4325,11/4/1991,268.0
4326,11/5/1991,263.0
4327,11/6/1991,260.0
4328,11/7/1991,255.0
4329,11/8/1991,252.0
4330,11/9/1991,247.0
4331,11/10/1991,242.0
4332,11/11/1991,242.0
4333,11/12/1991,237.0
4334,11/13/1991,240.0
4335,11/14/1991,232.0
4336,11/15/1991,232.0
4337,11/16/1991,230.0
4338,11/17/1991,225.0
4339,11/18/1991,222.0
4340,11/19/1991,220.0
4341,11/20/1991,220.0
4342,11/21/1991,218.0
4343,11/22/1991,207.0
4344,11/23/1991,205.0
4345,11/24/1991,205.0
4346,11/25/1991,202.0
4347,11/26/1991,200.0
4348,11/27/1991,200.0
4349,11/28/1991,198.0
4350,11/29/1991,195.0
4351,11/30/1991,193.0
4352,12/1/1991,188.0
4353,12/2/1991,182.0
4354,12/3/1991,176.0
4355,12/4/1991,176.0
4356,12/5/1991,176.0
4357,12/6/1991,174.0
4358,12/7/1991,172.0
4359,12/8/1991,172.0
4360,12/9/1991,168.0
4361,12/10/1991,168.0
4362,12/11/1991,162.0
4363,12/12/1991,158.0
4364,12/13/1991,160.0
4365,12/14/1991,158.0
4366,12/15/1991,158.0
4367,12/16/1991,154.0
4368,12/17/1991,154.0
4369,12/18/1991,154.0
4370,12/19/1991,152.0
4371,12/20/1991,150.0
4372,12/21/1991,148.0
4373,12/22/1991,146.0
4374,12/23/1991,144.0
4375,12/24/1991,148.0
4376,12/25/1991,160.0
4377,12/26/1991,188.0
4378,12/27/1991,178.0
4379,12/28/1991,164.0
4380,12/29/1991,160.0
4381,12/30/1991,156.0
4382,12/31/1991,150.0
4383,1/1/1992,148.0
4384,1/2/1992,146.0
4385,1/3/1992,144.0
4386,1/4/1992,144.0
4387,1/5/1992,142.0
4388,1/6/1992,140.0
4389,1/7/1992,140.0
4390,1/8/1992,140.0
4391,1/9/1992,136.0
4392,1/10/1992,136.0
4393,1/11/1992,132.0
4394,1/12/1992,132.0
4395,1/13/1992,146.0
4396,1/14/1992,136.0
4397,1/15/1992,134.0
4398,1/16/1992,130.0
4399,1/17/1992,130.0
4400,1/18/1992,124.0
4401,1/19/1992,124.0
4402,1/20/1992,124.0
4403,1/21/1992,122.0
4404,1/22/1992,124.0
4405,1/23/1992,126.0
4406,1/24/1992,124.0
4407,1/25/1992,122.0
4408,1/26/1992,120.0
4409,1/27/1992,118.0
4410,1/28/1992,116.0
4411,1/29/1992,118.0
4412,1/30/1992,116.0
4413,1/31/1992,116.0
4414,2/1/1992,118.0
4415,2/2/1992,120.0
4416,2/3/1992,116.0
4417,2/4/1992,114.0
4418,2/5/1992,110.0
4419,2/6/1992,114.0
4420,2/7/1992,112.0
4421,2/8/1992,126.0
4422,2/9/1992,128.0
4423,2/10/1992,120.0
4424,2/11/1992,106.0
4425,2/12/1992,110.0
4426,2/13/1992,106.0
4427,2/14/1992,102.0
4428,2/15/1992,106.0
4429,2/16/1992,104.0
4430,2/17/1992,102.0
4431,2/18/1992,102.0
4432,2/19/1992,98.0
4433,2/20/1992,96.0
4434,2/21/1992,94.0
4435,2/22/1992,94.0
4436,2/23/1992,94.0
4437,2/24/1992,92.0
4438,2/25/1992,92.0
4439,2/26/1992,90.0
4440,2/27/1992,90.0
4441,2/28/1992,90.0
4442,2/29/1992,94.0
4443,3/1/1992,94.0
4444,3/2/1992,92.0
4445,3/3/1992,88.0
4446,3/4/1992,94.0
4447,3/5/1992,98.0
4448,3/6/1992,96.0
4449,3/7/1992,92.0
4450,3/8/1992,92.0
4451,3/9/1992,96.0
4452,3/10/1992,90.0
4453,3/11/1992,94.0
4454,3/12/1992,86.0
4455,3/13/1992,88.0
4456,3/14/1992,90.0
4457,3/15/1992,86.0
4458,3/16/1992,82.0
4459,3/17/1992,80.0
4460,3/18/1992,80.0
4461,3/19/1992,82.0
4462,3/20/1992,90.0
4463,3/21/1992,84.0
4464,3/22/1992,86.0
4465,3/23/1992,82.0
4466,3/24/1992,82.0
4467,3/25/1992,80.0
4468,3/26/1992,80.0
4469,3/27/1992,80.0
4470,3/28/1992,75.5
4471,3/29/1992,78.5
4472,3/30/1992,82.0
4473,3/31/1992,80.0
4474,4/1/1992,80.0
4475,4/2/1992,80.0
4476,4/3/1992,80.0
4477,4/4/1992,78.5
4478,4/5/1992,78.5
4479,4/6/1992,77.0
4480,4/7/1992,77.0
4481,4/8/1992,78.5
4482,4/9/1992,80.0
4483,4/10/1992,80.0
4484,4/11/1992,84.0
4485,4/12/1992,84.0
4486,4/13/1992,88.0
4487,4/14/1992,100.0
4488,4/15/1992,100.0
4489,4/16/1992,98.0
4490,4/17/1992,92.0
4491,4/18/1992,86.0
4492,4/19/1992,78.5
4493,4/20/1992,80.0
4494,4/21/1992,80.0
4495,4/22/1992,86.0
4496,4/23/1992,102.0
4497,4/24/1992,90.0
4498,4/25/1992,90.0
4499,4/26/1992,80.0
4500,4/27/1992,80.0
4501,4/28/1992,82.0
4502,4/29/1992,96.0
4503,4/30/1992,100.0
4504,5/1/1992,96.0
4505,5/2/1992,114.0
4506,5/3/1992,116.0
4507,5/4/1992,108.0
4508,5/5/1992,108.0
4509,5/6/1992,124.0
4510,5/7/1992,108.0
4511,5/8/1992,100.0
4512,5/9/1992,96.0
4513,5/10/1992,94.0
4514,5/11/1992,94.0
4515,5/12/1992,132.0
4516,5/13/1992,140.0
4517,5/14/1992,128.0
4518,5/15/1992,128.0
4519,5/16/1992,120.0
4520,5/17/1992,122.0
4521,5/18/1992,126.0
4522,5/19/1992,148.0
4523,5/20/1992,116.0
4524,5/21/1992,106.0
4525,5/22/1992,102.0
4526,5/23/1992,100.0
4527,5/24/1992,108.0
4528,5/25/1992,102.0
4529,5/26/1992,102.0
4530,5/27/1992,102.0
4531,5/28/1992,120.0
4532,5/29/1992,112.0
4533,5/30/1992,118.0
4534,5/31/1992,124.0
4535,6/1/1992,130.0
4536,6/2/1992,116.0
4537,6/3/1992,118.0
4538,6/4/1992,122.0
4539,6/5/1992,112.0
4540,6/6/1992,126.0
4541,6/7/1992,142.0
4542,6/8/1992,166.0
4543,6/9/1992,166.0
4544,6/10/1992,176.0
4545,6/11/1992,170.0
4546,6/12/1992,148.0
4547,6/13/1992,140.0
4548,6/14/1992,156.0
4549,6/15/1992,164.0
4550,6/16/1992,180.0
4551,6/17/1992,182.0
4552,6/18/1992,205.0
4553,6/19/1992,202.0
4554,6/20/1992,235.0
4555,6/21/1992,335.0
4556,6/22/1992,432.0
4557,6/23/1992,312.0
4558,6/24/1992,312.0
4559,6/25/1992,307.0
4560,6/26/1992,290.0
4561,6/27/1992,298.0
4562,6/28/1992,300.0
4563,6/29/1992,307.0
4564,6/30/1992,298.0
4565,7/1/1992,298.0
4566,7/2/1992,265.0
4567,7/3/1992,285.0
4568,7/4/1992,268.0
4569,7/5/1992,317.0
4570,7/6/1992,367.0
4571,7/7/1992,370.0
4572,7/8/1992,350.0
4573,7/9/1992,445.0
4574,7/10/1992,459.0
4575,7/11/1992,400.0
4576,7/12/1992,377.0
4577,7/13/1992,382.0
4578,7/14/1992,440.0
4579,7/15/1992,425.0
4580,7/16/1992,410.0
4581,7/17/1992,523.0
4582,7/18/1992,618.0
4583,7/19/1992,636.0
4584,7/20/1992,574.0
4585,7/21/1992,544.0
4586,7/22/1992,425.0
4587,7/23/1992,430.0
4588,7/24/1992,435.0
4589,7/25/1992,688.0
4590,7/26/1992,1050.0
4591,7/27/1992,712.0
4592,7/28/1992,552.0
4593,7/29/1992,523.0
4594,7/30/1992,855.0
4595,7/31/1992,882.0
4596,8/1/1992,1280.0
4597,8/2/1992,2800.0
4598,8/3/1992,1310.0
4599,8/4/1992,1140.0
4600,8/5/1992,1030.0
4601,8/6/1992,732.0
4602,8/7/1992,1740.0
4603,8/8/1992,1790.0
4604,8/9/1992,1390.0
4605,8/10/1992,1020.0
4606,8/11/1992,893.0
4607,8/12/1992,741.0
4608,8/13/1992,678.0
4609,8/14/1992,641.0
4610,8/15/1992,1230.0
4611,8/16/1992,1270.0
4612,8/17/1992,1060.0
4613,8/18/1992,1090.0
4614,8/19/1992,1100.0
4615,8/20/1992,1020.0
4616,8/21/1992,983.0
4617,8/22/1992,1610.0
4618,8/23/1992,1250.0
4619,8/24/1992,2070.0
4620,8/25/1992,3040.0
4621,8/26/1992,2560.0
4622,8/27/1992,2260.0
4623,8/28/1992,1790.0
4624,8/29/1992,1510.0
4625,8/30/1992,1280.0
4626,8/31/1992,1110.0
4627,9/1/1992,1030.0
4628,9/2/1992,943.0
4629,9/3/1992,1620.0
4630,9/4/1992,871.0
4631,9/5/1992,792.0
4632,9/6/1992,741.0
4633,9/7/1992,761.0
4634,9/8/1992,722.0
4635,9/9/1992,777.0
4636,9/10/1992,741.0
4637,9/11/1992,702.0
4638,9/12/1992,618.0
4639,9/13/1992,587.0
4640,9/14/1992,544.0
4641,9/15/1992,507.0
4642,9/16/1992,499.0
4643,9/17/1992,824.0
4644,9/18/1992,707.0
4645,9/19/1992,641.0
4646,9/20/1992,587.0
4647,9/21/1992,540.0
4648,9/22/1992,511.0
4649,9/23/1992,495.0
4650,9/24/1992,459.0
4651,9/25/1992,442.0
4652,9/26/1992,435.0
4653,9/27/1992,428.0
4654,9/28/1992,425.0
4655,9/29/1992,425.0
4656,9/30/1992,511.0
4657,10/1/1992,531.0
4658,10/2/1992,455.0
4659,10/3/1992,425.0
4660,10/4/1992,413.0
4661,10/5/1992,402.0
4662,10/6/1992,405.0
4663,10/7/1992,388.0
4664,10/8/1992,380.0
4665,10/9/1992,350.0
4666,10/10/1992,340.0
4667,10/11/1992,335.0
4668,10/12/1992,430.0
4669,10/13/1992,428.0
4670,10/14/1992,392.0
4671,10/15/1992,362.0
4672,10/16/1992,355.0
4673,10/17/1992,345.0
4674,10/18/1992,345.0
4675,10/19/1992,328.0
4676,10/20/1992,317.0
4677,10/21/1992,307.0
4678,10/22/1992,302.0
4679,10/23/1992,295.0
4680,10/24/1992,288.0
4681,10/25/1992,283.0
4682,10/26/1992,275.0
4683,10/27/1992,278.0
4684,10/28/1992,272.0
4685,10/29/1992,268.0
4686,10/30/1992,263.0
4687,10/31/1992,260.0
4688,11/1/1992,255.0
4689,11/2/1992,252.0
4690,11/3/1992,252.0
4691,11/4/1992,247.0
4692,11/5/1992,247.0
4693,11/6/1992,240.0
4694,11/7/1992,235.0
4695,11/8/1992,232.0
4696,11/9/1992,215.0
4697,11/10/1992,210.0
4698,11/11/1992,218.0
4699,11/12/1992,222.0
4700,11/13/1992,228.0
4701,11/14/1992,210.0
4702,11/15/1992,205.0
4703,11/16/1992,202.0
4704,11/17/1992,200.0
4705,11/18/1992,195.0
4706,11/19/1992,193.0
4707,11/20/1992,188.0
4708,11/21/1992,182.0
4709,11/22/1992,182.0
4710,11/23/1992,178.0
4711,11/24/1992,178.0
4712,11/25/1992,176.0
4713,11/26/1992,170.0
4714,11/27/1992,168.0
4715,11/28/1992,170.0
4716,11/29/1992,168.0
4717,11/30/1992,162.0
4718,12/1/1992,160.0
4719,12/2/1992,162.0
4720,12/3/1992,160.0
4721,12/4/1992,166.0
4722,12/5/1992,166.0
4723,12/6/1992,164.0
4724,12/7/1992,160.0
4725,12/8/1992,156.0
4726,12/9/1992,150.0
4727,12/10/1992,148.0
4728,12/11/1992,146.0
4729,12/12/1992,144.0
4730,12/13/1992,144.0
4731,12/14/1992,142.0
4732,12/15/1992,138.0
4733,12/16/1992,138.0
4734,12/17/1992,134.0
4735,12/18/1992,132.0
4736,12/19/1992,130.0
4737,12/20/1992,126.0
4738,12/21/1992,124.0
4739,12/22/1992,122.0
4740,12/23/1992,120.0
4741,12/24/1992,116.0
4742,12/25/1992,114.0
4743,12/26/1992,120.0
4744,12/27/1992,112.0
4745,12/28/1992,112.0
4746,12/29/1992,112.0
4747,12/30/1992,110.0
4748,12/31/1992,108.0
4749,1/1/1993,106.0
4750,1/2/1993,104.0
4751,1/3/1993,106.0
4752,1/4/1993,104.0
4753,1/5/1993,102.0
4754,1/6/1993,102.0
4755,1/7/1993,102.0
4756,1/8/1993,108.0
4757,1/9/1993,116.0
4758,1/10/1993,104.0
4759,1/11/1993,106.0
4760,1/12/1993,104.0
4761,1/13/1993,104.0
4762,1/14/1993,102.0
4763,1/15/1993,100.0
4764,1/16/1993,96.0
4765,1/17/1993,96.0
4766,1/18/1993,96.0
4767,1/19/1993,94.0
4768,1/20/1993,92.0
4769,1/21/1993,90.0
4770,1/22/1993,90.0
4771,1/23/1993,88.0
4772,1/24/1993,86.0
4773,1/25/1993,86.0
4774,1/26/1993,86.0
4775,1/27/1993,86.0
4776,1/28/1993,90.0
4777,1/29/1993,90.0
4778,1/30/1993,90.0
4779,1/31/1993,86.0
4780,2/1/1993,84.0
4781,2/2/1993,82.0
4782,2/3/1993,80.0
4783,2/4/1993,78.5
4784,2/5/1993,78.5
4785,2/6/1993,78.5
4786,2/7/1993,77.0
4787,2/8/1993,75.5
4788,2/9/1993,74.0
4789,2/10/1993,86.0
4790,2/11/1993,94.0
4791,2/12/1993,82.0
4792,2/13/1993,78.5
4793,2/14/1993,82.0
4794,2/15/1993,88.0
4795,2/16/1993,88.0
4796,2/17/1993,84.0
4797,2/18/1993,84.0
4798,2/19/1993,77.0
4799,2/20/1993,75.5
4800,2/21/1993,74.0
4801,2/22/1993,72.5
4802,2/23/1993,69.5
4803,2/24/1993,68.0
4804,2/25/1993,66.5
4805,2/26/1993,68.0
4806,2/27/1993,71.0
4807,2/28/1993,71.0
4808,3/1/1993,69.5
4809,3/2/1993,68.0
4810,3/3/1993,69.5
4811,3/4/1993,65.0
4812,3/5/1993,65.0
4813,3/6/1993,63.7
4814,3/7/1993,61.1
4815,3/8/1993,61.1
4816,3/9/1993,59.8
4817,3/10/1993,61.1
4818,3/11/1993,61.1
4819,3/12/1993,59.8
4820,3/13/1993,61.1
4821,3/14/1993,61.1
4822,3/15/1993,59.8
4823,3/16/1993,59.8
4824,3/17/1993,59.8
4825,3/18/1993,57.2
4826,3/19/1993,55.9
4827,3/20/1993,54.6
4828,3/21/1993,53.3
4829,3/22/1993,53.3
4830,3/23/1993,57.2
4831,3/24/1993,55.9
4832,3/25/1993,61.1
4833,3/26/1993,116.0
4834,3/27/1993,94.0
4835,3/28/1993,98.0
4836,3/29/1993,74.0
4837,3/30/1993,68.0
4838,3/31/1993,66.5
4839,4/1/1993,63.7
4840,4/2/1993,63.7
4841,4/3/1993,59.8
4842,4/4/1993,55.9
4843,4/5/1993,54.6
4844,4/6/1993,54.6
4845,4/7/1993,52.0
4846,4/8/1993,52.0
4847,4/9/1993,52.0
4848,4/10/1993,53.3
4849,4/11/1993,55.9
4850,4/12/1993,53.3
4851,4/13/1993,65.0
4852,4/14/1993,65.0
4853,4/15/1993,66.5
4854,4/16/1993,69.5
4855,4/17/1993,71.0
4856,4/18/1993,84.0
4857,4/19/1993,82.0
4858,4/20/1993,88.0
4859,4/21/1993,88.0
4860,4/22/1993,90.0
4861,4/23/1993,86.0
4862,4/24/1993,102.0
4863,4/25/1993,130.0
4864,4/26/1993,128.0
4865,4/27/1993,122.0
4866,4/28/1993,106.0
4867,4/29/1993,144.0
4868,4/30/1993,172.0
4869,5/1/1993,144.0
4870,5/2/1993,148.0
4871,5/3/1993,154.0
4872,5/4/1993,158.0
4873,5/5/1993,162.0
4874,5/6/1993,182.0
4875,5/7/1993,210.0
4876,5/8/1993,164.0
4877,5/9/1993,188.0
4878,5/10/1993,174.0
4879,5/11/1993,158.0
4880,5/12/1993,138.0
4881,5/13/1993,124.0
4882,5/14/1993,116.0
4883,5/15/1993,154.0
4884,5/16/1993,134.0
4885,5/17/1993,166.0
4886,5/18/1993,162.0
4887,5/19/1993,160.0
4888,5/20/1993,156.0
4889,5/21/1993,154.0
4890,5/22/1993,140.0
4891,5/23/1993,134.0
4892,5/24/1993,120.0
4893,5/25/1993,142.0
4894,5/26/1993,170.0
4895,5/27/1993,168.0
4896,5/28/1993,265.0
4897,5/29/1993,178.0
4898,5/30/1993,166.0
4899,5/31/1993,172.0
4900,6/1/1993,178.0
4901,6/2/1993,182.0
4902,6/3/1993,168.0
4903,6/4/1993,193.0
4904,6/5/1993,225.0
4905,6/6/1993,210.0
4906,6/7/1993,305.0
4907,6/8/1993,240.0
4908,6/9/1993,245.0
4909,6/10/1993,255.0
4910,6/11/1993,270.0
4911,6/12/1993,263.0
4912,6/13/1993,328.0
4913,6/14/1993,300.0
4914,6/15/1993,275.0
4915,6/16/1993,288.0
4916,6/17/1993,317.0
4917,6/18/1993,288.0
4918,6/19/1993,322.0
4919,6/20/1993,315.0
4920,6/21/1993,305.0
4921,6/22/1993,265.0
4922,6/23/1993,307.0
4923,6/24/1993,312.0
4924,6/25/1993,455.0
4925,6/26/1993,398.0
4926,6/27/1993,328.0
4927,6/28/1993,380.0
4928,6/29/1993,442.0
4929,6/30/1993,398.0
4930,7/1/1993,435.0
4931,7/2/1993,491.0
4932,7/3/1993,459.0
4933,7/4/1993,570.0
4934,7/5/1993,544.0
4935,7/6/1993,544.0
4936,7/7/1993,570.0
4937,7/8/1993,523.0
4938,7/9/1993,452.0
4939,7/10/1993,445.0
4940,7/11/1993,469.0
4941,7/12/1993,574.0
4942,7/13/1993,455.0
4943,7/14/1993,445.0
4944,7/15/1993,664.0
4945,7/16/1993,587.0
4946,7/17/1993,641.0
4947,7/18/1993,994.0
4948,7/19/1993,641.0
4949,7/20/1993,535.0
4950,7/21/1993,527.0
4951,7/22/1993,544.0
4952,7/23/1993,818.0
4953,7/24/1993,698.0
4954,7/25/1993,698.0
4955,7/26/1993,782.0
4956,7/27/1993,777.0
4957,7/28/1993,954.0
4958,7/29/1993,1260.0
4959,7/30/1993,664.0
4960,7/31/1993,1310.0
4961,8/1/1993,2040.0
4962,8/2/1993,3690.0
4963,8/3/1993,3010.0
4964,8/4/1993,2020.0
4965,8/5/1993,2200.0
4966,8/6/1993,1800.0
4967,8/7/1993,1870.0
4968,8/8/1993,1530.0
4969,8/9/1993,1680.0
4970,8/10/1993,2280.0
4971,8/11/1993,1490.0
4972,8/12/1993,1360.0
4973,8/13/1993,1390.0
4974,8/14/1993,1460.0
4975,8/15/1993,1210.0
4976,8/16/1993,1220.0
4977,8/17/1993,1220.0
4978,8/18/1993,1190.0
4979,8/19/1993,1490.0
4980,8/20/1993,2120.0
4981,8/21/1993,1770.0
4982,8/22/1993,1940.0
4983,8/23/1993,1620.0
4984,8/24/1993,2040.0
4985,8/25/1993,1980.0
4986,8/26/1993,1870.0
4987,8/27/1993,1610.0
4988,8/28/1993,1620.0
4989,8/29/1993,1690.0
4990,8/30/1993,1710.0
4991,8/31/1993,2180.0
4992,9/1/1993,2040.0
4993,9/2/1993,1780.0
4994,9/3/1993,1590.0
4995,9/4/1993,1470.0
4996,9/5/1993,1210.0
4997,9/6/1993,5740.0
4998,9/7/1993,6840.0
4999,9/8/1993,3210.0
5000,9/9/1993,2630.0
5001,9/10/1993,2020.0
5002,9/11/1993,1850.0
5003,9/12/1993,1490.0
5004,9/13/1993,1320.0
5005,9/14/1993,1420.0
5006,9/15/1993,1370.0
5007,9/16/1993,1240.0
5008,9/17/1993,1100.0
5009,9/18/1993,1000.0
5010,9/19/1993,866.0
5011,9/20/1993,803.0
5012,9/21/1993,797.0
5013,9/22/1993,756.0
5014,9/23/1993,761.0
5015,9/24/1993,1670.0
5016,9/25/1993,2140.0
5017,9/26/1993,2050.0
5018,9/27/1993,1980.0
5019,9/28/1993,1910.0
5020,9/29/1993,1420.0
5021,9/30/1993,861.0
5022,10/1/1993,829.0
5023,10/2/1993,771.0
5024,10/3/1993,741.0
5025,10/4/1993,698.0
5026,10/5/1993,702.0
5027,10/6/1993,659.0
5028,10/7/1993,636.0
5029,10/8/1993,587.0
5030,10/9/1993,544.0
5031,10/10/1993,531.0
5032,10/11/1993,531.0
5033,10/12/1993,507.0
5034,10/13/1993,479.0
5035,10/14/1993,475.0
5036,10/15/1993,441.0
5037,10/16/1993,429.0
5038,10/17/1993,414.0
5039,10/18/1993,400.0
5040,10/19/1993,385.0
5041,10/20/1993,375.0
5042,10/21/1993,364.0
5043,10/22/1993,358.0
5044,10/23/1993,351.0
5045,10/24/1993,344.0
5046,10/25/1993,341.0
5047,10/26/1993,328.0
5048,10/27/1993,318.0
5049,10/28/1993,312.0
5050,10/29/1993,312.0
5051,10/30/1993,306.0
5052,10/31/1993,293.0
5053,11/1/1993,296.0
5054,11/2/1993,284.0
5055,11/3/1993,278.0
5056,11/4/1993,275.0
5057,11/5/1993,269.0
5058,11/6/1993,269.0
5059,11/7/1993,266.0
5060,11/8/1993,261.0
5061,11/9/1993,255.0
5062,11/10/1993,252.0
5063,11/11/1993,252.0
5064,11/12/1993,244.0
5065,11/13/1993,241.0
5066,11/14/1993,238.0
5067,11/15/1993,236.0
5068,11/16/1993,236.0
5069,11/17/1993,233.0
5070,11/18/1993,230.0
5071,11/19/1993,222.0
5072,11/20/1993,215.0
5073,11/21/1993,209.0
5074,11/22/1993,204.0
5075,11/23/1993,199.0
5076,11/24/1993,197.0
5077,11/25/1993,194.0
5078,11/26/1993,192.0
5079,11/27/1993,189.0
5080,11/28/1993,187.0
5081,11/29/1993,185.0
5082,11/30/1993,182.0
5083,12/1/1993,177.0
5084,12/2/1993,173.0
5085,12/3/1993,171.0
5086,12/4/1993,171.0
5087,12/5/1993,168.0
5088,12/6/1993,168.0
5089,12/7/1993,166.0
5090,12/8/1993,164.0
5091,12/9/1993,162.0
5092,12/10/1993,157.0
5093,12/11/1993,155.0
5094,12/12/1993,153.0
5095,12/13/1993,151.0
5096,12/14/1993,147.0
5097,12/15/1993,145.0
5098,12/16/1993,138.0
5099,12/17/1993,138.0
5100,12/18/1993,136.0
5101,12/19/1993,134.0
5102,12/20/1993,132.0
5103,12/21/1993,132.0
5104,12/22/1993,132.0
5105,12/23/1993,126.0
5106,12/24/1993,122.0
5107,12/25/1993,122.0
5108,12/26/1993,121.0
5109,12/27/1993,121.0
5110,12/28/1993,119.0
5111,12/29/1993,119.0
5112,12/30/1993,117.0
5113,12/31/1993,115.0
5114,1/1/1994,113.0
5115,1/2/1994,111.0
5116,1/3/1994,111.0
5117,1/4/1994,109.0
5118,1/5/1994,109.0
5119,1/6/1994,108.0
5120,1/7/1994,108.0
5121,1/8/1994,109.0
5122,1/9/1994,108.0
5123,1/10/1994,106.0
5124,1/11/1994,106.0
5125,1/12/1994,104.0
5126,1/13/1994,104.0
5127,1/14/1994,102.0
5128,1/15/1994,111.0
5129,1/16/1994,117.0
5130,1/17/1994,122.0
5131,1/18/1994,121.0
5132,1/19/1994,111.0
5133,1/20/1994,108.0
5134,1/21/1994,104.0
5135,1/22/1994,104.0
5136,1/23/1994,102.0
5137,1/24/1994,100.0
5138,1/25/1994,98.5
5139,1/26/1994,96.7
5140,1/27/1994,94.9
5141,1/28/1994,109.0
5142,1/29/1994,108.0
5143,1/30/1994,100.0
5144,1/31/1994,85.2
5145,2/1/1994,91.7
5146,2/2/1994,88.5
5147,2/3/1994,86.8
5148,2/4/1994,85.2
5149,2/5/1994,83.6
5150,2/6/1994,83.6
5151,2/7/1994,80.4
5152,2/8/1994,78.8
5153,2/9/1994,86.8
5154,2/10/1994,113.0
5155,2/11/1994,111.0
5156,2/12/1994,102.0
5157,2/13/1994,94.9
5158,2/14/1994,85.2
5159,2/15/1994,82.0
5160,2/16/1994,82.0
5161,2/17/1994,80.4
5162,2/18/1994,78.8
5163,2/19/1994,77.4
5164,2/20/1994,75.9
5165,2/21/1994,74.5
5166,2/22/1994,74.5
5167,2/23/1994,85.2
5168,2/24/1994,78.8
5169,2/25/1994,78.8
5170,2/26/1994,75.9
5171,2/27/1994,73.0
5172,2/28/1994,71.6
5173,3/1/1994,73.0
5174,3/2/1994,71.6
5175,3/3/1994,71.6
5176,3/4/1994,71.6
5177,3/5/1994,71.6
5178,3/6/1994,71.6
5179,3/7/1994,71.6
5180,3/8/1994,68.6
5181,3/9/1994,68.6
5182,3/10/1994,67.2
5183,3/11/1994,65.8
5184,3/12/1994,65.8
5185,3/13/1994,65.8
5186,3/14/1994,68.6
5187,3/15/1994,68.6
5188,3/16/1994,68.6
5189,3/17/1994,71.6
5190,3/18/1994,67.2
5191,3/19/1994,65.8
5192,3/20/1994,77.4
5193,3/21/1994,75.9
5194,3/22/1994,71.6
5195,3/23/1994,67.2
5196,3/24/1994,64.3
5197,3/25/1994,61.7
5198,3/26/1994,61.7
5199,3/27/1994,65.8
5200,3/28/1994,64.3
5201,3/29/1994,60.4
5202,3/30/1994,60.4
5203,3/31/1994,61.7
5204,4/1/1994,82.0
5205,4/2/1994,74.5
5206,4/3/1994,67.2
5207,4/4/1994,63.0
5208,4/5/1994,61.7
5209,4/6/1994,65.8
5210,4/7/1994,71.6
5211,4/8/1994,67.2
5212,4/9/1994,65.8
5213,4/10/1994,63.0
5214,4/11/1994,59.1
5215,4/12/1994,55.2
5216,4/13/1994,53.9
5217,4/14/1994,53.9
5218,4/15/1994,51.3
5219,4/16/1994,52.6
5220,4/17/1994,49.0
5221,4/18/1994,49.0
5222,4/19/1994,49.0
5223,4/20/1994,49.0
5224,4/21/1994,51.3
5225,4/22/1994,55.2
5226,4/23/1994,59.1
5227,4/24/1994,61.7
5228,4/25/1994,61.7
5229,4/26/1994,61.7
5230,4/27/1994,59.1
5231,4/28/1994,59.1
5232,4/29/1994,57.8
5233,4/30/1994,59.1
5234,5/1/1994,60.4
5235,5/2/1994,60.4
5236,5/3/1994,64.3
5237,5/4/1994,67.2
5238,5/5/1994,64.3
5239,5/6/1994,68.6
5240,5/7/1994,73.0
5241,5/8/1994,80.4
5242,5/9/1994,90.1
5243,5/10/1994,98.5
5244,5/11/1994,108.0
5245,5/12/1994,96.7
5246,5/13/1994,85.2
5247,5/14/1994,78.8
5248,5/15/1994,98.5
5249,5/16/1994,88.5
5250,5/17/1994,83.6
5251,5/18/1994,82.0
5252,5/19/1994,86.8
5253,5/20/1994,83.6
5254,5/21/1994,80.4
5255,5/22/1994,121.0
5256,5/23/1994,130.0
5257,5/24/1994,185.0
5258,5/25/1994,199.0
5259,5/26/1994,212.0
5260,5/27/1994,187.0
5261,5/28/1994,197.0
5262,5/29/1994,199.0
5263,5/30/1994,192.0
5264,5/31/1994,230.0
5265,6/1/1994,347.0
5266,6/2/1994,215.0
5267,6/3/1994,204.0
5268,6/4/1994,207.0
5269,6/5/1994,236.0
5270,6/6/1994,197.0
5271,6/7/1994,194.0
5272,6/8/1994,192.0
5273,6/9/1994,315.0
5274,6/10/1994,296.0
5275,6/11/1994,364.0
5276,6/12/1994,296.0
5277,6/13/1994,293.0
5278,6/14/1994,344.0
5279,6/15/1994,396.0
5280,6/16/1994,444.0
5281,6/17/1994,441.0
5282,6/18/1994,495.0
5283,6/19/1994,678.0
5284,6/20/1994,483.0
5285,6/21/1994,609.0
5286,6/22/1994,503.0
5287,6/23/1994,803.0
5288,6/24/1994,888.0
5289,6/25/1994,797.0
5290,6/26/1994,850.0
5291,6/27/1994,948.0
5292,6/28/1994,727.0
5293,6/29/1994,707.0
5294,6/30/1994,712.0
5295,7/1/1994,678.0
5296,7/2/1994,636.0
5297,7/3/1994,751.0
5298,7/4/1994,782.0
5299,7/5/1994,712.0
5300,7/6/1994,623.0
5301,7/7/1994,632.0
5302,7/8/1994,587.0
5303,7/9/1994,519.0
5304,7/10/1994,766.0
5305,7/11/1994,1020.0
5306,7/12/1994,1270.0
5307,7/13/1994,937.0
5308,7/14/1994,898.0
5309,7/15/1994,926.0
5310,7/16/1994,693.0
5311,7/17/1994,641.0
5312,7/18/1994,618.0
5313,7/19/1994,693.0
5314,7/20/1994,678.0
5315,7/21/1994,732.0
5316,7/22/1994,904.0
5317,7/23/1994,977.0
5318,7/24/1994,1140.0
5319,7/25/1994,1060.0
5320,7/26/1994,1160.0
5321,7/27/1994,1920.0
5322,7/28/1994,1440.0
5323,7/29/1994,1510.0
5324,7/30/1994,1540.0
5325,7/31/1994,1560.0
5326,8/1/1994,1490.0
5327,8/2/1994,824.0
5328,8/3/1994,824.0
5329,8/4/1994,813.0
5330,8/5/1994,824.0
5331,8/6/1994,983.0
5332,8/7/1994,1020.0
5333,8/8/1994,943.0
5334,8/9/1994,1170.0
5335,8/10/1994,1490.0
5336,8/11/1994,1500.0
5337,8/12/1994,1490.0
5338,8/13/1994,1310.0
5339,8/14/1994,1210.0
5340,8/15/1994,1790.0
5341,8/16/1994,1560.0
5342,8/17/1994,1290.0
5343,8/18/1994,1210.0
5344,8/19/1994,1230.0
5345,8/20/1994,1250.0
5346,8/21/1994,954.0
5347,8/22/1994,1170.0
5348,8/23/1994,1270.0
5349,8/24/1994,1380.0
5350,8/25/1994,2150.0
5351,8/26/1994,2260.0
5352,8/27/1994,1980.0
5353,8/28/1994,1500.0
5354,8/29/1994,1180.0
5355,8/30/1994,1160.0
5356,8/31/1994,1250.0
5357,9/1/1994,1090.0
5358,9/2/1994,994.0
5359,9/3/1994,931.0
5360,9/4/1994,915.0
5361,9/5/1994,824.0
5362,9/6/1994,746.0
5363,9/7/1994,702.0
5364,9/8/1994,655.0
5365,9/9/1994,632.0
5366,9/10/1994,893.0
5367,9/11/1994,931.0
5368,9/12/1994,803.0
5369,9/13/1994,1060.0
5370,9/14/1994,1060.0
5371,9/15/1994,1180.0
5372,9/16/1994,1200.0
5373,9/17/1994,871.0
5374,9/18/1994,787.0
5375,9/19/1994,1200.0
5376,9/20/1994,1690.0
5377,9/21/1994,1370.0
5378,9/22/1994,834.0
5379,9/23/1994,707.0
5380,9/24/1994,674.0
5381,9/25/1994,618.0
5382,9/26/1994,574.0
5383,9/27/1994,527.0
5384,9/28/1994,511.0
5385,9/29/1994,495.0
5386,9/30/1994,477.0
5387,10/1/1994,466.0
5388,10/2/1994,466.0
5389,10/3/1994,447.0
5390,10/4/1994,420.0
5391,10/5/1994,395.0
5392,10/6/1994,382.0
5393,10/7/1994,380.0
5394,10/8/1994,367.0
5395,10/9/1994,362.0
5396,10/10/1994,360.0
5397,10/11/1994,357.0
5398,10/12/1994,342.0
5399,10/13/1994,340.0
5400,10/14/1994,338.0
5401,10/15/1994,320.0
5402,10/16/1994,322.0
5403,10/17/1994,325.0
5404,10/18/1994,320.0
5405,10/19/1994,310.0
5406,10/20/1994,307.0
5407,10/21/1994,300.0
5408,10/22/1994,290.0
5409,10/23/1994,285.0
5410,10/24/1994,283.0
5411,10/25/1994,280.0
5412,10/26/1994,275.0
5413,10/27/1994,272.0
5414,10/28/1994,270.0
5415,10/29/1994,280.0
5416,10/30/1994,270.0
5417,10/31/1994,270.0
5418,11/1/1994,257.0
5419,11/2/1994,247.0
5420,11/3/1994,245.0
5421,11/4/1994,242.0
5422,11/5/1994,240.0
5423,11/6/1994,237.0
5424,11/7/1994,232.0
5425,11/8/1994,228.0
5426,11/9/1994,225.0
5427,11/10/1994,222.0
5428,11/11/1994,222.0
5429,11/12/1994,220.0
5430,11/13/1994,218.0
5431,11/14/1994,212.0
5432,11/15/1994,207.0
5433,11/16/1994,202.0
5434,11/17/1994,200.0
5435,11/18/1994,195.0
5436,11/19/1994,190.0
5437,11/20/1994,185.0
5438,11/21/1994,185.0
5439,11/22/1994,180.0
5440,11/23/1994,176.0
5441,11/24/1994,174.0
5442,11/25/1994,172.0
5443,11/26/1994,168.0
5444,11/27/1994,166.0
5445,11/28/1994,164.0
5446,11/29/1994,166.0
5447,11/30/1994,164.0
5448,12/1/1994,160.0
5449,12/2/1994,158.0
5450,12/3/1994,156.0
5451,12/4/1994,154.0
5452,12/5/1994,154.0
5453,12/6/1994,152.0
5454,12/7/1994,152.0
5455,12/8/1994,150.0
5456,12/9/1994,150.0
5457,12/10/1994,148.0
5458,12/11/1994,146.0
5459,12/12/1994,144.0
5460,12/13/1994,142.0
5461,12/14/1994,140.0
5462,12/15/1994,138.0
5463,12/16/1994,134.0
5464,12/17/1994,130.0
5465,12/18/1994,126.0
5466,12/19/1994,128.0
5467,12/20/1994,126.0
5468,12/21/1994,124.0
5469,12/22/1994,120.0
5470,12/23/1994,118.0
5471,12/24/1994,116.0
5472,12/25/1994,116.0
5473,12/26/1994,114.0
5474,12/27/1994,112.0
5475,12/28/1994,112.0
5476,12/29/1994,110.0
5477,12/30/1994,108.0
5478,12/31/1994,108.0
5479,1/1/1995,108.0
5480,1/2/1995,106.0
5481,1/3/1995,106.0
5482,1/4/1995,104.0
5483,1/5/1995,102.0
5484,1/6/1995,100.0
5485,1/7/1995,100.0
5486,1/8/1995,102.0
5487,1/9/1995,104.0
5488,1/10/1995,100.0
5489,1/11/1995,100.0
5490,1/12/1995,114.0
5491,1/13/1995,112.0
5492,1/14/1995,108.0
5493,1/15/1995,104.0
5494,1/16/1995,102.0
5495,1/17/1995,102.0
5496,1/18/1995,102.0
5497,1/19/1995,102.0
5498,1/20/1995,98.0
5499,1/21/1995,98.0
5500,1/22/1995,98.0
5501,1/23/1995,94.0
5502,1/24/1995,92.0
5503,1/25/1995,90.0
5504,1/26/1995,90.0
5505,1/27/1995,88.0
5506,1/28/1995,88.0
5507,1/29/1995,88.0
5508,1/30/1995,86.0
5509,1/31/1995,82.0
5510,2/1/1995,82.0
5511,2/2/1995,82.0
5512,2/3/1995,82.0
5513,2/4/1995,80.0
5514,2/5/1995,78.5
5515,2/6/1995,80.0
5516,2/7/1995,80.0
5517,2/8/1995,78.5
5518,2/9/1995,77.0
5519,2/10/1995,80.0
5520,2/11/1995,80.0
5521,2/12/1995,80.0
5522,2/13/1995,80.0
5523,2/14/1995,78.5
5524,2/15/1995,78.5
5525,2/16/1995,84.0
5526,2/17/1995,92.0
5527,2/18/1995,84.0
5528,2/19/1995,82.0
5529,2/20/1995,78.5
5530,2/21/1995,77.0
5531,2/22/1995,74.0
5532,2/23/1995,78.5
5533,2/24/1995,96.0
5534,2/25/1995,96.0
5535,2/26/1995,82.0
5536,2/27/1995,75.5
5537,2/28/1995,77.0
5538,3/1/1995,82.0
5539,3/2/1995,78.5
5540,3/3/1995,74.0
5541,3/4/1995,74.0
5542,3/5/1995,74.0
5543,3/6/1995,72.5
5544,3/7/1995,69.5
5545,3/8/1995,69.5
5546,3/9/1995,68.0
5547,3/10/1995,68.0
5548,3/11/1995,66.5
5549,3/12/1995,65.0
5550,3/13/1995,63.7
5551,3/14/1995,63.7
5552,3/15/1995,62.4
5553,3/16/1995,62.4
5554,3/17/1995,61.1
5555,3/18/1995,63.7
5556,3/19/1995,63.7
5557,3/20/1995,63.7
5558,3/21/1995,66.5
5559,3/22/1995,65.0
5560,3/23/1995,68.0
5561,3/24/1995,69.5
5562,3/25/1995,74.0
5563,3/26/1995,90.0
5564,3/27/1995,98.0
5565,3/28/1995,168.0
5566,3/29/1995,132.0
5567,3/30/1995,120.0
5568,3/31/1995,90.0
5569,4/1/1995,94.0
5570,4/2/1995,86.0
5571,4/3/1995,75.5
5572,4/4/1995,74.0
5573,4/5/1995,72.5
5574,4/6/1995,69.5
5575,4/7/1995,66.5
5576,4/8/1995,63.7
5577,4/9/1995,63.7
5578,4/10/1995,66.5
5579,4/11/1995,90.0
5580,4/12/1995,94.0
5581,4/13/1995,88.0
5582,4/14/1995,71.0
5583,4/15/1995,74.0
5584,4/16/1995,72.5
5585,4/17/1995,72.5
5586,4/18/1995,71.0
5587,4/19/1995,84.0
5588,4/20/1995,84.0
5589,4/21/1995,82.0
5590,4/22/1995,80.0
5591,4/23/1995,80.0
5592,4/24/1995,108.0
5593,4/25/1995,100.0
5594,4/26/1995,100.0
5595,4/27/1995,112.0
5596,4/28/1995,126.0
5597,4/29/1995,134.0
5598,4/30/1995,134.0
5599,5/1/1995,158.0
5600,5/2/1995,142.0
5601,5/3/1995,132.0
5602,5/4/1995,122.0
5603,5/5/1995,110.0
5604,5/6/1995,102.0
5605,5/7/1995,98.0
5606,5/8/1995,114.0
5607,5/9/1995,132.0
5608,5/10/1995,134.0
5609,5/11/1995,148.0
5610,5/12/1995,158.0
5611,5/13/1995,178.0
5612,5/14/1995,250.0
5613,5/15/1995,200.0
5614,5/16/1995,212.0
5615,5/17/1995,292.0
5616,5/18/1995,300.0
5617,5/19/1995,285.0
5618,5/20/1995,280.0
5619,5/21/1995,263.0
5620,5/22/1995,230.0
5621,5/23/1995,218.0
5622,5/24/1995,202.0
5623,5/25/1995,182.0
5624,5/26/1995,168.0
5625,5/27/1995,166.0
5626,5/28/1995,215.0
5627,5/29/1995,247.0
5628,5/30/1995,220.0
5629,5/31/1995,218.0
5630,6/1/1995,220.0
5631,6/2/1995,242.0
5632,6/3/1995,245.0
5633,6/4/1995,263.0
5634,6/5/1995,265.0
5635,6/6/1995,310.0
5636,6/7/1995,405.0
5637,6/8/1995,548.0
5638,6/9/1995,352.0
5639,6/10/1995,523.0
5640,6/11/1995,664.0
5641,6/12/1995,761.0
5642,6/13/1995,702.0
5643,6/14/1995,741.0
5644,6/15/1995,540.0
5645,6/16/1995,515.0
5646,6/17/1995,499.0
5647,6/18/1995,565.0
5648,6/19/1995,727.0
5649,6/20/1995,1080.0
5650,6/21/1995,866.0
5651,6/22/1995,1060.0
5652,6/23/1995,1130.0
5653,6/24/1995,2170.0
5654,6/25/1995,2660.0
5655,6/26/1995,1460.0
5656,6/27/1995,1220.0
5657,6/28/1995,1290.0
5658,6/29/1995,1490.0
5659,6/30/1995,1610.0
5660,7/1/1995,1910.0
5661,7/2/1995,2280.0
5662,7/3/1995,2340.0
5663,7/4/1995,1230.0
5664,7/5/1995,1250.0
5665,7/6/1995,2350.0
5666,7/7/1995,2360.0
5667,7/8/1995,2750.0
5668,7/9/1995,2480.0
5669,7/10/1995,2370.0
5670,7/11/1995,5810.0
5671,7/12/1995,5240.0
5672,7/13/1995,3150.0
5673,7/14/1995,2380.0
5674,7/15/1995,1960.0
5675,7/16/1995,1620.0
5676,7/17/1995,1850.0
5677,7/18/1995,2180.0
5678,7/19/1995,2200.0
5679,7/20/1995,2120.0
5680,7/21/1995,1780.0
5681,7/22/1995,1600.0
5682,7/23/1995,1500.0
5683,7/24/1995,1450.0
5684,7/25/1995,1210.0
5685,7/26/1995,1030.0
5686,7/27/1995,994.0
5687,7/28/1995,1300.0
5688,7/29/1995,1060.0
5689,7/30/1995,1090.0
5690,7/31/1995,1050.0
5691,8/1/1995,1540.0
5692,8/2/1995,2040.0
5693,8/3/1995,1750.0
5694,8/4/1995,1810.0
5695,8/5/1995,1630.0
5696,8/6/1995,1600.0
5697,8/7/1995,1420.0
5698,8/8/1995,1610.0
5699,8/9/1995,1460.0
5700,8/10/1995,1610.0
5701,8/11/1995,1390.0
5702,8/12/1995,1270.0
5703,8/13/1995,1660.0
5704,8/14/1995,2350.0
5705,8/15/1995,1960.0
5706,8/16/1995,1830.0
5707,8/17/1995,2020.0
5708,8/18/1995,2040.0
5709,8/19/1995,1840.0
5710,8/20/1995,2110.0
5711,8/21/1995,2330.0
5712,8/22/1995,1530.0
5713,8/23/1995,1440.0
5714,8/24/1995,1580.0
5715,8/25/1995,1430.0
5716,8/26/1995,1380.0
5717,8/27/1995,1370.0
5718,8/28/1995,1420.0
5719,8/29/1995,1560.0
5720,8/30/1995,1870.0
5721,8/31/1995,1820.0
5722,9/1/1995,2070.0
5723,9/2/1995,1870.0
5724,9/3/1995,1220.0
5725,9/4/1995,1230.0
5726,9/5/1995,1390.0
5727,9/6/1995,1540.0
5728,9/7/1995,1620.0
5729,9/8/1995,1720.0
5730,9/9/1995,1420.0
5731,9/10/1995,1080.0
5732,9/11/1995,1190.0
5733,9/12/1995,1060.0
5734,9/13/1995,761.0
5735,9/14/1995,736.0
5736,9/15/1995,717.0
5737,9/16/1995,746.0
5738,9/17/1995,746.0
5739,9/18/1995,727.0
5740,9/19/1995,766.0
5741,9/20/1995,756.0
5742,9/21/1995,722.0
5743,9/22/1995,664.0
5744,9/23/1995,600.0
5745,9/24/1995,548.0
5746,9/25/1995,609.0
5747,9/26/1995,587.0
5748,9/27/1995,570.0
5749,9/28/1995,548.0
5750,9/29/1995,527.0
5751,9/30/1995,507.0
5752,10/1/1995,507.0
5753,10/2/1995,499.0
5754,10/3/1995,515.0
5755,10/4/1995,535.0
5756,10/5/1995,499.0
5757,10/6/1995,437.0
5758,10/7/1995,433.0
5759,10/8/1995,400.0
5760,10/9/1995,389.0
5761,10/10/1995,410.0
5762,10/11/1995,425.0
5763,10/12/1995,403.0
5764,10/13/1995,382.0
5765,10/14/1995,378.0
5766,10/15/1995,358.0
5767,10/16/1995,351.0
5768,10/17/1995,344.0
5769,10/18/1995,341.0
5770,10/19/1995,334.0
5771,10/20/1995,312.0
5772,10/21/1995,306.0
5773,10/22/1995,296.0
5774,10/23/1995,284.0
5775,10/24/1995,278.0
5776,10/25/1995,281.0
5777,10/26/1995,281.0
5778,10/27/1995,278.0
5779,10/28/1995,275.0
5780,10/29/1995,266.0
5781,10/30/1995,261.0
5782,10/31/1995,258.0
5783,11/1/1995,252.0
5784,11/2/1995,244.0
5785,11/3/1995,241.0
5786,11/4/1995,236.0
5787,11/5/1995,233.0
5788,11/6/1995,230.0
5789,11/7/1995,225.0
5790,11/8/1995,222.0
5791,11/9/1995,220.0
5792,11/10/1995,228.0
5793,11/11/1995,736.0
5794,11/12/1995,519.0
5795,11/13/1995,331.0
5796,11/14/1995,290.0
5797,11/15/1995,272.0
5798,11/16/1995,258.0
5799,11/17/1995,252.0
5800,11/18/1995,247.0
5801,11/19/1995,233.0
5802,11/20/1995,228.0
5803,11/21/1995,222.0
5804,11/22/1995,217.0
5805,11/23/1995,217.0
5806,11/24/1995,212.0
5807,11/25/1995,207.0
5808,11/26/1995,202.0
5809,11/27/1995,197.0
5810,11/28/1995,192.0
5811,11/29/1995,187.0
5812,11/30/1995,185.0
5813,12/1/1995,182.0
5814,12/2/1995,180.0
5815,12/3/1995,173.0
5816,12/4/1995,173.0
5817,12/5/1995,168.0
5818,12/6/1995,168.0
5819,12/7/1995,168.0
5820,12/8/1995,166.0
5821,12/9/1995,164.0
5822,12/10/1995,160.0
5823,12/11/1995,155.0
5824,12/12/1995,168.0
5825,12/13/1995,162.0
5826,12/14/1995,151.0
5827,12/15/1995,140.0
5828,12/16/1995,138.0
5829,12/17/1995,138.0
5830,12/18/1995,136.0
5831,12/19/1995,134.0
5832,12/20/1995,132.0
5833,12/21/1995,130.0
5834,12/22/1995,130.0
5835,12/23/1995,128.0
5836,12/24/1995,126.0
5837,12/25/1995,126.0
5838,12/26/1995,124.0
5839,12/27/1995,121.0
5840,12/28/1995,119.0
5841,12/29/1995,117.0
5842,12/30/1995,117.0
5843,12/31/1995,115.0
5844,1/1/1996,107.0
5845,1/2/1996,105.0
5846,1/3/1996,97.3
5847,1/4/1996,92.7
5848,1/5/1996,103.0
5849,1/6/1996,102.0
5850,1/7/1996,102.0
5851,1/8/1996,107.0
5852,1/9/1996,98.1
5853,1/10/1996,97.3
5854,1/11/1996,99.6
5855,1/12/1996,98.1
5856,1/13/1996,95.8
5857,1/14/1996,94.2
5858,1/15/1996,93.4
5859,1/16/1996,141.0
5860,1/17/1996,160.0
5861,1/18/1996,130.0
5862,1/19/1996,121.0
5863,1/20/1996,113.0
5864,1/21/1996,113.0
5865,1/22/1996,113.0
5866,1/23/1996,111.0
5867,1/24/1996,109.0
5868,1/25/1996,106.0
5869,1/26/1996,104.0
5870,1/27/1996,102.0
5871,1/28/1996,98.8
5872,1/29/1996,96.5
5873,1/30/1996,95.0
5874,1/31/1996,93.4
5875,2/1/1996,93.4
5876,2/2/1996,91.1
5877,2/3/1996,91.1
5878,2/4/1996,88.9
5879,2/5/1996,86.7
5880,2/6/1996,85.2
5881,2/7/1996,83.1
5882,2/8/1996,81.6
5883,2/9/1996,81.6
5884,2/10/1996,109.0
5885,2/11/1996,149.0
5886,2/12/1996,194.0
5887,2/13/1996,148.0
5888,2/14/1996,127.0
5889,2/15/1996,116.0
5890,2/16/1996,113.0
5891,2/17/1996,108.0
5892,2/18/1996,103.0
5893,2/19/1996,98.8
5894,2/20/1996,99.6
5895,2/21/1996,98.1
5896,2/22/1996,95.0
5897,2/23/1996,91.9
5898,2/24/1996,91.1
5899,2/25/1996,88.9
5900,2/26/1996,108.0
5901,2/27/1996,108.0
5902,2/28/1996,149.0
5903,2/29/1996,121.0
5904,3/1/1996,103.0
5905,3/2/1996,95.8
5906,3/3/1996,94.2
5907,3/4/1996,99.6
5908,3/5/1996,98.1
5909,3/6/1996,97.3
5910,3/7/1996,95.8
5911,3/8/1996,93.4
5912,3/9/1996,94.2
5913,3/10/1996,92.7
5914,3/11/1996,94.2
5915,3/12/1996,95.8
5916,3/13/1996,104.0
5917,3/14/1996,114.0
5918,3/15/1996,109.0
5919,3/16/1996,100.0
5920,3/17/1996,97.3
5921,3/18/1996,90.4
5922,3/19/1996,103.0
5923,3/20/1996,83.1
5924,3/21/1996,79.4
5925,3/22/1996,75.1
5926,3/23/1996,75.1
5927,3/24/1996,75.9
5928,3/25/1996,73.8
5929,3/26/1996,74.4
5930,3/27/1996,76.6
5931,3/28/1996,80.2
5932,3/29/1996,76.6
5933,3/30/1996,84.5
5934,3/31/1996,83.8
5935,4/1/1996,76.6
5936,4/2/1996,73.8
5937,4/3/1996,70.5
5938,4/4/1996,70.5
5939,4/5/1996,69.9
5940,4/6/1996,72.5
5941,4/7/1996,73.8
5942,4/8/1996,75.2
5943,4/9/1996,73.8
5944,4/10/1996,70.5
5945,4/11/1996,70.5
5946,4/12/1996,68.6
5947,4/13/1996,69.9
5948,4/14/1996,68.6
5949,4/15/1996,65.3
5950,4/16/1996,65.9
5951,4/17/1996,96.5
5952,4/18/1996,76.6
5953,4/19/1996,78.0
5954,4/20/1996,77.3
5955,4/21/1996,80.9
5956,4/22/1996,80.9
5957,4/23/1996,83.1
5958,4/24/1996,83.8
5959,4/25/1996,83.8
5960,4/26/1996,86.7
5961,4/27/1996,100.0
5962,4/28/1996,94.2
5963,4/29/1996,98.8
5964,4/30/1996,104.0
5965,5/1/1996,95.8
5966,5/2/1996,114.0
5967,5/3/1996,113.0
5968,5/4/1996,119.0
5969,5/5/1996,123.0
5970,5/6/1996,118.0
5971,5/7/1996,116.0
5972,5/8/1996,132.0
5973,5/9/1996,134.0
5974,5/10/1996,122.0
5975,5/11/1996,120.0
5976,5/12/1996,108.0
5977,5/13/1996,92.7
5978,5/14/1996,83.1
5979,5/15/1996,87.4
5980,5/16/1996,91.2
5981,5/17/1996,109.0
5982,5/18/1996,133.0
5983,5/19/1996,114.0
5984,5/20/1996,106.0
5985,5/21/1996,107.0
5986,5/22/1996,85.2
5987,5/23/1996,85.2
5988,5/24/1996,84.5
5989,5/25/1996,95.8
5990,5/26/1996,126.0
5991,5/27/1996,124.0
5992,5/28/1996,163.0
5993,5/29/1996,162.0
5994,5/30/1996,169.0
5995,5/31/1996,179.0
5996,6/1/1996,147.0
5997,6/2/1996,197.0
5998,6/3/1996,177.0
5999,6/4/1996,159.0
6000,6/5/1996,139.0
6001,6/6/1996,134.0
6002,6/7/1996,124.0
6003,6/8/1996,117.0
6004,6/9/1996,119.0
6005,6/10/1996,119.0
6006,6/11/1996,137.0
6007,6/12/1996,247.0
6008,6/13/1996,228.0
6009,6/14/1996,253.0
6010,6/15/1996,272.0
6011,6/16/1996,217.0
6012,6/17/1996,268.0
6013,6/18/1996,395.0
6014,6/19/1996,380.0
6015,6/20/1996,357.0
6016,6/21/1996,375.0
6017,6/22/1996,431.0
6018,6/23/1996,440.0
6019,6/24/1996,555.0
6020,6/25/1996,677.0
6021,6/26/1996,677.0
6022,6/27/1996,679.0
6023,6/28/1996,732.0
6024,6/29/1996,699.0
6025,6/30/1996,738.0
6026,7/1/1996,850.0
6027,7/2/1996,621.0
6028,7/3/1996,514.0
6029,7/4/1996,448.0
6030,7/5/1996,463.0
6031,7/6/1996,505.0
6032,7/7/1996,512.0
6033,7/8/1996,519.0
6034,7/9/1996,537.0
6035,7/10/1996,631.0
6036,7/11/1996,1170.0
6037,7/12/1996,2300.0
6038,7/13/1996,1430.0
6039,7/14/1996,3130.0
6040,7/15/1996,5340.0
6041,7/16/1996,1900.0
6042,7/17/1996,1570.0
6043,7/18/1996,1590.0
6044,7/19/1996,3470.0
6045,7/20/1996,4030.0
6046,7/21/1996,1890.0
6047,7/22/1996,1620.0
6048,7/23/1996,1420.0
6049,7/24/1996,1650.0
6050,7/25/1996,1310.0
6051,7/26/1996,1200.0
6052,7/27/1996,1050.0
6053,7/28/1996,936.0
6054,7/29/1996,903.0
6055,7/30/1996,898.0
6056,7/31/1996,1000.0
6057,8/1/1996,1040.0
6058,8/2/1996,1070.0
6059,8/3/1996,1180.0
6060,8/4/1996,1040.0
6061,8/5/1996,1040.0
6062,8/6/1996,924.0
6063,8/7/1996,870.0
6064,8/8/1996,1090.0
6065,8/9/1996,1940.0
6066,8/10/1996,1550.0
6067,8/11/1996,1530.0
6068,8/12/1996,1420.0
6069,8/13/1996,2120.0
6070,8/14/1996,2320.0
6071,8/15/1996,2330.0
6072,8/16/1996,2300.0
6073,8/17/1996,2190.0
6074,8/18/1996,3440.0
6075,8/19/1996,3800.0
6076,8/20/1996,3610.0
6077,8/21/1996,2280.0
6078,8/22/1996,2330.0
6079,8/23/1996,2220.0
6080,8/24/1996,1890.0
6081,8/25/1996,1470.0
6082,8/26/1996,1220.0
6083,8/27/1996,1250.0
6084,8/28/1996,1060.0
6085,8/29/1996,1020.0
6086,8/30/1996,1040.0
6087,8/31/1996,1460.0
6088,9/1/1996,2140.0
6089,9/2/1996,1950.0
6090,9/3/1996,2020.0
6091,9/4/1996,1760.0
6092,9/5/1996,1760.0
6093,9/6/1996,1770.0
6094,9/7/1996,1510.0
6095,9/8/1996,1420.0
6096,9/9/1996,1350.0
6097,9/10/1996,1140.0
6098,9/11/1996,1070.0
6099,9/12/1996,998.0
6100,9/13/1996,967.0
6101,9/14/1996,948.0
6102,9/15/1996,918.0
6103,9/16/1996,875.0
6104,9/17/1996,792.0
6105,9/18/1996,743.0
6106,9/19/1996,699.0
6107,9/20/1996,708.0
6108,9/21/1996,625.0
6109,9/22/1996,580.0
6110,9/23/1996,602.0
6111,9/24/1996,594.0
6112,9/25/1996,588.0
6113,9/26/1996,582.0
6114,9/27/1996,580.0
6115,9/28/1996,580.0
6116,9/29/1996,574.0
6117,9/30/1996,572.0
6118,10/1/1996,580.0
6119,10/2/1996,570.0
6120,10/3/1996,564.0
6121,10/4/1996,519.0
6122,10/5/1996,1110.0
6123,10/6/1996,1230.0
6124,10/7/1996,1210.0
6125,10/8/1996,1080.0
6126,10/9/1996,900.0
6127,10/10/1996,853.0
6128,10/11/1996,590.0
6129,10/12/1996,516.0
6130,10/13/1996,488.0
6131,10/14/1996,467.0
6132,10/15/1996,459.0
6133,10/16/1996,438.0
6134,10/17/1996,850.0
6135,10/18/1996,828.0
6136,10/19/1996,806.0
6137,10/20/1996,778.0
6138,10/21/1996,773.0
6139,10/22/1996,757.0
6140,10/23/1996,712.0
6141,10/24/1996,655.0
6142,10/25/1996,531.0
6143,10/26/1996,424.0
6144,10/27/1996,367.0
6145,10/28/1996,341.0
6146,10/29/1996,325.0
6147,10/30/1996,316.0
6148,10/31/1996,308.0
6149,11/1/1996,302.0
6150,11/2/1996,296.0
6151,11/3/1996,294.0
6152,11/4/1996,281.0
6153,11/5/1996,276.0
6154,11/6/1996,272.0
6155,11/7/1996,269.0
6156,11/8/1996,263.0
6157,11/9/1996,259.0
6158,11/10/1996,255.0
6159,11/11/1996,253.0
6160,11/12/1996,248.0
6161,11/13/1996,243.0
6162,11/14/1996,238.0
6163,11/15/1996,235.0
6164,11/16/1996,229.0
6165,11/17/1996,223.0
6166,11/18/1996,219.0
6167,11/19/1996,217.0
6168,11/20/1996,222.0
6169,11/21/1996,210.0
6170,11/22/1996,204.0
6171,11/23/1996,199.0
6172,11/24/1996,192.0
6173,11/25/1996,183.0
6174,11/26/1996,179.0
6175,11/27/1996,176.0
6176,11/28/1996,174.0
6177,11/29/1996,172.0
6178,11/30/1996,167.0
6179,12/1/1996,165.0
6180,12/2/1996,163.0
6181,12/3/1996,161.0
6182,12/4/1996,156.0
6183,12/5/1996,154.0
6184,12/6/1996,151.0
6185,12/7/1996,151.0
6186,12/8/1996,149.0
6187,12/9/1996,149.0
6188,12/10/1996,145.0
6189,12/11/1996,145.0
6190,12/12/1996,142.0
6191,12/13/1996,141.0
6192,12/14/1996,140.0
6193,12/15/1996,138.0
6194,12/16/1996,136.0
6195,12/17/1996,133.0
6196,12/18/1996,132.0
6197,12/19/1996,130.0
6198,12/20/1996,128.0
6199,12/21/1996,124.0
6200,12/22/1996,122.0
6201,12/23/1996,119.0
6202,12/24/1996,119.0
6203,12/25/1996,119.0
6204,12/26/1996,119.0
6205,12/27/1996,119.0
6206,12/28/1996,117.0
6207,12/29/1996,114.0
6208,12/30/1996,114.0
6209,12/31/1996,112.0
6210,1/1/1997,109.0
6211,1/2/1997,107.0
6212,1/3/1997,105.0
6213,1/4/1997,109.0
6214,1/5/1997,109.0
6215,1/6/1997,108.0
6216,1/7/1997,104.0
6217,1/8/1997,103.0
6218,1/9/1997,102.0
6219,1/10/1997,100.0
6220,1/11/1997,98.8
6221,1/12/1997,97.3
6222,1/13/1997,97.3
6223,1/14/1997,96.5
6224,1/15/1997,95.0
6225,1/16/1997,92.7
6226,1/17/1997,91.1
6227,1/18/1997,91.1
6228,1/19/1997,91.1
6229,1/20/1997,93.4
6230,1/21/1997,117.0
6231,1/22/1997,126.0
6232,1/23/1997,106.0
6233,1/24/1997,101.0
6234,1/25/1997,97.3
6235,1/26/1997,98.8
6236,1/27/1997,98.1
6237,1/28/1997,97.3
6238,1/29/1997,95.0
6239,1/30/1997,93.4
6240,1/31/1997,91.1
6241,2/1/1997,89.6
6242,2/2/1997,88.2
6243,2/3/1997,87.4
6244,2/4/1997,86.7
6245,2/5/1997,88.9
6246,2/6/1997,86.7
6247,2/7/1997,85.2
6248,2/8/1997,83.8
6249,2/9/1997,83.1
6250,2/10/1997,81.6
6251,2/11/1997,80.9
6252,2/12/1997,79.4
6253,2/13/1997,78.0
6254,2/14/1997,76.6
6255,2/15/1997,76.6
6256,2/16/1997,76.6
6257,2/17/1997,73.8
6258,2/18/1997,72.5
6259,2/19/1997,69.9
6260,2/20/1997,68.6
6261,2/21/1997,68.6
6262,2/22/1997,69.2
6263,2/23/1997,69.2
6264,2/24/1997,72.5
6265,2/25/1997,71.2
6266,2/26/1997,71.8
6267,2/27/1997,73.1
6268,2/28/1997,72.5
6269,3/1/1997,71.2
6270,3/2/1997,70.5
6271,3/3/1997,81.6
6272,3/4/1997,73.8
6273,3/5/1997,71.8
6274,3/6/1997,70.5
6275,3/7/1997,71.2
6276,3/8/1997,69.9
6277,3/9/1997,70.5
6278,3/10/1997,70.5
6279,3/11/1997,71.8
6280,3/12/1997,73.1
6281,3/13/1997,73.8
6282,3/14/1997,69.9
6283,3/15/1997,71.2
6284,3/16/1997,68.6
6285,3/17/1997,67.9
6286,3/18/1997,66.6
6287,3/19/1997,66.6
6288,3/20/1997,66.6
6289,3/21/1997,65.9
6290,3/22/1997,65.9
6291,3/23/1997,64.6
6292,3/24/1997,63.3
6293,3/25/1997,62.0
6294,3/26/1997,60.8
6295,3/27/1997,59.6
6296,3/28/1997,60.8
6297,3/29/1997,60.8
6298,3/30/1997,63.3
6299,3/31/1997,71.2
6300,4/1/1997,73.8
6301,4/2/1997,68.6
6302,4/3/1997,69.2
6303,4/4/1997,71.8
6304,4/5/1997,77.3
6305,4/6/1997,72.5
6306,4/7/1997,69.9
6307,4/8/1997,64.0
6308,4/9/1997,66.6
6309,4/10/1997,77.3
6310,4/11/1997,78.7
6311,4/12/1997,78.7
6312,4/13/1997,71.2
6313,4/14/1997,78.7
6314,4/15/1997,92.1
6315,4/16/1997,104.0
6316,4/17/1997,99.6
6317,4/18/1997,95.8
6318,4/19/1997,85.7
6319,4/20/1997,69.2
6320,4/21/1997,69.9
6321,4/22/1997,71.2
6322,4/23/1997,76.6
6323,4/24/1997,80.9
6324,4/25/1997,86.0
6325,4/26/1997,100.0
6326,4/27/1997,110.0
6327,4/28/1997,108.0
6328,4/29/1997,103.0
6329,4/30/1997,121.0
6330,5/1/1997,135.0
6331,5/2/1997,133.0
6332,5/3/1997,132.0
6333,5/4/1997,143.0
6334,5/5/1997,107.0
6335,5/6/1997,118.0
6336,5/7/1997,112.0
6337,5/8/1997,108.0
6338,5/9/1997,114.0
6339,5/10/1997,120.0
6340,5/11/1997,108.0
6341,5/12/1997,113.0
6342,5/13/1997,100.0
6343,5/14/1997,98.1
6344,5/15/1997,97.3
6345,5/16/1997,97.3
6346,5/17/1997,94.2
6347,5/18/1997,83.1
6348,5/19/1997,83.8
6349,5/20/1997,92.0
6350,5/21/1997,104.0
6351,5/22/1997,119.0
6352,5/23/1997,109.0
6353,5/24/1997,116.0
6354,5/25/1997,118.0
6355,5/26/1997,126.0
6356,5/27/1997,110.0
6357,5/28/1997,108.0
6358,5/29/1997,141.0
6359,5/30/1997,158.0
6360,5/31/1997,160.0
6361,6/1/1997,128.0
6362,6/2/1997,124.0
6363,6/3/1997,129.0
6364,6/4/1997,132.0
6365,6/5/1997,127.0
6366,6/6/1997,129.0
6367,6/7/1997,143.0
6368,6/8/1997,139.0
6369,6/9/1997,170.0
6370,6/10/1997,183.0
6371,6/11/1997,197.0
6372,6/12/1997,241.0
6373,6/13/1997,222.0
6374,6/14/1997,212.0
6375,6/15/1997,194.0
6376,6/16/1997,191.0
6377,6/17/1997,272.0
6378,6/18/1997,302.0
6379,6/19/1997,331.0
6380,6/20/1997,396.0
6381,6/21/1997,268.0
6382,6/22/1997,268.0
6383,6/23/1997,592.0
6384,6/24/1997,708.0
6385,6/25/1997,453.0
6386,6/26/1997,482.0
6387,6/27/1997,538.0
6388,6/28/1997,524.0
6389,6/29/1997,398.0
6390,6/30/1997,524.0
6391,7/1/1997,710.0
6392,7/2/1997,599.0
6393,7/3/1997,782.0
6394,7/4/1997,773.0
6395,7/5/1997,1020.0
6396,7/6/1997,1410.0
6397,7/7/1997,1320.0
6398,7/8/1997,1720.0
6399,7/9/1997,1440.0
6400,7/10/1997,1990.0
6401,7/11/1997,2050.0
6402,7/12/1997,2750.0
6403,7/13/1997,1790.0
6404,7/14/1997,2000.0
6405,7/15/1997,2000.0
6406,7/16/1997,1870.0
6407,7/17/1997,1430.0
6408,7/18/1997,1410.0
6409,7/19/1997,1310.0
6410,7/20/1997,1360.0
6411,7/21/1997,2650.0
6412,7/22/1997,1960.0
6413,7/23/1997,1780.0
6414,7/24/1997,1480.0
6415,7/25/1997,1430.0
6416,7/26/1997,1220.0
6417,7/27/1997,1110.0
6418,7/28/1997,1360.0
6419,7/29/1997,1190.0
6420,7/30/1997,1140.0
6421,7/31/1997,1170.0
6422,8/1/1997,1400.0
6423,8/2/1997,1300.0
6424,8/3/1997,1100.0
6425,8/4/1997,991.0
6426,8/5/1997,1120.0
6427,8/6/1997,1020.0
6428,8/7/1997,966.0
6429,8/8/1997,1060.0
6430,8/9/1997,959.0
6431,8/10/1997,1070.0
6432,8/11/1997,1510.0
6433,8/12/1997,1770.0
6434,8/13/1997,2940.0
6435,8/14/1997,2410.0
6436,8/15/1997,1690.0
6437,8/16/1997,1510.0
6438,8/17/1997,1440.0
6439,8/18/1997,1760.0
6440,8/19/1997,2030.0
6441,8/20/1997,1510.0
6442,8/21/1997,1220.0
6443,8/22/1997,1050.0
6444,8/23/1997,1020.0
6445,8/24/1997,855.0
6446,8/25/1997,778.0
6447,8/26/1997,726.0
6448,8/27/1997,734.0
6449,8/28/1997,667.0
6450,8/29/1997,649.0
6451,8/30/1997,643.0
6452,8/31/1997,702.0
6453,9/1/1997,651.0
6454,9/2/1997,714.0
6455,9/3/1997,669.0
6456,9/4/1997,623.0
6457,9/5/1997,598.0
6458,9/6/1997,691.0
6459,9/7/1997,661.0
6460,9/8/1997,617.0
6461,9/9/1997,614.0
6462,9/10/1997,571.0
6463,9/11/1997,592.0
6464,9/12/1997,671.0
6465,9/13/1997,794.0
6466,9/14/1997,813.0
6467,9/15/1997,692.0
6468,9/16/1997,715.0
6469,9/17/1997,692.0
6470,9/18/1997,651.0
6471,9/19/1997,635.0
6472,9/20/1997,614.0
6473,9/21/1997,600.0
6474,9/22/1997,596.0
6475,9/23/1997,594.0
6476,9/24/1997,542.0
6477,9/25/1997,487.0
6478,9/26/1997,470.0
6479,9/27/1997,466.0
6480,9/28/1997,452.0
6481,9/29/1997,433.0
6482,9/30/1997,453.0
6483,10/1/1997,443.0
6484,10/2/1997,449.0
6485,10/3/1997,390.0
6486,10/4/1997,388.0
6487,10/5/1997,361.0
6488,10/6/1997,346.0
6489,10/7/1997,334.0
6490,10/8/1997,328.0
6491,10/9/1997,315.0
6492,10/10/1997,313.0
6493,10/11/1997,300.0
6494,10/12/1997,297.0
6495,10/13/1997,292.0
6496,10/14/1997,286.0
6497,10/15/1997,284.0
6498,10/16/1997,280.0
6499,10/17/1997,272.0
6500,10/18/1997,266.0
6501,10/19/1997,260.0
6502,10/20/1997,256.0
6503,10/21/1997,254.0
6504,10/22/1997,250.0
6505,10/23/1997,246.0
6506,10/24/1997,243.0
6507,10/25/1997,330.0
6508,10/26/1997,294.0
6509,10/27/1997,281.0
6510,10/28/1997,254.0
6511,10/29/1997,246.0
6512,10/30/1997,243.0
6513,10/31/1997,241.0
6514,11/1/1997,234.0
6515,11/2/1997,230.0
6516,11/3/1997,228.0
6517,11/4/1997,225.0
6518,11/5/1997,221.0
6519,11/6/1997,215.0
6520,11/7/1997,213.0
6521,11/8/1997,212.0
6522,11/9/1997,209.0
6523,11/10/1997,206.0
6524,11/11/1997,205.0
6525,11/12/1997,202.0
6526,11/13/1997,197.0
6527,11/14/1997,193.0
6528,11/15/1997,193.0
6529,11/16/1997,190.0
6530,11/17/1997,187.0
6531,11/18/1997,184.0
6532,11/19/1997,183.0
6533,11/20/1997,187.0
6534,11/21/1997,185.0
6535,11/22/1997,180.0
6536,11/23/1997,176.0
6537,11/24/1997,171.0
6538,11/25/1997,168.0
6539,11/26/1997,168.0
6540,11/27/1997,177.0
6541,11/28/1997,170.0
6542,11/29/1997,169.0
6543,11/30/1997,166.0
6544,12/1/1997,166.0
6545,12/2/1997,182.0
6546,12/3/1997,172.0
6547,12/4/1997,166.0
6548,12/5/1997,164.0
6549,12/6/1997,160.0
6550,12/7/1997,155.0
6551,12/8/1997,155.0
6552,12/9/1997,172.0
6553,12/10/1997,261.0
6554,12/11/1997,458.0
6555,12/12/1997,302.0
6556,12/13/1997,289.0
6557,12/14/1997,328.0
6558,12/15/1997,268.0
6559,12/16/1997,230.0
6560,12/17/1997,216.0
6561,12/18/1997,210.0
6562,12/19/1997,199.0
6563,12/20/1997,190.0
6564,12/21/1997,188.0
6565,12/22/1997,187.0
6566,12/23/1997,185.0
6567,12/24/1997,182.0
6568,12/25/1997,178.0
6569,12/26/1997,174.0
6570,12/27/1997,170.0
6571,12/28/1997,165.0
6572,12/29/1997,161.0
6573,12/30/1997,158.0
6574,12/31/1997,156.0
6575,1/1/1998,155.0
6576,1/2/1998,152.0
6577,1/3/1998,149.0
6578,1/4/1998,146.0
6579,1/5/1998,145.0
6580,1/6/1998,144.0
6581,1/7/1998,142.0
6582,1/8/1998,141.0
6583,1/9/1998,140.0
6584,1/10/1998,137.0
6585,1/11/1998,135.0
6586,1/12/1998,131.0
6587,1/13/1998,129.0
6588,1/14/1998,129.0
6589,1/15/1998,128.0
6590,1/16/1998,127.0
6591,1/17/1998,126.0
6592,1/18/1998,123.0
6593,1/19/1998,119.0
6594,1/20/1998,117.0
6595,1/21/1998,116.0
6596,1/22/1998,116.0
6597,1/23/1998,116.0
6598,1/24/1998,114.0
6599,1/25/1998,113.0
6600,1/26/1998,112.0
6601,1/27/1998,111.0
6602,1/28/1998,111.0
6603,1/29/1998,111.0
6604,1/30/1998,110.0
6605,1/31/1998,110.0
6606,2/1/1998,109.0
6607,2/2/1998,108.0
6608,2/3/1998,111.0
6609,2/4/1998,112.0
6610,2/5/1998,110.0
6611,2/6/1998,107.0
6612,2/7/1998,106.0
6613,2/8/1998,106.0
6614,2/9/1998,105.0
6615,2/10/1998,103.0
6616,2/11/1998,102.0
6617,2/12/1998,102.0
6618,2/13/1998,102.0
6619,2/14/1998,102.0
6620,2/15/1998,101.0
6621,2/16/1998,98.8
6622,2/17/1998,97.4
6623,2/18/1998,96.0
6624,2/19/1998,96.7
6625,2/20/1998,102.0
6626,2/21/1998,98.1
6627,2/22/1998,96.0
6628,2/23/1998,94.6
6629,2/24/1998,92.6
6630,2/25/1998,101.0
6631,2/26/1998,106.0
6632,2/27/1998,97.4
6633,2/28/1998,101.0
6634,3/1/1998,99.5
6635,3/2/1998,98.1
6636,3/3/1998,97.4
6637,3/4/1998,95.3
6638,3/5/1998,96.0
6639,3/6/1998,100.0
6640,3/7/1998,106.0
6641,3/8/1998,108.0
6642,3/9/1998,98.8
6643,3/10/1998,100.0
6644,3/11/1998,97.4
6645,3/12/1998,95.3
6646,3/13/1998,94.0
6647,3/14/1998,95.3
6648,3/15/1998,104.0
6649,3/16/1998,95.3
6650,3/17/1998,92.6
6651,3/18/1998,91.2
6652,3/19/1998,92.6
6653,3/20/1998,107.0
6654,3/21/1998,104.0
6655,3/22/1998,104.0
6656,3/23/1998,96.0
6657,3/24/1998,98.8
6658,3/25/1998,96.0
6659,3/26/1998,96.0
6660,3/27/1998,94.6
6661,3/28/1998,91.9
6662,3/29/1998,91.9
6663,3/30/1998,94.6
6664,3/31/1998,116.0
6665,4/1/1998,116.0
6666,4/2/1998,109.0
6667,4/3/1998,109.0
6668,4/4/1998,106.0
6669,4/5/1998,106.0
6670,4/6/1998,104.0
6671,4/7/1998,102.0
6672,4/8/1998,113.0
6673,4/9/1998,123.0
6674,4/10/1998,116.0
6675,4/11/1998,106.0
6676,4/12/1998,106.0
6677,4/13/1998,106.0
6678,4/14/1998,105.0
6679,4/15/1998,104.0
6680,4/16/1998,104.0
6681,4/17/1998,104.0
6682,4/18/1998,104.0
6683,4/19/1998,107.0
6684,4/20/1998,124.0
6685,4/21/1998,129.0
6686,4/22/1998,132.0
6687,4/23/1998,154.0
6688,4/24/1998,158.0
6689,4/25/1998,159.0
6690,4/26/1998,150.0
6691,4/27/1998,171.0
6692,4/28/1998,165.0
6693,4/29/1998,167.0
6694,4/30/1998,166.0
6695,5/1/1998,156.0
6696,5/2/1998,169.0
6697,5/3/1998,186.0
6698,5/4/1998,223.0
6699,5/5/1998,260.0
6700,5/6/1998,235.0
6701,5/7/1998,251.0
6702,5/8/1998,219.0
6703,5/9/1998,192.0
6704,5/10/1998,181.0
6705,5/11/1998,181.0
6706,5/12/1998,150.0
6707,5/13/1998,140.0
6708,5/14/1998,143.0
6709,5/15/1998,187.0
6710,5/16/1998,186.0
6711,5/17/1998,182.0
6712,5/18/1998,191.0
6713,5/19/1998,208.0
6714,5/20/1998,196.0
6715,5/21/1998,191.0
6716,5/22/1998,216.0
6717,5/23/1998,230.0
6718,5/24/1998,243.0
6719,5/25/1998,265.0
6720,5/26/1998,250.0
6721,5/27/1998,246.0
6722,5/28/1998,249.0
6723,5/29/1998,251.0
6724,5/30/1998,253.0
6725,5/31/1998,226.0
6726,6/1/1998,209.0
6727,6/2/1998,215.0
6728,6/3/1998,224.0
6729,6/4/1998,225.0
6730,6/5/1998,229.0
6731,6/6/1998,201.0
6732,6/7/1998,210.0
6733,6/8/1998,216.0
6734,6/9/1998,220.0
6735,6/10/1998,235.0
6736,6/11/1998,201.0
6737,6/12/1998,232.0
6738,6/13/1998,223.0
6739,6/14/1998,250.0
6740,6/15/1998,226.0
6741,6/16/1998,275.0
6742,6/17/1998,228.0
6743,6/18/1998,213.0
6744,6/19/1998,261.0
6745,6/20/1998,818.0
6746,6/21/1998,938.0
6747,6/22/1998,821.0
6748,6/23/1998,637.0
6749,6/24/1998,656.0
6750,6/25/1998,706.0
6751,6/26/1998,832.0
6752,6/27/1998,1740.0
6753,6/28/1998,1550.0
6754,6/29/1998,1680.0
6755,6/30/1998,1370.0
6756,7/1/1998,1140.0
6757,7/2/1998,1180.0
6758,7/3/1998,1190.0
6759,7/4/1998,1080.0
6760,7/5/1998,1760.0
6761,7/6/1998,1880.0
6762,7/7/1998,1730.0
6763,7/8/1998,5730.0
6764,7/9/1998,4610.0
6765,7/10/1998,2760.0
6766,7/11/1998,1840.0
6767,7/12/1998,1690.0
6768,7/13/1998,1640.0
6769,7/14/1998,1750.0
6770,7/15/1998,1310.0
6771,7/16/1998,1360.0
6772,7/17/1998,1430.0
6773,7/18/1998,1760.0
6774,7/19/1998,2330.0
6775,7/20/1998,2180.0
6776,7/21/1998,2560.0
6777,7/22/1998,1760.0
6778,7/23/1998,1800.0
6779,7/24/1998,1750.0
6780,7/25/1998,1850.0
6781,7/26/1998,1790.0
6782,7/27/1998,1420.0
6783,7/28/1998,1700.0
6784,7/29/1998,1440.0
6785,7/30/1998,1320.0
6786,7/31/1998,1190.0
6787,8/1/1998,1180.0
6788,8/2/1998,1160.0
6789,8/3/1998,2430.0
6790,8/4/1998,3090.0
6791,8/5/1998,2200.0
6792,8/6/1998,2120.0
6793,8/7/1998,1970.0
6794,8/8/1998,1660.0
6795,8/9/1998,1660.0
6796,8/10/1998,1740.0
6797,8/11/1998,2130.0
6798,8/12/1998,2230.0
6799,8/13/1998,3280.0
6800,8/14/1998,4450.0
6801,8/15/1998,3850.0
6802,8/16/1998,2960.0
6803,8/17/1998,2400.0
6804,8/18/1998,3140.0
6805,8/19/1998,4180.0
6806,8/20/1998,2450.0
6807,8/21/1998,3820.0
6808,8/22/1998,3650.0
6809,8/23/1998,3000.0
6810,8/24/1998,2900.0
6811,8/25/1998,2760.0
6812,8/26/1998,2680.0
6813,8/27/1998,4040.0
6814,8/28/1998,2820.0
6815,8/29/1998,2580.0
6816,8/30/1998,2930.0
6817,8/31/1998,2700.0
6818,9/1/1998,3320.0
6819,9/2/1998,2850.0
6820,9/3/1998,2650.0
6821,9/4/1998,2260.0
6822,9/5/1998,2060.0
6823,9/6/1998,2410.0
6824,9/7/1998,2160.0
6825,9/8/1998,1630.0
6826,9/9/1998,1350.0
6827,9/10/1998,1190.0
6828,9/11/1998,1070.0
6829,9/12/1998,990.0
6830,9/13/1998,895.0
6831,9/14/1998,855.0
6832,9/15/1998,804.0
6833,9/16/1998,764.0
6834,9/17/1998,944.0
6835,9/18/1998,718.0
6836,9/19/1998,707.0
6837,9/20/1998,666.0
6838,9/21/1998,681.0
6839,9/22/1998,696.0
6840,9/23/1998,621.0
6841,9/24/1998,619.0
6842,9/25/1998,592.0
6843,9/26/1998,594.0
6844,9/27/1998,535.0
6845,9/28/1998,597.0
6846,9/29/1998,638.0
6847,9/30/1998,636.0
6848,10/1/1998,673.0
6849,10/2/1998,685.0
6850,10/3/1998,683.0
6851,10/4/1998,655.0
6852,10/5/1998,630.0
6853,10/6/1998,552.0
6854,10/7/1998,540.0
6855,10/8/1998,508.0
6856,10/9/1998,510.0
6857,10/10/1998,467.0
6858,10/11/1998,464.0
6859,10/12/1998,460.0
6860,10/13/1998,428.0
6861,10/14/1998,417.0
6862,10/15/1998,405.0
6863,10/16/1998,394.0
6864,10/17/1998,383.0
6865,10/18/1998,409.0
6866,10/19/1998,456.0
6867,10/20/1998,402.0
6868,10/21/1998,376.0
6869,10/22/1998,370.0
6870,10/23/1998,360.0
6871,10/24/1998,349.0
6872,10/25/1998,341.0
6873,10/26/1998,334.0
6874,10/27/1998,325.0
6875,10/28/1998,318.0
6876,10/29/1998,310.0
6877,10/30/1998,309.0
6878,10/31/1998,302.0
6879,11/1/1998,298.0
6880,11/2/1998,295.0
6881,11/3/1998,291.0
6882,11/4/1998,285.0
6883,11/5/1998,281.0
6884,11/6/1998,280.0
6885,11/7/1998,278.0
6886,11/8/1998,262.0
6887,11/9/1998,253.0
6888,11/10/1998,254.0
6889,11/11/1998,243.0
6890,11/12/1998,236.0
6891,11/13/1998,234.0
6892,11/14/1998,233.0
6893,11/15/1998,233.0
6894,11/16/1998,229.0
6895,11/17/1998,228.0
6896,11/18/1998,223.0
6897,11/19/1998,222.0
6898,11/20/1998,228.0
6899,11/21/1998,225.0
6900,11/22/1998,216.0
6901,11/23/1998,205.0
6902,11/24/1998,203.0
6903,11/25/1998,202.0
6904,11/26/1998,198.0
6905,11/27/1998,195.0
6906,11/28/1998,190.0
6907,11/29/1998,189.0
6908,11/30/1998,187.0
6909,12/1/1998,184.0
6910,12/2/1998,182.0
6911,12/3/1998,179.0
6912,12/4/1998,177.0
6913,12/5/1998,176.0
6914,12/6/1998,174.0
6915,12/7/1998,172.0
6916,12/8/1998,169.0
6917,12/9/1998,167.0
6918,12/10/1998,164.0
6919,12/11/1998,160.0
6920,12/12/1998,157.0
6921,12/13/1998,155.0
6922,12/14/1998,154.0
6923,12/15/1998,151.0
6924,12/16/1998,152.0
6925,12/17/1998,150.0
6926,12/18/1998,148.0
6927,12/19/1998,145.0
6928,12/20/1998,143.0
6929,12/21/1998,142.0
6930,12/22/1998,140.0
6931,12/23/1998,138.0
6932,12/24/1998,136.0
6933,12/25/1998,134.0
6934,12/26/1998,133.0
6935,12/27/1998,132.0
6936,12/28/1998,132.0
6937,12/29/1998,132.0
6938,12/30/1998,130.0
6939,12/31/1998,130.0
6940,1/1/1999,128.0
6941,1/2/1999,128.0
6942,1/3/1999,128.0
6943,1/4/1999,127.0
6944,1/5/1999,126.0
6945,1/6/1999,125.0
6946,1/7/1999,126.0
6947,1/8/1999,124.0
6948,1/9/1999,122.0
6949,1/10/1999,124.0
6950,1/11/1999,129.0
6951,1/12/1999,127.0
6952,1/13/1999,121.0
6953,1/14/1999,119.0
6954,1/15/1999,115.0
6955,1/16/1999,115.0
6956,1/17/1999,114.0
6957,1/18/1999,112.0
6958,1/19/1999,112.0
6959,1/20/1999,110.0
6960,1/21/1999,108.0
6961,1/22/1999,110.0
6962,1/23/1999,108.0
6963,1/24/1999,106.0
6964,1/25/1999,106.0
6965,1/26/1999,104.0
6966,1/27/1999,103.0
6967,1/28/1999,103.0
6968,1/29/1999,113.0
6969,1/30/1999,113.0
6970,1/31/1999,123.0
6971,2/1/1999,103.0
6972,2/2/1999,102.0
6973,2/3/1999,102.0
6974,2/4/1999,101.0
6975,2/5/1999,109.0
6976,2/6/1999,98.8
6977,2/7/1999,97.3
6978,2/8/1999,96.5
6979,2/9/1999,95.8
6980,2/10/1999,95.8
6981,2/11/1999,94.2
6982,2/12/1999,94.2
6983,2/13/1999,92.7
6984,2/14/1999,91.9
6985,2/15/1999,91.1
6986,2/16/1999,89.6
6987,2/17/1999,90.4
6988,2/18/1999,89.6
6989,2/19/1999,88.2
6990,2/20/1999,86.7
6991,2/21/1999,87.4
6992,2/22/1999,86.7
6993,2/23/1999,85.2
6994,2/24/1999,88.2
6995,2/25/1999,87.4
6996,2/26/1999,86.7
6997,2/27/1999,86.0
6998,2/28/1999,85.2
6999,3/1/1999,83.1
7000,3/2/1999,82.3
7001,3/3/1999,82.3
7002,3/4/1999,81.6
7003,3/5/1999,83.8
7004,3/6/1999,82.3
7005,3/7/1999,80.9
7006,3/8/1999,80.2
7007,3/9/1999,80.9
7008,3/10/1999,81.6
7009,3/11/1999,80.2
7010,3/12/1999,78.7
7011,3/13/1999,78.0
7012,3/14/1999,76.6
7013,3/15/1999,75.1
7014,3/16/1999,75.9
7015,3/17/1999,77.3
7016,3/18/1999,78.0
7017,3/19/1999,77.3
7018,3/20/1999,75.1
7019,3/21/1999,78.1
7020,3/22/1999,78.0
7021,3/23/1999,75.1
7022,3/24/1999,73.8
7023,3/25/1999,72.5
7024,3/26/1999,73.8
7025,3/27/1999,73.8
7026,3/28/1999,70.5
7027,3/29/1999,68.6
7028,3/30/1999,67.2
7029,3/31/1999,78.0
7030,4/1/1999,82.4
7031,4/2/1999,86.7
7032,4/3/1999,85.2
7033,4/4/1999,84.5
7034,4/5/1999,83.1
7035,4/6/1999,80.9
7036,4/7/1999,79.4
7037,4/8/1999,79.4
7038,4/9/1999,82.4
7039,4/10/1999,92.7
7040,4/11/1999,86.0
7041,4/12/1999,85.2
7042,4/13/1999,99.6
7043,4/14/1999,109.0
7044,4/15/1999,118.0
7045,4/16/1999,100.0
7046,4/17/1999,88.2
7047,4/18/1999,85.2
7048,4/19/1999,81.6
7049,4/20/1999,77.3
7050,4/21/1999,83.8
7051,4/22/1999,87.4
7052,4/23/1999,88.2
7053,4/24/1999,95.0
7054,4/25/1999,127.0
7055,4/26/1999,121.0
7056,4/27/1999,120.0
7057,4/28/1999,117.0
7058,4/29/1999,109.0
7059,4/30/1999,119.0
7060,5/1/1999,116.0
7061,5/2/1999,120.0
7062,5/3/1999,114.0
7063,5/4/1999,124.0
7064,5/5/1999,120.0
7065,5/6/1999,115.0
7066,5/7/1999,128.0
7067,5/8/1999,130.0
7068,5/9/1999,133.0
7069,5/10/1999,120.0
7070,5/11/1999,125.0
7071,5/12/1999,158.0
7072,5/13/1999,120.0
7073,5/14/1999,113.0
7074,5/15/1999,131.0
7075,5/16/1999,140.0
7076,5/17/1999,121.0
7077,5/18/1999,130.0
7078,5/19/1999,123.0
7079,5/20/1999,120.0
7080,5/21/1999,122.0
7081,5/22/1999,167.0
7082,5/23/1999,167.0
7083,5/24/1999,179.0
7084,5/25/1999,205.0
7085,5/26/1999,171.0
7086,5/27/1999,258.0
7087,5/28/1999,181.12
7088,5/29/1999,182.12
7089,5/30/1999,179.06
7090,5/31/1999,172.42
7091,6/1/1999,450.2296941442396
7092,6/2/1999,450.2296941442396
7093,6/3/1999,450.2296941442396
7094,6/4/1999,450.2296941442396
7095,6/5/1999,450.2296941442396
7096,6/6/1999,450.2296941442396
7097,6/7/1999,450.2296941442396
7098,6/8/1999,450.2296941442396
7099,6/9/1999,450.2296941442396
7100,6/10/1999,450.2296941442396
7101,6/11/1999,450.2296941442396
7102,6/12/1999,450.2296941442396
7103,6/13/1999,450.2296941442396
7104,6/14/1999,2040.0
7105,6/15/1999,1140.0
7106,6/16/1999,543.0
7107,6/17/1999,522.0
7108,6/18/1999,544.0
7109,6/19/1999,504.0
7110,6/20/1999,494.0
7111,6/21/1999,523.0
7112,6/22/1999,543.0
7113,6/23/1999,553.0
7114,6/24/1999,640.0
7115,6/25/1999,1130.0
7116,6/26/1999,923.0
7117,6/27/1999,866.0
7118,6/28/1999,812.0
7119,6/29/1999,673.0
7120,6/30/1999,673.0
7121,7/1/1999,730.0
7122,7/2/1999,878.0
7123,7/3/1999,888.0
7124,7/4/1999,1510.0
7125,7/5/1999,1140.0
7126,7/6/1999,886.0
7127,7/7/1999,1120.0
7128,7/8/1999,1130.0
7129,7/9/1999,1050.0
7130,7/10/1999,2370.0
7131,7/11/1999,2230.0
7132,7/12/1999,1040.0
7133,7/13/1999,1380.0
7134,7/14/1999,1040.0
7135,7/15/1999,939.0
7136,7/16/1999,772.0
7137,7/17/1999,433.0
7138,7/18/1999,1220.0
7139,7/19/1999,1230.0
7140,7/20/1999,1340.0
7141,7/21/1999,1460.0
7142,7/22/1999,1120.0
7143,7/23/1999,1140.0
7144,7/24/1999,1060.0
7145,7/25/1999,1240.0
7146,7/26/1999,1390.0
7147,7/27/1999,1680.0
7148,7/28/1999,1930.0
7149,7/29/1999,1650.0
7150,7/30/1999,1530.0
7151,7/31/1999,2420.0
7152,8/1/1999,2080.0
7153,8/2/1999,1820.0
7154,8/3/1999,1780.0
7155,8/4/1999,1700.0
7156,8/5/1999,857.0
7157,8/6/1999,838.0
7158,8/7/1999,799.0
7159,8/8/1999,806.0
7160,8/9/1999,839.0
7161,8/10/1999,836.0
7162,8/11/1999,820.0
7163,8/12/1999,848.0
7164,8/13/1999,2140.0
7165,8/14/1999,2580.0
7166,8/15/1999,2210.0
7167,8/16/1999,1700.0
7168,8/17/1999,1350.0
7169,8/18/1999,1320.0
7170,8/19/1999,1400.0
7171,8/20/1999,1310.0
7172,8/21/1999,1380.0
7173,8/22/1999,1690.0
7174,8/23/1999,2390.0
7175,8/24/1999,3560.0
7176,8/25/1999,2990.0
7177,8/26/1999,4080.0
7178,8/27/1999,4290.0
7179,8/28/1999,2340.0
7180,8/29/1999,2050.0
7181,8/30/1999,2060.0
7182,8/31/1999,2050.0
7183,9/1/1999,2270.0
7184,9/2/1999,1760.0
7185,9/3/1999,1800.0
7186,9/4/1999,1620.0
7187,9/5/1999,1320.0
7188,9/6/1999,1200.0
7189,9/7/1999,1110.0
7190,9/8/1999,1120.0
7191,9/9/1999,1690.0
7192,9/10/1999,1740.0
7193,9/11/1999,1330.0
7194,9/12/1999,1340.0
7195,9/13/1999,1040.0
7196,9/14/1999,1000.0
7197,9/15/1999,983.0
7198,9/16/1999,926.0
7199,9/17/1999,924.0
7200,9/18/1999,883.0
7201,9/19/1999,776.0
7202,9/20/1999,783.0
7203,9/21/1999,797.0
7204,9/22/1999,793.0
7205,9/23/1999,782.0
7206,9/24/1999,731.0
7207,9/25/1999,701.0
7208,9/26/1999,691.0
7209,9/27/1999,691.0
7210,9/28/1999,907.0
7211,9/29/1999,929.0
7212,9/30/1999,1110.0
7213,10/1/1999,823.0
7214,10/2/1999,1040.0
7215,10/3/1999,931.0
7216,10/4/1999,883.0
7217,10/5/1999,798.0
7218,10/6/1999,799.0
7219,10/7/1999,815.0
7220,10/8/1999,811.0
7221,10/9/1999,793.0
7222,10/10/1999,659.0
7223,10/11/1999,635.0
7224,10/12/1999,565.0
7225,10/13/1999,533.0
7226,10/14/1999,510.0
7227,10/15/1999,503.0
7228,10/16/1999,473.0
7229,10/17/1999,425.0
7230,10/18/1999,405.0
7231,10/19/1999,399.0
7232,10/20/1999,408.0
7233,10/21/1999,403.0
7234,10/22/1999,388.0
7235,10/23/1999,361.0
7236,10/24/1999,349.0
7237,10/25/1999,332.0
7238,10/26/1999,318.0
7239,10/27/1999,324.0
7240,10/28/1999,321.0
7241,10/29/1999,315.0
7242,10/30/1999,311.0
7243,10/31/1999,321.0
7244,11/1/1999,319.0
7245,11/2/1999,308.0
7246,11/3/1999,304.0
7247,11/4/1999,306.0
7248,11/5/1999,285.0
7249,11/6/1999,264.0
7250,11/7/1999,258.0
7251,11/8/1999,250.0
7252,11/9/1999,244.0
7253,11/10/1999,236.0
7254,11/11/1999,234.0
7255,11/12/1999,231.0
7256,11/13/1999,229.0
7257,11/14/1999,222.0
7258,11/15/1999,219.0
7259,11/16/1999,219.0
7260,11/17/1999,226.0
7261,11/18/1999,213.0
7262,11/19/1999,210.0
7263,11/20/1999,208.0
7264,11/21/1999,206.0
7265,11/22/1999,201.0
7266,11/23/1999,195.0
7267,11/24/1999,193.0
7268,11/25/1999,190.0
7269,11/26/1999,185.0
7270,11/27/1999,179.0
7271,11/28/1999,179.0
7272,11/29/1999,176.0
7273,11/30/1999,174.0
7274,12/1/1999,173.0
7275,12/2/1999,171.0
7276,12/3/1999,169.0
7277,12/4/1999,167.0
7278,12/5/1999,165.0
7279,12/6/1999,161.0
7280,12/7/1999,156.0
7281,12/8/1999,154.0
7282,12/9/1999,152.0
7283,12/10/1999,151.0
7284,12/11/1999,149.0
7285,12/12/1999,145.0
7286,12/13/1999,143.0
7287,12/14/1999,142.0
7288,12/15/1999,140.0
7289,12/16/1999,138.0
7290,12/17/1999,136.0
7291,12/18/1999,134.0
7292,12/19/1999,133.0
7293,12/20/1999,131.0
7294,12/21/1999,130.0
7295,12/22/1999,129.0
7296,12/23/1999,126.0
7297,12/24/1999,125.0
7298,12/25/1999,125.0
7299,12/26/1999,126.0
7300,12/27/1999,126.0
7301,12/28/1999,125.0
7302,12/29/1999,124.0
7303,12/30/1999,122.0
7304,12/31/1999,122.0
7305,1/1/2000,120.0
7306,1/2/2000,119.0
7307,1/3/2000,118.0
7308,1/4/2000,118.0
7309,1/5/2000,117.0
7310,1/6/2000,115.0
7311,1/7/2000,115.0
7312,1/8/2000,115.0
7313,1/9/2000,114.0
7314,1/10/2000,113.0
7315,1/11/2000,110.0
7316,1/12/2000,106.0
7317,1/13/2000,107.0
7318,1/14/2000,112.0
7319,1/15/2000,114.0
7320,1/16/2000,111.0
7321,1/17/2000,110.0
7322,1/18/2000,108.0
7323,1/19/2000,107.0
7324,1/20/2000,106.0
7325,1/21/2000,105.0
7326,1/22/2000,103.0
7327,1/23/2000,103.0
7328,1/24/2000,101.0
7329,1/25/2000,100.0
7330,1/26/2000,99.8
7331,1/27/2000,99.1
7332,1/28/2000,99.1
7333,1/29/2000,97.0
7334,1/30/2000,96.2
7335,1/31/2000,94.8
7336,2/1/2000,92.7
7337,2/2/2000,95.5
7338,2/3/2000,94.8
7339,2/4/2000,92.7
7340,2/5/2000,91.3
7341,2/6/2000,94.8
7342,2/7/2000,97.0
7343,2/8/2000,99.1
7344,2/9/2000,96.2
7345,2/10/2000,93.4
7346,2/11/2000,91.3
7347,2/12/2000,92.7
7348,2/13/2000,99.1
7349,2/14/2000,96.2
7350,2/15/2000,92.0
7351,2/16/2000,89.9
7352,2/17/2000,88.6
7353,2/18/2000,87.3
7354,2/19/2000,85.3
7355,2/20/2000,84.6
7356,2/21/2000,83.3
7357,2/22/2000,82.0
7358,2/23/2000,82.0
7359,2/24/2000,79.3
7360,2/25/2000,78.0
7361,2/26/2000,78.0
7362,2/27/2000,76.7
7363,2/28/2000,76.7
7364,2/29/2000,78.0
7365,3/1/2000,78.7
7366,3/2/2000,78.7
7367,3/3/2000,79.3
7368,3/4/2000,79.3
7369,3/5/2000,78.7
7370,3/6/2000,77.4
7371,3/7/2000,76.1
7372,3/8/2000,74.9
7373,3/9/2000,73.7
7374,3/10/2000,73.1
7375,3/11/2000,73.7
7376,3/12/2000,72.5
7377,3/13/2000,74.3
7378,3/14/2000,73.7
7379,3/15/2000,75.5
7380,3/16/2000,78.7
7381,3/17/2000,74.9
7382,3/18/2000,72.5
7383,3/19/2000,73.1
7384,3/20/2000,73.7
7385,3/21/2000,73.1
7386,3/22/2000,71.9
7387,3/23/2000,71.9
7388,3/24/2000,75.5
7389,3/25/2000,78.0
7390,3/26/2000,78.0
7391,3/27/2000,75.5
7392,3/28/2000,74.9
7393,3/29/2000,73.7
7394,3/30/2000,73.7
7395,3/31/2000,76.8
7396,4/1/2000,88.2
7397,4/2/2000,91.5
7398,4/3/2000,92.7
7399,4/4/2000,95.5
7400,4/5/2000,87.9
7401,4/6/2000,89.3
7402,4/7/2000,85.3
7403,4/8/2000,86.6
7404,4/9/2000,86.6
7405,4/10/2000,90.0
7406,4/11/2000,87.9
7407,4/12/2000,78.0
7408,4/13/2000,81.3
7409,4/14/2000,86.0
7410,4/15/2000,103.0
7411,4/16/2000,103.0
7412,4/17/2000,97.0
7413,4/18/2000,110.0
7414,4/19/2000,112.0
7415,4/20/2000,114.0
7416,4/21/2000,109.0
7417,4/22/2000,107.0
7418,4/23/2000,118.0
7419,4/24/2000,126.0
7420,4/25/2000,136.0
7421,4/26/2000,130.0
7422,4/27/2000,122.0
7423,4/28/2000,130.0
7424,4/29/2000,125.0
7425,4/30/2000,113.0
7426,5/1/2000,118.0
7427,5/2/2000,113.0
7428,5/3/2000,111.0
7429,5/4/2000,113.0
7430,5/5/2000,114.0
7431,5/6/2000,133.0
7432,5/7/2000,220.0
7433,5/8/2000,124.0
7434,5/9/2000,111.0
7435,5/10/2000,111.0
7436,5/11/2000,114.0
7437,5/12/2000,130.0
7438,5/13/2000,138.0
7439,5/14/2000,141.0
7440,5/15/2000,140.0
7441,5/16/2000,154.0
7442,5/17/2000,165.0
7443,5/18/2000,151.0
7444,5/19/2000,156.0
7445,5/20/2000,173.0
7446,5/21/2000,181.0
7447,5/22/2000,245.0
7448,5/23/2000,217.0
7449,5/24/2000,319.0
7450,5/25/2000,310.0
7451,5/26/2000,288.0
7452,5/27/2000,309.0
7453,5/28/2000,315.0
7454,5/29/2000,249.0
7455,5/30/2000,244.0
7456,5/31/2000,252.0
7457,6/1/2000,230.0
7458,6/2/2000,216.0
7459,6/3/2000,205.0
7460,6/4/2000,200.0
7461,6/5/2000,231.0
7462,6/6/2000,229.0
7463,6/7/2000,279.0
7464,6/8/2000,1850.0
7465,6/9/2000,2490.0
7466,6/10/2000,1140.0
7467,6/11/2000,686.0
7468,6/12/2000,540.0
7469,6/13/2000,476.0
7470,6/14/2000,451.0
7471,6/15/2000,552.0
7472,6/16/2000,956.0
7473,6/17/2000,1130.0
7474,6/18/2000,973.0
7475,6/19/2000,878.0
7476,6/20/2000,768.0
7477,6/21/2000,690.0
7478,6/22/2000,1440.0
7479,6/23/2000,1760.0
7480,6/24/2000,1260.0
7481,6/25/2000,960.0
7482,6/26/2000,795.0
7483,6/27/2000,688.0
7484,6/28/2000,653.0
7485,6/29/2000,702.0
7486,6/30/2000,1010.0
7487,7/1/2000,1110.0
7488,7/2/2000,1060.0
7489,7/3/2000,1170.0
7490,7/4/2000,1120.0
7491,7/5/2000,1130.0
7492,7/6/2000,1180.0
7493,7/7/2000,2130.0
7494,7/8/2000,2550.0
7495,7/9/2000,2220.0
7496,7/10/2000,1490.0
7497,7/11/2000,1500.0
7498,7/12/2000,1400.0
7499,7/13/2000,1220.0
7500,7/14/2000,980.0
7501,7/15/2000,1310.0
7502,7/16/2000,1170.0
7503,7/17/2000,968.0
7504,7/18/2000,1080.0
7505,7/19/2000,797.0
7506,7/20/2000,1030.0
7507,7/21/2000,1040.0
7508,7/22/2000,1490.0
7509,7/23/2000,1400.0
7510,7/24/2000,1249.91
7511,7/25/2000,1349.79
7512,7/26/2000,1367.29
7513,7/27/2000,1374.06
7514,7/28/2000,1555.53
7515,7/29/2000,1400.06
7516,7/30/2000,1442.94
7517,7/31/2000,1652.53
7518,8/1/2000,2220.0
7519,8/2/2000,1860.0
7520,8/3/2000,1630.0
7521,8/4/2000,1210.0
7522,8/5/2000,1050.0
7523,8/6/2000,883.0
7524,8/7/2000,892.0
7525,8/8/2000,1040.0
7526,8/9/2000,3480.0
7527,8/10/2000,2290.0
7528,8/11/2000,2170.0
7529,8/12/2000,2300.0
7530,8/13/2000,1540.0
7531,8/14/2000,1460.0
7532,8/15/2000,1640.0
7533,8/16/2000,1580.0
7534,8/17/2000,1300.0
7535,8/18/2000,1250.0
7536,8/19/2000,1220.0
7537,8/20/2000,1200.0
7538,8/21/2000,1090.0
7539,8/22/2000,1248.0
7540,8/23/2000,1290.0
7541,8/24/2000,1400.0
7542,8/25/2000,1340.0
7543,8/26/2000,1420.0
7544,8/27/2000,1380.0
7545,8/28/2000,1600.0
7546,8/29/2000,2040.0
7547,8/30/2000,2170.0
7548,8/31/2000,2020.0
7549,9/1/2000,1780.0
7550,9/2/2000,1860.0
7551,9/3/2000,1500.0
7552,9/4/2000,1330.0
7553,9/5/2000,1200.0
7554,9/6/2000,1190.0
7555,9/7/2000,1190.0
7556,9/8/2000,1840.0
7557,9/9/2000,2570.0
7558,9/10/2000,2450.0
7559,9/11/2000,2030.0
7560,9/12/2000,1870.0
7561,9/13/2000,1400.0
7562,9/14/2000,1190.0
7563,9/15/2000,1240.0
7564,9/16/2000,1080.0
7565,9/17/2000,1000.0
7566,9/18/2000,1300.0
7567,9/19/2000,1680.0
7568,9/20/2000,1460.0
7569,9/21/2000,1340.0
7570,9/22/2000,1180.0
7571,9/23/2000,948.0
7572,9/24/2000,888.0
7573,9/25/2000,815.0
7574,9/26/2000,806.0
7575,9/27/2000,692.0
7576,9/28/2000,653.0
7577,9/29/2000,573.0
7578,9/30/2000,526.0
7579,10/1/2000,517.0
7580,10/2/2000,498.0
7581,10/3/2000,487.0
7582,10/4/2000,479.0
7583,10/5/2000,464.0
7584,10/6/2000,449.0
7585,10/7/2000,417.0
7586,10/8/2000,397.0
7587,10/9/2000,390.0
7588,10/10/2000,378.0
7589,10/11/2000,370.0
7590,10/12/2000,360.0
7591,10/13/2000,352.0
7592,10/14/2000,340.0
7593,10/15/2000,335.0
7594,10/16/2000,324.0
7595,10/17/2000,319.0
7596,10/18/2000,315.0
7597,10/19/2000,306.0
7598,10/20/2000,302.0
7599,10/21/2000,298.0
7600,10/22/2000,295.0
7601,10/23/2000,294.0
7602,10/24/2000,292.0
7603,10/25/2000,286.0
7604,10/26/2000,284.0
7605,10/27/2000,279.0
7606,10/28/2000,270.0
7607,10/29/2000,258.0
7608,10/30/2000,253.0
7609,10/31/2000,251.0
7610,11/1/2000,250.0
7611,11/2/2000,250.0
7612,11/3/2000,251.0
7613,11/4/2000,242.0
7614,11/5/2000,244.0
7615,11/6/2000,242.0
7616,11/7/2000,237.0
7617,11/8/2000,232.0
7618,11/9/2000,228.0
7619,11/10/2000,224.0
7620,11/11/2000,219.0
7621,11/12/2000,216.0
7622,11/13/2000,214.0
7623,11/14/2000,212.0
7624,11/15/2000,204.0
7625,11/16/2000,199.0
7626,11/17/2000,196.0
7627,11/18/2000,196.0
7628,11/19/2000,194.0
7629,11/20/2000,194.0
7630,11/21/2000,187.0
7631,11/22/2000,184.0
7632,11/23/2000,179.0
7633,11/24/2000,175.0
7634,11/25/2000,173.0
7635,11/26/2000,172.0
7636,11/27/2000,169.0
7637,11/28/2000,165.0
7638,11/29/2000,164.0
7639,11/30/2000,161.0
7640,12/1/2000,158.0
7641,12/2/2000,154.0
7642,12/3/2000,152.0
7643,12/4/2000,149.0
7644,12/5/2000,149.0
7645,12/6/2000,147.0
7646,12/7/2000,145.0
7647,12/8/2000,145.0
7648,12/9/2000,143.0
7649,12/10/2000,140.0
7650,12/11/2000,138.0
7651,12/12/2000,137.0
7652,12/13/2000,136.0
7653,12/14/2000,135.0
7654,12/15/2000,134.0
7655,12/16/2000,133.0
7656,12/17/2000,133.0
7657,12/18/2000,131.0
7658,12/19/2000,132.0
7659,12/20/2000,131.0
7660,12/21/2000,130.0
7661,12/22/2000,129.0
7662,12/23/2000,128.0
7663,12/24/2000,128.0
7664,12/25/2000,126.0
7665,12/26/2000,126.0
7666,12/27/2000,123.0
7667,12/28/2000,122.0
7668,12/29/2000,120.0
7669,12/30/2000,120.0
7670,12/31/2000,118.0
7671,1/1/2001,118.0
7672,1/2/2001,123.0
7673,1/3/2001,118.0
7674,1/4/2001,116.0
7675,1/5/2001,114.0
7676,1/6/2001,111.0
7677,1/7/2001,109.0
7678,1/8/2001,107.0
7679,1/9/2001,109.0
7680,1/10/2001,106.0
7681,1/11/2001,107.0
7682,1/12/2001,106.0
7683,1/13/2001,106.0
7684,1/14/2001,105.0
7685,1/15/2001,104.0
7686,1/16/2001,104.0
7687,1/17/2001,105.0
7688,1/18/2001,101.0
7689,1/19/2001,101.0
7690,1/20/2001,99.8
7691,1/21/2001,97.9
7692,1/22/2001,97.9
7693,1/23/2001,97.0
7694,1/24/2001,95.5
7695,1/25/2001,95.5
7696,1/26/2001,94.1
7697,1/27/2001,92.2
7698,1/28/2001,91.8
7699,1/29/2001,95.5
7700,1/30/2001,98.4
7701,1/31/2001,98.4
7702,2/1/2001,99.3
7703,2/2/2001,97.4
7704,2/3/2001,95.5
7705,2/4/2001,91.3
7706,2/5/2001,89.9
7707,2/6/2001,89.5
7708,2/7/2001,87.7
7709,2/8/2001,87.7
7710,2/9/2001,87.3
7711,2/10/2001,88.1
7712,2/11/2001,89.5
7713,2/12/2001,92.7
7714,2/13/2001,90.4
7715,2/14/2001,88.6
7716,2/15/2001,87.3
7717,2/16/2001,87.3
7718,2/17/2001,86.4
7719,2/18/2001,85.1
7720,2/19/2001,83.3
7721,2/20/2001,83.3
7722,2/21/2001,82.0
7723,2/22/2001,86.8
7724,2/23/2001,85.9
7725,2/24/2001,84.6
7726,2/25/2001,85.5
7727,2/26/2001,88.6
7728,2/27/2001,88.6
7729,2/28/2001,87.3
7730,3/1/2001,85.9
7731,3/2/2001,82.9
7732,3/3/2001,80.7
7733,3/4/2001,78.0
7734,3/5/2001,78.0
7735,3/6/2001,77.6
7736,3/7/2001,76.7
7737,3/8/2001,77.6
7738,3/9/2001,76.3
7739,3/10/2001,77.6
7740,3/11/2001,75.9
7741,3/12/2001,75.1
7742,3/13/2001,74.3
7743,3/14/2001,74.7
7744,3/15/2001,76.4
7745,3/16/2001,77.6
7746,3/17/2001,74.3
7747,3/18/2001,73.5
7748,3/19/2001,73.1
7749,3/20/2001,71.1
7750,3/21/2001,69.5
7751,3/22/2001,74.7
7752,3/23/2001,74.3
7753,3/24/2001,74.3
7754,3/25/2001,70.7
7755,3/26/2001,69.9
7756,3/27/2001,71.9
7757,3/28/2001,69.9
7758,3/29/2001,71.9
7759,3/30/2001,76.0
7760,3/31/2001,75.1
7761,4/1/2001,75.5
7762,4/2/2001,74.3
7763,4/3/2001,73.1
7764,4/4/2001,70.7
7765,4/5/2001,69.5
7766,4/6/2001,68.7
7767,4/7/2001,67.9
7768,4/8/2001,68.3
7769,4/9/2001,68.3
7770,4/10/2001,69.1
7771,4/11/2001,68.3
7772,4/12/2001,68.3
7773,4/13/2001,70.3
7774,4/14/2001,73.5
7775,4/15/2001,76.8
7776,4/16/2001,80.7
7777,4/17/2001,79.3
7778,4/18/2001,78.0
7779,4/19/2001,75.5
7780,4/20/2001,82.0
7781,4/21/2001,79.8
7782,4/22/2001,79.3
7783,4/23/2001,79.8
7784,4/24/2001,84.2
7785,4/25/2001,83.3
7786,4/26/2001,84.6
7787,4/27/2001,88.1
7788,4/28/2001,91.3
7789,4/29/2001,93.2
7790,4/30/2001,109.0
7791,5/1/2001,119.0
7792,5/2/2001,134.0
7793,5/3/2001,168.0
7794,5/4/2001,131.0
7795,5/5/2001,146.0
7796,5/6/2001,123.0
7797,5/7/2001,126.0
7798,5/8/2001,141.0
7799,5/9/2001,151.0
7800,5/10/2001,160.0
7801,5/11/2001,167.0
7802,5/12/2001,150.0
7803,5/13/2001,145.0
7804,5/14/2001,157.0
7805,5/15/2001,152.0
7806,5/16/2001,135.0
7807,5/17/2001,143.0
7808,5/18/2001,133.0
7809,5/19/2001,124.0
7810,5/20/2001,122.0
7811,5/21/2001,128.0
7812,5/22/2001,123.0
7813,5/23/2001,122.0
7814,5/24/2001,131.0
7815,5/25/2001,163.0
7816,5/26/2001,167.0
7817,5/27/2001,166.0
7818,5/28/2001,172.0
7819,5/29/2001,165.0
7820,5/30/2001,176.0
7821,5/31/2001,174.0
7822,6/1/2001,182.0
7823,6/2/2001,251.0
7824,6/3/2001,377.0
7825,6/4/2001,313.0
7826,6/5/2001,452.0
7827,6/6/2001,411.0
7828,6/7/2001,344.0
7829,6/8/2001,297.0
7830,6/9/2001,263.0
7831,6/10/2001,248.0
7832,6/11/2001,288.0
7833,6/12/2001,266.0
7834,6/13/2001,239.0
7835,6/14/2001,301.0
7836,6/15/2001,295.0
7837,6/16/2001,354.0
7838,6/17/2001,368.0
7839,6/18/2001,377.0
7840,6/19/2001,403.0
7841,6/20/2001,697.0
7842,6/21/2001,626.0
7843,6/22/2001,566.0
7844,6/23/2001,803.0
7845,6/24/2001,770.0
7846,6/25/2001,583.0
7847,6/26/2001,579.0
7848,6/27/2001,736.0
7849,6/28/2001,419.0
7850,6/29/2001,446.0
7851,6/30/2001,575.0
7852,7/1/2001,656.0
7853,7/2/2001,514.0
7854,7/3/2001,466.0
7855,7/4/2001,480.0
7856,7/5/2001,560.0
7857,7/6/2001,526.0
7858,7/7/2001,482.0
7859,7/8/2001,487.0
7860,7/9/2001,419.0
7861,7/10/2001,414.0
7862,7/11/2001,502.0
7863,7/12/2001,568.0
7864,7/13/2001,518.0
7865,7/14/2001,561.0
7866,7/15/2001,957.0
7867,7/16/2001,2500.0
7868,7/17/2001,4290.0
7869,7/18/2001,1800.0
7870,7/19/2001,1340.0
7871,7/20/2001,1210.0
7872,7/21/2001,1130.0
7873,7/22/2001,1050.0
7874,7/23/2001,1040.0
7875,7/24/2001,975.0
7876,7/25/2001,898.0
7877,7/26/2001,996.0
7878,7/27/2001,1180.0
7879,7/28/2001,1020.0
7880,7/29/2001,1670.0
7881,7/30/2001,2040.0
7882,7/31/2001,3330.0
7883,8/1/2001,2790.0
7884,8/2/2001,2420.0
7885,8/3/2001,2190.0
7886,8/4/2001,2130.0
7887,8/5/2001,1530.0
7888,8/6/2001,1200.0
7889,8/7/2001,980.0
7890,8/8/2001,898.0
7891,8/9/2001,976.0
7892,8/10/2001,995.0
7893,8/11/2001,981.0
7894,8/12/2001,929.0
7895,8/13/2001,1140.0
7896,8/14/2001,1550.0
7897,8/15/2001,1280.0
7898,8/16/2001,1160.0
7899,8/17/2001,1080.0
7900,8/18/2001,1210.0
7901,8/19/2001,2280.0
7902,8/20/2001,2320.0
7903,8/21/2001,2100.0
7904,8/22/2001,2860.0
7905,8/23/2001,5100.0
7906,8/24/2001,4030.0
7907,8/25/2001,3230.0
7908,8/26/2001,2330.0
7909,8/27/2001,2270.0
7910,8/28/2001,2270.0
7911,8/29/2001,2140.0
7912,8/30/2001,2100.0
7913,8/31/2001,1600.0
7914,9/1/2001,1690.0
7915,9/2/2001,2180.0
7916,9/3/2001,2190.0
7917,9/4/2001,1860.0
7918,9/5/2001,2040.0
7919,9/6/2001,1840.0
7920,9/7/2001,1600.0
7921,9/8/2001,1360.0
7922,9/9/2001,1430.0
7923,9/10/2001,1290.0
7924,9/11/2001,1130.0
7925,9/12/2001,961.0
7926,9/13/2001,970.0
7927,9/14/2001,1070.0
7928,9/15/2001,1010.0
7929,9/16/2001,882.0
7930,9/17/2001,827.0
7931,9/18/2001,757.0
7932,9/19/2001,681.0
7933,9/20/2001,636.0
7934,9/21/2001,573.0
7935,9/22/2001,553.0
7936,9/23/2001,526.0
7937,9/24/2001,515.0
7938,9/25/2001,485.0
7939,9/26/2001,474.0
7940,9/27/2001,461.0
7941,9/28/2001,431.0
7942,9/29/2001,410.0
7943,9/30/2001,403.0
7944,10/1/2001,402.0
7945,10/2/2001,397.0
7946,10/3/2001,386.0
7947,10/4/2001,397.0
7948,10/5/2001,406.0
7949,10/6/2001,387.0
7950,10/7/2001,363.0
7951,10/8/2001,357.0
7952,10/9/2001,348.0
7953,10/10/2001,339.0
7954,10/11/2001,332.0
7955,10/12/2001,321.0
7956,10/13/2001,312.0
7957,10/14/2001,308.0
7958,10/15/2001,302.0
7959,10/16/2001,291.0
7960,10/17/2001,288.0
7961,10/18/2001,282.0
7962,10/19/2001,279.0
7963,10/20/2001,272.0
7964,10/21/2001,268.0
7965,10/22/2001,268.0
7966,10/23/2001,264.0
7967,10/24/2001,260.0
7968,10/25/2001,257.0
7969,10/26/2001,252.0
7970,10/27/2001,248.0
7971,10/28/2001,246.0
7972,10/29/2001,244.0
7973,10/30/2001,239.0
7974,10/31/2001,234.0
7975,11/1/2001,232.0
7976,11/2/2001,230.0
7977,11/3/2001,226.0
7978,11/4/2001,222.0
7979,11/5/2001,222.0
7980,11/6/2001,222.0
7981,11/7/2001,216.0
7982,11/8/2001,216.0
7983,11/9/2001,213.0
7984,11/10/2001,208.0
7985,11/11/2001,205.0
7986,11/12/2001,203.0
7987,11/13/2001,198.0
7988,11/14/2001,196.0
7989,11/15/2001,196.0
7990,11/16/2001,195.0
7991,11/17/2001,194.0
7992,11/18/2001,191.0
7993,11/19/2001,189.0
7994,11/20/2001,188.0
7995,11/21/2001,185.0
7996,11/22/2001,183.0
7997,11/23/2001,181.0
7998,11/24/2001,179.0
7999,11/25/2001,177.0
8000,11/26/2001,175.0
8001,11/27/2001,173.0
8002,11/28/2001,168.0
8003,11/29/2001,163.0
8004,11/30/2001,159.0
8005,12/1/2001,158.0
8006,12/2/2001,158.0
8007,12/3/2001,157.0
8008,12/4/2001,156.0
8009,12/5/2001,155.0
8010,12/6/2001,153.0
8011,12/7/2001,151.0
8012,12/8/2001,150.0
8013,12/9/2001,149.0
8014,12/10/2001,144.0
8015,12/11/2001,143.0
8016,12/12/2001,141.0
8017,12/13/2001,141.0
8018,12/14/2001,140.0
8019,12/15/2001,138.0
8020,12/16/2001,136.0
8021,12/17/2001,133.0
8022,12/18/2001,133.0
8023,12/19/2001,131.0
8024,12/20/2001,130.0
8025,12/21/2001,130.0
8026,12/22/2001,128.0
8027,12/23/2001,125.0
8028,12/24/2001,124.0
8029,12/25/2001,123.0
8030,12/26/2001,121.0
8031,12/27/2001,120.0
8032,12/28/2001,118.0
8033,12/29/2001,118.0
8034,12/30/2001,117.0
8035,12/31/2001,117.0
8036,1/1/2002,117.0
8037,1/2/2002,116.0
8038,1/3/2002,115.0
8039,1/4/2002,116.0
8040,1/5/2002,115.0
8041,1/6/2002,114.0
8042,1/7/2002,114.0
8043,1/8/2002,111.0
8044,1/9/2002,110.0
8045,1/10/2002,109.0
8046,1/11/2002,109.0
8047,1/12/2002,109.0
8048,1/13/2002,109.0
8049,1/14/2002,109.0
8050,1/15/2002,111.0
8051,1/16/2002,117.0
8052,1/17/2002,140.0
8053,1/18/2002,147.0
8054,1/19/2002,132.0
8055,1/20/2002,123.0
8056,1/21/2002,120.0
8057,1/22/2002,115.0
8058,1/23/2002,115.0
8059,1/24/2002,113.0
8060,1/25/2002,102.0
8061,1/26/2002,87.8
8062,1/27/2002,78.0
8063,1/28/2002,95.7
8064,1/29/2002,115.0
8065,1/30/2002,119.0
8066,1/31/2002,106.0
8067,2/1/2002,90.0
8068,2/2/2002,86.8
8069,2/3/2002,95.5
8070,2/4/2002,81.04
8071,2/5/2002,86.4
8072,2/6/2002,86.2
8073,2/7/2002,110.0
8074,2/8/2002,111.0
8075,2/9/2002,103.0
8076,2/10/2002,101.0
8077,2/11/2002,99.3
8078,2/12/2002,104.0
8079,2/13/2002,450.2296941442396
8080,2/14/2002,450.2296941442396
8081,2/15/2002,450.2296941442396
8082,2/16/2002,450.2296941442396
8083,2/17/2002,450.2296941442396
8084,2/18/2002,450.2296941442396
8085,2/19/2002,450.2296941442396
8086,2/20/2002,450.2296941442396
8087,2/21/2002,450.2296941442396
8088,2/22/2002,450.2296941442396
8089,2/23/2002,450.2296941442396
8090,2/24/2002,450.2296941442396
8091,2/25/2002,450.2296941442396
8092,2/26/2002,450.2296941442396
8093,2/27/2002,450.2296941442396
8094,2/28/2002,450.2296941442396
8095,3/1/2002,450.2296941442396
8096,3/2/2002,450.2296941442396
8097,3/3/2002,450.2296941442396
8098,3/4/2002,450.2296941442396
8099,3/5/2002,450.2296941442396
8100,3/6/2002,450.2296941442396
8101,3/7/2002,450.2296941442396
8102,3/8/2002,450.2296941442396
8103,3/9/2002,450.2296941442396
8104,3/10/2002,450.2296941442396
8105,3/11/2002,450.2296941442396
8106,3/12/2002,450.2296941442396
8107,3/13/2002,450.2296941442396
8108,3/14/2002,90.8
8109,3/15/2002,89.0
8110,3/16/2002,89.9
8111,3/17/2002,88.6
8112,3/18/2002,86.8
8113,3/19/2002,99.3
8114,3/20/2002,101.0
8115,3/21/2002,105.0
8116,3/22/2002,104.0
8117,3/23/2002,121.0
8118,3/24/2002,111.0
8119,3/25/2002,101.0
8120,3/26/2002,110.0
8121,3/27/2002,112.0
8122,3/28/2002,94.6
8123,3/29/2002,95.1
8124,3/30/2002,95.0
8125,3/31/2002,102.0
8126,4/1/2002,112.0
8127,4/2/2002,126.0
8128,4/3/2002,95.5
8129,4/4/2002,104.0
8130,4/5/2002,91.3
8131,4/6/2002,92.2
8132,4/7/2002,103.0
8133,4/8/2002,112.0
8134,4/9/2002,109.0
8135,4/10/2002,110.0
8136,4/11/2002,112.0
8137,4/12/2002,101.0
8138,4/13/2002,94.6
8139,4/14/2002,93.2
8140,4/15/2002,94.6
8141,4/16/2002,98.4
8142,4/17/2002,108.0
8143,4/18/2002,147.0
8144,4/19/2002,144.0
8145,4/20/2002,136.0
8146,4/21/2002,136.0
8147,4/22/2002,135.0
8148,4/23/2002,138.0
8149,4/24/2002,124.0
8150,4/25/2002,134.0
8151,4/26/2002,166.0
8152,4/27/2002,133.0
8153,4/28/2002,143.0
8154,4/29/2002,133.0
8155,4/30/2002,124.0
8156,5/1/2002,118.0
8157,5/2/2002,126.0
8158,5/3/2002,108.0
8159,5/4/2002,99.4
8160,5/5/2002,120.0
8161,5/6/2002,134.0
8162,5/7/2002,125.0
8163,5/8/2002,165.0
8164,5/9/2002,135.0
8165,5/10/2002,168.0
8166,5/11/2002,201.0
8167,5/12/2002,216.0
8168,5/13/2002,193.0
8169,5/14/2002,279.0
8170,5/15/2002,235.0
8171,5/16/2002,218.0
8172,5/17/2002,208.0
8173,5/18/2002,259.0
8174,5/19/2002,261.0
8175,5/20/2002,196.0
8176,5/21/2002,215.0
8177,5/22/2002,195.0
8178,5/23/2002,185.0
8179,5/24/2002,170.0
8180,5/25/2002,215.0
8181,5/26/2002,203.0
8182,5/27/2002,174.0
8183,5/28/2002,164.0
8184,5/29/2002,204.0
8185,5/30/2002,247.0
8186,5/31/2002,232.0
8187,6/1/2002,209.0
8188,6/2/2002,193.0
8189,6/3/2002,168.0
8190,6/4/2002,205.0
8191,6/5/2002,196.0
8192,6/6/2002,223.0
8193,6/7/2002,239.0
8194,6/8/2002,272.0
8195,6/9/2002,238.0
8196,6/10/2002,232.0
8197,6/11/2002,360.0
8198,6/12/2002,368.0
8199,6/13/2002,367.0
8200,6/14/2002,307.0
8201,6/15/2002,295.0
8202,6/16/2002,306.0
8203,6/17/2002,317.0
8204,6/18/2002,335.0
8205,6/19/2002,332.0
8206,6/20/2002,326.0
8207,6/21/2002,364.0
8208,6/22/2002,316.0
8209,6/23/2002,292.0
8210,6/24/2002,346.0
8211,6/25/2002,370.0
8212,6/26/2002,360.0
8213,6/27/2002,370.0
8214,6/28/2002,455.0
8215,6/29/2002,345.0
8216,6/30/2002,378.0
8217,7/1/2002,428.0
8218,7/2/2002,1080.0
8219,7/3/2002,1280.0
8220,7/4/2002,456.0
8221,7/5/2002,1120.0
8222,7/6/2002,539.0
8223,7/7/2002,621.0
8224,7/8/2002,584.0
8225,7/9/2002,771.0
8226,7/10/2002,696.0
8227,7/11/2002,658.0
8228,7/12/2002,668.0
8229,7/13/2002,640.0
8230,7/14/2002,571.0
8231,7/15/2002,704.0
8232,7/16/2002,629.0
8233,7/17/2002,722.0
8234,7/18/2002,604.0
8235,7/19/2002,618.0
8236,7/20/2002,1160.0
8237,7/21/2002,2430.0
8238,7/22/2002,2730.0
8239,7/23/2002,2420.0
8240,7/24/2002,1790.0
8241,7/25/2002,1660.0
8242,7/26/2002,1440.0
8243,7/27/2002,1340.0
8244,7/28/2002,1180.0
8245,7/29/2002,1280.0
8246,7/30/2002,1210.0
8247,7/31/2002,1280.0
8248,8/1/2002,1260.0
8249,8/2/2002,1180.0
8250,8/3/2002,1560.0
8251,8/4/2002,1530.0
8252,8/5/2002,1160.0
8253,8/6/2002,966.0
8254,8/7/2002,876.0
8255,8/8/2002,693.0
8256,8/9/2002,643.0
8257,8/10/2002,664.0
8258,8/11/2002,917.0
8259,8/12/2002,1150.0
8260,8/13/2002,1760.0
8261,8/14/2002,1700.0
8262,8/15/2002,1360.0
8263,8/16/2002,1320.0
8264,8/17/2002,1090.0
8265,8/18/2002,948.0
8266,8/19/2002,837.0
8267,8/20/2002,903.0
8268,8/21/2002,962.0
8269,8/22/2002,2010.0
8270,8/23/2002,2310.0
8271,8/24/2002,1820.0
8272,8/25/2002,1350.0
8273,8/26/2002,1130.0
8274,8/27/2002,1070.0
8275,8/28/2002,1020.0
8276,8/29/2002,841.0
8277,8/30/2002,777.0
8278,8/31/2002,738.0
8279,9/1/2002,693.0
8280,9/2/2002,684.0
8281,9/3/2002,932.0
8282,9/4/2002,653.0
8283,9/5/2002,686.0
8284,9/6/2002,1020.0
8285,9/7/2002,857.0
8286,9/8/2002,771.0
8287,9/9/2002,664.0
8288,9/10/2002,611.0
8289,9/11/2002,588.0
8290,9/12/2002,565.0
8291,9/13/2002,545.0
8292,9/14/2002,515.0
8293,9/15/2002,495.0
8294,9/16/2002,469.0
8295,9/17/2002,487.0
8296,9/18/2002,472.0
8297,9/19/2002,476.0
8298,9/20/2002,462.0
8299,9/21/2002,434.0
8300,9/22/2002,495.0
8301,9/23/2002,527.0
8302,9/24/2002,470.0
8303,9/25/2002,642.0
8304,9/26/2002,672.0
8305,9/27/2002,569.0
8306,9/28/2002,518.0
8307,9/29/2002,461.0
8308,9/30/2002,446.0
8309,10/1/2002,437.0
8310,10/2/2002,426.0
8311,10/3/2002,415.0
8312,10/4/2002,403.0
8313,10/5/2002,386.0
8314,10/6/2002,367.0
8315,10/7/2002,369.0
8316,10/8/2002,356.0
8317,10/9/2002,347.0
8318,10/10/2002,366.0
8319,10/11/2002,341.0
8320,10/12/2002,292.0
8321,10/13/2002,262.0
8322,10/14/2002,272.0
8323,10/15/2002,285.0
8324,10/16/2002,299.0
8325,10/17/2002,272.0
8326,10/18/2002,263.0
8327,10/19/2002,245.0
8328,10/20/2002,232.0
8329,10/21/2002,221.0
8330,10/22/2002,216.0
8331,10/23/2002,259.0
8332,10/24/2002,240.0
8333,10/25/2002,234.0
8334,10/26/2002,269.0
8335,10/27/2002,216.0
8336,10/28/2002,211.0
8337,10/29/2002,208.0
8338,10/30/2002,213.0
8339,10/31/2002,236.0
8340,11/1/2002,184.0
8341,11/2/2002,178.0
8342,11/3/2002,191.0
8343,11/4/2002,265.0
8344,11/5/2002,256.0
8345,11/6/2002,247.0
8346,11/7/2002,226.0
8347,11/8/2002,186.0
8348,11/9/2002,208.0
8349,11/10/2002,200.0
8350,11/11/2002,189.0
8351,11/12/2002,179.0
8352,11/13/2002,198.0
8353,11/14/2002,267.0
8354,11/15/2002,206.0
8355,11/16/2002,216.0
8356,11/17/2002,196.0
8357,11/18/2002,183.0
8358,11/19/2002,176.0
8359,11/20/2002,170.0
8360,11/21/2002,167.0
8361,11/22/2002,160.0
8362,11/23/2002,170.0
8363,11/24/2002,167.0
8364,11/25/2002,165.0
8365,11/26/2002,162.0
8366,11/27/2002,141.0
8367,11/28/2002,149.0
8368,11/29/2002,165.0
8369,11/30/2002,163.0
8370,12/1/2002,155.0
8371,12/2/2002,145.0
8372,12/3/2002,142.0
8373,12/4/2002,140.0
8374,12/5/2002,137.0
8375,12/6/2002,132.0
8376,12/7/2002,116.0
8377,12/8/2002,130.0
8378,12/9/2002,126.0
8379,12/10/2002,116.0
8380,12/11/2002,111.0
8381,12/12/2002,122.0
8382,12/13/2002,104.0
8383,12/14/2002,91.0
8384,12/15/2002,85.1
8385,12/16/2002,125.0
8386,12/17/2002,132.0
8387,12/18/2002,123.0
8388,12/19/2002,128.0
8389,12/20/2002,132.0
8390,12/21/2002,132.0
8391,12/22/2002,116.0
8392,12/23/2002,127.0
8393,12/24/2002,132.0
8394,12/25/2002,90.5
8395,12/26/2002,82.4
8396,12/27/2002,95.3
8397,12/28/2002,92.2
8398,12/29/2002,112.0
8399,12/30/2002,124.0
8400,12/31/2002,123.0
8401,1/1/2003,133.0
8402,1/2/2003,146.0
8403,1/3/2003,450.2296941442396
8404,1/4/2003,450.2296941442396
8405,1/5/2003,450.2296941442396
8406,1/6/2003,137.0
8407,1/7/2003,127.0
8408,1/8/2003,119.0
8409,1/9/2003,124.0
8410,1/10/2003,109.0
8411,1/11/2003,104.0
8412,1/12/2003,101.0
8413,1/13/2003,89.1
8414,1/14/2003,79.3
8415,1/15/2003,450.2296941442396
8416,1/16/2003,450.2296941442396
8417,1/17/2003,450.2296941442396
8418,1/18/2003,450.2296941442396
8419,1/19/2003,450.2296941442396
8420,1/20/2003,450.2296941442396
8421,1/21/2003,450.2296941442396
8422,1/22/2003,450.2296941442396
8423,1/23/2003,450.2296941442396
8424,1/24/2003,450.2296941442396
8425,1/25/2003,450.2296941442396
8426,1/26/2003,450.2296941442396
8427,1/27/2003,450.2296941442396
8428,1/28/2003,450.2296941442396
8429,1/29/2003,450.2296941442396
8430,1/30/2003,450.2296941442396
8431,1/31/2003,450.2296941442396
8432,2/1/2003,450.2296941442396
8433,2/2/2003,450.2296941442396
8434,2/3/2003,450.2296941442396
8435,2/4/2003,450.2296941442396
8436,2/5/2003,450.2296941442396
8437,2/6/2003,450.2296941442396
8438,2/7/2003,450.2296941442396
8439,2/8/2003,450.2296941442396
8440,2/9/2003,450.2296941442396
8441,2/10/2003,450.2296941442396
8442,2/11/2003,450.2296941442396
8443,2/12/2003,450.2296941442396
8444,2/13/2003,97.5
8445,2/14/2003,98.2
8446,2/15/2003,98.6
8447,2/16/2003,92.4
8448,2/17/2003,91.2
8449,2/18/2003,86.3
8450,2/19/2003,101.0
8451,2/20/2003,120.0
8452,2/21/2003,131.0
8453,2/22/2003,113.0
8454,2/23/2003,104.0
8455,2/24/2003,103.0
8456,2/25/2003,92.3
8457,2/26/2003,82.9
8458,2/27/2003,102.0
8459,2/28/2003,108.0
8460,3/1/2003,88.3
8461,3/2/2003,107.0
8462,3/3/2003,103.0
8463,3/4/2003,83.8
8464,3/5/2003,94.9
8465,3/6/2003,102.0
8466,3/7/2003,89.0
8467,3/8/2003,82.8
8468,3/9/2003,74.4
8469,3/10/2003,81.1
8470,3/11/2003,95.5
8471,3/12/2003,89.0
8472,3/13/2003,79.9
8473,3/14/2003,86.3
8474,3/15/2003,92.1
8475,3/16/2003,90.5
8476,3/17/2003,83.2
8477,3/18/2003,85.5
8478,3/19/2003,64.7
8479,3/20/2003,86.4
8480,3/21/2003,92.7
8481,3/22/2003,70.4
8482,3/23/2003,76.2
8483,3/24/2003,108.0
8484,3/25/2003,106.0
8485,3/26/2003,118.0
8486,3/27/2003,112.0
8487,3/28/2003,97.4
8488,3/29/2003,93.2
8489,3/30/2003,93.8
8490,3/31/2003,118.0
8491,4/1/2003,110.0
8492,4/2/2003,111.0
8493,4/3/2003,110.0
8494,4/4/2003,109.0
8495,4/5/2003,92.2
8496,4/6/2003,80.3
8497,4/7/2003,100.0
8498,4/8/2003,93.7
8499,4/9/2003,88.1
8500,4/10/2003,90.5
8501,4/11/2003,88.2
8502,4/12/2003,97.0
8503,4/13/2003,97.0
8504,4/14/2003,96.5
8505,4/15/2003,86.0
8506,4/16/2003,105.0
8507,4/17/2003,100.0
8508,4/18/2003,124.0
8509,4/19/2003,101.0
8510,4/20/2003,115.0
8511,4/21/2003,116.0
8512,4/22/2003,119.0
8513,4/23/2003,101.0
8514,4/24/2003,97.0
8515,4/25/2003,95.1
8516,4/26/2003,121.0
8517,4/27/2003,119.0
8518,4/28/2003,144.0
8519,4/29/2003,119.0
8520,4/30/2003,121.0
8521,5/1/2003,114.0
8522,5/2/2003,91.8
8523,5/3/2003,121.0
8524,5/4/2003,100.0
8525,5/5/2003,121.0
8526,5/6/2003,118.0
8527,5/7/2003,89.6
8528,5/8/2003,83.7
8529,5/9/2003,101.0
8530,5/10/2003,79.3
8531,5/11/2003,81.1
8532,5/12/2003,101.0
8533,5/13/2003,92.3
8534,5/14/2003,82.0
8535,5/15/2003,107.0
8536,5/16/2003,110.0
8537,5/17/2003,122.0
8538,5/18/2003,118.0
8539,5/19/2003,141.0
8540,5/20/2003,174.0
8541,5/21/2003,150.0
8542,5/22/2003,192.0
8543,5/23/2003,174.0
8544,5/24/2003,172.0
8545,5/25/2003,177.0
8546,5/26/2003,154.0
8547,5/27/2003,95.2
8548,5/28/2003,108.0
8549,5/29/2003,145.0
8550,5/30/2003,131.0
8551,5/31/2003,164.0
8552,6/1/2003,260.0
8553,6/2/2003,237.0
8554,6/3/2003,237.0
8555,6/4/2003,285.0
8556,6/5/2003,260.0
8557,6/6/2003,248.0
8558,6/7/2003,195.0
8559,6/8/2003,211.0
8560,6/9/2003,226.0
8561,6/10/2003,235.0
8562,6/11/2003,233.0
8563,6/12/2003,221.0
8564,6/13/2003,241.0
8565,6/14/2003,240.0
8566,6/15/2003,237.0
8567,6/16/2003,236.0
8568,6/17/2003,246.0
8569,6/18/2003,289.0
8570,6/19/2003,298.0
8571,6/20/2003,268.0
8572,6/21/2003,304.0
8573,6/22/2003,394.0
8574,6/23/2003,346.0
8575,6/24/2003,396.0
8576,6/25/2003,1150.0
8577,6/26/2003,912.0
8578,6/27/2003,1110.0
8579,6/28/2003,1160.0
8580,6/29/2003,1020.0
8581,6/30/2003,1400.0
8582,7/1/2003,1500.0
8583,7/2/2003,1370.0
8584,7/3/2003,736.0
8585,7/4/2003,1190.0
8586,7/5/2003,1490.0
8587,7/6/2003,1240.0
8588,7/7/2003,1090.0
8589,7/8/2003,900.0
8590,7/9/2003,2380.0
8591,7/10/2003,2500.0
8592,7/11/2003,1730.0
8593,7/12/2003,1390.0
8594,7/13/2003,1150.0
8595,7/14/2003,1750.0
8596,7/15/2003,1350.0
8597,7/16/2003,1160.0
8598,7/17/2003,1080.0
8599,7/18/2003,1060.0
8600,7/19/2003,1050.0
8601,7/20/2003,1580.0
8602,7/21/2003,1630.0
8603,7/22/2003,1160.0
8604,7/23/2003,1030.0
8605,7/24/2003,937.0
8606,7/25/2003,865.0
8607,7/26/2003,793.0
8608,7/27/2003,818.0
8609,7/28/2003,868.0
8610,7/29/2003,849.0
8611,7/30/2003,842.0
8612,7/31/2003,3060.0
8613,8/1/2003,3030.0
8614,8/2/2003,2050.0
8615,8/3/2003,1600.0
8616,8/4/2003,1430.0
8617,8/5/2003,1230.0
8618,8/6/2003,1080.0
8619,8/7/2003,962.0
8620,8/8/2003,957.0
8621,8/9/2003,1090.0
8622,8/10/2003,1090.0
8623,8/11/2003,1100.0
8624,8/12/2003,1030.0
8625,8/13/2003,1190.0
8626,8/14/2003,1160.0
8627,8/15/2003,1180.0
8628,8/16/2003,1090.0
8629,8/17/2003,947.0
8630,8/18/2003,2090.0
8631,8/19/2003,3470.0
8632,8/20/2003,3420.0
8633,8/21/2003,2590.0
8634,8/22/2003,2060.0
8635,8/23/2003,1630.0
8636,8/24/2003,1570.0
8637,8/25/2003,1250.0
8638,8/26/2003,1170.0
8639,8/27/2003,1080.0
8640,8/28/2003,1100.0
8641,8/29/2003,1150.0
8642,8/30/2003,1150.0
8643,8/31/2003,1120.0
8644,9/1/2003,1200.0
8645,9/2/2003,2270.0
8646,9/3/2003,2060.0
8647,9/4/2003,1880.0
8648,9/5/2003,1820.0
8649,9/6/2003,1780.0
8650,9/7/2003,1420.0
8651,9/8/2003,1250.0
8652,9/9/2003,1170.0
8653,9/10/2003,1060.0
8654,9/11/2003,938.0
8655,9/12/2003,960.0
8656,9/13/2003,1140.0
8657,9/14/2003,1080.0
8658,9/15/2003,1080.0
8659,9/16/2003,1210.0
8660,9/17/2003,1120.0
8661,9/18/2003,963.0
8662,9/19/2003,900.0
8663,9/20/2003,850.0
8664,9/21/2003,1030.0
8665,9/22/2003,1040.0
8666,9/23/2003,1140.0
8667,9/24/2003,1300.0
8668,9/25/2003,1320.0
8669,9/26/2003,1180.0
8670,9/27/2003,1040.0
8671,9/28/2003,1010.0
8672,9/29/2003,865.0
8673,9/30/2003,951.0
8674,10/1/2003,1070.0
8675,10/2/2003,981.0
8676,10/3/2003,894.0
8677,10/4/2003,726.0
8678,10/5/2003,533.0
8679,10/6/2003,508.0
8680,10/7/2003,461.0
8681,10/8/2003,422.0
8682,10/9/2003,401.0
8683,10/10/2003,391.0
8684,10/11/2003,388.0
8685,10/12/2003,378.0
8686,10/13/2003,365.0
8687,10/14/2003,358.0
8688,10/15/2003,363.0
8689,10/16/2003,359.0
8690,10/17/2003,349.0
8691,10/18/2003,368.0
8692,10/19/2003,343.0
8693,10/20/2003,330.0
8694,10/21/2003,292.0
8695,10/22/2003,261.0
8696,10/23/2003,254.0
8697,10/24/2003,292.0
8698,10/25/2003,310.0
8699,10/26/2003,342.0
8700,10/27/2003,371.0
8701,10/28/2003,348.0
8702,10/29/2003,295.0
8703,10/30/2003,268.0
8704,10/31/2003,288.0
8705,11/1/2003,289.0
8706,11/2/2003,296.0
8707,11/3/2003,298.0
8708,11/4/2003,280.0
8709,11/5/2003,270.0
8710,11/6/2003,263.0
8711,11/7/2003,266.0
8712,11/8/2003,248.0
8713,11/9/2003,235.0
8714,11/10/2003,229.0
8715,11/11/2003,233.0
8716,11/12/2003,242.0
8717,11/13/2003,220.0
8718,11/14/2003,206.0
8719,11/15/2003,218.0
8720,11/16/2003,225.0
8721,11/17/2003,232.0
8722,11/18/2003,245.0
8723,11/19/2003,232.0
8724,11/20/2003,225.0
8725,11/21/2003,224.0
8726,11/22/2003,211.0
8727,11/23/2003,209.0
8728,11/24/2003,212.0
8729,11/25/2003,209.0
8730,11/26/2003,206.0
8731,11/27/2003,199.0
8732,11/28/2003,181.0
8733,11/29/2003,180.0
8734,11/30/2003,182.0
8735,12/1/2003,193.0
8736,12/2/2003,201.0
8737,12/3/2003,188.0
8738,12/4/2003,181.0
8739,12/5/2003,174.0
8740,12/6/2003,169.0
8741,12/7/2003,173.0
8742,12/8/2003,166.0
8743,12/9/2003,170.0
8744,12/10/2003,181.0
8745,12/11/2003,171.0
8746,12/12/2003,159.0
8747,12/13/2003,146.0
8748,12/14/2003,146.0
8749,12/15/2003,152.0
8750,12/16/2003,147.0
8751,12/17/2003,137.0
8752,12/18/2003,151.0
8753,12/19/2003,132.0
8754,12/20/2003,131.0
8755,12/21/2003,146.0
8756,12/22/2003,145.0
8757,12/23/2003,140.0
8758,12/24/2003,147.0
8759,12/25/2003,136.0
8760,12/26/2003,115.0
8761,12/27/2003,132.0
8762,12/28/2003,147.0
8763,12/29/2003,148.0
8764,12/30/2003,151.0
8765,12/31/2003,143.0
8766,1/1/2004,141.0
8767,1/2/2004,134.0
8768,1/3/2004,123.0
8769,1/4/2004,133.0
8770,1/5/2004,157.0
8771,1/6/2004,149.0
8772,1/7/2004,114.0
8773,1/8/2004,111.0
8774,1/9/2004,111.0
8775,1/10/2004,108.0
8776,1/11/2004,102.0
8777,1/12/2004,102.0
8778,1/13/2004,113.0
8779,1/14/2004,109.0
8780,1/15/2004,126.0
8781,1/16/2004,121.0
8782,1/17/2004,124.0
8783,1/18/2004,116.0
8784,1/19/2004,113.0
8785,1/20/2004,125.0
8786,1/21/2004,124.0
8787,1/22/2004,118.0
8788,1/23/2004,133.0
8789,1/24/2004,159.0
8790,1/25/2004,144.0
8791,1/26/2004,136.0
8792,1/27/2004,109.0
8793,1/28/2004,124.0
8794,1/29/2004,123.0
8795,1/30/2004,126.0
8796,1/31/2004,126.0
8797,2/1/2004,122.0
8798,2/2/2004,120.0
8799,2/3/2004,122.0
8800,2/4/2004,128.0
8801,2/5/2004,120.0
8802,2/6/2004,119.0
8803,2/7/2004,114.0
8804,2/8/2004,115.0
8805,2/9/2004,109.0
8806,2/10/2004,113.0
8807,2/11/2004,113.0
8808,2/12/2004,106.0
8809,2/13/2004,109.0
8810,2/14/2004,106.0
8811,2/15/2004,101.0
8812,2/16/2004,115.0
8813,2/17/2004,112.0
8814,2/18/2004,97.2
8815,2/19/2004,105.0
8816,2/20/2004,104.0
8817,2/21/2004,108.0
8818,2/22/2004,85.1
8819,2/23/2004,107.0
8820,2/24/2004,113.0
8821,2/25/2004,111.0
8822,2/26/2004,101.0
8823,2/27/2004,113.0
8824,2/28/2004,121.0
8825,2/29/2004,106.0
8826,3/1/2004,99.9
8827,3/2/2004,109.0
8828,3/3/2004,116.0
8829,3/4/2004,101.0
8830,3/5/2004,105.0
8831,3/6/2004,100.0
8832,3/7/2004,101.0
8833,3/8/2004,106.0
8834,3/9/2004,100.0
8835,3/10/2004,111.0
8836,3/11/2004,98.0
8837,3/12/2004,104.0
8838,3/13/2004,105.0
8839,3/14/2004,73.9
8840,3/15/2004,104.0
8841,3/16/2004,94.8
8842,3/17/2004,107.0
8843,3/18/2004,95.3
8844,3/19/2004,109.0
8845,3/20/2004,112.0
8846,3/21/2004,119.0
8847,3/22/2004,125.0
8848,3/23/2004,116.0
8849,3/24/2004,114.0
8850,3/25/2004,121.0
8851,3/26/2004,107.0
8852,3/27/2004,98.9
8853,3/28/2004,95.5
8854,3/29/2004,104.0
8855,3/30/2004,86.6
8856,3/31/2004,79.3
8857,4/1/2004,73.1
8858,4/2/2004,73.2
8859,4/3/2004,108.0
8860,4/4/2004,99.0
8861,4/5/2004,121.0
8862,4/6/2004,109.0
8863,4/7/2004,103.0
8864,4/8/2004,109.0
8865,4/9/2004,110.0
8866,4/10/2004,122.0
8867,4/11/2004,111.0
8868,4/12/2004,105.0
8869,4/13/2004,95.5
8870,4/14/2004,97.9
8871,4/15/2004,108.0
8872,4/16/2004,102.0
8873,4/17/2004,105.0
8874,4/18/2004,87.7
8875,4/19/2004,106.0
8876,4/20/2004,107.0
8877,4/21/2004,101.0
8878,4/22/2004,109.0
8879,4/23/2004,129.0
8880,4/24/2004,134.0
8881,4/25/2004,128.0
8882,4/26/2004,122.0
8883,4/27/2004,118.0
8884,4/28/2004,118.0
8885,4/29/2004,116.0
8886,4/30/2004,114.0
8887,5/1/2004,89.6
8888,5/2/2004,73.5
8889,5/3/2004,87.9
8890,5/4/2004,103.0
8891,5/5/2004,90.0
8892,5/6/2004,109.0
8893,5/7/2004,114.0
8894,5/8/2004,94.6
8895,5/9/2004,102.0
8896,5/10/2004,108.0
8897,5/11/2004,85.1
8898,5/12/2004,66.0
8899,5/13/2004,121.0
8900,5/14/2004,145.0
8901,5/15/2004,126.0
8902,5/16/2004,115.0
8903,5/17/2004,114.0
8904,5/18/2004,158.0
8905,5/19/2004,185.0
8906,5/20/2004,185.0
8907,5/21/2004,247.0
8908,5/22/2004,178.0
8909,5/23/2004,171.0
8910,5/24/2004,158.0
8911,5/25/2004,151.0
8912,5/26/2004,142.0
8913,5/27/2004,142.0
8914,5/28/2004,130.0
8915,5/29/2004,155.0
8916,5/30/2004,181.0
8917,5/31/2004,163.0
8918,6/1/2004,178.0
8919,6/2/2004,160.0
8920,6/3/2004,164.0
8921,6/4/2004,191.0
8922,6/5/2004,193.0
8923,6/6/2004,199.0
8924,6/7/2004,165.0
8925,6/8/2004,194.0
8926,6/9/2004,201.0
8927,6/10/2004,169.0
8928,6/11/2004,141.0
8929,6/12/2004,188.0
8930,6/13/2004,197.0
8931,6/14/2004,197.0
8932,6/15/2004,212.0
8933,6/16/2004,248.0
8934,6/17/2004,475.0
8935,6/18/2004,583.0
8936,6/19/2004,714.0
8937,6/20/2004,311.0
8938,6/21/2004,406.0
8939,6/22/2004,464.0
8940,6/23/2004,400.0
8941,6/24/2004,351.0
8942,6/25/2004,338.0
8943,6/26/2004,309.0
8944,6/27/2004,269.0
8945,6/28/2004,294.0
8946,6/29/2004,252.0
8947,6/30/2004,272.0
8948,7/1/2004,326.0
8949,7/2/2004,270.0
8950,7/3/2004,426.0
8951,7/4/2004,546.0
8952,7/5/2004,434.0
8953,7/6/2004,606.0
8954,7/7/2004,636.0
8955,7/8/2004,824.0
8956,7/9/2004,1060.0
8957,7/10/2004,727.0
8958,7/11/2004,653.0
8959,7/12/2004,755.0
8960,7/13/2004,1110.0
8961,7/14/2004,1180.0
8962,7/15/2004,1120.0
8963,7/16/2004,685.0
8964,7/17/2004,714.0
8965,7/18/2004,1110.0
8966,7/19/2004,2400.0
8967,7/20/2004,1860.0
8968,7/21/2004,1520.0
8969,7/22/2004,801.0
8970,7/23/2004,777.0
8971,7/24/2004,686.0
8972,7/25/2004,680.0
8973,7/26/2004,887.0
8974,7/27/2004,791.0
8975,7/28/2004,1210.0
8976,7/29/2004,1240.0
8977,7/30/2004,1110.0
8978,7/31/2004,1050.0
8979,8/1/2004,1060.0
8980,8/2/2004,1020.0
8981,8/3/2004,1070.0
8982,8/4/2004,850.0
8983,8/5/2004,840.0
8984,8/6/2004,1040.0
8985,8/7/2004,1050.0
8986,8/8/2004,1010.0
8987,8/9/2004,932.0
8988,8/10/2004,844.0
8989,8/11/2004,794.0
8990,8/12/2004,766.0
8991,8/13/2004,713.0
8992,8/14/2004,675.0
8993,8/15/2004,665.0
8994,8/16/2004,728.0
8995,8/17/2004,754.0
8996,8/18/2004,937.0
8997,8/19/2004,1140.0
8998,8/20/2004,2020.0
8999,8/21/2004,1770.0
9000,8/22/2004,1180.0
9001,8/23/2004,1070.0
9002,8/24/2004,889.0
9003,8/25/2004,793.0
9004,8/26/2004,703.0
9005,8/27/2004,644.0
9006,8/28/2004,609.0
9007,8/29/2004,640.0
9008,8/30/2004,615.0
9009,8/31/2004,675.0
9010,9/1/2004,896.0
9011,9/2/2004,751.0
9012,9/3/2004,709.0
9013,9/4/2004,941.0
9014,9/5/2004,975.0
9015,9/6/2004,754.0
9016,9/7/2004,715.0
9017,9/8/2004,659.0
9018,9/9/2004,676.0
9019,9/10/2004,2000.0
9020,9/11/2004,1090.0
9021,9/12/2004,835.0
9022,9/13/2004,766.0
9023,9/14/2004,726.0
9024,9/15/2004,706.0
9025,9/16/2004,698.0
9026,9/17/2004,656.0
9027,9/18/2004,669.0
9028,9/19/2004,644.0
9029,9/20/2004,639.0
9030,9/21/2004,653.0
9031,9/22/2004,681.0
9032,9/23/2004,639.0
9033,9/24/2004,575.0
9034,9/25/2004,489.0
9035,9/26/2004,455.0
9036,9/27/2004,495.0
9037,9/28/2004,464.0
9038,9/29/2004,604.0
9039,9/30/2004,573.0
9040,10/1/2004,571.0
9041,10/2/2004,578.0
9042,10/3/2004,789.0
9043,10/4/2004,677.0
9044,10/5/2004,621.0
9045,10/6/2004,606.0
9046,10/7/2004,533.0
9047,10/8/2004,516.0
9048,10/9/2004,517.0
9049,10/10/2004,490.0
9050,10/11/2004,493.0
9051,10/12/2004,402.0
9052,10/13/2004,421.0
9053,10/14/2004,417.0
9054,10/15/2004,404.0
9055,10/16/2004,381.0
9056,10/17/2004,379.0
9057,10/18/2004,364.0
9058,10/19/2004,369.0
9059,10/20/2004,360.0
9060,10/21/2004,342.0
9061,10/22/2004,337.0
9062,10/23/2004,329.0
9063,10/24/2004,332.0
9064,10/25/2004,353.0
9065,10/26/2004,343.0
9066,10/27/2004,293.0
9067,10/28/2004,257.0
9068,10/29/2004,268.0
9069,10/30/2004,298.0
9070,10/31/2004,287.0
9071,11/1/2004,279.0
9072,11/2/2004,285.0
9073,11/3/2004,281.0
9074,11/4/2004,277.0
9075,11/5/2004,206.0
9076,11/6/2004,205.0
9077,11/7/2004,199.0
9078,11/8/2004,213.0
9079,11/9/2004,228.0
9080,11/10/2004,216.0
9081,11/11/2004,221.0
9082,11/12/2004,212.0
9083,11/13/2004,207.0
9084,11/14/2004,205.0
9085,11/15/2004,215.0
9086,11/16/2004,244.0
9087,11/17/2004,214.0
9088,11/18/2004,233.0
9089,11/19/2004,226.0
9090,11/20/2004,220.0
9091,11/21/2004,212.0
9092,11/22/2004,211.0
9093,11/23/2004,204.0
9094,11/24/2004,213.0
9095,11/25/2004,203.0
9096,11/26/2004,176.0
9097,11/27/2004,164.0
9098,11/28/2004,202.0
9099,11/29/2004,188.0
9100,11/30/2004,179.0
9101,12/1/2004,164.0
9102,12/2/2004,157.0
9103,12/3/2004,169.0
9104,12/4/2004,180.0
9105,12/5/2004,175.0
9106,12/6/2004,174.0
9107,12/7/2004,174.0
9108,12/8/2004,164.0
9109,12/9/2004,162.0
9110,12/10/2004,159.0
9111,12/11/2004,158.0
9112,12/12/2004,157.0
9113,12/13/2004,166.0
9114,12/14/2004,149.0
9115,12/15/2004,139.0
9116,12/16/2004,159.0
9117,12/17/2004,153.0
9118,12/18/2004,153.0
9119,12/19/2004,152.0
9120,12/20/2004,147.0
9121,12/21/2004,139.0
9122,12/22/2004,134.0
9123,12/23/2004,132.0
9124,12/24/2004,139.0
9125,12/25/2004,142.0
9126,12/26/2004,135.0
9127,12/27/2004,133.0
9128,12/28/2004,118.0
9129,12/29/2004,110.0
9130,12/30/2004,104.0
9131,12/31/2004,123.0
9132,1/1/2005,115.0
9133,1/2/2005,128.0
9134,1/3/2005,124.0
9135,1/4/2005,124.0
9136,1/5/2005,122.0
9137,1/6/2005,117.0
9138,1/7/2005,119.0
9139,1/8/2005,125.0
9140,1/9/2005,116.0
9141,1/10/2005,101.0
9142,1/11/2005,109.0
9143,1/12/2005,124.0
9144,1/13/2005,119.0
9145,1/14/2005,108.0
9146,1/15/2005,117.0
9147,1/16/2005,96.2
9148,1/17/2005,112.0
9149,1/18/2005,132.0
9150,1/19/2005,122.0
9151,1/20/2005,131.0
9152,1/21/2005,119.0
9153,1/22/2005,120.0
9154,1/23/2005,137.0
9155,1/24/2005,132.0
9156,1/25/2005,130.0
9157,1/26/2005,137.0
9158,1/27/2005,125.0
9159,1/28/2005,135.0
9160,1/29/2005,142.0
9161,1/30/2005,136.0
9162,1/31/2005,123.0
9163,2/1/2005,122.0
9164,2/2/2005,121.0
9165,2/3/2005,111.0
9166,2/4/2005,108.0
9167,2/5/2005,105.0
9168,2/6/2005,99.5
9169,2/7/2005,126.0
9170,2/8/2005,123.0
9171,2/9/2005,116.0
9172,2/10/2005,119.0
9173,2/11/2005,102.0
9174,2/12/2005,109.0
9175,2/13/2005,94.3
9176,2/14/2005,92.0
9177,2/15/2005,98.8
9178,2/16/2005,107.0
9179,2/17/2005,115.0
9180,2/18/2005,124.0
9181,2/19/2005,101.0
9182,2/20/2005,114.0
9183,2/21/2005,111.0
9184,2/22/2005,104.0
9185,2/23/2005,99.9
9186,2/24/2005,104.0
9187,2/25/2005,108.0
9188,2/26/2005,105.0
9189,2/27/2005,104.0
9190,2/28/2005,103.0
9191,3/1/2005,85.1
9192,3/2/2005,110.0
9193,3/3/2005,112.0
9194,3/4/2005,110.0
9195,3/5/2005,111.0
9196,3/6/2005,103.0
9197,3/7/2005,94.4
9198,3/8/2005,97.2
9199,3/9/2005,94.5
9200,3/10/2005,103.0
9201,3/11/2005,79.3
9202,3/12/2005,80.1
9203,3/13/2005,87.4
9204,3/14/2005,92.5
9205,3/15/2005,99.0
9206,3/16/2005,108.0
9207,3/17/2005,98.9
9208,3/18/2005,93.6
9209,3/19/2005,107.0
9210,3/20/2005,106.0
9211,3/21/2005,120.0
9212,3/22/2005,113.0
9213,3/23/2005,102.0
9214,3/24/2005,118.0
9215,3/25/2005,103.0
9216,3/26/2005,93.8
9217,3/27/2005,102.0
9218,3/28/2005,104.0
9219,3/29/2005,99.6
9220,3/30/2005,102.0
9221,3/31/2005,102.0
9222,4/1/2005,92.0
9223,4/2/2005,88.7
9224,4/3/2005,81.6
9225,4/4/2005,84.7
9226,4/5/2005,78.2
9227,4/6/2005,87.7
9228,4/7/2005,83.7
9229,4/8/2005,102.0
9230,4/9/2005,89.0
9231,4/10/2005,90.1
9232,4/11/2005,81.7
9233,4/12/2005,96.6
9234,4/13/2005,75.7
9235,4/14/2005,100.0
9236,4/15/2005,103.0
9237,4/16/2005,108.0
9238,4/17/2005,107.0
9239,4/18/2005,101.0
9240,4/19/2005,98.2
9241,4/20/2005,96.9
9242,4/21/2005,102.0
9243,4/22/2005,96.2
9244,4/23/2005,88.2
9245,4/24/2005,102.0
9246,4/25/2005,147.0
9247,4/26/2005,143.0
9248,4/27/2005,116.0
9249,4/28/2005,140.0
9250,4/29/2005,113.0
9251,4/30/2005,110.0
9252,5/1/2005,116.0
9253,5/2/2005,118.0
9254,5/3/2005,113.0
9255,5/4/2005,108.0
9256,5/5/2005,115.0
9257,5/6/2005,107.0
9258,5/7/2005,132.0
9259,5/8/2005,128.0
9260,5/9/2005,135.0
9261,5/10/2005,138.0
9262,5/11/2005,145.0
9263,5/12/2005,130.0
9264,5/13/2005,127.0
9265,5/14/2005,117.0
9266,5/15/2005,114.0
9267,5/16/2005,94.8
9268,5/17/2005,121.0
9269,5/18/2005,137.0
9270,5/19/2005,146.0
9271,5/20/2005,133.0
9272,5/21/2005,120.0
9273,5/22/2005,154.0
9274,5/23/2005,136.0
9275,5/24/2005,170.0
9276,5/25/2005,178.0
9277,5/26/2005,187.0
9278,5/27/2005,168.0
9279,5/28/2005,167.0
9280,5/29/2005,171.0
9281,5/30/2005,160.0
9282,5/31/2005,152.0
9283,6/1/2005,145.0
9284,6/2/2005,136.0
9285,6/3/2005,126.0
9286,6/4/2005,92.7
9287,6/5/2005,141.0
9288,6/6/2005,161.0
9289,6/7/2005,135.0
9290,6/8/2005,153.0
9291,6/9/2005,136.0
9292,6/10/2005,136.0
9293,6/11/2005,137.0
9294,6/12/2005,149.0
9295,6/13/2005,172.0
9296,6/14/2005,207.0
9297,6/15/2005,190.0
9298,6/16/2005,209.0
9299,6/17/2005,205.0
9300,6/18/2005,199.0
9301,6/19/2005,205.0
9302,6/20/2005,222.0
9303,6/21/2005,201.0
9304,6/22/2005,276.0
9305,6/23/2005,281.0
9306,6/24/2005,300.0
9307,6/25/2005,287.0
9308,6/26/2005,291.0
9309,6/27/2005,372.0
9310,6/28/2005,425.0
9311,6/29/2005,436.0
9312,6/30/2005,452.0
9313,7/1/2005,445.0
9314,7/2/2005,544.0
9315,7/3/2005,902.0
9316,7/4/2005,691.0
9317,7/5/2005,522.0
9318,7/6/2005,953.0
9319,7/7/2005,1110.0
9320,7/8/2005,626.0
9321,7/9/2005,605.0
9322,7/10/2005,1090.0
9323,7/11/2005,1320.0
9324,7/12/2005,919.0
9325,7/13/2005,963.0
9326,7/14/2005,1040.0
9327,7/15/2005,1180.0
9328,7/16/2005,941.0
9329,7/17/2005,1010.0
9330,7/18/2005,1510.0
9331,7/19/2005,1100.0
9332,7/20/2005,1100.0
9333,7/21/2005,1030.0
9334,7/22/2005,1100.0
9335,7/23/2005,1130.0
9336,7/24/2005,980.0
9337,7/25/2005,918.0
9338,7/26/2005,900.0
9339,7/27/2005,936.0
9340,7/28/2005,919.0
9341,7/29/2005,902.0
9342,7/30/2005,848.0
9343,7/31/2005,744.0
9344,8/1/2005,688.0
9345,8/2/2005,713.0
9346,8/3/2005,670.0
9347,8/4/2005,673.0
9348,8/5/2005,754.0
9349,8/6/2005,860.0
9350,8/7/2005,1180.0
9351,8/8/2005,963.0
9352,8/9/2005,840.0
9353,8/10/2005,733.0
9354,8/11/2005,711.0
9355,8/12/2005,800.0
9356,8/13/2005,1080.0
9357,8/14/2005,955.0
9358,8/15/2005,970.0
9359,8/16/2005,1050.0
9360,8/17/2005,976.0
9361,8/18/2005,1050.0
9362,8/19/2005,1840.0
9363,8/20/2005,2020.0
9364,8/21/2005,1600.0
9365,8/22/2005,1290.0
9366,8/23/2005,1210.0
9367,8/24/2005,1180.0
9368,8/25/2005,1230.0
9369,8/26/2005,1200.0
9370,8/27/2005,1060.0
9371,8/28/2005,831.0
9372,8/29/2005,777.0
9373,8/30/2005,724.0
9374,8/31/2005,652.0
9375,9/1/2005,634.0
9376,9/2/2005,617.0
9377,9/3/2005,635.0
9378,9/4/2005,651.0
9379,9/5/2005,620.0
9380,9/6/2005,710.0
9381,9/7/2005,785.0
9382,9/8/2005,681.0
9383,9/9/2005,798.0
9384,9/10/2005,784.0
9385,9/11/2005,649.0
9386,9/12/2005,595.0
9387,9/13/2005,580.0
9388,9/14/2005,541.0
9389,9/15/2005,520.0
9390,9/16/2005,478.0
9391,9/17/2005,466.0
9392,9/18/2005,452.0
9393,9/19/2005,456.0
9394,9/20/2005,444.0
9395,9/21/2005,411.0
9396,9/22/2005,590.0
9397,9/23/2005,573.0
9398,9/24/2005,545.0
9399,9/25/2005,528.0
9400,9/26/2005,472.0
9401,9/27/2005,421.0
9402,9/28/2005,404.0
9403,9/29/2005,377.0
9404,9/30/2005,389.0
9405,10/1/2005,361.0
9406,10/2/2005,376.0
9407,10/3/2005,357.0
9408,10/4/2005,382.0
9409,10/5/2005,391.0
9410,10/6/2005,437.0
9411,10/7/2005,402.0
9412,10/8/2005,402.0
9413,10/9/2005,360.0
9414,10/10/2005,373.0
9415,10/11/2005,377.0
9416,10/12/2005,373.0
9417,10/13/2005,362.0
9418,10/14/2005,369.0
9419,10/15/2005,349.0
9420,10/16/2005,292.0
9421,10/17/2005,324.0
9422,10/18/2005,306.0
9423,10/19/2005,310.0
9424,10/20/2005,320.0
9425,10/21/2005,888.0
9426,10/22/2005,531.0
9427,10/23/2005,512.0
9428,10/24/2005,504.0
9429,10/25/2005,459.0
9430,10/26/2005,406.0
9431,10/27/2005,389.0
9432,10/28/2005,368.0
9433,10/29/2005,340.0
9434,10/30/2005,352.0
9435,10/31/2005,342.0
9436,11/1/2005,299.0
9437,11/2/2005,310.0
9438,11/3/2005,297.0
9439,11/4/2005,261.0
9440,11/5/2005,250.0
9441,11/6/2005,261.0
9442,11/7/2005,258.0
9443,11/8/2005,222.0
9444,11/9/2005,210.0
9445,11/10/2005,226.0
9446,11/11/2005,198.0
9447,11/12/2005,236.0
9448,11/13/2005,221.0
9449,11/14/2005,237.0
9450,11/15/2005,216.0
9451,11/16/2005,232.0
9452,11/17/2005,229.0
9453,11/18/2005,222.0
9454,11/19/2005,224.0
9455,11/20/2005,228.0
9456,11/21/2005,237.0
9457,11/22/2005,211.0
9458,11/23/2005,204.0
9459,11/24/2005,199.0
9460,11/25/2005,192.0
9461,11/26/2005,206.0
9462,11/27/2005,183.0
9463,11/28/2005,184.0
9464,11/29/2005,176.0
9465,11/30/2005,177.0
9466,12/1/2005,179.0
9467,12/2/2005,170.0
9468,12/3/2005,167.0
9469,12/4/2005,171.0
9470,12/5/2005,172.0
9471,12/6/2005,171.0
9472,12/7/2005,161.0
9473,12/8/2005,162.0
9474,12/9/2005,164.0
9475,12/10/2005,154.0
9476,12/11/2005,152.0
9477,12/12/2005,146.0
9478,12/13/2005,152.0
9479,12/14/2005,147.0
9480,12/15/2005,141.0
9481,12/16/2005,136.0
9482,12/17/2005,141.0
9483,12/18/2005,141.0
9484,12/19/2005,150.0
9485,12/20/2005,149.0
9486,12/21/2005,148.0
9487,12/22/2005,137.0
9488,12/23/2005,139.0
9489,12/24/2005,137.0
9490,12/25/2005,133.0
9491,12/26/2005,153.0
9492,12/27/2005,149.0
9493,12/28/2005,133.0
9494,12/29/2005,124.0
9495,12/30/2005,119.0
9496,12/31/2005,129.0
9497,1/1/2006,142.0
9498,1/2/2006,121.0
9499,1/3/2006,140.0
9500,1/4/2006,146.0
9501,1/5/2006,128.0
9502,1/6/2006,116.0
9503,1/7/2006,113.0
9504,1/8/2006,111.0
9505,1/9/2006,114.0
9506,1/10/2006,121.0
9507,1/11/2006,124.0
9508,1/12/2006,119.0
9509,1/13/2006,132.0
9510,1/14/2006,131.0
9511,1/15/2006,130.0
9512,1/16/2006,120.0
9513,1/17/2006,113.0
9514,1/18/2006,120.0
9515,1/19/2006,113.0
9516,1/20/2006,132.0
9517,1/21/2006,109.0
9518,1/22/2006,99.6
9519,1/23/2006,109.0
9520,1/24/2006,125.0
9521,1/25/2006,103.0
9522,1/26/2006,96.8
9523,1/27/2006,107.0
9524,1/28/2006,111.0
9525,1/29/2006,115.0
9526,1/30/2006,113.0
9527,1/31/2006,113.0
9528,2/1/2006,108.0
9529,2/2/2006,105.0
9530,2/3/2006,110.0
9531,2/4/2006,108.0
9532,2/5/2006,98.7
9533,2/6/2006,100.0
9534,2/7/2006,100.0
9535,2/8/2006,100.0
9536,2/9/2006,95.4
9537,2/10/2006,114.0
9538,2/11/2006,121.0
9539,2/12/2006,109.0
9540,2/13/2006,107.0
9541,2/14/2006,96.2
9542,2/15/2006,97.6
9543,2/16/2006,116.0
9544,2/17/2006,109.0
9545,2/18/2006,111.0
9546,2/19/2006,108.0
9547,2/20/2006,111.0
9548,2/21/2006,107.0
9549,2/22/2006,107.0
9550,2/23/2006,108.0
9551,2/24/2006,102.0
9552,2/25/2006,111.0
9553,2/26/2006,109.0
9554,2/27/2006,108.0
9555,2/28/2006,92.1
9556,3/1/2006,112.0
9557,3/2/2006,105.0
9558,3/3/2006,92.9
9559,3/4/2006,100.0
9560,3/5/2006,100.0
9561,3/6/2006,78.9
9562,3/7/2006,77.0
9563,3/8/2006,76.2
9564,3/9/2006,83.6
9565,3/10/2006,84.0
9566,3/11/2006,94.9
9567,3/12/2006,106.0
9568,3/13/2006,128.0
9569,3/14/2006,145.0
9570,3/15/2006,107.0
9571,3/16/2006,105.0
9572,3/17/2006,117.0
9573,3/18/2006,109.0
9574,3/19/2006,114.0
9575,3/20/2006,75.4
9576,3/21/2006,101.0
9577,3/22/2006,101.0
9578,3/23/2006,89.8
9579,3/24/2006,98.6
9580,3/25/2006,98.1
9581,3/26/2006,79.4
9582,3/27/2006,77.7
9583,3/28/2006,80.3
9584,3/29/2006,80.5
9585,3/30/2006,98.9
9586,3/31/2006,83.6
9587,4/1/2006,87.8
9588,4/2/2006,83.1
9589,4/3/2006,99.3
9590,4/4/2006,100.0
9591,4/5/2006,98.3
9592,4/6/2006,102.0
9593,4/7/2006,101.0
9594,4/8/2006,104.0
9595,4/9/2006,97.5
9596,4/10/2006,104.0
9597,4/11/2006,105.0
9598,4/12/2006,140.0
9599,4/13/2006,101.0
9600,4/14/2006,93.4
9601,4/15/2006,85.3
9602,4/16/2006,87.7
9603,4/17/2006,89.7
9604,4/18/2006,76.1
9605,4/19/2006,108.0
9606,4/20/2006,130.0
9607,4/21/2006,111.0
9608,4/22/2006,105.0
9609,4/23/2006,108.0
9610,4/24/2006,111.0
9611,4/25/2006,128.0
9612,4/26/2006,124.0
9613,4/27/2006,140.0
9614,4/28/2006,112.0
9615,4/29/2006,111.0
9616,4/30/2006,108.0
9617,5/1/2006,108.0
9618,5/2/2006,104.0
9619,5/3/2006,154.0
9620,5/4/2006,160.0
9621,5/5/2006,140.0
9622,5/6/2006,120.0
9623,5/7/2006,116.0
9624,5/8/2006,120.0
9625,5/9/2006,143.0
9626,5/10/2006,152.0
9627,5/11/2006,180.0
9628,5/12/2006,163.0
9629,5/13/2006,167.0
9630,5/14/2006,152.0
9631,5/15/2006,151.0
9632,5/16/2006,170.0
9633,5/17/2006,167.0
9634,5/18/2006,147.0
9635,5/19/2006,152.0
9636,5/20/2006,162.0
9637,5/21/2006,182.0
9638,5/22/2006,216.0
9639,5/23/2006,199.0
9640,5/24/2006,182.0
9641,5/25/2006,195.0
9642,5/26/2006,254.0
9643,5/27/2006,310.0
9644,5/28/2006,290.0
9645,5/29/2006,349.0
9646,5/30/2006,341.0
9647,5/31/2006,292.0
9648,6/1/2006,262.0
9649,6/2/2006,279.0
9650,6/3/2006,284.0
9651,6/4/2006,553.0
9652,6/5/2006,437.0
9653,6/6/2006,380.0
9654,6/7/2006,406.0
9655,6/8/2006,390.0
9656,6/9/2006,317.0
9657,6/10/2006,336.0
9658,6/11/2006,418.0
9659,6/12/2006,381.0
9660,6/13/2006,350.0
9661,6/14/2006,270.0
9662,6/15/2006,264.0
9663,6/16/2006,240.0
9664,6/17/2006,235.0
9665,6/18/2006,245.0
9666,6/19/2006,242.0
9667,6/20/2006,240.0
9668,6/21/2006,208.0
9669,6/22/2006,218.0
9670,6/23/2006,208.0
9671,6/24/2006,327.0
9672,6/25/2006,389.0
9673,6/26/2006,432.0
9674,6/27/2006,412.0
9675,6/28/2006,437.0
9676,6/29/2006,500.0
9677,6/30/2006,550.0
9678,7/1/2006,514.0
9679,7/2/2006,501.0
9680,7/3/2006,519.0
9681,7/4/2006,429.0
9682,7/5/2006,444.0
9683,7/6/2006,499.0
9684,7/7/2006,441.0
9685,7/8/2006,494.0
9686,7/9/2006,565.0
9687,7/10/2006,386.0
9688,7/11/2006,498.0
9689,7/12/2006,711.0
9690,7/13/2006,828.0
9691,7/14/2006,953.0
9692,7/15/2006,1170.0
9693,7/16/2006,1350.0
9694,7/17/2006,1080.0
9695,7/18/2006,1140.0
9696,7/19/2006,1240.0
9697,7/20/2006,1600.0
9698,7/21/2006,1200.0
9699,7/22/2006,1060.0
9700,7/23/2006,876.0
9701,7/24/2006,775.0
9702,7/25/2006,733.0
9703,7/26/2006,811.0
9704,7/27/2006,1060.0
9705,7/28/2006,828.0
9706,7/29/2006,738.0
9707,7/30/2006,704.0
9708,7/31/2006,630.0
9709,8/1/2006,579.0
9710,8/2/2006,603.0
9711,8/3/2006,591.0
9712,8/4/2006,670.0
9713,8/5/2006,662.0
9714,8/6/2006,717.0
9715,8/7/2006,710.0
9716,8/8/2006,754.0
9717,8/9/2006,700.0
9718,8/10/2006,701.0
9719,8/11/2006,654.0
9720,8/12/2006,565.0
9721,8/13/2006,520.0
9722,8/14/2006,543.0
9723,8/15/2006,556.0
9724,8/16/2006,562.0
9725,8/17/2006,491.0
9726,8/18/2006,469.0
9727,8/19/2006,466.0
9728,8/20/2006,487.0
9729,8/21/2006,800.0
9730,8/22/2006,637.0
9731,8/23/2006,612.0
9732,8/24/2006,635.0
9733,8/25/2006,645.0
9734,8/26/2006,681.0
9735,8/27/2006,1590.0
9736,8/28/2006,1810.0
9737,8/29/2006,1720.0
9738,8/30/2006,1490.0
9739,8/31/2006,1200.0
9740,9/1/2006,1070.0
9741,9/2/2006,912.0
9742,9/3/2006,717.0
9743,9/4/2006,626.0
9744,9/5/2006,648.0
9745,9/6/2006,578.0
9746,9/7/2006,527.0
9747,9/8/2006,528.0
9748,9/9/2006,603.0
9749,9/10/2006,610.0
9750,9/11/2006,847.0
9751,9/12/2006,910.0
9752,9/13/2006,844.0
9753,9/14/2006,767.0
9754,9/15/2006,721.0
9755,9/16/2006,658.0
9756,9/17/2006,661.0
9757,9/18/2006,610.0
9758,9/19/2006,608.0
9759,9/20/2006,540.0
9760,9/21/2006,516.0
9761,9/22/2006,493.0
9762,9/23/2006,593.0
9763,9/24/2006,606.0
9764,9/25/2006,595.0
9765,9/26/2006,524.0
9766,9/27/2006,533.0
9767,9/28/2006,486.0
9768,9/29/2006,427.0
9769,9/30/2006,397.0
9770,10/1/2006,367.0
9771,10/2/2006,358.0
9772,10/3/2006,350.0
9773,10/4/2006,383.0
9774,10/5/2006,357.0
9775,10/6/2006,326.0
9776,10/7/2006,321.0
9777,10/8/2006,338.0
9778,10/9/2006,326.0
9779,10/10/2006,301.0
9780,10/11/2006,301.0
9781,10/12/2006,287.0
9782,10/13/2006,295.0
9783,10/14/2006,272.0
9784,10/15/2006,289.0
9785,10/16/2006,266.0
9786,10/17/2006,258.0
9787,10/18/2006,256.0
9788,10/19/2006,265.0
9789,10/20/2006,278.0
9790,10/21/2006,272.0
9791,10/22/2006,248.0
9792,10/23/2006,289.0
9793,10/24/2006,263.0
9794,10/25/2006,256.0
9795,10/26/2006,228.0
9796,10/27/2006,225.0
9797,10/28/2006,250.0
9798,10/29/2006,209.0
9799,10/30/2006,217.0
9800,10/31/2006,222.0
9801,11/1/2006,218.0
9802,11/2/2006,217.0
9803,11/3/2006,205.0
9804,11/4/2006,201.0
9805,11/5/2006,203.0
9806,11/6/2006,204.0
9807,11/7/2006,158.0
9808,11/8/2006,210.0
9809,11/9/2006,179.0
9810,11/10/2006,184.0
9811,11/11/2006,171.0
9812,11/12/2006,181.0
9813,11/13/2006,173.0
9814,11/14/2006,166.0
9815,11/15/2006,167.0
9816,11/16/2006,166.0
9817,11/17/2006,166.0
9818,11/18/2006,165.0
9819,11/19/2006,153.0
9820,11/20/2006,171.0
9821,11/21/2006,156.0
9822,11/22/2006,164.0
9823,11/23/2006,147.0
9824,11/24/2006,149.0
9825,11/25/2006,130.0
9826,11/26/2006,155.0
9827,11/27/2006,161.0
9828,11/28/2006,145.0
9829,11/29/2006,134.0
9830,11/30/2006,150.0
9831,12/1/2006,148.0
9832,12/2/2006,125.0
9833,12/3/2006,122.0
9834,12/4/2006,145.0
9835,12/5/2006,119.0
9836,12/6/2006,135.0
9837,12/7/2006,131.0
9838,12/8/2006,142.0
9839,12/9/2006,139.0
9840,12/10/2006,130.0
9841,12/11/2006,126.0
9842,12/12/2006,137.0
9843,12/13/2006,135.0
9844,12/14/2006,128.0
9845,12/15/2006,113.0
9846,12/16/2006,118.0
9847,12/17/2006,130.0
9848,12/18/2006,139.0
9849,12/19/2006,131.0
9850,12/20/2006,127.0
9851,12/21/2006,114.0
9852,12/22/2006,112.0
9853,12/23/2006,105.0
9854,12/24/2006,102.0
9855,12/25/2006,116.0
9856,12/26/2006,127.0
9857,12/27/2006,132.0
9858,12/28/2006,132.0
9859,12/29/2006,130.0
9860,12/30/2006,128.0
9861,12/31/2006,116.0
9862,1/1/2007,110.0
9863,1/2/2007,106.0
9864,1/3/2007,110.0
9865,1/4/2007,120.0
9866,1/5/2007,130.0
9867,1/6/2007,132.0
9868,1/7/2007,125.0
9869,1/8/2007,109.0
9870,1/9/2007,117.0
9871,1/10/2007,117.0
9872,1/11/2007,111.0
9873,1/12/2007,101.0
9874,1/13/2007,114.0
9875,1/14/2007,113.0
9876,1/15/2007,96.3
9877,1/16/2007,83.6
9878,1/17/2007,84.0
9879,1/18/2007,89.2
9880,1/19/2007,98.9
9881,1/20/2007,108.0
9882,1/21/2007,106.0
9883,1/22/2007,102.0
9884,1/23/2007,105.0
9885,1/24/2007,114.0
9886,1/25/2007,102.0
9887,1/26/2007,86.1
9888,1/27/2007,98.1
9889,1/28/2007,99.6
9890,1/29/2007,100.0
9891,1/30/2007,102.0
9892,1/31/2007,95.0
9893,2/1/2007,89.7
9894,2/2/2007,105.0
9895,2/3/2007,96.7
9896,2/4/2007,99.7
9897,2/5/2007,103.0
9898,2/6/2007,120.0
9899,2/7/2007,90.1
9900,2/8/2007,96.8
9901,2/9/2007,106.0
9902,2/10/2007,95.8
9903,2/11/2007,90.1
9904,2/12/2007,84.8
9905,2/13/2007,89.5
9906,2/14/2007,245.0
9907,2/15/2007,205.0
9908,2/16/2007,160.0
9909,2/17/2007,128.0
9910,2/18/2007,96.3
9911,2/19/2007,105.0
9912,2/20/2007,114.0
9913,2/21/2007,104.0
9914,2/22/2007,104.0
9915,2/23/2007,109.0
9916,2/24/2007,97.9
9917,2/25/2007,93.5
9918,2/26/2007,103.0
9919,2/27/2007,98.2
9920,2/28/2007,98.5
9921,3/1/2007,116.0
9922,3/2/2007,128.0
9923,3/3/2007,119.0
9924,3/4/2007,111.0
9925,3/5/2007,98.2
9926,3/6/2007,103.0
9927,3/7/2007,114.0
9928,3/8/2007,103.0
9929,3/9/2007,102.0
9930,3/10/2007,105.0
9931,3/11/2007,105.0
9932,3/12/2007,106.0
9933,3/13/2007,101.0
9934,3/14/2007,122.0
9935,3/15/2007,132.0
9936,3/16/2007,124.0
9937,3/17/2007,116.0
9938,3/18/2007,107.0
9939,3/19/2007,109.0
9940,3/20/2007,106.0
9941,3/21/2007,123.0
9942,3/22/2007,116.0
9943,3/23/2007,93.0
9944,3/24/2007,119.0
9945,3/25/2007,102.0
9946,3/26/2007,107.0
9947,3/27/2007,91.7
9948,3/28/2007,92.9
9949,3/29/2007,92.1
9950,3/30/2007,91.4
9951,3/31/2007,91.7
9952,4/1/2007,128.0
9953,4/2/2007,136.0
9954,4/3/2007,119.0
9955,4/4/2007,114.0
9956,4/5/2007,127.0
9957,4/6/2007,120.0
9958,4/7/2007,124.0
9959,4/8/2007,109.0
9960,4/9/2007,104.0
9961,4/10/2007,110.0
9962,4/11/2007,105.0
9963,4/12/2007,120.0
9964,4/13/2007,110.0
9965,4/14/2007,124.0
9966,4/15/2007,130.0
9967,4/16/2007,112.0
9968,4/17/2007,114.0
9969,4/18/2007,113.0
9970,4/19/2007,135.0
9971,4/20/2007,136.0
9972,4/21/2007,142.0
9973,4/22/2007,112.0
9974,4/23/2007,121.0
9975,4/24/2007,136.0
9976,4/25/2007,134.0
9977,4/26/2007,127.0
9978,4/27/2007,127.0
9979,4/28/2007,116.0
9980,4/29/2007,117.0
9981,4/30/2007,124.0
9982,5/1/2007,118.0
9983,5/2/2007,113.0
9984,5/3/2007,115.0
9985,5/4/2007,111.0
9986,5/5/2007,115.0
9987,5/6/2007,115.0
9988,5/7/2007,129.0
9989,5/8/2007,129.0
9990,5/9/2007,112.0
9991,5/10/2007,111.0
9992,5/11/2007,146.0
9993,5/12/2007,105.0
9994,5/13/2007,101.0
9995,5/14/2007,169.0
9996,5/15/2007,112.0
9997,5/16/2007,113.0
9998,5/17/2007,148.0
9999,5/18/2007,133.0
10000,5/19/2007,161.0
10001,5/20/2007,191.0
10002,5/21/2007,148.0
10003,5/22/2007,183.0
10004,5/23/2007,170.0
10005,5/24/2007,180.0
10006,5/25/2007,167.0
10007,5/26/2007,157.0
10008,5/27/2007,136.0
10009,5/28/2007,114.0
10010,5/29/2007,114.0
10011,5/30/2007,124.0
10012,5/31/2007,90.0
10013,6/1/2007,103.0
10014,6/2/2007,82.8
10015,6/3/2007,107.0
10016,6/4/2007,105.0
10017,6/5/2007,154.0
10018,6/6/2007,148.0
10019,6/7/2007,196.0
10020,6/8/2007,213.0
10021,6/9/2007,375.0
10022,6/10/2007,538.0
10023,6/11/2007,456.0
10024,6/12/2007,337.0
10025,6/13/2007,350.0
10026,6/14/2007,545.0
10027,6/15/2007,742.0
10028,6/16/2007,470.0
10029,6/17/2007,923.0
10030,6/18/2007,377.0
10031,6/19/2007,324.0
10032,6/20/2007,337.0
10033,6/21/2007,310.0
10034,6/22/2007,270.0
10035,6/23/2007,265.0
10036,6/24/2007,267.0
10037,6/25/2007,312.0
10038,6/26/2007,380.0
10039,6/27/2007,377.0
10040,6/28/2007,406.0
10041,6/29/2007,432.0
10042,6/30/2007,474.0
10043,7/1/2007,428.0
10044,7/2/2007,385.0
10045,7/3/2007,479.0
10046,7/4/2007,500.0
10047,7/5/2007,502.0
10048,7/6/2007,500.0
10049,7/7/2007,540.0
10050,7/8/2007,557.0
10051,7/9/2007,699.0
10052,7/10/2007,548.0
10053,7/11/2007,751.0
10054,7/12/2007,732.0
10055,7/13/2007,1110.0
10056,7/14/2007,1063.0
10057,7/15/2007,1096.0
10058,7/16/2007,998.0
10059,7/17/2007,924.0
10060,7/18/2007,1191.0
10061,7/19/2007,959.0
10062,7/20/2007,1600.0
10063,7/21/2007,1321.0
10064,7/22/2007,1475.0
10065,7/23/2007,1568.0
10066,7/24/2007,1333.0
10067,7/25/2007,1557.0
10068,7/26/2007,1415.0
10069,7/27/2007,2302.0
10070,7/28/2007,2586.0
10071,7/29/2007,2330.0
10072,7/30/2007,2372.0
10073,7/31/2007,2254.0
10074,8/1/2007,2110.0
10075,8/2/2007,1974.0
10076,8/3/2007,1791.0
10077,8/4/2007,1381.0
10078,8/5/2007,1212.0
10079,8/6/2007,1030.0
10080,8/7/2007,904.0
10081,8/8/2007,836.0
10082,8/9/2007,810.0
10083,8/10/2007,771.0
10084,8/11/2007,755.0
10085,8/12/2007,781.0
10086,8/13/2007,887.0
10087,8/14/2007,1149.0
10088,8/15/2007,1471.0
10089,8/16/2007,1485.0
10090,8/17/2007,2297.0
10091,8/18/2007,1726.0
10092,8/19/2007,1781.0
10093,8/20/2007,1806.0
10094,8/21/2007,1353.0
10095,8/22/2007,1120.0
10096,8/23/2007,970.0
10097,8/24/2007,1068.0
10098,8/25/2007,1475.0
10099,8/26/2007,1170.0
10100,8/27/2007,1265.0
10101,8/28/2007,1226.0
10102,8/29/2007,1144.0
10103,8/30/2007,1195.0
10104,8/31/2007,1282.0
10105,9/1/2007,2345.0
10106,9/2/2007,1711.0
10107,9/3/2007,1491.0
10108,9/4/2007,2262.0
10109,9/5/2007,2491.0
10110,9/6/2007,5017.0
10111,9/7/2007,3252.0
10112,9/8/2007,2174.0
10113,9/9/2007,1823.0
10114,9/10/2007,1479.0
10115,9/11/2007,1182.0
10116,9/12/2007,1064.0
10117,9/13/2007,1107.0
10118,9/14/2007,1055.0
10119,9/15/2007,1069.0
10120,9/16/2007,983.0
10121,9/17/2007,896.0
10122,9/18/2007,773.0
10123,9/19/2007,774.0
10124,9/20/2007,710.0
10125,9/21/2007,743.0
10126,9/22/2007,675.0
10127,9/23/2007,630.0
10128,9/24/2007,627.0
10129,9/25/2007,588.0
10130,9/26/2007,1268.0
10131,9/27/2007,1208.0
10132,9/28/2007,1074.0
10133,9/29/2007,2643.0
10134,9/30/2007,3332.0
10135,10/1/2007,1795.0
10136,10/2/2007,1369.0
10137,10/3/2007,1118.0
10138,10/4/2007,976.0
10139,10/5/2007,884.0
10140,10/6/2007,791.0
10141,10/7/2007,741.0
10142,10/8/2007,713.0
10143,10/9/2007,668.0
10144,10/10/2007,668.0
10145,10/11/2007,622.0
10146,10/12/2007,611.0
10147,10/13/2007,574.0
10148,10/14/2007,545.0
10149,10/15/2007,539.0
10150,10/16/2007,575.0
10151,10/17/2007,566.0
10152,10/18/2007,506.0
10153,10/19/2007,487.0
10154,10/20/2007,491.0
10155,10/21/2007,493.0
10156,10/22/2007,476.0
10157,10/23/2007,436.0
10158,10/24/2007,402.0
10159,10/25/2007,413.0
10160,10/26/2007,420.0
10161,10/27/2007,414.0
10162,10/28/2007,362.0
10163,10/29/2007,346.0
10164,10/30/2007,374.0
10165,10/31/2007,373.0
10166,11/1/2007,321.0
10167,11/2/2007,320.0
10168,11/3/2007,267.0
10169,11/4/2007,331.0
10170,11/5/2007,305.0
10171,11/6/2007,311.0
10172,11/7/2007,305.0
10173,11/8/2007,283.0
10174,11/9/2007,286.0
10175,11/10/2007,303.0
10176,11/11/2007,347.0
10177,11/12/2007,326.0
10178,11/13/2007,289.0
10179,11/14/2007,232.0
10180,11/15/2007,237.0
10181,11/16/2007,237.0
10182,11/17/2007,225.0
10183,11/18/2007,237.0
10184,11/19/2007,243.0
10185,11/20/2007,216.0
10186,11/21/2007,217.0
10187,11/22/2007,218.0
10188,11/23/2007,224.0
10189,11/24/2007,208.0
10190,11/25/2007,207.0
10191,11/26/2007,204.0
10192,11/27/2007,213.0
10193,11/28/2007,214.0
10194,11/29/2007,215.0
10195,11/30/2007,211.0
10196,12/1/2007,200.0
10197,12/2/2007,197.0
10198,12/3/2007,200.0
10199,12/4/2007,196.0
10200,12/5/2007,190.0
10201,12/6/2007,188.0
10202,12/7/2007,175.0
10203,12/8/2007,183.0
10204,12/9/2007,187.0
10205,12/10/2007,189.0
10206,12/11/2007,181.0
10207,12/12/2007,177.0
10208,12/13/2007,183.0
10209,12/14/2007,179.0
10210,12/15/2007,172.0
10211,12/16/2007,152.0
10212,12/17/2007,160.0
10213,12/18/2007,156.0
10214,12/19/2007,158.0
10215,12/20/2007,155.0
10216,12/21/2007,171.0
10217,12/22/2007,163.0
10218,12/23/2007,156.0
10219,12/24/2007,146.0
10220,12/25/2007,151.0
10221,12/26/2007,158.0
10222,12/27/2007,168.0
10223,12/28/2007,162.0
10224,12/29/2007,148.0
10225,12/30/2007,137.0
10226,12/31/2007,152.0
10227,1/1/2008,150.0
10228,1/2/2008,143.0
10229,1/3/2008,138.0
10230,1/4/2008,125.0
10231,1/5/2008,122.0
10232,1/6/2008,124.0
10233,1/7/2008,144.0
10234,1/8/2008,134.0
10235,1/9/2008,139.0
10236,1/10/2008,130.0
10237,1/11/2008,136.0
10238,1/12/2008,123.0
10239,1/13/2008,104.0
10240,1/14/2008,134.0
10241,1/15/2008,136.0
10242,1/16/2008,91.1
10243,1/17/2008,119.0
10244,1/18/2008,127.0
10245,1/19/2008,134.0
10246,1/20/2008,132.0
10247,1/21/2008,129.0
10248,1/22/2008,143.0
10249,1/23/2008,136.0
10250,1/24/2008,143.0
10251,1/25/2008,135.0
10252,1/26/2008,116.0
10253,1/27/2008,115.0
10254,1/28/2008,134.0
10255,1/29/2008,125.0
10256,1/30/2008,128.0
10257,1/31/2008,131.0
10258,2/1/2008,129.0
10259,2/2/2008,127.0
10260,2/3/2008,118.0
10261,2/4/2008,108.0
10262,2/5/2008,99.9
10263,2/6/2008,124.0
10264,2/7/2008,107.0
10265,2/8/2008,105.0
10266,2/9/2008,103.0
10267,2/10/2008,103.0
10268,2/11/2008,106.0
10269,2/12/2008,97.1
10270,2/13/2008,94.8
10271,2/14/2008,98.8
10272,2/15/2008,97.1
10273,2/16/2008,100.0
10274,2/17/2008,102.0
10275,2/18/2008,112.0
10276,2/19/2008,121.0
10277,2/20/2008,108.0
10278,2/21/2008,107.0
10279,2/22/2008,106.0
10280,2/23/2008,99.2
10281,2/24/2008,102.0
10282,2/25/2008,102.0
10283,2/26/2008,101.0
10284,2/27/2008,105.0
10285,2/28/2008,102.0
10286,2/29/2008,100.0
10287,3/1/2008,104.0
10288,3/2/2008,105.0
10289,3/3/2008,107.0
10290,3/4/2008,104.0
10291,3/5/2008,116.0
10292,3/6/2008,121.0
10293,3/7/2008,109.0
10294,3/8/2008,108.0
10295,3/9/2008,108.0
10296,3/10/2008,117.0
10297,3/11/2008,114.0
10298,3/12/2008,108.0
10299,3/13/2008,113.0
10300,3/14/2008,105.0
10301,3/15/2008,111.0
10302,3/16/2008,95.3
10303,3/17/2008,119.0
10304,3/18/2008,111.0
10305,3/19/2008,107.0
10306,3/20/2008,94.4
10307,3/21/2008,112.0
10308,3/22/2008,94.2
10309,3/23/2008,82.9
10310,3/24/2008,103.0
10311,3/25/2008,94.7
10312,3/26/2008,103.0
10313,3/27/2008,99.9
10314,3/28/2008,93.7
10315,3/29/2008,82.2
10316,3/30/2008,104.0
10317,3/31/2008,95.1
10318,4/1/2008,85.8
10319,4/2/2008,86.8
10320,4/3/2008,84.4
10321,4/4/2008,91.2
10322,4/5/2008,97.9
10323,4/6/2008,98.0
10324,4/7/2008,102.0
10325,4/8/2008,118.0
10326,4/9/2008,108.0
10327,4/10/2008,101.0
10328,4/11/2008,109.0
10329,4/12/2008,113.0
10330,4/13/2008,133.0
10331,4/14/2008,137.0
10332,4/15/2008,129.0
10333,4/16/2008,116.0
10334,4/17/2008,92.6
10335,4/18/2008,93.8
10336,4/19/2008,99.6
10337,4/20/2008,104.0
10338,4/21/2008,109.0
10339,4/22/2008,108.0
10340,4/23/2008,107.0
10341,4/24/2008,98.4
10342,4/25/2008,118.0
10343,4/26/2008,110.0
10344,4/27/2008,109.0
10345,4/28/2008,106.0
10346,4/29/2008,127.0
10347,4/30/2008,133.0
10348,5/1/2008,128.0
10349,5/2/2008,134.0
10350,5/3/2008,138.0
10351,5/4/2008,130.0
10352,5/5/2008,119.0
10353,5/6/2008,127.0
10354,5/7/2008,134.0
10355,5/8/2008,145.0
10356,5/9/2008,141.0
10357,5/10/2008,147.0
10358,5/11/2008,143.0
10359,5/12/2008,144.0
10360,5/13/2008,143.0
10361,5/14/2008,130.0
10362,5/15/2008,134.0
10363,5/16/2008,126.0
10364,5/17/2008,118.0
10365,5/18/2008,151.0
10366,5/19/2008,132.0
10367,5/20/2008,175.0
10368,5/21/2008,157.0
10369,5/22/2008,147.0
10370,5/23/2008,140.0
10371,5/24/2008,139.0
10372,5/25/2008,140.0
10373,5/26/2008,146.0
10374,5/27/2008,168.0
10375,5/28/2008,164.0
10376,5/29/2008,160.0
10377,5/30/2008,160.0
10378,5/31/2008,160.0
10379,6/1/2008,157.0
10380,6/2/2008,160.0
10381,6/3/2008,149.0
10382,6/4/2008,148.0
10383,6/5/2008,151.0
10384,6/6/2008,157.0
10385,6/7/2008,175.0
10386,6/8/2008,224.0
10387,6/9/2008,263.0
10388,6/10/2008,328.0
10389,6/11/2008,367.0
10390,6/12/2008,350.0
10391,6/13/2008,445.0
10392,6/14/2008,379.0
10393,6/15/2008,990.0
10394,6/16/2008,829.0
10395,6/17/2008,828.0
10396,6/18/2008,450.0
10397,6/19/2008,633.0
10398,6/20/2008,631.0
10399,6/21/2008,576.0
10400,6/22/2008,528.0
10401,6/23/2008,529.0
10402,6/24/2008,617.0
10403,6/25/2008,767.0
10404,6/26/2008,651.0
10405,6/27/2008,609.0
10406,6/28/2008,829.0
10407,6/29/2008,1148.0
10408,6/30/2008,1144.0
10409,7/1/2008,881.0
10410,7/2/2008,1088.0
10411,7/3/2008,992.0
10412,7/4/2008,1065.0
10413,7/5/2008,871.0
10414,7/6/2008,861.0
10415,7/7/2008,750.0
10416,7/8/2008,665.0
10417,7/9/2008,623.0
10418,7/10/2008,636.0
10419,7/11/2008,564.0
10420,7/12/2008,529.0
10421,7/13/2008,702.0
10422,7/14/2008,769.0
10423,7/15/2008,1010.0
10424,7/16/2008,1000.0
10425,7/17/2008,734.0
10426,7/18/2008,753.0
10427,7/19/2008,962.0
10428,7/20/2008,1244.0
10429,7/21/2008,1761.0
10430,7/22/2008,1445.0
10431,7/23/2008,1241.0
10432,7/24/2008,1063.0
10433,7/25/2008,993.0
10434,7/26/2008,838.0
10435,7/27/2008,842.0
10436,7/28/2008,1001.0
10437,7/29/2008,917.0
10438,7/30/2008,794.0
10439,7/31/2008,918.0
10440,8/1/2008,1012.0
10441,8/2/2008,907.0
10442,8/3/2008,868.0
10443,8/4/2008,916.0
10444,8/5/2008,1080.0
10445,8/6/2008,1070.0
10446,8/7/2008,1514.0
10447,8/8/2008,2118.0
10448,8/9/2008,1498.0
10449,8/10/2008,1308.0
10450,8/11/2008,1135.0
10451,8/12/2008,1155.0
10452,8/13/2008,1678.0
10453,8/14/2008,2164.0
10454,8/15/2008,1938.0
10455,8/16/2008,2150.0
10456,8/17/2008,1874.0
10457,8/18/2008,1515.0
10458,8/19/2008,1694.0
10459,8/20/2008,3028.0
10460,8/21/2008,2530.0
10461,8/22/2008,2239.0
10462,8/23/2008,2067.0
10463,8/24/2008,1984.0
10464,8/25/2008,1716.0
10465,8/26/2008,1788.0
10466,8/27/2008,1830.0
10467,8/28/2008,1715.0
10468,8/29/2008,1638.0
10469,8/30/2008,1351.0
10470,8/31/2008,1251.0
10471,9/1/2008,974.0
10472,9/2/2008,843.0
10473,9/3/2008,765.0
10474,9/4/2008,726.0
10475,9/5/2008,675.0
10476,9/6/2008,632.0
10477,9/7/2008,565.0
10478,9/8/2008,571.0
10479,9/9/2008,545.0
10480,9/10/2008,498.0
10481,9/11/2008,498.0
10482,9/12/2008,509.0
10483,9/13/2008,581.0
10484,9/14/2008,672.0
10485,9/15/2008,549.0
10486,9/16/2008,534.0
10487,9/17/2008,548.0
10488,9/18/2008,597.0
10489,9/19/2008,602.0
10490,9/20/2008,901.71
10491,9/21/2008,2671.0
10492,9/22/2008,1433.0
10493,9/23/2008,1075.0
10494,9/24/2008,910.0
10495,9/25/2008,876.0
10496,9/26/2008,787.0
10497,9/27/2008,680.0
10498,9/28/2008,655.0
10499,9/29/2008,635.0
10500,9/30/2008,628.0
10501,10/1/2008,593.0
10502,10/2/2008,529.0
10503,10/3/2008,543.0
10504,10/4/2008,496.0
10505,10/5/2008,453.0
10506,10/6/2008,445.0
10507,10/7/2008,439.0
10508,10/8/2008,428.0
10509,10/9/2008,426.0
10510,10/10/2008,407.0
10511,10/11/2008,395.0
10512,10/12/2008,345.0
10513,10/13/2008,359.0
10514,10/14/2008,364.0
10515,10/15/2008,335.0
10516,10/16/2008,337.0
10517,10/17/2008,319.0
10518,10/18/2008,328.0
10519,10/19/2008,313.0
10520,10/20/2008,294.0
10521,10/21/2008,289.0
10522,10/22/2008,254.0
10523,10/23/2008,264.0
10524,10/24/2008,300.0
10525,10/25/2008,288.0
10526,10/26/2008,282.0
10527,10/27/2008,248.0
10528,10/28/2008,241.0
10529,10/29/2008,305.0
10530,10/30/2008,313.0
10531,10/31/2008,338.0
10532,11/1/2008,265.0
10533,11/2/2008,234.0
10534,11/3/2008,233.0
10535,11/4/2008,203.0
10536,11/5/2008,234.0
10537,11/6/2008,251.0
10538,11/7/2008,247.0
10539,11/8/2008,245.0
10540,11/9/2008,244.0
10541,11/10/2008,234.0
10542,11/11/2008,224.0
10543,11/12/2008,223.0
10544,11/13/2008,222.0
10545,11/14/2008,213.0
10546,11/15/2008,194.0
10547,11/16/2008,199.0
10548,11/17/2008,209.0
10549,11/18/2008,192.0
10550,11/19/2008,206.0
10551,11/20/2008,202.0
10552,11/21/2008,193.0
10553,11/22/2008,191.0
10554,11/23/2008,168.0
10555,11/24/2008,164.0
10556,11/25/2008,168.0
10557,11/26/2008,167.0
10558,11/27/2008,166.0
10559,11/28/2008,165.0
10560,11/29/2008,169.0
10561,11/30/2008,158.0
10562,12/1/2008,161.0
10563,12/2/2008,166.0
10564,12/3/2008,168.0
10565,12/4/2008,162.0
10566,12/5/2008,161.0
10567,12/6/2008,160.0
10568,12/7/2008,158.0
10569,12/8/2008,160.0
10570,12/9/2008,154.0
10571,12/10/2008,158.0
10572,12/11/2008,158.0
10573,12/12/2008,156.0
10574,12/13/2008,156.0
10575,12/14/2008,152.0
10576,12/15/2008,154.0
10577,12/16/2008,148.0
10578,12/17/2008,148.0
10579,12/18/2008,138.0
10580,12/19/2008,136.0
10581,12/20/2008,134.0
10582,12/21/2008,132.0
10583,12/22/2008,139.0
10584,12/23/2008,135.0
10585,12/24/2008,129.0
10586,12/25/2008,126.0
10587,12/26/2008,130.0
10588,12/27/2008,126.0
10589,12/28/2008,126.0
10590,12/29/2008,127.0
10591,12/30/2008,129.0
10592,12/31/2008,126.0
10593,1/1/2009,137.0
10594,1/2/2009,136.0
10595,1/3/2009,115.0
10596,1/4/2009,113.0
10597,1/5/2009,121.0
10598,1/6/2009,116.0
10599,1/7/2009,101.0
10600,1/8/2009,112.0
10601,1/9/2009,118.0
10602,1/10/2009,125.0
10603,1/11/2009,110.0
10604,1/12/2009,98.3
10605,1/13/2009,87.8
10606,1/14/2009,84.4
10607,1/15/2009,87.9
10608,1/16/2009,113.0
10609,1/17/2009,94.8
10610,1/18/2009,81.0
10611,1/19/2009,77.0
10612,1/20/2009,78.7
10613,1/21/2009,91.3
10614,1/22/2009,78.7
10615,1/23/2009,92.6
10616,1/24/2009,89.8
10617,1/25/2009,103.0
10618,1/26/2009,106.0
10619,1/27/2009,96.7
10620,1/28/2009,91.2
10621,1/29/2009,82.8
10622,1/30/2009,85.3
10623,1/31/2009,84.4
10624,2/1/2009,91.1
10625,2/2/2009,84.9
10626,2/3/2009,75.4
10627,2/4/2009,82.3
10628,2/5/2009,86.9
10629,2/6/2009,87.3
10630,2/7/2009,79.8
10631,2/8/2009,69.4
10632,2/9/2009,79.9
10633,2/10/2009,81.5
10634,2/11/2009,81.3
10635,2/12/2009,88.9
10636,2/13/2009,76.6
10637,2/14/2009,81.3
10638,2/15/2009,82.0
10639,2/16/2009,72.1
10640,2/17/2009,81.4
10641,2/18/2009,81.3
10642,2/19/2009,78.7
10643,2/20/2009,81.3
10644,2/21/2009,75.9
10645,2/22/2009,77.0
10646,2/23/2009,72.2
10647,2/24/2009,74.4
10648,2/25/2009,74.0
10649,2/26/2009,74.0
10650,2/27/2009,75.1
10651,2/28/2009,60.4
10652,3/1/2009,67.5
10653,3/2/2009,73.0
10654,3/3/2009,70.1
10655,3/4/2009,71.6
10656,3/5/2009,68.8
10657,3/6/2009,64.4
10658,3/7/2009,64.0
10659,3/8/2009,77.1
10660,3/9/2009,63.2
10661,3/10/2009,65.3
10662,3/11/2009,67.0
10663,3/12/2009,68.5
10664,3/13/2009,77.0
10665,3/14/2009,69.0
10666,3/15/2009,77.6
10667,3/16/2009,74.3
10668,3/17/2009,58.4
10669,3/18/2009,72.5
10670,3/19/2009,66.7
10671,3/20/2009,71.8
10672,3/21/2009,60.4
10673,3/22/2009,68.4
10674,3/23/2009,65.5
10675,3/24/2009,71.1
10676,3/25/2009,71.9
10677,3/26/2009,72.5
10678,3/27/2009,73.6
10679,3/28/2009,70.1
10680,3/29/2009,67.1
10681,3/30/2009,66.7
10682,3/31/2009,55.3
10683,4/1/2009,73.0
10684,4/2/2009,74.9
10685,4/3/2009,67.2
10686,4/4/2009,75.2
10687,4/5/2009,76.1
10688,4/6/2009,63.7
10689,4/7/2009,77.7
10690,4/8/2009,80.4
10691,4/9/2009,83.0
10692,4/10/2009,72.1
10693,4/11/2009,73.9
10694,4/12/2009,72.6
10695,4/13/2009,72.1
10696,4/14/2009,72.4
10697,4/15/2009,77.8
10698,4/16/2009,75.4
10699,4/17/2009,72.5
10700,4/18/2009,88.4
10701,4/19/2009,90.3
10702,4/20/2009,82.4
10703,4/21/2009,80.3
10704,4/22/2009,76.6
10705,4/23/2009,92.4
10706,4/24/2009,87.4
10707,4/25/2009,86.8
10708,4/26/2009,77.7
10709,4/27/2009,89.7
10710,4/28/2009,90.7
10711,4/29/2009,85.8
10712,4/30/2009,88.7
10713,5/1/2009,101.0
10714,5/2/2009,128.0
10715,5/3/2009,130.0
10716,5/4/2009,129.0
10717,5/5/2009,111.0
10718,5/6/2009,79.3
10719,5/7/2009,105.0
10720,5/8/2009,74.7
10721,5/9/2009,76.1
10722,5/10/2009,72.1
10723,5/11/2009,67.4
10724,5/12/2009,69.9
10725,5/13/2009,80.4
10726,5/14/2009,92.3
10727,5/15/2009,75.1
10728,5/16/2009,68.6
10729,5/17/2009,92.8
10730,5/18/2009,82.6
10731,5/19/2009,79.6
10732,5/20/2009,136.0
10733,5/21/2009,134.0
10734,5/22/2009,256.0
10735,5/23/2009,182.0
10736,5/24/2009,214.0
10737,5/25/2009,169.0
10738,5/26/2009,131.0
10739,5/27/2009,164.0
10740,5/28/2009,197.0
10741,5/29/2009,169.0
10742,5/30/2009,154.0
10743,5/31/2009,128.0
10744,6/1/2009,118.0
10745,6/2/2009,102.0
10746,6/3/2009,109.0
10747,6/4/2009,235.0
10748,6/5/2009,171.0
10749,6/6/2009,241.0
10750,6/7/2009,235.0
10751,6/8/2009,175.0
10752,6/9/2009,144.0
10753,6/10/2009,165.0
10754,6/11/2009,172.0
10755,6/12/2009,183.0
10756,6/13/2009,171.0
10757,6/14/2009,177.0
10758,6/15/2009,177.0
10759,6/16/2009,171.0
10760,6/17/2009,174.0
10761,6/18/2009,164.0
10762,6/19/2009,151.0
10763,6/20/2009,151.0
10764,6/21/2009,149.0
10765,6/22/2009,149.0
10766,6/23/2009,250.0
10767,6/24/2009,255.0
10768,6/25/2009,281.0
10769,6/26/2009,223.0
10770,6/27/2009,427.0
10771,6/28/2009,525.0
10772,6/29/2009,814.0
10773,6/30/2009,451.0
10774,7/1/2009,515.0
10775,7/2/2009,883.0
10776,7/3/2009,715.0
10777,7/4/2009,466.0
10778,7/5/2009,441.0
10779,7/6/2009,414.0
10780,7/7/2009,382.0
10781,7/8/2009,525.0
10782,7/9/2009,655.0
10783,7/10/2009,546.0
10784,7/11/2009,547.0
10785,7/12/2009,533.0
10786,7/13/2009,670.0
10787,7/14/2009,914.0
10788,7/15/2009,854.0
10789,7/16/2009,1050.0
10790,7/17/2009,532.0
10791,7/18/2009,539.0
10792,7/19/2009,593.0
10793,7/20/2009,591.0
10794,7/21/2009,605.0
10795,7/22/2009,519.0
10796,7/23/2009,499.0
10797,7/24/2009,543.0
10798,7/25/2009,525.0
10799,7/26/2009,485.0
10800,7/27/2009,1035.0
10801,7/28/2009,4441.0
10802,7/29/2009,3129.0
10803,7/30/2009,1844.0
10804,7/31/2009,2079.0
10805,8/1/2009,1616.0
10806,8/2/2009,1166.0
10807,8/3/2009,1083.0
10808,8/4/2009,1320.0
10809,8/5/2009,1463.0
10810,8/6/2009,1668.0
10811,8/7/2009,2065.0
10812,8/8/2009,1888.0
10813,8/9/2009,1673.0
10814,8/10/2009,2333.0
10815,8/11/2009,1883.0
10816,8/12/2009,1383.0
10817,8/13/2009,1368.0
10818,8/14/2009,1611.0
10819,8/15/2009,1752.0
10820,8/16/2009,2348.0
10821,8/17/2009,2516.0
10822,8/18/2009,2552.0
10823,8/19/2009,2377.0
10824,8/20/2009,1851.0
10825,8/21/2009,1422.0
10826,8/22/2009,1441.0
10827,8/23/2009,1110.0
10828,8/24/2009,1127.0
10829,8/25/2009,1206.0
10830,8/26/2009,1233.0
10831,8/27/2009,1074.0
10832,8/28/2009,986.0
10833,8/29/2009,1002.0
10834,8/30/2009,876.0
10835,8/31/2009,1558.0
10836,9/1/2009,1420.0
10837,9/2/2009,1227.0
10838,9/3/2009,999.0
10839,9/4/2009,956.0
10840,9/5/2009,1072.0
10841,9/6/2009,1011.0
10842,9/7/2009,1052.0
10843,9/8/2009,1117.0
10844,9/9/2009,1015.0
10845,9/10/2009,862.0
10846,9/11/2009,833.0
10847,9/12/2009,752.0
10848,9/13/2009,681.0
10849,9/14/2009,613.0
10850,9/15/2009,584.0
10851,9/16/2009,540.0
10852,9/17/2009,545.0
10853,9/18/2009,512.0
10854,9/19/2009,505.0
10855,9/20/2009,562.0
10856,9/21/2009,509.0
10857,9/22/2009,580.0
10858,9/23/2009,547.0
10859,9/24/2009,523.0
10860,9/25/2009,570.0
10861,9/26/2009,582.0
10862,9/27/2009,573.0
10863,9/28/2009,515.0
10864,9/29/2009,488.0
10865,9/30/2009,459.0
10866,10/1/2009,420.0
10867,10/2/2009,389.0
10868,10/3/2009,378.0
10869,10/4/2009,350.0
10870,10/5/2009,340.0
10871,10/6/2009,401.0
10872,10/7/2009,2079.0
10873,10/8/2009,3005.0
10874,10/9/2009,1473.0
10875,10/10/2009,1006.0
10876,10/11/2009,867.0
10877,10/12/2009,789.0
10878,10/13/2009,683.0
10879,10/14/2009,614.0
10880,10/15/2009,575.0
10881,10/16/2009,537.0
10882,10/17/2009,540.0
10883,10/18/2009,551.0
10884,10/19/2009,511.0
10885,10/20/2009,474.0
10886,10/21/2009,456.0
10887,10/22/2009,438.0
10888,10/23/2009,397.0
10889,10/24/2009,361.0
10890,10/25/2009,418.0
10891,10/26/2009,337.0
10892,10/27/2009,338.0
10893,10/28/2009,384.0
10894,10/29/2009,329.0
10895,10/30/2009,328.0
10896,10/31/2009,277.0
10897,11/1/2009,331.0
10898,11/2/2009,296.0
10899,11/3/2009,293.0
10900,11/4/2009,288.0
10901,11/5/2009,295.0
10902,11/6/2009,277.0
10903,11/7/2009,279.0
10904,11/8/2009,263.0
10905,11/9/2009,253.0
10906,11/10/2009,251.0
10907,11/11/2009,238.0
10908,11/12/2009,236.0
10909,11/13/2009,233.0
10910,11/14/2009,241.0
10911,11/15/2009,257.0
10912,11/16/2009,228.0
10913,11/17/2009,223.0
10914,11/18/2009,220.0
10915,11/19/2009,199.0
10916,11/20/2009,224.0
10917,11/21/2009,222.0
10918,11/22/2009,206.0
10919,11/23/2009,207.0
10920,11/24/2009,199.0
10921,11/25/2009,195.0
10922,11/26/2009,199.0
10923,11/27/2009,203.0
10924,11/28/2009,197.0
10925,11/29/2009,193.0
10926,11/30/2009,185.0
10927,12/1/2009,194.0
10928,12/2/2009,199.0
10929,12/3/2009,191.0
10930,12/4/2009,179.0
10931,12/5/2009,171.0
10932,12/6/2009,175.0
10933,12/7/2009,183.0
10934,12/8/2009,167.0
10935,12/9/2009,183.0
10936,12/10/2009,179.0
10937,12/11/2009,153.0
10938,12/12/2009,152.0
10939,12/13/2009,148.0
10940,12/14/2009,146.0
10941,12/15/2009,153.0
10942,12/16/2009,154.0
10943,12/17/2009,145.0
10944,12/18/2009,144.0
10945,12/19/2009,142.0
10946,12/20/2009,147.0
10947,12/21/2009,143.0
10948,12/22/2009,139.0
10949,12/23/2009,142.0
10950,12/24/2009,141.0
10951,12/25/2009,147.0
10952,12/26/2009,133.0
10953,12/27/2009,127.0
10954,12/28/2009,141.0
10955,12/29/2009,139.0
10956,12/30/2009,130.0
10957,12/31/2009,118.0
10958,1/1/2010,127.0
10959,1/2/2010,125.0
10960,1/3/2010,125.0
10961,1/4/2010,126.0
10962,1/5/2010,126.0
10963,1/6/2010,134.0
10964,1/7/2010,132.0
10965,1/8/2010,135.0
10966,1/9/2010,132.0
10967,1/10/2010,120.0
10968,1/11/2010,105.0
10969,1/12/2010,119.0
10970,1/13/2010,108.0
10971,1/14/2010,128.0
10972,1/15/2010,118.0
10973,1/16/2010,109.0
10974,1/17/2010,114.0
10975,1/18/2010,109.0
10976,1/19/2010,111.0
10977,1/20/2010,104.0
10978,1/21/2010,101.0
10979,1/22/2010,98.9
10980,1/23/2010,105.0
10981,1/24/2010,101.0
10982,1/25/2010,105.0
10983,1/26/2010,114.0
10984,1/27/2010,115.0
10985,1/28/2010,111.0
10986,1/29/2010,95.5
10987,1/30/2010,93.3
10988,1/31/2010,83.4
10989,2/1/2010,85.8
10990,2/2/2010,86.4
10991,2/3/2010,103.0
10992,2/4/2010,98.9
10993,2/5/2010,90.7
10994,2/6/2010,98.1
10995,2/7/2010,96.8
10996,2/8/2010,86.6
10997,2/9/2010,95.9
10998,2/10/2010,97.1
10999,2/11/2010,132.0
11000,2/12/2010,131.0
11001,2/13/2010,115.0
11002,2/14/2010,109.0
11003,2/15/2010,103.0
11004,2/16/2010,103.0
11005,2/17/2010,96.5
11006,2/18/2010,102.0
11007,2/19/2010,97.2
11008,2/20/2010,96.9
11009,2/21/2010,101.0
11010,2/22/2010,97.3
11011,2/23/2010,91.7
11012,2/24/2010,94.9
11013,2/25/2010,89.7
11014,2/26/2010,88.9
11015,2/27/2010,88.2
11016,2/28/2010,77.1
11017,3/1/2010,84.5
11018,3/2/2010,74.7
11019,3/3/2010,93.3
11020,3/4/2010,83.9
11021,3/5/2010,85.9
11022,3/6/2010,82.6
11023,3/7/2010,91.5
11024,3/8/2010,97.3
11025,3/9/2010,91.7
11026,3/10/2010,83.7
11027,3/11/2010,86.0
11028,3/12/2010,86.6
11029,3/13/2010,84.1
11030,3/14/2010,70.7
11031,3/15/2010,76.9
11032,3/16/2010,66.7
11033,3/17/2010,78.3
11034,3/18/2010,85.9
11035,3/19/2010,74.7
11036,3/20/2010,70.3
11037,3/21/2010,69.9
11038,3/22/2010,110.0
11039,3/23/2010,101.0
11040,3/24/2010,107.0
11041,3/25/2010,88.9
11042,3/26/2010,101.0
11043,3/27/2010,99.3
11044,3/28/2010,82.9
11045,3/29/2010,72.7
11046,3/30/2010,68.3
11047,3/31/2010,64.0
11048,4/1/2010,71.7
11049,4/2/2010,60.8
11050,4/3/2010,64.4
11051,4/4/2010,63.6
11052,4/5/2010,68.1
11053,4/6/2010,67.2
11054,4/7/2010,60.0
11055,4/8/2010,75.4
11056,4/9/2010,65.2
11057,4/10/2010,83.7
11058,4/11/2010,106.0
11059,4/12/2010,87.9
11060,4/13/2010,88.7
11061,4/14/2010,77.0
11062,4/15/2010,98.9
11063,4/16/2010,89.3
11064,4/17/2010,74.8
11065,4/18/2010,174.0
11066,4/19/2010,190.0
11067,4/20/2010,127.0
11068,4/21/2010,122.0
11069,4/22/2010,113.0
11070,4/23/2010,110.0
11071,4/24/2010,94.4
11072,4/25/2010,94.3
11073,4/26/2010,92.1
11074,4/27/2010,80.7
11075,4/28/2010,64.8
11076,4/29/2010,77.0
11077,4/30/2010,77.5
11078,5/1/2010,114.0
11079,5/2/2010,99.3
11080,5/3/2010,110.0
11081,5/4/2010,121.0
11082,5/5/2010,105.0
11083,5/6/2010,158.0
11084,5/7/2010,107.0
11085,5/8/2010,114.0
11086,5/9/2010,122.0
11087,5/10/2010,108.0
11088,5/11/2010,108.0
11089,5/12/2010,105.0
11090,5/13/2010,108.0
11091,5/14/2010,108.0
11092,5/15/2010,95.7
11093,5/16/2010,69.5
11094,5/17/2010,78.9
11095,5/18/2010,82.6
11096,5/19/2010,72.1
11097,5/20/2010,92.9
11098,5/21/2010,106.0
11099,5/22/2010,152.0
11100,5/23/2010,103.0
11101,5/24/2010,138.0
11102,5/25/2010,181.0
11103,5/26/2010,151.0
11104,5/27/2010,138.0
11105,5/28/2010,153.0
11106,5/29/2010,169.0
11107,5/30/2010,158.0
11108,5/31/2010,139.0
11109,6/1/2010,154.0
11110,6/2/2010,140.0
11111,6/3/2010,136.0
11112,6/4/2010,152.0
11113,6/5/2010,149.0
11114,6/6/2010,164.0
11115,6/7/2010,158.0
11116,6/8/2010,156.0
11117,6/9/2010,142.0
11118,6/10/2010,124.0
11119,6/11/2010,125.0
11120,6/12/2010,138.0
11121,6/13/2010,162.0
11122,6/14/2010,188.0
11123,6/15/2010,161.0
11124,6/16/2010,163.0
11125,6/17/2010,172.0
11126,6/18/2010,253.0
11127,6/19/2010,246.0
11128,6/20/2010,282.0
11129,6/21/2010,410.0
11130,6/22/2010,326.0
11131,6/23/2010,317.0
11132,6/24/2010,324.0
11133,6/25/2010,286.0
11134,6/26/2010,346.0
11135,6/27/2010,350.0
11136,6/28/2010,521.0
11137,6/29/2010,479.0
11138,6/30/2010,479.0
11139,7/1/2010,487.0
11140,7/2/2010,656.0
11141,7/3/2010,527.0
11142,7/4/2010,700.0
11143,7/5/2010,673.0
11144,7/6/2010,990.0
11145,7/7/2010,713.0
11146,7/8/2010,655.0
11147,7/9/2010,678.0
11148,7/10/2010,648.0
11149,7/11/2010,1004.0
11150,7/12/2010,1102.0
11151,7/13/2010,893.0
11152,7/14/2010,713.0
11153,7/15/2010,699.0
11154,7/16/2010,664.0
11155,7/17/2010,645.0
11156,7/18/2010,666.0
11157,7/19/2010,1111.0
11158,7/20/2010,2355.0
11159,7/21/2010,1770.0
11160,7/22/2010,1500.0
11161,7/23/2010,1461.0
11162,7/24/2010,1315.0
11163,7/25/2010,1826.0
11164,7/26/2010,1363.0
11165,7/27/2010,1355.0
11166,7/28/2010,2296.0
11167,7/29/2010,1359.0
11168,7/30/2010,1382.0
11169,7/31/2010,2419.0
11170,8/1/2010,1618.0
11171,8/2/2010,1351.0
11172,8/3/2010,1423.0
11173,8/4/2010,1208.0
11174,8/5/2010,1291.0
11175,8/6/2010,1391.0
11176,8/7/2010,1113.0
11177,8/8/2010,1029.0
11178,8/9/2010,938.0
11179,8/10/2010,931.0
11180,8/11/2010,959.0
11181,8/12/2010,976.0
11182,8/13/2010,942.0
11183,8/14/2010,903.0
11184,8/15/2010,906.0
11185,8/16/2010,1196.0
11186,8/17/2010,1033.0
11187,8/18/2010,1103.0
11188,8/19/2010,1249.0
11189,8/20/2010,2961.0
11190,8/21/2010,2062.0
11191,8/22/2010,2136.0
11192,8/23/2010,2655.0
11193,8/24/2010,3232.0
11194,8/25/2010,2467.0
11195,8/26/2010,2060.0
11196,8/27/2010,1712.0
11197,8/28/2010,2651.0
11198,8/29/2010,2478.0
11199,8/30/2010,1943.0
11200,8/31/2010,1972.0
11201,9/1/2010,1853.0
11202,9/2/2010,1751.0
11203,9/3/2010,1844.0
11204,9/4/2010,2023.0
11205,9/5/2010,2000.0
11206,9/6/2010,1519.0
11207,9/7/2010,2378.0
11208,9/8/2010,1927.0
11209,9/9/2010,1464.0
11210,9/10/2010,1222.0
11211,9/11/2010,1142.0
11212,9/12/2010,1769.0
11213,9/13/2010,1569.0
11214,9/14/2010,1391.0
11215,9/15/2010,1567.0
11216,9/16/2010,2182.0
11217,9/17/2010,2287.0
11218,9/18/2010,2335.0
11219,9/19/2010,2151.0
11220,9/20/2010,1934.0
11221,9/21/2010,1637.0
11222,9/22/2010,1423.0
11223,9/23/2010,1471.0
11224,9/24/2010,1557.0
11225,9/25/2010,1277.0
11226,9/26/2010,1113.0
11227,9/27/2010,977.0
11228,9/28/2010,877.0
11229,9/29/2010,797.0
11230,9/30/2010,752.0
11231,10/1/2010,707.0
11232,10/2/2010,642.0
11233,10/3/2010,606.0
11234,10/4/2010,569.0
11235,10/5/2010,551.0
11236,10/6/2010,515.0
11237,10/7/2010,483.0
11238,10/8/2010,470.0
11239,10/9/2010,468.0
11240,10/10/2010,464.0
11241,10/11/2010,462.0
11242,10/12/2010,440.0
11243,10/13/2010,428.0
11244,10/14/2010,424.0
11245,10/15/2010,427.0
11246,10/16/2010,426.0
11247,10/17/2010,427.0
11248,10/18/2010,428.0
11249,10/19/2010,423.0
11250,10/20/2010,414.0
11251,10/21/2010,409.0
11252,10/22/2010,410.0
11253,10/23/2010,412.0
11254,10/24/2010,395.0
11255,10/25/2010,358.0
11256,10/26/2010,331.0
11257,10/27/2010,318.0
11258,10/28/2010,341.0
11259,10/29/2010,312.0
11260,10/30/2010,300.0
11261,10/31/2010,321.0
11262,11/1/2010,263.0
11263,11/2/2010,277.0
11264,11/3/2010,279.0
11265,11/4/2010,267.0
11266,11/5/2010,259.0
11267,11/6/2010,258.0
11268,11/7/2010,258.0
11269,11/8/2010,251.0
11270,11/9/2010,244.0
11271,11/10/2010,227.0
11272,11/11/2010,233.0
11273,11/12/2010,255.0
11274,11/13/2010,219.0
11275,11/14/2010,228.0
11276,11/15/2010,231.0
11277,11/16/2010,225.0
11278,11/17/2010,238.0
11279,11/18/2010,235.0
11280,11/19/2010,233.0
11281,11/20/2010,223.0
11282,11/21/2010,210.0
11283,11/22/2010,221.0
11284,11/23/2010,217.0
11285,11/24/2010,212.0
11286,11/25/2010,209.0
11287,11/26/2010,209.0
11288,11/27/2010,208.0
11289,11/28/2010,201.0
11290,11/29/2010,190.0
11291,11/30/2010,180.0
11292,12/1/2010,185.0
11293,12/2/2010,183.0
11294,12/3/2010,190.0
11295,12/4/2010,179.0
11296,12/5/2010,171.0
11297,12/6/2010,171.0
11298,12/7/2010,169.0
11299,12/8/2010,167.0
11300,12/9/2010,170.0
11301,12/10/2010,169.0
11302,12/11/2010,160.0
11303,12/12/2010,154.0
11304,12/13/2010,152.0
11305,12/14/2010,162.0
11306,12/15/2010,162.0
11307,12/16/2010,155.0
11308,12/17/2010,154.0
11309,12/18/2010,152.0
11310,12/19/2010,131.0
11311,12/20/2010,149.0
11312,12/21/2010,147.0
11313,12/22/2010,133.0
11314,12/23/2010,135.0
11315,12/24/2010,123.0
11316,12/25/2010,136.0
11317,12/26/2010,137.0
11318,12/27/2010,132.0
11319,12/28/2010,132.0
11320,12/29/2010,132.0
11321,12/30/2010,133.0
11322,12/31/2010,136.0
11323,1/1/2011,139.0
11324,1/2/2011,141.0
11325,1/3/2011,133.0
11326,1/4/2011,136.0
11327,1/5/2011,133.0
11328,1/6/2011,133.0
11329,1/7/2011,131.0
11330,1/8/2011,131.0
11331,1/9/2011,124.0
11332,1/10/2011,131.0
11333,1/11/2011,126.0
11334,1/12/2011,126.0
11335,1/13/2011,119.0
11336,1/14/2011,121.0
11337,1/15/2011,122.0
11338,1/16/2011,120.0
11339,1/17/2011,125.0
11340,1/18/2011,123.0
11341,1/19/2011,123.0
11342,1/20/2011,122.0
11343,1/21/2011,126.0
11344,1/22/2011,117.0
11345,1/23/2011,115.0
11346,1/24/2011,118.0
11347,1/25/2011,120.0
11348,1/26/2011,122.0
11349,1/27/2011,120.0
11350,1/28/2011,114.0
11351,1/29/2011,112.0
11352,1/30/2011,110.0
11353,1/31/2011,113.0
11354,2/1/2011,111.0
11355,2/2/2011,104.0
11356,2/3/2011,119.0
11357,2/4/2011,112.0
11358,2/5/2011,105.0
11359,2/6/2011,97.3
11360,2/7/2011,110.0
11361,2/8/2011,97.8
11362,2/9/2011,107.0
11363,2/10/2011,106.0
11364,2/11/2011,107.0
11365,2/12/2011,108.0
11366,2/13/2011,87.8
11367,2/14/2011,107.0
11368,2/15/2011,109.0
11369,2/16/2011,87.8
11370,2/17/2011,129.0
11371,2/18/2011,124.0
11372,2/19/2011,118.0
11373,2/20/2011,109.0
11374,2/21/2011,105.0
11375,2/22/2011,99.8
11376,2/23/2011,109.0
11377,2/24/2011,110.0
11378,2/25/2011,105.0
11379,2/26/2011,109.0
11380,2/27/2011,100.0
11381,2/28/2011,106.0
11382,3/1/2011,112.0
11383,3/2/2011,91.3
11384,3/3/2011,102.0
11385,3/4/2011,104.0
11386,3/5/2011,84.4
11387,3/6/2011,81.0
11388,3/7/2011,93.0
11389,3/8/2011,107.0
11390,3/9/2011,99.6
11391,3/10/2011,88.0
11392,3/11/2011,90.1
11393,3/12/2011,102.0
11394,3/13/2011,97.7
11395,3/14/2011,102.0
11396,3/15/2011,90.8
11397,3/16/2011,91.8
11398,3/17/2011,87.4
11399,3/18/2011,86.8
11400,3/19/2011,99.4
11401,3/20/2011,85.3
11402,3/21/2011,93.8
11403,3/22/2011,97.8
11404,3/23/2011,102.0
11405,3/24/2011,96.4
11406,3/25/2011,96.8
11407,3/26/2011,83.4
11408,3/27/2011,88.8
11409,3/28/2011,77.4
11410,3/29/2011,86.3
11411,3/30/2011,94.2
11412,3/31/2011,81.2
11413,4/1/2011,98.2
11414,4/2/2011,95.2
11415,4/3/2011,91.3
11416,4/4/2011,95.3
11417,4/5/2011,79.8
11418,4/6/2011,75.7
11419,4/7/2011,95.7
11420,4/8/2011,94.4
11421,4/9/2011,82.3
11422,4/10/2011,87.8
11423,4/11/2011,74.7
11424,4/12/2011,85.8
11425,4/13/2011,101.0
11426,4/14/2011,100.0
11427,4/15/2011,100.0
11428,4/16/2011,98.3
11429,4/17/2011,96.3
11430,4/18/2011,92.0
11431,4/19/2011,95.9
11432,4/20/2011,111.0
11433,4/21/2011,98.2
11434,4/22/2011,98.2
11435,4/23/2011,98.7
11436,4/24/2011,94.8
11437,4/25/2011,80.8
11438,4/26/2011,86.6
11439,4/27/2011,103.0
11440,4/28/2011,103.0
11441,4/29/2011,87.1
11442,4/30/2011,110.0
11443,5/1/2011,107.0
11444,5/2/2011,138.0
11445,5/3/2011,132.0
11446,5/4/2011,116.0
11447,5/5/2011,121.0
11448,5/6/2011,115.0
11449,5/7/2011,103.0
11450,5/8/2011,132.0
11451,5/9/2011,132.0
11452,5/10/2011,141.0
11453,5/11/2011,122.0
11454,5/12/2011,183.0
11455,5/13/2011,170.0
11456,5/14/2011,148.0
11457,5/15/2011,153.0
11458,5/16/2011,156.0
11459,5/17/2011,148.0
11460,5/18/2011,147.0
11461,5/19/2011,199.0
11462,5/20/2011,185.0
11463,5/21/2011,158.0
11464,5/22/2011,163.0
11465,5/23/2011,151.0
11466,5/24/2011,186.0
11467,5/25/2011,146.0
11468,5/26/2011,220.0
11469,5/27/2011,220.0
11470,5/28/2011,171.0
11471,5/29/2011,175.0
11472,5/30/2011,169.0
11473,5/31/2011,182.0
11474,6/1/2011,175.0
11475,6/2/2011,169.0
11476,6/3/2011,159.0
11477,6/4/2011,158.0
11478,6/5/2011,157.0
11479,6/6/2011,153.0
11480,6/7/2011,150.0
11481,6/8/2011,189.0
11482,6/9/2011,175.0
11483,6/10/2011,158.0
11484,6/11/2011,152.0
11485,6/12/2011,172.0
11486,6/13/2011,211.0
11487,6/14/2011,270.0
11488,6/15/2011,212.0
11489,6/16/2011,244.0
11490,6/17/2011,207.0
11491,6/18/2011,320.0
11492,6/19/2011,343.0
11493,6/20/2011,441.0
11494,6/21/2011,363.0
11495,6/22/2011,300.0
11496,6/23/2011,276.0
11497,6/24/2011,278.0
11498,6/25/2011,437.0
11499,6/26/2011,524.0
11500,6/27/2011,495.0
11501,6/28/2011,540.0
11502,6/29/2011,598.0
11503,6/30/2011,1037.0
11504,7/1/2011,4065.0
11505,7/2/2011,2904.0
11506,7/3/2011,1485.0
11507,7/4/2011,1293.0
11508,7/5/2011,1462.0
11509,7/6/2011,1615.0
11510,7/7/2011,1183.0
11511,7/8/2011,1061.0
11512,7/9/2011,947.0
11513,7/10/2011,824.0
11514,7/11/2011,717.0
11515,7/12/2011,707.0
11516,7/13/2011,799.0
11517,7/14/2011,984.0
11518,7/15/2011,1309.0
11519,7/16/2011,1510.0
11520,7/17/2011,1517.0
11521,7/18/2011,1184.0
11522,7/19/2011,1083.0
11523,7/20/2011,1579.0
11524,7/21/2011,2324.0
11525,7/22/2011,1756.0
11526,7/23/2011,1863.0
11527,7/24/2011,1529.0
11528,7/25/2011,1361.0
11529,7/26/2011,1331.0
11530,7/27/2011,1492.0
11531,7/28/2011,1654.0
11532,7/29/2011,1483.0
11533,7/30/2011,2285.0
11534,7/31/2011,1593.0
11535,8/1/2011,1514.0
11536,8/2/2011,1968.0
11537,8/3/2011,2246.0
11538,8/4/2011,2001.0
11539,8/5/2011,1596.0
11540,8/6/2011,2125.0
11541,8/7/2011,1817.0
11542,8/8/2011,1793.0
11543,8/9/2011,1418.0
11544,8/10/2011,1337.0
11545,8/11/2011,1260.0
11546,8/12/2011,1302.0
11547,8/13/2011,1174.0
11548,8/14/2011,1111.0
11549,8/15/2011,1380.0
11550,8/16/2011,1351.0
11551,8/17/2011,1186.0
11552,8/18/2011,1226.0
11553,8/19/2011,1300.0
11554,8/20/2011,1483.0
11555,8/21/2011,1229.0
11556,8/22/2011,1061.0
11557,8/23/2011,1500.0
11558,8/24/2011,1805.0
11559,8/25/2011,1844.0
11560,8/26/2011,1681.0
11561,8/27/2011,1391.0
11562,8/28/2011,1244.0
11563,8/29/2011,1115.0
11564,8/30/2011,967.0
11565,8/31/2011,874.0
11566,9/1/2011,902.0
11567,9/2/2011,790.0
11568,9/3/2011,793.0
11569,9/4/2011,820.0
11570,9/5/2011,802.0
11571,9/6/2011,794.0
11572,9/7/2011,789.0
11573,9/8/2011,862.0
11574,9/9/2011,904.0
11575,9/10/2011,854.0
11576,9/11/2011,828.0
11577,9/12/2011,909.0
11578,9/13/2011,916.0
11579,9/14/2011,794.0
11580,9/15/2011,942.0
11581,9/16/2011,850.0
11582,9/17/2011,763.0
11583,9/18/2011,816.0
11584,9/19/2011,988.0
11585,9/20/2011,1157.0
11586,9/21/2011,965.0
11587,9/22/2011,1193.0
11588,9/23/2011,1277.0
11589,9/24/2011,1083.0
11590,9/25/2011,1033.0
11591,9/26/2011,841.0
11592,9/27/2011,737.0
11593,9/28/2011,665.0
11594,9/29/2011,611.0
11595,9/30/2011,595.0
11596,10/1/2011,586.0
11597,10/2/2011,574.0
11598,10/3/2011,552.0
11599,10/4/2011,529.0
11600,10/5/2011,505.0
11601,10/6/2011,476.0
11602,10/7/2011,447.0
11603,10/8/2011,421.0
11604,10/9/2011,393.0
11605,10/10/2011,374.0
11606,10/11/2011,344.0
11607,10/12/2011,340.0
11608,10/13/2011,336.0
11609,10/14/2011,331.0
11610,10/15/2011,327.0
11611,10/16/2011,325.0
11612,10/17/2011,322.0
11613,10/18/2011,320.0
11614,10/19/2011,327.0
11615,10/20/2011,320.0
11616,10/21/2011,291.0
11617,10/22/2011,293.0
11618,10/23/2011,304.0
11619,10/24/2011,303.0
11620,10/25/2011,284.0
11621,10/26/2011,284.0
11622,10/27/2011,294.0
11623,10/28/2011,303.0
11624,10/29/2011,294.0
11625,10/30/2011,291.0
11626,10/31/2011,269.0
11627,11/1/2011,262.0
11628,11/2/2011,262.0
11629,11/3/2011,222.0
11630,11/4/2011,217.0
11631,11/5/2011,209.0
11632,11/6/2011,216.0
11633,11/7/2011,217.0
11634,11/8/2011,255.0
11635,11/9/2011,231.0
11636,11/10/2011,208.0
11637,11/11/2011,206.0
11638,11/12/2011,214.0
11639,11/13/2011,179.0
11640,11/14/2011,205.0
11641,11/15/2011,201.0
11642,11/16/2011,197.0
11643,11/17/2011,209.0
11644,11/18/2011,208.0
11645,11/19/2011,206.0
11646,11/20/2011,206.0
11647,11/21/2011,200.0
11648,11/22/2011,192.0
11649,11/23/2011,190.0
11650,11/24/2011,187.0
11651,11/25/2011,188.0
11652,11/26/2011,185.0
11653,11/27/2011,175.0
11654,11/28/2011,174.0
11655,11/29/2011,167.0
11656,11/30/2011,168.0
11657,12/1/2011,170.0
11658,12/2/2011,174.0
11659,12/3/2011,163.0
11660,12/4/2011,154.0
11661,12/5/2011,155.0
11662,12/6/2011,164.0
11663,12/7/2011,155.0
11664,12/8/2011,168.0
11665,12/9/2011,159.0
11666,12/10/2011,141.0
11667,12/11/2011,136.0
11668,12/12/2011,150.0
11669,12/13/2011,145.0
11670,12/14/2011,141.0
11671,12/15/2011,139.0
11672,12/16/2011,127.0
11673,12/17/2011,126.0
11674,12/18/2011,128.0
11675,12/19/2011,125.0
11676,12/20/2011,120.0
11677,12/21/2011,124.0
11678,12/22/2011,137.0
11679,12/23/2011,131.0
11680,12/24/2011,118.0
11681,12/25/2011,113.0
11682,12/26/2011,116.0
11683,12/27/2011,111.0
11684,12/28/2011,109.0
11685,12/29/2011,111.0
11686,12/30/2011,112.0
11687,12/31/2011,101.0
11688,1/1/2012,108.0
11689,1/2/2012,116.0
11690,1/3/2012,124.0
11691,1/4/2012,117.0
11692,1/5/2012,113.0
11693,1/6/2012,117.0
11694,1/7/2012,114.0
11695,1/8/2012,113.0
11696,1/9/2012,112.0
11697,1/10/2012,113.0
11698,1/11/2012,113.0
11699,1/12/2012,113.0
11700,1/13/2012,112.0
11701,1/14/2012,106.0
11702,1/15/2012,109.0
11703,1/16/2012,109.0
11704,1/17/2012,108.0
11705,1/18/2012,109.0
11706,1/19/2012,109.0
11707,1/20/2012,109.0
11708,1/21/2012,112.0
11709,1/22/2012,91.1
11710,1/23/2012,91.7
11711,1/24/2012,83.9
11712,1/25/2012,84.9
11713,1/26/2012,88.1
11714,1/27/2012,84.7
11715,1/28/2012,99.0
11716,1/29/2012,87.4
11717,1/30/2012,88.4
11718,1/31/2012,97.3
11719,2/1/2012,83.9
11720,2/2/2012,85.3
11721,2/3/2012,89.7
11722,2/4/2012,91.1
11723,2/5/2012,92.7
11724,2/6/2012,83.1
11725,2/7/2012,86.8
11726,2/8/2012,110.0
11727,2/9/2012,99.4
11728,2/10/2012,122.0
11729,2/11/2012,101.0
11730,2/12/2012,96.7
11731,2/13/2012,87.3
11732,2/14/2012,90.6
11733,2/15/2012,92.8
11734,2/16/2012,96.2
11735,2/17/2012,98.7
11736,2/18/2012,98.7
11737,2/19/2012,97.7
11738,2/20/2012,92.6
11739,2/21/2012,86.3
11740,2/22/2012,84.4
11741,2/23/2012,94.1
11742,2/24/2012,88.2
11743,2/25/2012,90.2
11744,2/26/2012,88.2
11745,2/27/2012,87.3
11746,2/28/2012,87.8
11747,2/29/2012,85.0
11748,3/1/2012,82.5
11749,3/2/2012,76.1
11750,3/3/2012,86.8
11751,3/4/2012,82.4
11752,3/5/2012,79.6
11753,3/6/2012,81.1
11754,3/7/2012,77.4
11755,3/8/2012,67.7
11756,3/9/2012,63.3
11757,3/10/2012,81.7
11758,3/11/2012,66.7
11759,3/12/2012,83.4
11760,3/13/2012,69.3
11761,3/14/2012,72.6
11762,3/15/2012,72.1
11763,3/16/2012,84.0
11764,3/17/2012,78.3
11765,3/18/2012,77.0
11766,3/19/2012,78.3
11767,3/20/2012,75.6
11768,3/21/2012,83.4
11769,3/22/2012,83.9
11770,3/23/2012,79.7
11771,3/24/2012,79.6
11772,3/25/2012,85.8
11773,3/26/2012,92.1
11774,3/27/2012,90.6
11775,3/28/2012,85.3
11776,3/29/2012,83.4
11777,3/30/2012,83.4
11778,3/31/2012,82.9
11779,4/1/2012,83.4
11780,4/2/2012,82.4
11781,4/3/2012,79.2
11782,4/4/2012,74.3
11783,4/5/2012,76.1
11784,4/6/2012,83.9
11785,4/7/2012,89.4
11786,4/8/2012,99.4
11787,4/9/2012,105.0
11788,4/10/2012,117.0
11789,4/11/2012,107.0
11790,4/12/2012,93.1
11791,4/13/2012,98.7
11792,4/14/2012,95.1
11793,4/15/2012,83.3
11794,4/16/2012,66.5
11795,4/17/2012,94.2
11796,4/18/2012,65.2
11797,4/19/2012,65.6
11798,4/20/2012,71.8
11799,4/21/2012,82.0
11800,4/22/2012,81.5
11801,4/23/2012,78.7
11802,4/24/2012,92.1
11803,4/25/2012,92.1
11804,4/26/2012,89.2
11805,4/27/2012,89.7
11806,4/28/2012,57.2
11807,4/29/2012,57.2
11808,4/30/2012,83.9
11809,5/1/2012,69.9
11810,5/2/2012,70.7
11811,5/3/2012,65.9
11812,5/4/2012,60.6
11813,5/5/2012,62.4
11814,5/6/2012,69.5
11815,5/7/2012,84.4
11816,5/8/2012,58.1
11817,5/9/2012,57.2
11818,5/10/2012,108.0
11819,5/11/2012,125.0
11820,5/12/2012,120.0
11821,5/13/2012,115.0
11822,5/14/2012,110.0
11823,5/15/2012,117.0
11824,5/16/2012,128.0
11825,5/17/2012,91.9
11826,5/18/2012,84.4
11827,5/19/2012,115.0
11828,5/20/2012,122.0
11829,5/21/2012,137.0
11830,5/22/2012,118.0
11831,5/23/2012,132.0
11832,5/24/2012,122.0
11833,5/25/2012,114.0
11834,5/26/2012,137.0
11835,5/27/2012,140.0
11836,5/28/2012,176.0
11837,5/29/2012,168.0
11838,5/30/2012,164.0
11839,5/31/2012,162.0
11840,6/1/2012,176.0
11841,6/2/2012,177.0
11842,6/3/2012,202.0
11843,6/4/2012,161.0
11844,6/5/2012,167.0
11845,6/6/2012,142.0
11846,6/7/2012,106.0
11847,6/8/2012,197.0
11848,6/9/2012,122.0
11849,6/10/2012,114.0
11850,6/11/2012,151.0
11851,6/12/2012,172.0
11852,6/13/2012,182.0
11853,6/14/2012,189.0
11854,6/15/2012,206.0
11855,6/16/2012,202.0
11856,6/17/2012,213.0
11857,6/18/2012,268.0
11858,6/19/2012,434.0
11859,6/20/2012,332.0
11860,6/21/2012,287.0
11861,6/22/2012,350.0
11862,6/23/2012,521.0
11863,6/24/2012,614.0
11864,6/25/2012,586.0
11865,6/26/2012,390.0
11866,6/27/2012,347.0
11867,6/28/2012,381.0
11868,6/29/2012,384.0
11869,6/30/2012,441.0
11870,7/1/2012,466.0
11871,7/2/2012,411.0
11872,7/3/2012,542.0
11873,7/4/2012,690.0
11874,7/5/2012,864.0
11875,7/6/2012,1084.0
11876,7/7/2012,1747.0
11877,7/8/2012,1855.0
11878,7/9/2012,951.0
11879,7/10/2012,871.0
11880,7/11/2012,1314.0
11881,7/12/2012,865.0
11882,7/13/2012,860.0
11883,7/14/2012,863.0
11884,7/15/2012,755.0
11885,7/16/2012,774.0
11886,7/17/2012,802.0
11887,7/18/2012,679.0
11888,7/19/2012,994.0
11889,7/20/2012,1390.0
11890,7/21/2012,1254.0
11891,7/22/2012,1018.0
11892,7/23/2012,988.0
11893,7/24/2012,1048.0
11894,7/25/2012,1829.0
11895,7/26/2012,2122.0
11896,7/27/2012,1394.0
11897,7/28/2012,1335.0
11898,7/29/2012,1069.0
11899,7/30/2012,1372.0
11900,7/31/2012,1241.0
11901,8/1/2012,1109.0
11902,8/2/2012,1151.0
11903,8/3/2012,1613.0
11904,8/4/2012,4307.0
11905,8/5/2012,2095.0
11906,8/6/2012,1870.0
11907,8/7/2012,1502.0
11908,8/8/2012,1273.0
11909,8/9/2012,1535.0
11910,8/10/2012,1561.0
11911,8/11/2012,1183.0
11912,8/12/2012,1085.0
11913,8/13/2012,1088.0
11914,8/14/2012,1044.0
11915,8/15/2012,921.0
11916,8/16/2012,913.0
11917,8/17/2012,844.0
11918,8/18/2012,819.0
11919,8/19/2012,900.0
11920,8/20/2012,949.0
11921,8/21/2012,1044.0
11922,8/22/2012,1146.0
11923,8/23/2012,1513.0
11924,8/24/2012,1221.0
11925,8/25/2012,1090.0
11926,8/26/2012,1275.0
11927,8/27/2012,1135.0
11928,8/28/2012,1022.0
11929,8/29/2012,985.0
11930,8/30/2012,1019.0
11931,8/31/2012,1138.0
11932,9/1/2012,1111.0
11933,9/2/2012,1153.0
11934,9/3/2012,1325.0
11935,9/4/2012,1228.0
11936,9/5/2012,1250.0
11937,9/6/2012,1115.0
11938,9/7/2012,1007.0
11939,9/8/2012,840.0
11940,9/9/2012,726.0
11941,9/10/2012,699.0
11942,9/11/2012,683.0
11943,9/12/2012,731.0
11944,9/13/2012,980.0
11945,9/14/2012,1031.0
11946,9/15/2012,1306.0
11947,9/16/2012,1615.0
11948,9/17/2012,1975.0
11949,9/18/2012,3219.0
11950,9/19/2012,2387.0
11951,9/20/2012,1682.0
11952,9/21/2012,1448.0
11953,9/22/2012,1191.0
11954,9/23/2012,1006.0
11955,9/24/2012,877.0
11956,9/25/2012,792.0
11957,9/26/2012,731.0
11958,9/27/2012,665.0
11959,9/28/2012,609.0
11960,9/29/2012,543.0
11961,9/30/2012,562.0
11962,10/1/2012,547.0
11963,10/2/2012,520.0
11964,10/3/2012,492.0
11965,10/4/2012,475.0
11966,10/5/2012,454.0
11967,10/6/2012,446.0
11968,10/7/2012,420.0
11969,10/8/2012,402.0
11970,10/9/2012,381.0
11971,10/10/2012,378.0
11972,10/11/2012,358.0
11973,10/12/2012,329.0
11974,10/13/2012,327.0
11975,10/14/2012,329.0
11976,10/15/2012,326.0
11977,10/16/2012,326.0
11978,10/17/2012,324.0
11979,10/18/2012,314.0
11980,10/19/2012,303.0
11981,10/20/2012,279.0
11982,10/21/2012,266.0
11983,10/22/2012,258.0
11984,10/23/2012,252.0
11985,10/24/2012,247.0
11986,10/25/2012,242.0
11987,10/26/2012,237.0
11988,10/27/2012,211.0
11989,10/28/2012,207.0
11990,10/29/2012,252.0
11991,10/30/2012,242.0
11992,10/31/2012,225.0
11993,11/1/2012,241.0
11994,11/2/2012,232.0
11995,11/3/2012,238.0
11996,11/4/2012,226.0
11997,11/5/2012,216.0
11998,11/6/2012,237.0
11999,11/7/2012,217.0
12000,11/8/2012,207.0
12001,11/9/2012,212.0
12002,11/10/2012,203.0
12003,11/11/2012,198.0
12004,11/12/2012,199.0
12005,11/13/2012,200.0
12006,11/14/2012,195.0
12007,11/15/2012,193.0
12008,11/16/2012,180.0
12009,11/17/2012,202.0
12010,11/18/2012,196.0
12011,11/19/2012,181.0
12012,11/20/2012,178.0
12013,11/21/2012,166.0
12014,11/22/2012,188.0
12015,11/23/2012,185.0
12016,11/24/2012,178.0
12017,11/25/2012,177.0
12018,11/26/2012,176.0
12019,11/27/2012,168.0
12020,11/28/2012,154.0
12021,11/29/2012,162.0
12022,11/30/2012,175.0
12023,12/1/2012,167.0
12024,12/2/2012,151.0
12025,12/3/2012,154.0
12026,12/4/2012,162.0
12027,12/5/2012,156.0
12028,12/6/2012,151.0
12029,12/7/2012,145.0
12030,12/8/2012,139.0
12031,12/9/2012,139.0
12032,12/10/2012,144.0
12033,12/11/2012,139.0
12034,12/12/2012,139.0
12035,12/13/2012,143.0
12036,12/14/2012,142.0
12037,12/15/2012,127.0
12038,12/16/2012,107.0
12039,12/17/2012,129.0
12040,12/18/2012,123.0
12041,12/19/2012,134.0
12042,12/20/2012,131.0
12043,12/21/2012,126.0
12044,12/22/2012,116.0
12045,12/23/2012,114.0
12046,12/24/2012,116.0
12047,12/25/2012,115.0
12048,12/26/2012,114.0
12049,12/27/2012,121.0
12050,12/28/2012,116.0
12051,12/29/2012,115.0
12052,12/30/2012,116.0
12053,12/31/2012,115.0
12054,1/1/2013,114.0
12055,1/2/2013,99.8
12056,1/3/2013,96.6
12057,1/4/2013,118.0
12058,1/5/2013,116.0
12059,1/6/2013,115.0
12060,1/7/2013,117.0
12061,1/8/2013,111.0
12062,1/9/2013,101.0
12063,1/10/2013,101.0
12064,1/11/2013,100.0
12065,1/12/2013,101.0
12066,1/13/2013,101.0
12067,1/14/2013,96.6
12068,1/15/2013,92.1
12069,1/16/2013,91.6
12070,1/17/2013,113.0
12071,1/18/2013,109.0
12072,1/19/2013,98.3
12073,1/20/2013,140.0
12074,1/21/2013,117.0
12075,1/22/2013,125.0
12076,1/23/2013,100.0
12077,1/24/2013,103.0
12078,1/25/2013,108.0
12079,1/26/2013,101.0
12080,1/27/2013,90.2
12081,1/28/2013,88.7
12082,1/29/2013,87.3
12083,1/30/2013,85.8
12084,1/31/2013,85.3
12085,2/1/2013,86.8
12086,2/2/2013,89.3
12087,2/3/2013,85.8
12088,2/4/2013,83.9
12089,2/5/2013,85.8
12090,2/6/2013,111.0
12091,2/7/2013,135.0
12092,2/8/2013,121.0
12093,2/9/2013,96.1
12094,2/10/2013,93.6
12095,2/11/2013,101.0
12096,2/12/2013,91.7
12097,2/13/2013,95.9
12098,2/14/2013,93.7
12099,2/15/2013,98.0
12100,2/16/2013,86.3
12101,2/17/2013,92.2
12102,2/18/2013,103.0
12103,2/19/2013,145.0
12104,2/20/2013,105.0
12105,2/21/2013,105.0
12106,2/22/2013,102.0
12107,2/23/2013,107.0
12108,2/24/2013,97.1
12109,2/25/2013,91.6
12110,2/26/2013,95.8
12111,2/27/2013,101.0
12112,2/28/2013,105.0
12113,3/1/2013,107.0
12114,3/2/2013,97.7
12115,3/3/2013,97.1
12116,3/4/2013,99.3
12117,3/5/2013,91.6
12118,3/6/2013,91.1
12119,3/7/2013,94.6
12120,3/8/2013,89.2
12121,3/9/2013,83.4
12122,3/10/2013,101.0
12123,3/11/2013,92.1
12124,3/12/2013,93.4
12125,3/13/2013,93.9
12126,3/14/2013,71.6
12127,3/15/2013,99.8
12128,3/16/2013,85.3
12129,3/17/2013,78.6
12130,3/18/2013,76.1
12131,3/19/2013,76.1
12132,3/20/2013,74.3
12133,3/21/2013,75.2
12134,3/22/2013,84.4
12135,3/23/2013,86.6
12136,3/24/2013,74.8
12137,3/25/2013,70.3
12138,3/26/2013,69.4
12139,3/27/2013,80.5
12140,3/28/2013,78.6
12141,3/29/2013,77.2
12142,3/30/2013,83.3
12143,3/31/2013,85.2
12144,4/1/2013,84.3
12145,4/2/2013,83.8
12146,4/3/2013,84.3
12147,4/4/2013,84.6
12148,4/5/2013,82.8
12149,4/6/2013,83.3
12150,4/7/2013,81.4
12151,4/8/2013,81.0
12152,4/9/2013,81.0
12153,4/10/2013,84.3
12154,4/11/2013,86.8
12155,4/12/2013,85.5
12156,4/13/2013,82.4
12157,4/14/2013,80.5
12158,4/15/2013,73.9
12159,4/16/2013,79.0
12160,4/17/2013,81.2
12161,4/18/2013,95.3
12162,4/19/2013,67.0
12163,4/20/2013,67.8
12164,4/21/2013,204.0
12165,4/22/2013,174.0
12166,4/23/2013,150.0
12167,4/24/2013,132.0
12168,4/25/2013,138.0
12169,4/26/2013,126.0
12170,4/27/2013,131.0
12171,4/28/2013,123.0
12172,4/29/2013,122.0
12173,4/30/2013,120.0
12174,5/1/2013,118.0
12175,5/2/2013,118.0
12176,5/3/2013,127.0
12177,5/4/2013,119.0
12178,5/5/2013,106.0
12179,5/6/2013,104.0
12180,5/7/2013,106.0
12181,5/8/2013,103.0
12182,5/9/2013,114.0
12183,5/10/2013,109.0
12184,5/11/2013,111.0
12185,5/12/2013,131.0
12186,5/13/2013,122.0
12187,5/14/2013,120.0
12188,5/15/2013,113.0
12189,5/16/2013,101.0
12190,5/17/2013,106.0
12191,5/18/2013,126.0
12192,5/19/2013,148.0
12193,5/20/2013,243.0
12194,5/21/2013,265.0
12195,5/22/2013,220.0
12196,5/23/2013,208.0
12197,5/24/2013,250.0
12198,5/25/2013,234.0
12199,5/26/2013,304.0
12200,5/27/2013,253.0
12201,5/28/2013,319.0
12202,5/29/2013,266.0
12203,5/30/2013,257.0
12204,5/31/2013,217.0
12205,6/1/2013,237.0
12206,6/2/2013,234.0
12207,6/3/2013,222.0
12208,6/4/2013,200.0
12209,6/5/2013,203.0
12210,6/6/2013,206.0
12211,6/7/2013,262.0
12212,6/8/2013,279.0
12213,6/9/2013,305.0
12214,6/10/2013,267.0
12215,6/11/2013,408.0
12216,6/12/2013,631.0
12217,6/13/2013,547.0
12218,6/14/2013,386.0
12219,6/15/2013,325.0
12220,6/16/2013,531.0
12221,6/17/2013,2562.0
12222,6/18/2013,3555.0
12223,6/19/2013,3954.0
12224,6/20/2013,2305.0
12225,6/21/2013,1107.0
12226,6/22/2013,1014.0
12227,6/23/2013,1200.0
12228,6/24/2013,1259.0
12229,6/25/2013,1103.0
12230,6/26/2013,1000.0
12231,6/27/2013,1017.0
12232,6/28/2013,1353.0
12233,6/29/2013,1355.0
12234,6/30/2013,1298.0
12235,7/1/2013,1220.0
12236,7/2/2013,1085.0
12237,7/3/2013,1038.0
12238,7/4/2013,967.0
12239,7/5/2013,921.0
12240,7/6/2013,1313.0
12241,7/7/2013,1164.0
12242,7/8/2013,1617.0
12243,7/9/2013,1834.0
12244,7/10/2013,2157.0
12245,7/11/2013,3015.0
12246,7/12/2013,2942.0
12247,7/13/2013,2025.0
12248,7/14/2013,1579.0
12249,7/15/2013,1527.0
12250,7/16/2013,1501.0
12251,7/17/2013,1417.0
12252,7/18/2013,1487.0
12253,7/19/2013,2116.0
12254,7/20/2013,3401.0
12255,7/21/2013,2086.0
12256,7/22/2013,4754.0
12257,7/23/2013,3617.0
12258,7/24/2013,2387.0
12259,7/25/2013,4151.0
12260,7/26/2013,2968.0
12261,7/27/2013,2369.0
12262,7/28/2013,1967.0
12263,7/29/2013,1666.0
12264,7/30/2013,1452.0
12265,7/31/2013,1361.0
12266,8/1/2013,1400.0
12267,8/2/2013,1361.0
12268,8/3/2013,1328.0
12269,8/4/2013,1186.0
12270,8/5/2013,1316.0
12271,8/6/2013,1480.0
12272,8/7/2013,1785.0
12273,8/8/2013,2020.0
12274,8/9/2013,1987.0
12275,8/10/2013,2775.0
12276,8/11/2013,2225.0
12277,8/12/2013,2317.0
12278,8/13/2013,2194.0
12279,8/14/2013,2064.0
12280,8/15/2013,1880.0
12281,8/16/2013,1700.0
12282,8/17/2013,1532.0
12283,8/18/2013,1438.0
12284,8/19/2013,1453.0
12285,8/20/2013,1221.0
12286,8/21/2013,1120.0
12287,8/22/2013,1228.0
12288,8/23/2013,1093.0
12289,8/24/2013,999.0
12290,8/25/2013,1012.0
12291,8/26/2013,1069.0
12292,8/27/2013,1430.0
12293,8/28/2013,1561.0
12294,8/29/2013,1446.0
12295,8/30/2013,1283.0
12296,8/31/2013,1149.0
12297,9/1/2013,1153.0
12298,9/2/2013,1153.0
12299,9/3/2013,2372.0
12300,9/4/2013,2289.0
12301,9/5/2013,1941.0
12302,9/6/2013,1409.0
12303,9/7/2013,1177.0
12304,9/8/2013,1013.0
12305,9/9/2013,943.0
12306,9/10/2013,886.0
12307,9/11/2013,810.0
12308,9/12/2013,771.0
12309,9/13/2013,702.0
12310,9/14/2013,684.0
12311,9/15/2013,630.0
12312,9/16/2013,620.0
12313,9/17/2013,573.0
12314,9/18/2013,558.0
12315,9/19/2013,537.0
12316,9/20/2013,527.0
12317,9/21/2013,569.0
12318,9/22/2013,529.0
12319,9/23/2013,493.0
12320,9/24/2013,495.0
12321,9/25/2013,506.0
12322,9/26/2013,490.0
12323,9/27/2013,475.0
12324,9/28/2013,481.0
12325,9/29/2013,600.0
12326,9/30/2013,509.0
12327,10/1/2013,484.0
12328,10/2/2013,471.0
12329,10/3/2013,490.0
12330,10/4/2013,481.0
12331,10/5/2013,472.0
12332,10/6/2013,436.0
12333,10/7/2013,460.0
12334,10/8/2013,432.0
12335,10/9/2013,421.0
12336,10/10/2013,413.0
12337,10/11/2013,410.0
12338,10/12/2013,417.0
12339,10/13/2013,502.0
12340,10/14/2013,599.0
12341,10/15/2013,539.0
12342,10/16/2013,558.0
12343,10/17/2013,595.0
12344,10/18/2013,554.0
12345,10/19/2013,476.0
12346,10/20/2013,430.0
12347,10/21/2013,404.0
12348,10/22/2013,411.0
12349,10/23/2013,363.0
12350,10/24/2013,316.0
12351,10/25/2013,345.0
12352,10/26/2013,322.0
12353,10/27/2013,289.0
12354,10/28/2013,307.0
12355,10/29/2013,324.0
12356,10/30/2013,309.0
12357,10/31/2013,336.0
12358,11/1/2013,328.0
12359,11/2/2013,318.0
12360,11/3/2013,319.0
12361,11/4/2013,317.0
12362,11/5/2013,317.0
12363,11/6/2013,330.0
12364,11/7/2013,296.0
12365,11/8/2013,271.0
12366,11/9/2013,275.0
12367,11/10/2013,274.0
12368,11/11/2013,278.0
12369,11/12/2013,272.0
12370,11/13/2013,277.0
12371,11/14/2013,241.0
12372,11/15/2013,242.0
12373,11/16/2013,242.0
12374,11/17/2013,236.0
12375,11/18/2013,224.0
12376,11/19/2013,223.0
12377,11/20/2013,246.0
12378,11/21/2013,236.0
12379,11/22/2013,215.0
12380,11/23/2013,217.0
12381,11/24/2013,206.0
12382,11/25/2013,221.0
12383,11/26/2013,227.0
12384,11/27/2013,229.0
12385,11/28/2013,220.0
12386,11/29/2013,217.0
12387,11/30/2013,217.0
12388,12/1/2013,214.0
12389,12/2/2013,202.0
12390,12/3/2013,205.0
12391,12/4/2013,215.0
12392,12/5/2013,214.0
12393,12/6/2013,206.0
12394,12/7/2013,191.0
12395,12/8/2013,199.0
12396,12/9/2013,200.0
12397,12/10/2013,201.0
12398,12/11/2013,200.0
12399,12/12/2013,195.0
12400,12/13/2013,187.0
12401,12/14/2013,178.0
12402,12/15/2013,163.0
12403,12/16/2013,164.0
12404,12/17/2013,174.0
12405,12/18/2013,177.0
12406,12/19/2013,177.0
12407,12/20/2013,172.0
12408,12/21/2013,163.0
12409,12/22/2013,156.0
12410,12/23/2013,162.0
12411,12/24/2013,158.0
12412,12/25/2013,156.0
12413,12/26/2013,158.0
12414,12/27/2013,160.0
12415,12/28/2013,158.0
12416,12/29/2013,154.0
12417,12/30/2013,154.0
12418,12/31/2013,153.0
12419,1/1/2014,150.0
12420,1/2/2014,149.0
12421,1/3/2014,148.0
12422,1/4/2014,147.0
12423,1/5/2014,152.0
12424,1/6/2014,154.0
12425,1/7/2014,148.0
12426,1/8/2014,145.0
12427,1/9/2014,150.0
12428,1/10/2014,150.0
12429,1/11/2014,150.0
12430,1/12/2014,150.0
12431,1/13/2014,150.0
12432,1/14/2014,150.0
12433,1/15/2014,148.0
12434,1/16/2014,139.0
12435,1/17/2014,148.0
12436,1/18/2014,144.0
12437,1/19/2014,150.0
12438,1/20/2014,161.0
12439,1/21/2014,148.0
12440,1/22/2014,154.0
12441,1/23/2014,154.0
12442,1/24/2014,148.0
12443,1/25/2014,136.0
12444,1/26/2014,117.0
12445,1/27/2014,133.0
12446,1/28/2014,126.0
12447,1/29/2014,133.0
12448,1/30/2014,138.0
12449,1/31/2014,114.0
12450,2/1/2014,110.0
12451,2/2/2014,110.0
12452,2/3/2014,136.0
12453,2/4/2014,133.0
12454,2/5/2014,132.0
12455,2/6/2014,130.0
12456,2/7/2014,130.0
12457,2/8/2014,129.0
12458,2/9/2014,129.0
12459,2/10/2014,132.0
12460,2/11/2014,113.0
12461,2/12/2014,117.0
12462,2/13/2014,101.0
12463,2/14/2014,96.1
12464,2/15/2014,111.0
12465,2/16/2014,127.0
12466,2/17/2014,134.0
12467,2/18/2014,138.0
12468,2/19/2014,125.0
12469,2/20/2014,124.0
12470,2/21/2014,111.0
12471,2/22/2014,125.0
12472,2/23/2014,114.0
12473,2/24/2014,114.0
12474,2/25/2014,104.0
12475,2/26/2014,107.0
12476,2/27/2014,102.0
12477,2/28/2014,104.0
12478,3/1/2014,117.0
12479,3/2/2014,107.0
12480,3/3/2014,106.0
12481,3/4/2014,102.0
12482,3/5/2014,106.0
12483,3/6/2014,103.0
12484,3/7/2014,107.0
12485,3/8/2014,105.0
12486,3/9/2014,101.0
12487,3/10/2014,98.7
12488,3/11/2014,101.0
12489,3/12/2014,104.0
12490,3/13/2014,102.0
12491,3/14/2014,98.9
12492,3/15/2014,106.0
12493,3/16/2014,106.0
12494,3/17/2014,94.6
12495,3/18/2014,97.4
12496,3/19/2014,88.2
12497,3/20/2014,113.0
12498,3/21/2014,104.0
12499,3/22/2014,99.3
12500,3/23/2014,105.0
12501,3/24/2014,123.0
12502,3/25/2014,98.7
12503,3/26/2014,97.7
12504,3/27/2014,89.7
12505,3/28/2014,87.8
12506,3/29/2014,87.3
12507,3/30/2014,85.3
12508,3/31/2014,85.3
12509,4/1/2014,85.3
12510,4/2/2014,82.0
12511,4/3/2014,96.1
12512,4/4/2014,90.2
12513,4/5/2014,91.1
12514,4/6/2014,104.0
12515,4/7/2014,89.7
12516,4/8/2014,88.7
12517,4/9/2014,89.2
12518,4/10/2014,95.1
12519,4/11/2014,105.0
12520,4/12/2014,103.0
12521,4/13/2014,102.0
12522,4/14/2014,102.0
12523,4/15/2014,98.7
12524,4/16/2014,95.5
12525,4/17/2014,95.5
12526,4/18/2014,96.1
12527,4/19/2014,97.7
12528,4/20/2014,86.8
12529,4/21/2014,89.7
12530,4/22/2014,90.7
12531,4/23/2014,82.0
12532,4/24/2014,85.7
12533,4/25/2014,88.2
12534,4/26/2014,83.9
12535,4/27/2014,95.4
12536,4/28/2014,98.7
12537,4/29/2014,95.4
12538,4/30/2014,92.3
12539,5/1/2014,104.0
12540,5/2/2014,149.0
12541,5/3/2014,157.0
12542,5/4/2014,126.0
12543,5/5/2014,147.0
12544,5/6/2014,130.0
12545,5/7/2014,128.0
12546,5/8/2014,124.0
12547,5/9/2014,120.0
12548,5/10/2014,142.0
12549,5/11/2014,126.0
12550,5/12/2014,139.0
12551,5/13/2014,118.0
12552,5/14/2014,114.0
12553,5/15/2014,113.0
12554,5/16/2014,117.0
12555,5/17/2014,118.0
12556,5/18/2014,119.0
12557,5/19/2014,131.0
12558,5/20/2014,149.0
12559,5/21/2014,163.0
12560,5/22/2014,165.0
12561,5/23/2014,158.0
12562,5/24/2014,133.0
12563,5/25/2014,170.0
12564,5/26/2014,157.0
12565,5/27/2014,172.0
12566,5/28/2014,133.0
12567,5/29/2014,148.0
12568,5/30/2014,140.0
12569,5/31/2014,169.0
12570,6/1/2014,161.0
12571,6/2/2014,174.0
12572,6/3/2014,215.0
12573,6/4/2014,180.0
12574,6/5/2014,179.0
12575,6/6/2014,190.0
12576,6/7/2014,233.0
12577,6/8/2014,245.0
12578,6/9/2014,273.0
12579,6/10/2014,290.0
12580,6/11/2014,279.0
12581,6/12/2014,291.0
12582,6/13/2014,231.0
12583,6/14/2014,244.0
12584,6/15/2014,175.0
12585,6/16/2014,217.0
12586,6/17/2014,186.0
12587,6/18/2014,276.0
12588,6/19/2014,262.0
12589,6/20/2014,279.0
12590,6/21/2014,498.0
12591,6/22/2014,473.0
12592,6/23/2014,542.0
12593,6/24/2014,383.0
12594,6/25/2014,311.0
12595,6/26/2014,298.0
12596,6/27/2014,319.0
12597,6/28/2014,287.0
12598,6/29/2014,377.0
12599,6/30/2014,419.0
12600,7/1/2014,471.0
12601,7/2/2014,417.0
12602,7/3/2014,383.0
12603,7/4/2014,474.0
12604,7/5/2014,548.0
12605,7/6/2014,484.0
12606,7/7/2014,1085.0
12607,7/8/2014,938.0
12608,7/9/2014,497.0
12609,7/10/2014,463.0
12610,7/11/2014,531.0
12611,7/12/2014,487.0
12612,7/13/2014,571.0
12613,7/14/2014,588.0
12614,7/15/2014,575.0
12615,7/16/2014,1155.0
12616,7/17/2014,1072.0
12617,7/18/2014,1422.0
12618,7/19/2014,2495.0
12619,7/20/2014,2069.0
12620,7/21/2014,1788.0
12621,7/22/2014,1341.0
12622,7/23/2014,1173.0
12623,7/24/2014,1202.0
12624,7/25/2014,1140.0
12625,7/26/2014,1257.0
12626,7/27/2014,1207.0
12627,7/28/2014,1219.0
12628,7/29/2014,1298.0
12629,7/30/2014,1148.0
12630,7/31/2014,1061.0
12631,8/1/2014,1089.0
12632,8/2/2014,1159.0
12633,8/3/2014,1389.0
12634,8/4/2014,2982.0
12635,8/5/2014,2556.0
12636,8/6/2014,1963.0
12637,8/7/2014,1380.0
12638,8/8/2014,1240.0
12639,8/9/2014,1140.0
12640,8/10/2014,1156.0
12641,8/11/2014,1115.0
12642,8/12/2014,1049.0
12643,8/13/2014,1149.0
12644,8/14/2014,1593.0
12645,8/15/2014,4378.0
12646,8/16/2014,3401.0
12647,8/17/2014,1979.0
12648,8/18/2014,1565.0
12649,8/19/2014,1252.0
12650,8/20/2014,1227.0
12651,8/21/2014,1569.0
12652,8/22/2014,1653.0
12653,8/23/2014,1477.0
12654,8/24/2014,1401.0
12655,8/25/2014,1448.0
12656,8/26/2014,1369.0
12657,8/27/2014,1368.0
12658,8/28/2014,2662.0
12659,8/29/2014,1276.0
12660,8/30/2014,1087.0
12661,8/31/2014,949.0
12662,9/1/2014,910.0
12663,9/2/2014,854.0
12664,9/3/2014,807.0
12665,9/4/2014,759.0
12666,9/5/2014,714.0
12667,9/6/2014,665.0
12668,9/7/2014,659.0
12669,9/8/2014,672.0
12670,9/9/2014,629.0
12671,9/10/2014,738.0
12672,9/11/2014,981.0
12673,9/12/2014,1201.0
12674,9/13/2014,1002.0
12675,9/14/2014,905.0
12676,9/15/2014,840.0
12677,9/16/2014,804.0
12678,9/17/2014,787.0
12679,9/18/2014,693.0
12680,9/19/2014,722.0
12681,9/20/2014,1185.0
12682,9/21/2014,851.0
12683,9/22/2014,770.0
12684,9/23/2014,748.0
12685,9/24/2014,840.0
12686,9/25/2014,884.0
12687,9/26/2014,871.0
12688,9/27/2014,889.0
12689,9/28/2014,889.0
12690,9/29/2014,845.0
12691,9/30/2014,627.0
12692,10/1/2014,648.0
12693,10/2/2014,637.0
12694,10/3/2014,604.0
12695,10/4/2014,581.0
12696,10/5/2014,523.0
12697,10/6/2014,491.0
12698,10/7/2014,445.0
12699,10/8/2014,419.0
12700,10/9/2014,429.0
12701,10/10/2014,392.0
12702,10/11/2014,389.0
12703,10/12/2014,383.0
12704,10/13/2014,375.0
12705,10/14/2014,416.0
12706,10/15/2014,1775.0
12707,10/16/2014,1260.0
12708,10/17/2014,751.0
12709,10/18/2014,502.0
12710,10/19/2014,465.0
12711,10/20/2014,440.0
12712,10/21/2014,428.0
12713,10/22/2014,424.0
12714,10/23/2014,417.0
12715,10/24/2014,411.0
12716,10/25/2014,406.0
12717,10/26/2014,397.0
12718,10/27/2014,381.0
12719,10/28/2014,363.0
12720,10/29/2014,339.0
12721,10/30/2014,330.0
12722,10/31/2014,324.0
12723,11/1/2014,318.0
12724,11/2/2014,329.0
12725,11/3/2014,323.0
12726,11/4/2014,303.0
12727,11/5/2014,281.0
12728,11/6/2014,276.0
12729,11/7/2014,283.0
12730,11/8/2014,274.0
12731,11/9/2014,277.0
12732,11/10/2014,267.0
12733,11/11/2014,251.0
12734,11/12/2014,253.0
12735,11/13/2014,244.0
12736,11/14/2014,233.0
12737,11/15/2014,266.0
12738,11/16/2014,231.0
12739,11/17/2014,228.0
12740,11/18/2014,223.0
12741,11/19/2014,218.0
12742,11/20/2014,211.0
12743,11/21/2014,206.0
12744,11/22/2014,202.0
12745,11/23/2014,197.0
12746,11/24/2014,193.0
12747,11/25/2014,188.0
12748,11/26/2014,182.0
12749,11/27/2014,155.0
12750,11/28/2014,173.0
12751,11/29/2014,169.0
12752,11/30/2014,165.0
12753,12/1/2014,218.0
12754,12/2/2014,216.0
12755,12/3/2014,213.0
12756,12/4/2014,211.0
12757,12/5/2014,206.0
12758,12/6/2014,204.0
12759,12/7/2014,202.0
12760,12/8/2014,200.0
12761,12/9/2014,197.0
12762,12/10/2014,195.0
12763,12/11/2014,193.0
12764,12/12/2014,190.0
12765,12/13/2014,186.0
12766,12/14/2014,184.0
12767,12/15/2014,182.0
12768,12/16/2014,191.0
12769,12/17/2014,185.0
12770,12/18/2014,166.0
12771,12/19/2014,167.0
12772,12/20/2014,168.0
12773,12/21/2014,165.0
12774,12/22/2014,153.0
12775,12/23/2014,154.0
12776,12/24/2014,156.0
12777,12/25/2014,149.0
12778,12/26/2014,237.0
12779,12/27/2014,148.0
12780,12/28/2014,146.0
12781,12/29/2014,146.0
12782,12/30/2014,144.0
12783,12/31/2014,143.0
12784,1/1/2015,144.0
12785,1/2/2015,145.0
12786,1/3/2015,178.0
12787,1/4/2015,218.0
12788,1/5/2015,197.0
12789,1/6/2015,163.0
12790,1/7/2015,166.0
12791,1/8/2015,164.0
12792,1/9/2015,152.0
12793,1/10/2015,147.0
12794,1/11/2015,145.0
12795,1/12/2015,144.0
12796,1/13/2015,142.0
12797,1/14/2015,138.0
12798,1/15/2015,145.0
12799,1/16/2015,116.0
12800,1/17/2015,129.0
12801,1/18/2015,131.0
12802,1/19/2015,136.0
12803,1/20/2015,131.0
12804,1/21/2015,111.0
12805,1/22/2015,123.0
12806,1/23/2015,126.0
12807,1/24/2015,129.0
12808,1/25/2015,122.0
12809,1/26/2015,129.0
12810,1/27/2015,115.0
12811,1/28/2015,116.0
12812,1/29/2015,116.0
12813,1/30/2015,108.0
12814,1/31/2015,104.0
12815,2/1/2015,106.0
12816,2/2/2015,117.0
12817,2/3/2015,116.0
12818,2/4/2015,120.0
12819,2/5/2015,119.0
12820,2/6/2015,121.0
12821,2/7/2015,118.0
12822,2/8/2015,117.0
12823,2/9/2015,99.3
12824,2/10/2015,112.0
12825,2/11/2015,110.0
12826,2/12/2015,101.0
12827,2/13/2015,101.0
12828,2/14/2015,101.0
12829,2/15/2015,104.0
12830,2/16/2015,106.0
12831,2/17/2015,114.0
12832,2/18/2015,104.0
12833,2/19/2015,112.0
12834,2/20/2015,127.0
12835,2/21/2015,115.0
12836,2/22/2015,110.0
12837,2/23/2015,100.0
12838,2/24/2015,108.0
12839,2/25/2015,125.0
12840,2/26/2015,123.0
12841,2/27/2015,122.0
12842,2/28/2015,122.0
12843,3/1/2015,116.0
12844,3/2/2015,114.0
12845,3/3/2015,165.0
12846,3/4/2015,166.0
12847,3/5/2015,149.0
12848,3/6/2015,138.0
12849,3/7/2015,129.0
12850,3/8/2015,123.0
12851,3/9/2015,120.0
12852,3/10/2015,116.0
12853,3/11/2015,112.0
12854,3/12/2015,110.0
12855,3/13/2015,115.0
12856,3/14/2015,100.0
12857,3/15/2015,112.0
12858,3/16/2015,115.0
12859,3/17/2015,110.0
12860,3/18/2015,98.3
12861,3/19/2015,107.0
12862,3/20/2015,109.0
12863,3/21/2015,111.0
12864,3/22/2015,109.0
12865,3/23/2015,106.0
12866,3/24/2015,110.0
12867,3/25/2015,120.0
12868,3/26/2015,116.0
12869,3/27/2015,121.0
12870,3/28/2015,125.0
12871,3/29/2015,124.0
12872,3/30/2015,122.0
12873,3/31/2015,129.0
12874,4/1/2015,142.0
12875,4/2/2015,134.0
12876,4/3/2015,126.0
12877,4/4/2015,128.0
12878,4/5/2015,108.0
12879,4/6/2015,124.0
12880,4/7/2015,109.0
12881,4/8/2015,115.0
12882,4/9/2015,116.0
12883,4/10/2015,112.0
12884,4/11/2015,92.6
12885,4/12/2015,108.0
12886,4/13/2015,113.0
12887,4/14/2015,127.0
12888,4/15/2015,132.0
12889,4/16/2015,134.0
12890,4/17/2015,139.0
12891,4/18/2015,139.0
12892,4/19/2015,142.0
12893,4/20/2015,132.0
12894,4/21/2015,131.0
12895,4/22/2015,139.0
12896,4/23/2015,138.0
12897,4/24/2015,138.0
12898,4/25/2015,125.0
12899,4/26/2015,116.0
12900,4/27/2015,128.0
12901,4/28/2015,132.0
12902,4/29/2015,129.0
12903,4/30/2015,134.0
12904,5/1/2015,158.0
12905,5/2/2015,151.0
12906,5/3/2015,146.0
12907,5/4/2015,178.0
12908,5/5/2015,153.0
12909,5/6/2015,143.0
12910,5/7/2015,140.0
12911,5/8/2015,146.0
12912,5/9/2015,160.0
12913,5/10/2015,180.0
12914,5/11/2015,185.0
12915,5/12/2015,185.0
12916,5/13/2015,202.0
12917,5/14/2015,186.0
12918,5/15/2015,170.0
12919,5/16/2015,236.0
12920,5/17/2015,187.0
12921,5/18/2015,178.0
12922,5/19/2015,177.0
12923,5/20/2015,176.0
12924,5/21/2015,202.0
12925,5/22/2015,214.0
12926,5/23/2015,244.0
12927,5/24/2015,234.0
12928,5/25/2015,185.0
12929,5/26/2015,200.0
12930,5/27/2015,212.0
12931,5/28/2015,268.0
12932,5/29/2015,240.0
12933,5/30/2015,222.0
12934,5/31/2015,242.0
12935,6/1/2015,203.0
12936,6/2/2015,225.0
12937,6/3/2015,220.0
12938,6/4/2015,203.0
12939,6/5/2015,191.0
12940,6/6/2015,188.0
12941,6/7/2015,199.0
12942,6/8/2015,192.0
12943,6/9/2015,212.0
12944,6/10/2015,216.0
12945,6/11/2015,228.0
12946,6/12/2015,220.0
12947,6/13/2015,258.0
12948,6/14/2015,250.0
12949,6/15/2015,235.0
12950,6/16/2015,213.0
12951,6/17/2015,211.0
12952,6/18/2015,280.0
12953,6/19/2015,387.0
12954,6/20/2015,410.0
12955,6/21/2015,469.0
12956,6/22/2015,357.0
12957,6/23/2015,360.0
12958,6/24/2015,323.0
12959,6/25/2015,484.0
12960,6/26/2015,446.0
12961,6/27/2015,448.0
12962,6/28/2015,659.0
12963,6/29/2015,758.0
12964,6/30/2015,627.0
12965,7/1/2015,483.0
12966,7/2/2015,423.0
12967,7/3/2015,456.0
12968,7/4/2015,434.0
12969,7/5/2015,431.0
12970,7/6/2015,499.0
12971,7/7/2015,551.0
12972,7/8/2015,517.0
12973,7/9/2015,509.0
12974,7/10/2015,559.0
12975,7/11/2015,609.0
12976,7/12/2015,655.0
12977,7/13/2015,606.0
12978,7/14/2015,534.0
12979,7/15/2015,507.0
12980,7/16/2015,693.0
12981,7/17/2015,1171.0
12982,7/18/2015,764.0
12983,7/19/2015,649.0
12984,7/20/2015,596.0
12985,7/21/2015,595.0
12986,7/22/2015,651.0
12987,7/23/2015,609.0
12988,7/24/2015,607.0
12989,7/25/2015,610.0
12990,7/26/2015,673.0
12991,7/27/2015,586.0
12992,7/28/2015,550.0
12993,7/29/2015,623.0
12994,7/30/2015,601.0
12995,7/31/2015,1372.0
12996,8/1/2015,1542.0
12997,8/2/2015,1428.0
12998,8/3/2015,1402.0
12999,8/4/2015,1105.0
13000,8/5/2015,974.0
13001,8/6/2015,961.0
13002,8/7/2015,1015.0
13003,8/8/2015,942.0
13004,8/9/2015,865.0
13005,8/10/2015,819.0
13006,8/11/2015,1119.0
13007,8/12/2015,1460.0
13008,8/13/2015,1183.0
13009,8/14/2015,1162.0
13010,8/15/2015,1367.0
13011,8/16/2015,1580.0
13012,8/17/2015,1469.0
13013,8/18/2015,1376.0
13014,8/19/2015,1215.0
13015,8/20/2015,1132.0
13016,8/21/2015,1194.0
13017,8/22/2015,1256.0
13018,8/23/2015,1359.0
13019,8/24/2015,1085.0
13020,8/25/2015,942.0
13021,8/26/2015,890.0
13022,8/27/2015,1097.0
13023,8/28/2015,912.0
13024,8/29/2015,974.0
13025,8/30/2015,1106.0
13026,8/31/2015,1189.0
13027,9/1/2015,1043.0
13028,9/2/2015,951.0
13029,9/3/2015,800.0
13030,9/4/2015,1047.0
13031,9/5/2015,654.0
13032,9/6/2015,570.0
13033,9/7/2015,575.0
13034,9/8/2015,557.0
13035,9/9/2015,518.0
13036,9/10/2015,482.0
13037,9/11/2015,491.0
13038,9/12/2015,564.0
13039,9/13/2015,571.0
13040,9/14/2015,545.0
13041,9/15/2015,795.0
13042,9/16/2015,659.0
13043,9/17/2015,570.0
13044,9/18/2015,495.0
13045,9/19/2015,454.0
13046,9/20/2015,432.0
13047,9/21/2015,497.0
13048,9/22/2015,599.0
13049,9/23/2015,637.0
13050,9/24/2015,563.0
13051,9/25/2015,511.0
13052,9/26/2015,497.0
13053,9/27/2015,463.0
13054,9/28/2015,419.0
13055,9/29/2015,403.0
13056,9/30/2015,379.0
13057,10/1/2015,353.0
13058,10/2/2015,334.0
13059,10/3/2015,349.0
13060,10/4/2015,332.0
13061,10/5/2015,312.0
13062,10/6/2015,285.0
13063,10/7/2015,255.0
13064,10/8/2015,275.0
13065,10/9/2015,292.0
13066,10/10/2015,267.0
13067,10/11/2015,254.0
13068,10/12/2015,280.0
13069,10/13/2015,276.0
13070,10/14/2015,251.0
13071,10/15/2015,256.0
13072,10/16/2015,283.0
13073,10/17/2015,243.0
13074,10/18/2015,227.0
13075,10/19/2015,228.0
13076,10/20/2015,223.0
13077,10/21/2015,223.0
13078,10/22/2015,225.0
13079,10/23/2015,226.0
13080,10/24/2015,224.0
13081,10/25/2015,203.0
13082,10/26/2015,202.0
13083,10/27/2015,189.0
13084,10/28/2015,184.0
13085,10/29/2015,186.0
13086,10/30/2015,203.0
13087,10/31/2015,213.0
13088,11/1/2015,204.0
13089,11/2/2015,200.0
13090,11/3/2015,182.0
13091,11/4/2015,179.0
13092,11/5/2015,182.0
13093,11/6/2015,175.0
13094,11/7/2015,181.0
13095,11/8/2015,180.0
13096,11/9/2015,178.0
13097,11/10/2015,163.0
13098,11/11/2015,174.0
13099,11/12/2015,171.0
13100,11/13/2015,167.0
13101,11/14/2015,171.0
13102,11/15/2015,166.0
13103,11/16/2015,163.0
13104,11/17/2015,160.0
13105,11/18/2015,158.0
13106,11/19/2015,161.0
13107,11/20/2015,163.0
13108,11/21/2015,160.0
13109,11/22/2015,156.0
13110,11/23/2015,156.0
13111,11/24/2015,144.0
13112,11/25/2015,138.0
13113,11/26/2015,138.0
13114,11/27/2015,129.0
13115,11/28/2015,125.0
13116,11/29/2015,124.0
13117,11/30/2015,124.0
13118,12/1/2015,126.0
13119,12/2/2015,138.0
13120,12/3/2015,129.0
13121,12/4/2015,137.0
13122,12/5/2015,124.0
13123,12/6/2015,122.0
13124,12/7/2015,121.0
13125,12/8/2015,116.0
13126,12/9/2015,120.0
13127,12/10/2015,120.0
13128,12/11/2015,139.0
13129,12/12/2015,128.0
13130,12/13/2015,122.0
13131,12/14/2015,125.0
13132,12/15/2015,85.8
13133,12/16/2015,114.0
13134,12/17/2015,114.0
13135,12/18/2015,95.5
13136,12/19/2015,91.9
13137,12/20/2015,77.4
13138,12/21/2015,92.1
13139,12/22/2015,91.1
13140,12/23/2015,88.2
13141,12/24/2015,89.3
13142,12/25/2015,82.3
13143,12/26/2015,92.8
13144,12/27/2015,94.3
13145,12/28/2015,98.5
13146,12/29/2015,102.0
13147,12/30/2015,102.0
13148,12/31/2015,99.3
13149,1/1/2016,122.0
13150,1/2/2016,122.0
13151,1/3/2016,118.0
13152,1/4/2016,112.0
13153,1/5/2016,108.0
13154,1/6/2016,118.0
13155,1/7/2016,130.0
13156,1/8/2016,115.0
13157,1/9/2016,110.0
13158,1/10/2016,113.0
13159,1/11/2016,126.0
13160,1/12/2016,122.0
13161,1/13/2016,122.0
13162,1/14/2016,121.0
13163,1/15/2016,120.0
13164,1/16/2016,121.0
13165,1/17/2016,114.0
13166,1/18/2016,105.0
13167,1/19/2016,107.0
13168,1/20/2016,119.0
13169,1/21/2016,122.0
13170,1/22/2016,122.0
13171,1/23/2016,108.0
13172,1/24/2016,94.2
13173,1/25/2016,97.6
13174,1/26/2016,101.0
13175,1/27/2016,109.0
13176,1/28/2016,122.0
13177,1/29/2016,114.0
13178,1/30/2016,94.0
13179,1/31/2016,101.0
13180,2/1/2016,102.0
13181,2/2/2016,104.0
13182,2/3/2016,106.0
13183,2/4/2016,114.0
13184,2/5/2016,110.0
13185,2/6/2016,108.0
13186,2/7/2016,108.0
13187,2/8/2016,108.0
13188,2/9/2016,102.0
13189,2/10/2016,108.0
13190,2/11/2016,117.0
13191,2/12/2016,98.8
13192,2/13/2016,94.6
13193,2/14/2016,86.2
13194,2/15/2016,85.4
13195,2/16/2016,83.3
13196,2/17/2016,83.0
13197,2/18/2016,107.0
13198,2/19/2016,89.6
13199,2/20/2016,90.7
13200,2/21/2016,89.9
13201,2/22/2016,78.3
13202,2/23/2016,73.3
13203,2/24/2016,78.2
13204,2/25/2016,93.1
13205,2/26/2016,94.9
13206,2/27/2016,89.1
13207,2/28/2016,81.3
13208,2/29/2016,75.6
13209,3/1/2016,71.8
13210,3/2/2016,83.2
13211,3/3/2016,84.6
13212,3/4/2016,82.6
13213,3/5/2016,94.6
13214,3/6/2016,95.4
13215,3/7/2016,85.8
13216,3/8/2016,89.5
13217,3/9/2016,82.5
13218,3/10/2016,80.2
13219,3/11/2016,80.6
13220,3/12/2016,80.2
13221,3/13/2016,78.7
13222,3/14/2016,82.5
13223,3/15/2016,102.0
13224,3/16/2016,81.0
13225,3/17/2016,75.6
13226,3/18/2016,72.6
13227,3/19/2016,72.2
13228,3/20/2016,70.5
13229,3/21/2016,86.9
13230,3/22/2016,76.4
13231,3/23/2016,77.1
13232,3/24/2016,86.6
13233,3/25/2016,79.2
13234,3/26/2016,90.3
13235,3/27/2016,85.6
13236,3/28/2016,93.9
13237,3/29/2016,89.2
13238,3/30/2016,94.1
13239,3/31/2016,86.1
13240,4/1/2016,105.0
13241,4/2/2016,113.0
13242,4/3/2016,114.0
13243,4/4/2016,113.0
13244,4/5/2016,128.0
13245,4/6/2016,123.0
13246,4/7/2016,126.0
13247,4/8/2016,101.0
13248,4/9/2016,102.0
13249,4/10/2016,82.7
13250,4/11/2016,104.0
13251,4/12/2016,96.0
13252,4/13/2016,78.0
13253,4/14/2016,89.5
13254,4/15/2016,99.2
13255,4/16/2016,100.0
13256,4/17/2016,91.4
13257,4/18/2016,106.0
13258,4/19/2016,114.0
13259,4/20/2016,117.0
13260,4/21/2016,87.1
13261,4/22/2016,113.0
13262,4/23/2016,102.0
13263,4/24/2016,101.0
13264,4/25/2016,92.2
13265,4/26/2016,94.7
13266,4/27/2016,96.6
13267,4/28/2016,83.1
13268,4/29/2016,79.1
13269,4/30/2016,82.9
13270,5/1/2016,74.5
13271,5/2/2016,78.2
13272,5/3/2016,85.9
13273,5/4/2016,105.0
13274,5/5/2016,96.6
13275,5/6/2016,100.0
13276,5/7/2016,88.4
13277,5/8/2016,88.2
13278,5/9/2016,104.0
13279,5/10/2016,96.0
13280,5/11/2016,92.2
13281,5/12/2016,95.8
13282,5/13/2016,111.0
13283,5/14/2016,115.0
13284,5/15/2016,129.0
13285,5/16/2016,143.0
13286,5/17/2016,128.0
13287,5/18/2016,140.0
13288,5/19/2016,128.0
13289,5/20/2016,140.0
13290,5/21/2016,154.0
13291,5/22/2016,198.0
13292,5/23/2016,174.0
13293,5/24/2016,139.0
13294,5/25/2016,141.0
13295,5/26/2016,137.0
13296,5/27/2016,151.0
13297,5/28/2016,142.0
13298,5/29/2016,187.0
13299,5/30/2016,189.0
13300,5/31/2016,174.0
13301,6/1/2016,154.0
13302,6/2/2016,152.0
13303,6/3/2016,176.0
13304,6/4/2016,226.0
13305,6/5/2016,266.0
13306,6/6/2016,218.0
13307,6/7/2016,207.0
13308,6/8/2016,182.0
13309,6/9/2016,201.0
13310,6/10/2016,178.0
13311,6/11/2016,179.0
13312,6/12/2016,190.0
13313,6/13/2016,223.0
13314,6/14/2016,282.0
13315,6/15/2016,317.0
13316,6/16/2016,320.0
13317,6/17/2016,243.0
13318,6/18/2016,347.0
13319,6/19/2016,304.0
13320,6/20/2016,440.0
13321,6/21/2016,512.0
13322,6/22/2016,622.0
13323,6/23/2016,475.0
13324,6/24/2016,414.0
13325,6/25/2016,473.0
13326,6/26/2016,547.0
13327,6/27/2016,513.0
13328,6/28/2016,564.0
13329,6/29/2016,531.0
13330,6/30/2016,597.0
13331,7/1/2016,1150.0
13332,7/2/2016,2470.0
13333,7/3/2016,2250.0
13334,7/4/2016,1210.0
13335,7/5/2016,1250.0
13336,7/6/2016,1240.0
13337,7/7/2016,1300.0
13338,7/8/2016,1150.0
13339,7/9/2016,992.0
13340,7/10/2016,1140.0
13341,7/11/2016,1390.0
13342,7/12/2016,1360.0
13343,7/13/2016,1220.0
13344,7/14/2016,1110.0
13345,7/15/2016,1120.0
13346,7/16/2016,1220.0
13347,7/17/2016,1980.0
13348,7/18/2016,2270.0
13349,7/19/2016,2140.0
13350,7/20/2016,1490.0
13351,7/21/2016,1640.0
13352,7/22/2016,3600.0
13353,7/23/2016,3840.0
13354,7/24/2016,2260.0
13355,7/25/2016,2100.0
13356,7/26/2016,3020.0
13357,7/27/2016,4960.0
13358,7/28/2016,3270.0
13359,7/29/2016,2760.0
13360,7/30/2016,2830.0
13361,7/31/2016,2470.0
13362,8/1/2016,2320.0
13363,8/2/2016,1970.0
13364,8/3/2016,1730.0
13365,8/4/2016,1500.0
13366,8/5/2016,1370.0
13367,8/6/2016,1320.0
13368,8/7/2016,1260.0
13369,8/8/2016,1230.0
13370,8/9/2016,1220.0
13371,8/10/2016,1280.0
13372,8/11/2016,1300.0
13373,8/12/2016,1140.0
13374,8/13/2016,1090.0
13375,8/14/2016,1070.0
13376,8/15/2016,1100.0
13377,8/16/2016,1070.0
13378,8/17/2016,1180.0
13379,8/18/2016,975.0
13380,8/19/2016,876.0
13381,8/20/2016,1010.0
13382,8/21/2016,782.0
13383,8/22/2016,754.0
13384,8/23/2016,710.0
13385,8/24/2016,624.0
13386,8/25/2016,676.0
13387,8/26/2016,614.0
13388,8/27/2016,597.0
13389,8/28/2016,574.0
13390,8/29/2016,537.0
13391,8/30/2016,549.0
13392,8/31/2016,861.0
13393,9/1/2016,705.0
13394,9/2/2016,792.0
13395,9/3/2016,881.0
13396,9/4/2016,1380.0
13397,9/5/2016,1020.0
13398,9/6/2016,822.0
13399,9/7/2016,759.0
13400,9/8/2016,996.0
13401,9/9/2016,1010.0
13402,9/10/2016,1110.0
13403,9/11/2016,1120.0
13404,9/12/2016,989.0
13405,9/13/2016,1050.0
13406,9/14/2016,959.0
13407,9/15/2016,917.0
13408,9/16/2016,883.0
13409,9/17/2016,1050.0
13410,9/18/2016,1600.0
13411,9/19/2016,1210.0
13412,9/20/2016,1230.0
13413,9/21/2016,1180.0
13414,9/22/2016,1050.0
13415,9/23/2016,1000.0
13416,9/24/2016,910.0
13417,9/25/2016,891.0
13418,9/26/2016,850.0
13419,9/27/2016,644.0
13420,9/28/2016,702.0
13421,9/29/2016,687.0
13422,9/30/2016,684.0
13423,10/1/2016,622.0
13424,10/2/2016,629.0
13425,10/3/2016,652.0
13426,10/4/2016,656.0
13427,10/5/2016,624.0
13428,10/6/2016,641.0
13429,10/7/2016,735.0
13430,10/8/2016,626.0
13431,10/9/2016,592.0
13432,10/10/2016,575.0
13433,10/11/2016,567.0
13434,10/12/2016,565.0
13435,10/13/2016,518.0
13436,10/14/2016,487.0
13437,10/15/2016,474.0
13438,10/16/2016,446.0
13439,10/17/2016,436.0
13440,10/18/2016,419.0
13441,10/19/2016,396.0
13442,10/20/2016,379.0
13443,10/21/2016,378.0
13444,10/22/2016,393.0
13445,10/23/2016,358.0
13446,10/24/2016,356.0
13447,10/25/2016,349.0
13448,10/26/2016,332.0
13449,10/27/2016,297.0
13450,10/28/2016,315.0
13451,10/29/2016,299.0
13452,10/30/2016,296.0
13453,10/31/2016,296.0
13454,11/1/2016,311.0
13455,11/2/2016,312.0
13456,11/3/2016,271.0
13457,11/4/2016,260.0
13458,11/5/2016,253.0
13459,11/6/2016,246.0
13460,11/7/2016,266.0
13461,11/8/2016,249.0
13462,11/9/2016,240.0
13463,11/10/2016,227.0
13464,11/11/2016,234.0
13465,11/12/2016,245.0
13466,11/13/2016,245.0
13467,11/14/2016,240.0
13468,11/15/2016,213.0
13469,11/16/2016,226.0
13470,11/17/2016,207.0
13471,11/18/2016,213.0
13472,11/19/2016,197.0
13473,11/20/2016,203.0
13474,11/21/2016,203.0
13475,11/22/2016,190.0
13476,11/23/2016,196.0
13477,11/24/2016,202.0
13478,11/25/2016,205.0
13479,11/26/2016,184.0
13480,11/27/2016,206.0
13481,11/28/2016,203.0
13482,11/29/2016,197.0
13483,11/30/2016,186.0
13484,12/1/2016,187.0
13485,12/2/2016,196.0
13486,12/3/2016,181.0
13487,12/4/2016,162.0
13488,12/5/2016,172.0
13489,12/6/2016,171.0
13490,12/7/2016,166.0
13491,12/8/2016,171.0
13492,12/9/2016,178.0
13493,12/10/2016,171.0
13494,12/11/2016,184.0
13495,12/12/2016,181.0
13496,12/13/2016,177.0
13497,12/14/2016,178.0
13498,12/15/2016,168.0
13499,12/16/2016,167.0
13500,12/17/2016,153.0
13501,12/18/2016,138.0
13502,12/19/2016,146.0
13503,12/20/2016,141.0
13504,12/21/2016,140.0
13505,12/22/2016,146.0
13506,12/23/2016,147.0
13507,12/24/2016,141.0
13508,12/25/2016,147.0
13509,12/26/2016,155.0
13510,12/27/2016,144.0
13511,12/28/2016,131.0
13512,12/29/2016,117.0
13513,12/30/2016,128.0
13514,12/31/2016,127.0
13515,1/1/2017,117.0
13516,1/2/2017,136.0
13517,1/3/2017,121.0
13518,1/4/2017,132.0
13519,1/5/2017,134.0
13520,1/6/2017,116.0
13521,1/7/2017,106.0
13522,1/8/2017,110.0
13523,1/9/2017,138.0
13524,1/10/2017,126.0
13525,1/11/2017,121.0
13526,1/12/2017,82.4
13527,1/13/2017,100.0
13528,1/14/2017,84.4
13529,1/15/2017,79.2
13530,1/16/2017,120.0
13531,1/17/2017,119.0
13532,1/18/2017,140.0
13533,1/19/2017,107.0
13534,1/20/2017,107.0
13535,1/21/2017,99.0
13536,1/22/2017,84.4
13537,1/23/2017,110.0
13538,1/24/2017,87.8
13539,1/25/2017,76.2
13540,1/26/2017,83.5
13541,1/27/2017,87.8
13542,1/28/2017,91.1
13543,1/29/2017,130.0
13544,1/30/2017,111.0
13545,1/31/2017,108.0
13546,2/1/2017,116.0
13547,2/2/2017,105.0
13548,2/3/2017,112.0
13549,2/4/2017,120.0
13550,2/5/2017,104.0
13551,2/6/2017,103.0
13552,2/7/2017,102.0
13553,2/8/2017,101.0
13554,2/9/2017,107.0
13555,2/10/2017,106.0
13556,2/11/2017,106.0
13557,2/12/2017,89.5
13558,2/13/2017,112.0
13559,2/14/2017,87.3
13560,2/15/2017,92.4
13561,2/16/2017,99.5
13562,2/17/2017,97.0
13563,2/18/2017,100.0
13564,2/19/2017,98.2
13565,2/20/2017,95.4
13566,2/21/2017,99.9
13567,2/22/2017,105.0
13568,2/23/2017,102.0
13569,2/24/2017,97.0
13570,2/25/2017,84.5
13571,2/26/2017,95.2
13572,2/27/2017,101.0
13573,2/28/2017,97.2
13574,3/1/2017,97.9
13575,3/2/2017,99.0
13576,3/3/2017,95.4
13577,3/4/2017,96.5
13578,3/5/2017,90.2
13579,3/6/2017,92.7
13580,3/7/2017,90.5
13581,3/8/2017,89.5
13582,3/9/2017,85.0
13583,3/10/2017,87.0
13584,3/11/2017,68.9
13585,3/12/2017,125.0
13586,3/13/2017,106.0
13587,3/14/2017,101.0
13588,3/15/2017,117.0
13589,3/16/2017,92.6
13590,3/17/2017,99.1
13591,3/18/2017,101.0
13592,3/19/2017,92.8
13593,3/20/2017,103.0
13594,3/21/2017,97.1
13595,3/22/2017,97.5
13596,3/23/2017,84.4
13597,3/24/2017,111.0
13598,3/25/2017,111.0
13599,3/26/2017,112.0
13600,3/27/2017,111.0
13601,3/28/2017,180.0
13602,3/29/2017,132.0
13603,3/30/2017,140.0
13604,3/31/2017,120.0
13605,4/1/2017,113.0
13606,4/2/2017,88.4
13607,4/3/2017,116.0
13608,4/4/2017,114.0
13609,4/5/2017,116.0
13610,4/6/2017,109.0
13611,4/7/2017,104.0
13612,4/8/2017,93.1
13613,4/9/2017,93.8
13614,4/10/2017,81.0
13615,4/11/2017,80.6
13616,4/12/2017,64.4
13617,4/13/2017,64.6
13618,4/14/2017,74.7
13619,4/15/2017,79.2
13620,4/16/2017,97.1
13621,4/17/2017,90.7
13622,4/18/2017,90.8
13623,4/19/2017,98.5
13624,4/20/2017,126.0
13625,4/21/2017,119.0
13626,4/22/2017,117.0
13627,4/23/2017,130.0
13628,4/24/2017,126.0
13629,4/25/2017,122.0
13630,4/26/2017,125.0
13631,4/27/2017,97.5
13632,4/28/2017,100.0
13633,4/29/2017,75.9
13634,4/30/2017,87.8
13635,5/1/2017,104.0
13636,5/2/2017,83.9
13637,5/3/2017,103.0
13638,5/4/2017,114.0
13639,5/5/2017,109.0
13640,5/6/2017,101.0
13641,5/7/2017,120.0
13642,5/8/2017,111.0
13643,5/9/2017,111.0
13644,5/10/2017,112.0
13645,5/11/2017,98.7
13646,5/12/2017,145.0
13647,5/13/2017,140.0
13648,5/14/2017,130.0
13649,5/15/2017,151.0
13650,5/16/2017,209.0
13651,5/17/2017,151.0
13652,5/18/2017,156.0
13653,5/19/2017,158.0
13654,5/20/2017,152.0
13655,5/21/2017,153.0
13656,5/22/2017,152.0
13657,5/23/2017,150.0
13658,5/24/2017,153.0
13659,5/25/2017,150.0
13660,5/26/2017,129.0
13661,5/27/2017,149.0
13662,5/28/2017,170.0
13663,5/29/2017,154.0
13664,5/30/2017,155.0
13665,5/31/2017,160.0
13666,6/1/2017,158.0
13667,6/2/2017,132.0
13668,6/3/2017,132.0
13669,6/4/2017,145.0
13670,6/5/2017,169.0
13671,6/6/2017,171.0
13672,6/7/2017,145.0
13673,6/8/2017,149.0
13674,6/9/2017,188.0
13675,6/10/2017,154.0
13676,6/11/2017,203.0
13677,6/12/2017,186.0
13678,6/13/2017,143.0
13679,6/14/2017,150.0
13680,6/15/2017,211.0
13681,6/16/2017,230.0
13682,6/17/2017,233.0
13683,6/18/2017,186.0
13684,6/19/2017,166.0
13685,6/20/2017,205.0
13686,6/21/2017,300.0
13687,6/22/2017,352.0
13688,6/23/2017,293.0
13689,6/24/2017,274.0
13690,6/25/2017,260.0
13691,6/26/2017,288.0
13692,6/27/2017,377.0
13693,6/28/2017,774.0
13694,6/29/2017,741.0
13695,6/30/2017,556.0
13696,7/1/2017,721.0
13697,7/2/2017,1720.0
13698,7/3/2017,1430.0
13699,7/4/2017,1190.0
13700,7/5/2017,1240.0
13701,7/6/2017,2170.0
13702,7/7/2017,1620.0
13703,7/8/2017,1020.0
13704,7/9/2017,1220.0
13705,7/10/2017,2180.0
13706,7/11/2017,2110.0
13707,7/12/2017,1570.0
13708,7/13/2017,1540.0
13709,7/14/2017,1150.0
13710,7/15/2017,989.0
13711,7/16/2017,1050.0
13712,7/17/2017,1010.0
13713,7/18/2017,886.0
13714,7/19/2017,780.0
13715,7/20/2017,739.0
13716,7/21/2017,778.0
13717,7/22/2017,986.0
13718,7/23/2017,929.0
13719,7/24/2017,834.0
13720,7/25/2017,828.0
13721,7/26/2017,933.0
13722,7/27/2017,1010.0
13723,7/28/2017,869.0
13724,7/29/2017,813.0
13725,7/30/2017,1150.0
13726,7/31/2017,1940.0
13727,8/1/2017,1300.0
13728,8/2/2017,1570.0
13729,8/3/2017,1710.0
13730,8/4/2017,2660.0
13731,8/5/2017,1980.0
13732,8/6/2017,1700.0
13733,8/7/2017,1390.0
13734,8/8/2017,1440.0
13735,8/9/2017,1290.0
13736,8/10/2017,1820.0
13737,8/11/2017,1710.0
13738,8/12/2017,2030.0
13739,8/13/2017,2150.0
13740,8/14/2017,2570.0
13741,8/15/2017,2360.0
13742,8/16/2017,2070.0
13743,8/17/2017,2120.0
13744,8/18/2017,1780.0
13745,8/19/2017,1590.0
13746,8/20/2017,1580.0
13747,8/21/2017,1430.0
13748,8/22/2017,1380.0
13749,8/23/2017,1440.0
13750,8/24/2017,1410.0
13751,8/25/2017,1280.0
13752,8/26/2017,1120.0
13753,8/27/2017,999.0
13754,8/28/2017,1080.0
13755,8/29/2017,1060.0
13756,8/30/2017,963.0
13757,8/31/2017,872.0
13758,9/1/2017,952.0
13759,9/2/2017,1020.0
13760,9/3/2017,1440.0
13761,9/4/2017,1310.0
13762,9/5/2017,1020.0
13763,9/6/2017,889.0
13764,9/7/2017,883.0
13765,9/8/2017,783.0
13766,9/9/2017,696.0
13767,9/10/2017,619.0
13768,9/11/2017,602.0
13769,9/12/2017,589.0
13770,9/13/2017,660.0
13771,9/14/2017,640.0
13772,9/15/2017,622.0
13773,9/16/2017,596.0
13774,9/17/2017,524.0
13775,9/18/2017,537.0
13776,9/19/2017,529.0
13777,9/20/2017,570.0
13778,9/21/2017,700.0
13779,9/22/2017,963.0
13780,9/23/2017,908.0
13781,9/24/2017,884.0
13782,9/25/2017,625.0
13783,9/26/2017,527.0
13784,9/27/2017,501.0
13785,9/28/2017,506.0
13786,9/29/2017,491.0
13787,9/30/2017,543.0
13788,10/1/2017,566.0
13789,10/2/2017,549.0
13790,10/3/2017,527.0
13791,10/4/2017,470.0
13792,10/5/2017,444.0
13793,10/6/2017,431.0
13794,10/7/2017,422.0
13795,10/8/2017,421.0
13796,10/9/2017,410.0
13797,10/10/2017,380.0
13798,10/11/2017,356.0
13799,10/12/2017,366.0
13800,10/13/2017,449.0
13801,10/14/2017,352.0
13802,10/15/2017,325.0
13803,10/16/2017,306.0
13804,10/17/2017,303.0
13805,10/18/2017,295.0
13806,10/19/2017,292.0
13807,10/20/2017,292.0
13808,10/21/2017,305.0
13809,10/22/2017,311.0
13810,10/23/2017,288.0
13811,10/24/2017,272.0
13812,10/25/2017,257.0
13813,10/26/2017,256.0
13814,10/27/2017,239.0
13815,10/28/2017,243.0
13816,10/29/2017,241.0
13817,10/30/2017,258.0
13818,10/31/2017,236.0
13819,11/1/2017,236.0
13820,11/2/2017,239.0
13821,11/3/2017,225.0
13822,11/4/2017,221.0
13823,11/5/2017,224.0
13824,11/6/2017,215.0
13825,11/7/2017,210.0
13826,11/8/2017,206.0
13827,11/9/2017,208.0
13828,11/10/2017,206.0
13829,11/11/2017,195.0
13830,11/12/2017,181.0
13831,11/13/2017,195.0
13832,11/14/2017,184.0
13833,11/15/2017,212.0
13834,11/16/2017,208.0
13835,11/17/2017,203.0
13836,11/18/2017,175.0
13837,11/19/2017,182.0
13838,11/20/2017,200.0
13839,11/21/2017,193.0
13840,11/22/2017,187.0
13841,11/23/2017,172.0
13842,11/24/2017,174.0
13843,11/25/2017,160.0
13844,11/26/2017,164.0
13845,11/27/2017,164.0
13846,11/28/2017,163.0
13847,11/29/2017,162.0
13848,11/30/2017,173.0
13849,12/1/2017,168.0
13850,12/2/2017,178.0
13851,12/3/2017,169.0
13852,12/4/2017,153.0
13853,12/5/2017,149.0
13854,12/6/2017,174.0
13855,12/7/2017,176.0
13856,12/8/2017,168.0
13857,12/9/2017,159.0
13858,12/10/2017,159.0
13859,12/11/2017,150.0
13860,12/12/2017,145.0
13861,12/13/2017,136.0
13862,12/14/2017,137.0
13863,12/15/2017,137.0
13864,12/16/2017,142.0
13865,12/17/2017,129.0
13866,12/18/2017,135.0
13867,12/19/2017,142.0
13868,12/20/2017,141.0
13869,12/21/2017,132.0
13870,12/22/2017,139.0
13871,12/23/2017,138.0
13872,12/24/2017,129.0
13873,12/25/2017,136.0
13874,12/26/2017,150.0
13875,12/27/2017,137.0
13876,12/28/2017,132.0
13877,12/29/2017,142.0
13878,12/30/2017,135.0
13879,12/31/2017,130.0
13880,1/1/2018,130.0
13881,1/2/2018,105.0
13882,1/3/2018,108.0
13883,1/4/2018,128.0
13884,1/5/2018,132.0
13885,1/6/2018,130.0
13886,1/7/2018,95.7
13887,1/8/2018,140.0
13888,1/9/2018,134.0
13889,1/10/2018,131.0
13890,1/11/2018,128.0
13891,1/12/2018,127.0
13892,1/13/2018,127.0
13893,1/14/2018,121.0
13894,1/15/2018,125.0
13895,1/16/2018,109.0
13896,1/17/2018,128.0
13897,1/18/2018,118.0
13898,1/19/2018,123.0
13899,1/20/2018,113.0
13900,1/21/2018,115.0
13901,1/22/2018,110.0
13902,1/23/2018,118.0
13903,1/24/2018,112.0
13904,1/25/2018,110.0
13905,1/26/2018,117.0
13906,1/27/2018,103.0
13907,1/28/2018,113.0
13908,1/29/2018,115.0
13909,1/30/2018,127.0
13910,1/31/2018,112.0
13911,2/1/2018,124.0
13912,2/2/2018,125.0
13913,2/3/2018,122.0
13914,2/4/2018,112.0
13915,2/5/2018,117.0
13916,2/6/2018,109.0
13917,2/7/2018,113.0
13918,2/8/2018,110.0
13919,2/9/2018,108.0
13920,2/10/2018,98.3
13921,2/11/2018,102.0
13922,2/12/2018,105.0
13923,2/13/2018,108.0
13924,2/14/2018,111.0
13925,2/15/2018,114.0
13926,2/16/2018,102.0
13927,2/17/2018,106.0
13928,2/18/2018,90.0
13929,2/19/2018,85.8
13930,2/20/2018,93.0
13931,2/21/2018,94.0
13932,2/22/2018,104.0
13933,2/23/2018,106.0
13934,2/24/2018,107.0
13935,2/25/2018,92.9
13936,2/26/2018,103.0
13937,2/27/2018,95.0
13938,2/28/2018,95.5
13939,3/1/2018,107.0
13940,3/2/2018,104.0
13941,3/3/2018,100.0
13942,3/4/2018,98.3
13943,3/5/2018,107.0
13944,3/6/2018,98.8
13945,3/7/2018,89.5
13946,3/8/2018,89.5
13947,3/9/2018,88.7
13948,3/10/2018,93.7
13949,3/11/2018,91.6
13950,3/12/2018,92.1
13951,3/13/2018,97.9
13952,3/14/2018,104.0
13953,3/15/2018,98.8
13954,3/16/2018,98.4
13955,3/17/2018,107.0
13956,3/18/2018,90.8
13957,3/19/2018,96.7
13958,3/20/2018,99.2
13959,3/21/2018,95.8
13960,3/22/2018,98.3
13961,3/23/2018,99.2
13962,3/24/2018,96.2
13963,3/25/2018,92.8
13964,3/26/2018,89.5
13965,3/27/2018,91.5
13966,3/28/2018,92.0
13967,3/29/2018,94.2
13968,3/30/2018,96.2
13969,3/31/2018,96.0
13970,4/1/2018,99.6
13971,4/2/2018,99.6
13972,4/3/2018,97.9
13973,4/4/2018,98.3
13974,4/5/2018,105.0
13975,4/6/2018,110.0
13976,4/7/2018,108.0
13977,4/8/2018,108.0
13978,4/9/2018,112.0
13979,4/10/2018,92.9
13980,4/11/2018,101.0
13981,4/12/2018,103.0
13982,4/13/2018,104.0
13983,4/14/2018,112.0
13984,4/15/2018,105.0
13985,4/16/2018,100.0
13986,4/17/2018,101.0
13987,4/18/2018,101.0
13988,4/19/2018,107.0
13989,4/20/2018,104.0
13990,4/21/2018,95.4
13991,4/22/2018,100.0
13992,4/23/2018,97.5
13993,4/24/2018,92.4
13994,4/25/2018,92.0
13995,4/26/2018,96.6
13996,4/27/2018,86.6
13997,4/28/2018,92.0
13998,4/29/2018,95.0
13999,4/30/2018,92.8
14000,5/1/2018,121.0
14001,5/2/2018,108.0
14002,5/3/2018,114.0
14003,5/4/2018,129.0
14004,5/5/2018,108.0
14005,5/6/2018,96.2
14006,5/7/2018,104.0
14007,5/8/2018,105.0
14008,5/9/2018,104.0
14009,5/10/2018,107.0
14010,5/11/2018,99.2
14011,5/12/2018,103.0
14012,5/13/2018,95.3
14013,5/14/2018,132.0
14014,5/15/2018,163.0
14015,5/16/2018,130.0
14016,5/17/2018,127.0
14017,5/18/2018,134.0
14018,5/19/2018,130.0
14019,5/20/2018,132.0
14020,5/21/2018,149.0
14021,5/22/2018,173.0
14022,5/23/2018,170.0
14023,5/24/2018,169.0
14024,5/25/2018,153.0
14025,5/26/2018,159.0
14026,5/27/2018,148.0
14027,5/28/2018,149.0
14028,5/29/2018,134.0
14029,5/30/2018,156.0
14030,5/31/2018,146.0
14031,6/1/2018,211.0
14032,6/2/2018,176.0
14033,6/3/2018,155.0
14034,6/4/2018,138.0
14035,6/5/2018,147.0
14036,6/6/2018,215.0
14037,6/7/2018,157.0
14038,6/8/2018,166.0
14039,6/9/2018,249.0
14040,6/10/2018,227.0
14041,6/11/2018,266.0
14042,6/12/2018,314.0
14043,6/13/2018,290.0
14044,6/14/2018,309.0
14045,6/15/2018,266.0
14046,6/16/2018,233.0
14047,6/17/2018,306.0
14048,6/18/2018,338.0
14049,6/19/2018,263.0
14050,6/20/2018,231.0
14051,6/21/2018,227.0
14052,6/22/2018,232.0
14053,6/23/2018,251.0
14054,6/24/2018,246.0
14055,6/25/2018,264.0
14056,6/26/2018,875.0
14057,6/27/2018,561.0
14058,6/28/2018,436.0
14059,6/29/2018,482.0
14060,6/30/2018,437.0
14061,7/1/2018,384.0
14062,7/2/2018,703.0
14063,7/3/2018,1050.0
14064,7/4/2018,637.0
14065,7/5/2018,585.0
14066,7/6/2018,577.0
14067,7/7/2018,484.0
14068,7/8/2018,668.0
14069,7/9/2018,639.0
14070,7/10/2018,1250.0
14071,7/11/2018,896.0
14072,7/12/2018,925.0
14073,7/13/2018,1120.0
14074,7/14/2018,1050.0
14075,7/15/2018,1040.0
14076,7/16/2018,1030.0
14077,7/17/2018,1200.0
14078,7/18/2018,879.0
14079,7/19/2018,1000.0
14080,7/20/2018,870.0
14081,7/21/2018,984.0
14082,7/22/2018,809.0
14083,7/23/2018,1080.0
14084,7/24/2018,893.0
14085,7/25/2018,933.0
14086,7/26/2018,1200.0
14087,7/27/2018,1260.0
14088,7/28/2018,1030.0
14089,7/29/2018,998.0
14090,7/30/2018,828.0
14091,7/31/2018,1050.0
14092,8/1/2018,1100.0
14093,8/2/2018,1250.0
14094,8/3/2018,1570.0
14095,8/4/2018,1620.0
14096,8/5/2018,1540.0
14097,8/6/2018,2190.0
14098,8/7/2018,1800.0
14099,8/8/2018,1810.0
14100,8/9/2018,1360.0
14101,8/10/2018,1160.0
14102,8/11/2018,1170.0
14103,8/12/2018,1290.0
14104,8/13/2018,1440.0
14105,8/14/2018,1560.0
14106,8/15/2018,1690.0
14107,8/16/2018,1950.0
14108,8/17/2018,1660.0
14109,8/18/2018,1440.0
14110,8/19/2018,1240.0
14111,8/20/2018,1100.0
14112,8/21/2018,1020.0
14113,8/22/2018,1040.0
14114,8/23/2018,1110.0
14115,8/24/2018,1100.0
14116,8/25/2018,1370.0
14117,8/26/2018,1320.0
14118,8/27/2018,1220.0
14119,8/28/2018,1080.0
14120,8/29/2018,1070.0
14121,8/30/2018,1040.0
14122,8/31/2018,1030.0
14123,9/1/2018,2010.0
14124,9/2/2018,1850.0
14125,9/3/2018,1630.0
14126,9/4/2018,1360.0
14127,9/5/2018,1160.0
14128,9/6/2018,1070.0
14129,9/7/2018,1030.0
14130,9/8/2018,902.0
14131,9/9/2018,788.0
14132,9/10/2018,802.0
14133,9/11/2018,941.0
14134,9/12/2018,1070.0
14135,9/13/2018,1050.0
14136,9/14/2018,888.0
14137,9/15/2018,813.0
14138,9/16/2018,771.0
14139,9/17/2018,752.0
14140,9/18/2018,825.0
14141,9/19/2018,505.0
14142,9/20/2018,592.0
14143,9/21/2018,576.0
14144,9/22/2018,575.0
14145,9/23/2018,591.0
14146,9/24/2018,546.0
14147,9/25/2018,493.0
14148,9/26/2018,469.0
14149,9/27/2018,454.0
14150,9/28/2018,463.0
14151,9/29/2018,454.0
14152,9/30/2018,451.0
14153,10/1/2018,439.0
14154,10/2/2018,420.0
14155,10/3/2018,401.0
14156,10/4/2018,397.0
14157,10/5/2018,398.0
14158,10/6/2018,391.0
14159,10/7/2018,375.0
14160,10/8/2018,366.0
14161,10/9/2018,354.0
14162,10/10/2018,343.0
14163,10/11/2018,340.0
14164,10/12/2018,334.0
14165,10/13/2018,325.0
14166,10/14/2018,317.0
14167,10/15/2018,316.0
14168,10/16/2018,310.0
14169,10/17/2018,310.0
14170,10/18/2018,310.0
14171,10/19/2018,310.0
14172,10/20/2018,310.0
14173,10/21/2018,310.0
14174,10/22/2018,303.0
14175,10/23/2018,279.0
14176,10/24/2018,278.0
14177,10/25/2018,276.0
14178,10/26/2018,273.0
14179,10/27/2018,266.0
14180,10/28/2018,259.0
14181,10/29/2018,259.0
14182,10/30/2018,256.0
14183,10/31/2018,256.0
14184,11/1/2018,248.0
14185,11/2/2018,239.0
14186,11/3/2018,245.0
14187,11/4/2018,249.0
14188,11/5/2018,248.0
14189,11/6/2018,242.0
14190,11/7/2018,237.0
14191,11/8/2018,235.0
14192,11/9/2018,242.0
14193,11/10/2018,238.0
14194,11/11/2018,223.0
14195,11/12/2018,224.0
14196,11/13/2018,223.0
14197,11/14/2018,223.0
14198,11/15/2018,234.0
14199,11/16/2018,219.0
14200,11/17/2018,216.0
14201,11/18/2018,200.0
14202,11/19/2018,210.0
14203,11/20/2018,175.0
14204,11/21/2018,196.0
14205,11/22/2018,197.0
14206,11/23/2018,192.0
14207,11/24/2018,185.0
14208,11/25/2018,184.0
14209,11/26/2018,198.0
14210,11/27/2018,206.0
14211,11/28/2018,174.0
14212,11/29/2018,185.0
14213,11/30/2018,185.0
14214,12/1/2018,185.0
14215,12/2/2018,186.0
14216,12/3/2018,186.0
14217,12/4/2018,189.0
14218,12/5/2018,203.0
14219,12/6/2018,196.0
14220,12/7/2018,184.0
14221,12/8/2018,166.0
14222,12/9/2018,167.0
14223,12/10/2018,172.0
14224,12/11/2018,177.0
14225,12/12/2018,186.0
14226,12/13/2018,169.0
14227,12/14/2018,165.0
14228,12/15/2018,164.0
14229,12/16/2018,163.0
14230,12/17/2018,153.0
14231,12/18/2018,152.0
14232,12/19/2018,151.0
14233,12/20/2018,163.0
14234,12/21/2018,170.0
14235,12/22/2018,167.0
14236,12/23/2018,133.0
14237,12/24/2018,144.0
14238,12/25/2018,153.0
14239,12/26/2018,157.0
14240,12/27/2018,152.0
14241,12/28/2018,150.0
14242,12/29/2018,157.0
14243,12/30/2018,141.0
14244,12/31/2018,149.0
14245,1/1/2019,144.0
14246,1/2/2019,153.0
14247,1/3/2019,150.0
14248,1/4/2019,151.0
14249,1/5/2019,130.0
14250,1/6/2019,127.0
14251,1/7/2019,132.0
14252,1/8/2019,139.0
14253,1/9/2019,149.0
14254,1/10/2019,158.0
14255,1/11/2019,144.0
14256,1/12/2019,133.0
14257,1/13/2019,137.0
14258,1/14/2019,146.0
14259,1/15/2019,154.0
14260,1/16/2019,150.0
14261,1/17/2019,154.0
14262,1/18/2019,143.0
14263,1/19/2019,141.0
14264,1/20/2019,151.0
14265,1/21/2019,145.0
14266,1/22/2019,149.0
14267,1/23/2019,139.0
14268,1/24/2019,146.0
14269,1/25/2019,144.0
14270,1/26/2019,155.0
14271,1/27/2019,173.0
14272,1/28/2019,149.0
14273,1/29/2019,154.0
14274,1/30/2019,136.0
14275,1/31/2019,120.0
14276,2/1/2019,132.0
14277,2/2/2019,131.0
14278,2/3/2019,131.0
14279,2/4/2019,134.0
14280,2/5/2019,141.0
14281,2/6/2019,135.0
14282,2/7/2019,143.0
14283,2/8/2019,156.0
14284,2/9/2019,189.0
14285,2/10/2019,222.0
14286,2/11/2019,162.0
14287,2/12/2019,150.0
14288,2/13/2019,150.0
14289,2/14/2019,140.0
14290,2/15/2019,167.0
14291,2/16/2019,147.0
14292,2/17/2019,153.0
14293,2/18/2019,139.0
14294,2/19/2019,142.0
14295,2/20/2019,131.0
14296,2/21/2019,143.0
14297,2/22/2019,141.0
14298,2/23/2019,139.0
14299,2/24/2019,132.0
14300,2/25/2019,135.0
14301,2/26/2019,131.0
14302,2/27/2019,136.0
14303,2/28/2019,147.0
14304,3/1/2019,151.0
14305,3/2/2019,148.0
14306,3/3/2019,149.0
14307,3/4/2019,142.0
14308,3/5/2019,143.0
14309,3/6/2019,135.0
14310,3/7/2019,125.0
14311,3/8/2019,131.0
14312,3/9/2019,134.0
14313,3/10/2019,132.0
14314,3/11/2019,130.0
14315,3/12/2019,133.0
14316,3/13/2019,117.0
14317,3/14/2019,133.0
14318,3/15/2019,124.0
14319,3/16/2019,125.0
14320,3/17/2019,129.0
14321,3/18/2019,130.0
14322,3/19/2019,133.0
14323,3/20/2019,135.0
14324,3/21/2019,141.0
14325,3/22/2019,139.0
14326,3/23/2019,139.0
14327,3/24/2019,138.0
14328,3/25/2019,140.0
14329,3/26/2019,141.0
14330,3/27/2019,136.0
14331,3/28/2019,132.0
14332,3/29/2019,137.0
14333,3/30/2019,158.0
14334,3/31/2019,176.0
14335,4/1/2019,143.0
14336,4/2/2019,159.0
14337,4/3/2019,161.0
14338,4/4/2019,143.0
14339,4/5/2019,142.0
14340,4/6/2019,150.0
14341,4/7/2019,154.0
14342,4/8/2019,185.0
14343,4/9/2019,155.0
14344,4/10/2019,153.0
14345,4/11/2019,155.0
14346,4/12/2019,163.0
14347,4/13/2019,177.0
14348,4/14/2019,173.0
14349,4/15/2019,176.0
14350,4/16/2019,223.0
14351,4/17/2019,220.0
14352,4/18/2019,218.0
14353,4/19/2019,200.0
14354,4/20/2019,179.0
14355,4/21/2019,166.0
14356,4/22/2019,152.0
14357,4/23/2019,177.0
14358,4/24/2019,161.0
14359,4/25/2019,159.0
14360,4/26/2019,185.0
14361,4/27/2019,180.0
14362,4/28/2019,185.0
14363,4/29/2019,193.0
14364,4/30/2019,206.0
14365,5/1/2019,198.0
14366,5/2/2019,175.0
14367,5/3/2019,201.0
14368,5/4/2019,196.0
14369,5/5/2019,198.0
14370,5/6/2019,193.0
14371,5/7/2019,166.0
14372,5/8/2019,172.0
14373,5/9/2019,171.0
14374,5/10/2019,163.0
14375,5/11/2019,170.0
14376,5/12/2019,188.0
14377,5/13/2019,172.0
14378,5/14/2019,166.0
14379,5/15/2019,162.0
14380,5/16/2019,157.0
14381,5/17/2019,168.0
14382,5/18/2019,191.0
14383,5/19/2019,171.0
14384,5/20/2019,173.0
14385,5/21/2019,174.0
14386,5/22/2019,179.0
14387,5/23/2019,310.0
14388,5/24/2019,256.0
14389,5/25/2019,220.0
14390,5/26/2019,231.0
14391,5/27/2019,223.0
14392,5/28/2019,231.0
14393,5/29/2019,219.0
14394,5/30/2019,235.0
14395,5/31/2019,217.0
14396,6/1/2019,216.0
14397,6/2/2019,192.0
14398,6/3/2019,218.0
14399,6/4/2019,197.0
14400,6/5/2019,179.0
14401,6/6/2019,198.0
14402,6/7/2019,279.0
14403,6/8/2019,266.0
14404,6/9/2019,249.0
14405,6/10/2019,276.0
14406,6/11/2019,259.0
14407,6/12/2019,253.0
14408,6/13/2019,259.0
14409,6/14/2019,261.0
14410,6/15/2019,259.0
14411,6/16/2019,269.0
14412,6/17/2019,259.0
14413,6/18/2019,260.0
14414,6/19/2019,268.0
14415,6/20/2019,253.0
14416,6/21/2019,232.0
14417,6/22/2019,233.0
14418,6/23/2019,300.0
14419,6/24/2019,695.0
14420,6/25/2019,348.0
14421,6/26/2019,314.0
14422,6/27/2019,322.0
14423,6/28/2019,309.0
14424,6/29/2019,300.0
14425,6/30/2019,395.0
14426,7/1/2019,423.0
14427,7/2/2019,352.0
14428,7/3/2019,386.0
14429,7/4/2019,422.0
14430,7/5/2019,399.0
14431,7/6/2019,540.0
14432,7/7/2019,631.0
14433,7/8/2019,741.0
14434,7/9/2019,1020.0
14435,7/10/2019,1130.0
14436,7/11/2019,900.0
14437,7/12/2019,965.0
14438,7/13/2019,924.0
14439,7/14/2019,788.0
14440,7/15/2019,726.0
14441,7/16/2019,649.0
14442,7/17/2019,532.0
14443,7/18/2019,528.0
14444,7/19/2019,490.0
14445,7/20/2019,458.0
14446,7/21/2019,466.0
14447,7/22/2019,521.0
14448,7/23/2019,619.0
14449,7/24/2019,798.0
14450,7/25/2019,1080.0
14451,7/26/2019,773.0
14452,7/27/2019,888.0
14453,7/28/2019,810.0
14454,7/29/2019,695.0
14455,7/30/2019,691.0
14456,7/31/2019,686.0
14457,8/1/2019,615.0
14458,8/2/2019,738.0
14459,8/3/2019,737.0
14460,8/4/2019,714.0
14461,8/5/2019,818.0
14462,8/6/2019,1080.0
14463,8/7/2019,1170.0
14464,8/8/2019,900.0
14465,8/9/2019,760.0
14466,8/10/2019,768.0
14467,8/11/2019,779.0
14468,8/12/2019,705.0
14469,8/13/2019,695.0
14470,8/14/2019,652.0
14471,8/15/2019,663.0
14472,8/16/2019,648.0
14473,8/17/2019,643.0
14474,8/18/2019,606.0
14475,8/19/2019,747.0
14476,8/20/2019,716.0
14477,8/21/2019,596.0
14478,8/22/2019,765.0
14479,8/23/2019,651.0
14480,8/24/2019,580.0
14481,8/25/2019,785.0
14482,8/26/2019,803.0
14483,8/27/2019,658.0
14484,8/28/2019,583.0
14485,8/29/2019,555.0
14486,8/30/2019,568.0
14487,8/31/2019,525.0
14488,9/1/2019,909.0
14489,9/2/2019,862.0
14490,9/3/2019,623.0
14491,9/4/2019,654.0
14492,9/5/2019,819.0
14493,9/6/2019,771.0
14494,9/7/2019,996.0
14495,9/8/2019,1070.0
14496,9/9/2019,846.0
14497,9/10/2019,738.0
14498,9/11/2019,966.0
14499,9/12/2019,1020.0
14500,9/13/2019,1260.0
14501,9/14/2019,1380.0
14502,9/15/2019,1040.0
14503,9/16/2019,1030.0
14504,9/17/2019,1900.0
14505,9/18/2019,1680.0
14506,9/19/2019,1620.0
14507,9/20/2019,1390.0
14508,9/21/2019,1090.0
14509,9/22/2019,968.0
14510,9/23/2019,847.0
14511,9/24/2019,812.0
14512,9/25/2019,757.0
14513,9/26/2019,816.0
14514,9/27/2019,828.0
14515,9/28/2019,833.0
14516,9/29/2019,832.0
14517,9/30/2019,696.0
14518,10/1/2019,670.0
14519,10/2/2019,647.0
14520,10/3/2019,603.0
14521,10/4/2019,545.0
14522,10/5/2019,512.0
14523,10/6/2019,508.0
14524,10/7/2019,503.0
14525,10/8/2019,490.0
14526,10/9/2019,478.0
14527,10/10/2019,471.0
14528,10/11/2019,447.0
14529,10/12/2019,409.0
14530,10/13/2019,393.0
14531,10/14/2019,373.0
14532,10/15/2019,356.0
14533,10/16/2019,351.0
14534,10/17/2019,330.0
14535,10/18/2019,333.0
14536,10/19/2019,331.0
14537,10/20/2019,325.0
14538,10/21/2019,311.0
14539,10/22/2019,300.0
14540,10/23/2019,290.0
14541,10/24/2019,280.0
14542,10/25/2019,290.0
14543,10/26/2019,286.0
14544,10/27/2019,261.0
14545,10/28/2019,342.0
14546,10/29/2019,338.0
14547,10/30/2019,323.0
14548,10/31/2019,307.0
14549,11/1/2019,294.0
14550,11/2/2019,289.0
14551,11/3/2019,236.0
14552,11/4/2019,282.0
14553,11/5/2019,232.0
14554,11/6/2019,239.0
14555,11/7/2019,227.0
14556,11/8/2019,222.0
14557,11/9/2019,219.0
14558,11/10/2019,222.0
14559,11/11/2019,219.0
14560,11/12/2019,225.0
14561,11/13/2019,206.0
14562,11/14/2019,208.0
14563,11/15/2019,206.0
14564,11/16/2019,206.0
14565,11/17/2019,260.0
14566,11/18/2019,195.0
14567,11/19/2019,204.0
14568,11/20/2019,203.0
14569,11/21/2019,200.0
14570,11/22/2019,197.0
14571,11/23/2019,195.0
14572,11/24/2019,232.0
14573,11/25/2019,230.0
14574,11/26/2019,221.0
14575,11/27/2019,268.0
14576,11/28/2019,174.0
14577,11/29/2019,177.0
14578,11/30/2019,181.0
14579,12/1/2019,171.0
14580,12/2/2019,171.0
14581,12/3/2019,165.0
14582,12/4/2019,160.0
14583,12/5/2019,192.0
14584,12/6/2019,174.0
14585,12/7/2019,164.0
14586,12/8/2019,152.0
14587,12/9/2019,163.0
14588,12/10/2019,165.0
14589,12/11/2019,168.0
14590,12/12/2019,154.0
14591,12/13/2019,174.0
14592,12/14/2019,154.0
14593,12/15/2019,210.0
14594,12/16/2019,190.0
14595,12/17/2019,185.0
14596,12/18/2019,156.0
14597,12/19/2019,168.0
14598,12/20/2019,155.0
14599,12/21/2019,152.0
14600,12/22/2019,154.0
14601,12/23/2019,164.0
14602,12/24/2019,154.0
14603,12/25/2019,154.0
14604,12/26/2019,157.0
14605,12/27/2019,146.0
14606,12/28/2019,142.0
14607,12/29/2019,156.0
14608,12/30/2019,147.0
14609,12/31/2019,167.0
