,
Date,Kaligandaki Kotagaun ST-420
1/1/1980,128
1/2/1980,118
1/3/1980,114
1/4/1980,111
1/5/1980,111
1/6/1980,108
1/7/1980,108
1/8/1980,105
1/9/1980,105
1/10/1980,104
1/11/1980,102
1/12/1980,101
1/13/1980,99
1/14/1980,96
1/15/1980,96
1/16/1980,93.2
1/17/1980,91.8
1/18/1980,90.4
1/19/1980,89
1/20/1980,87.5
1/21/1980,84.7
1/22/1980,83.3
1/23/1980,81.9
1/24/1980,81.9
1/25/1980,80.6
1/26/1980,79.3
1/27/1980,78.1
1/28/1980,76.8
1/29/1980,76.8
1/30/1980,75.5
1/31/1980,74.2
2/1/1980,72.9
2/2/1980,72.9
2/3/1980,74.2
2/4/1980,81.9
2/5/1980,81.9
2/6/1980,83.3
2/7/1980,79.3
2/8/1980,79.3
2/9/1980,78.1
2/10/1980,78.1
2/11/1980,78.1
2/12/1980,78.1
2/13/1980,78.1
2/14/1980,80.6
2/15/1980,83.3
2/16/1980,83.3
2/17/1980,84.7
2/18/1980,81.9
2/19/1980,81.9
2/20/1980,81.9
2/21/1980,79.3
2/22/1980,79.3
2/23/1980,79.3
2/24/1980,79.3
2/25/1980,79.3
2/26/1980,76.8
2/27/1980,76.8
2/28/1980,76.8
2/29/1980,79.3
3/1/1980,79.3
3/2/1980,90.4
3/3/1980,87.5
3/4/1980,81.9
3/5/1980,79.3
3/6/1980,81.9
3/7/1980,84.7
3/8/1980,90.4
3/9/1980,81.9
3/10/1980,79.3
3/11/1980,79.3
3/12/1980,76.8
3/13/1980,74.2
3/14/1980,71.7
3/15/1980,70.4
3/16/1980,69.1
3/17/1980,69.1
3/18/1980,69.1
3/19/1980,66.8
3/20/1980,66.8
3/21/1980,66.8
3/22/1980,67.9
3/23/1980,72.9
3/24/1980,74.2
3/25/1980,71.7
3/26/1980,69.1
3/27/1980,66.8
3/28/1980,66.8
3/29/1980,65.6
3/30/1980,66.8
3/31/1980,71.7
4/1/1980,71.7
4/2/1980,69.1
4/3/1980,67.9
4/4/1980,69.1
4/5/1980,67.9
4/6/1980,66.8
4/7/1980,66.8
4/8/1980,72.9
4/9/1980,75.5
4/10/1980,76.8
4/11/1980,75.5
4/12/1980,74.2
4/13/1980,74.2
4/14/1980,74.2
4/15/1980,74.2
4/16/1980,74.2
4/17/1980,74.2
4/18/1980,70.4
4/19/1980,67.9
4/20/1980,80.6
4/21/1980,90.4
4/22/1980,102
4/23/1980,110
4/24/1980,110
4/25/1980,105
4/26/1980,104
4/27/1980,102
4/28/1980,94.6
4/29/1980,93.2
4/30/1980,93.2
5/1/1980,90.4
5/2/1980,93.2
5/3/1980,105
5/4/1980,113
5/5/1980,128
5/6/1980,136
5/7/1980,138
5/8/1980,138
5/9/1980,135
5/10/1980,130
5/11/1980,125
5/12/1980,136
5/13/1980,119
5/14/1980,105
5/15/1980,125
5/16/1980,113
5/17/1980,114
5/18/1980,154
5/19/1980,125
5/20/1980,147
5/21/1980,189
5/22/1980,149
5/23/1980,138
5/24/1980,133
5/25/1980,125
5/26/1980,151
5/27/1980,185
5/28/1980,149
5/29/1980,121
5/30/1980,123
5/31/1980,123
6/1/1980,154
6/2/1980,154
6/3/1980,147
6/4/1980,156
6/5/1980,179
6/6/1980,170
6/7/1980,179
6/8/1980,289
6/9/1980,686
6/10/1980,1390
6/11/1980,429
6/12/1980,490
6/13/1980,282
6/14/1980,382
6/15/1980,360
6/16/1980,357
6/17/1980,337
6/18/1980,322
6/19/1980,348
6/20/1980,343
6/21/1980,407
6/22/1980,423
6/23/1980,446
6/24/1980,501
6/25/1980,449
6/26/1980,512
6/27/1980,527
6/28/1980,592
6/29/1980,952
6/30/1980,484
7/1/1980,572
7/2/1980,872
7/3/1980,829
7/4/1980,616
7/5/1980,546
7/6/1980,624
7/7/1980,742
7/8/1980,584
7/9/1980,1010
7/10/1980,1770
7/11/1980,2020
7/12/1980,2420
7/13/1980,2710
7/14/1980,2350
7/15/1980,1180
7/16/1980,1540
7/17/1980,2090
7/18/1980,1450
7/19/1980,1200
7/20/1980,1340
7/21/1980,1670
7/22/1980,1600
7/23/1980,1360
7/24/1980,1420
7/25/1980,1290
7/26/1980,1160
7/27/1980,1230
7/28/1980,1460
7/29/1980,1470
7/30/1980,1720
7/31/1980,2180
8/1/1980,2100
8/2/1980,2190
8/3/1980,2020
8/4/1980,2240
8/5/1980,1790
8/6/1980,1830
8/7/1980,1740
8/8/1980,2220
8/9/1980,1870
8/10/1980,1690
8/11/1980,1570
8/12/1980,1540
8/13/1980,1480
8/14/1980,1240
8/15/1980,1320
8/16/1980,1190
8/17/1980,1070
8/18/1980,1040
8/19/1980,921
8/20/1980,896
8/21/1980,1020
8/22/1980,1150
8/23/1980,1070
8/24/1980,1020
8/25/1980,1240
8/26/1980,1280
8/27/1980,1200
8/28/1980,1020
8/29/1980,1170
8/30/1980,946
8/31/1980,887
9/1/1980,1630
9/2/1980,1870
9/3/1980,1450
9/4/1980,1220
9/5/1980,1820
9/6/1980,5680
9/7/1980,3450
9/8/1980,2030
9/9/1980,1570
9/10/1980,1440
9/11/1980,1240
9/12/1980,1140
9/13/1980,1180
9/14/1980,1020
9/15/1980,963
9/16/1980,823
9/17/1980,823
9/18/1980,790
9/19/1980,798
9/20/1980,733
9/21/1980,1370
9/22/1980,1010
9/23/1980,831
9/24/1980,733
9/25/1980,674
9/26/1980,659
9/27/1980,618
9/28/1980,579
9/29/1980,560
9/30/1980,553
10/1/1980,554
10/2/1980,530
10/3/1980,500
10/4/1980,465
10/5/1980,449
10/6/1980,487
10/7/1980,430
10/8/1980,412
10/9/1980,395
10/10/1980,386
10/11/1980,372
10/12/1980,366
10/13/1980,357
10/14/1980,346
10/15/1980,333
10/16/1980,323
10/17/1980,291
10/18/1980,291
10/19/1980,286
10/20/1980,286
10/21/1980,286
10/22/1980,281
10/23/1980,274
10/24/1980,267
10/25/1980,262
10/26/1980,257
10/27/1980,252
10/28/1980,248
10/29/1980,241
10/30/1980,234
10/31/1980,234
11/1/1980,230
11/2/1980,227
11/3/1980,225
11/4/1980,221
11/5/1980,219
11/6/1980,216
11/7/1980,212
11/8/1980,208
11/9/1980,206
11/10/1980,204
11/11/1980,200
11/12/1980,194
11/13/1980,192
11/14/1980,192
11/15/1980,188
11/16/1980,184
11/17/1980,180
11/18/1980,178
11/19/1980,178
11/20/1980,170
11/21/1980,168
11/22/1980,166
11/23/1980,163
11/24/1980,161
11/25/1980,155
11/26/1980,151
11/27/1980,150
11/28/1980,150
11/29/1980,146
11/30/1980,143
12/1/1980,141
12/2/1980,138
12/3/1980,136
12/4/1980,133
12/5/1980,133
12/6/1980,129
12/7/1980,127
12/8/1980,124
12/9/1980,122
12/10/1980,122
12/11/1980,119
12/12/1980,119
12/13/1980,119
12/14/1980,114
12/15/1980,113
12/16/1980,113
12/17/1980,112
12/18/1980,110
12/19/1980,110
12/20/1980,109
12/21/1980,107
12/22/1980,107
12/23/1980,107
12/24/1980,104
12/25/1980,103
12/26/1980,102
12/27/1980,99.1
12/28/1980,96.7
12/29/1980,95.5
12/30/1980,94.2
12/31/1980,93
1/1/1981,91.8
1/2/1981,91.8
1/3/1981,91.8
1/4/1981,91.8
1/5/1981,90.7
1/6/1981,90.7
1/7/1981,90.7
1/8/1981,91.8
1/9/1981,90.7
1/10/1981,89.6
1/11/1981,88.4
1/12/1981,87.3
1/13/1981,86.2
1/14/1981,88.4
1/15/1981,88.4
1/16/1981,86.2
1/17/1981,85.1
1/18/1981,84
1/19/1981,84
1/20/1981,82.8
1/21/1981,82.8
1/22/1981,81.7
1/23/1981,81.7
1/24/1981,82.8
1/25/1981,87.3
1/26/1981,99.1
1/27/1981,93
1/28/1981,88.4
1/29/1981,86.2
1/30/1981,85.1
1/31/1981,85.1
2/1/1981,85.1
2/2/1981,84
2/3/1981,81.7
2/4/1981,80.6
2/5/1981,79.6
2/6/1981,79.6
2/7/1981,79.6
2/8/1981,78.5
2/9/1981,76.4
2/10/1981,75.4
2/11/1981,74.4
2/12/1981,74.4
2/13/1981,73.3
2/14/1981,74.4
2/15/1981,74.4
2/16/1981,72.3
2/17/1981,72.3
2/18/1981,70.2
2/19/1981,70.2
2/20/1981,70.2
2/21/1981,72.3
2/22/1981,70.2
2/23/1981,69.2
2/24/1981,68.3
2/25/1981,69.2
2/26/1981,69.2
2/27/1981,67.3
2/28/1981,66.3
3/1/1981,66.3
3/2/1981,70.2
3/3/1981,66.3
3/4/1981,65.3
3/5/1981,65.3
3/6/1981,64.4
3/7/1981,66.3
3/8/1981,68.3
3/9/1981,67.3
3/10/1981,64.4
3/11/1981,64.4
3/12/1981,63.4
3/13/1981,65.3
3/14/1981,65.3
3/15/1981,64.4
3/16/1981,62.4
3/17/1981,64.4
3/18/1981,63.4
3/19/1981,68.3
3/20/1981,68.3
3/21/1981,71.2
3/22/1981,74.4
3/23/1981,88.4
3/24/1981,61.5
3/25/1981,67.3
3/26/1981,65.3
3/27/1981,64.4
3/28/1981,64.4
3/29/1981,64.4
3/30/1981,63.4
3/31/1981,77.5
4/1/1981,76.4
4/2/1981,62.4
4/3/1981,75.4
4/4/1981,72.3
4/5/1981,72.3
4/6/1981,70.2
4/7/1981,67.3
4/8/1981,80.6
4/9/1981,77.5
4/10/1981,78.5
4/11/1981,73.3
4/12/1981,81.7
4/13/1981,86.2
4/14/1981,94.2
4/15/1981,90.7
4/16/1981,102
4/17/1981,116
4/18/1981,126
4/19/1981,116
4/20/1981,105
4/21/1981,89.6
4/22/1981,91.8
4/23/1981,102
4/24/1981,104
4/25/1981,110
4/26/1981,104
4/27/1981,99.1
4/28/1981,97.9
4/29/1981,131
4/30/1981,239
5/1/1981,180
5/2/1981,105
5/3/1981,144
5/4/1981,150
5/5/1981,136
5/6/1981,126
5/7/1981,136
5/8/1981,161
5/9/1981,150
5/10/1981,124
5/11/1981,126
5/12/1981,122
5/13/1981,129
5/14/1981,110
5/15/1981,153
5/16/1981,139
5/17/1981,180
5/18/1981,141
5/19/1981,150
5/20/1981,143
5/21/1981,155
5/22/1981,146
5/23/1981,139
5/24/1981,119
5/25/1981,113
5/26/1981,104
5/27/1981,112
5/28/1981,190
5/29/1981,184
5/30/1981,139
5/31/1981,122
6/1/1981,138
6/2/1981,143
6/3/1981,168
6/4/1981,176
6/5/1981,200
6/6/1981,159
6/7/1981,139
6/8/1981,126
6/9/1981,139
6/10/1981,118
6/11/1981,150
6/12/1981,150
6/13/1981,155
6/14/1981,172
6/15/1981,172
6/16/1981,184
6/17/1981,212
6/18/1981,202
6/19/1981,180
6/20/1981,176
6/21/1981,257
6/22/1981,271
6/23/1981,250
6/24/1981,336
6/25/1981,299
6/26/1981,297
6/27/1981,372
6/28/1981,493
6/29/1981,633
6/30/1981,1100
7/1/1981,733
7/2/1981,725
7/3/1981,697
7/4/1981,1200
7/5/1981,1100
7/6/1981,1060
7/7/1981,733
7/8/1981,848
7/9/1981,701
7/10/1981,562
7/11/1981,554
7/12/1981,709
7/13/1981,733
7/14/1981,733
7/15/1981,910
7/16/1981,1130
7/17/1981,1210
7/18/1981,1200
7/19/1981,1520
7/20/1981,1160
7/21/1981,973
7/22/1981,923
7/23/1981,848
7/24/1981,840
7/25/1981,866
7/26/1981,733
7/27/1981,1780
7/28/1981,2680
7/29/1981,1420
7/30/1981,1560
7/31/1981,3840
8/1/1981,3500
8/2/1981,2430
8/3/1981,1990
8/4/1981,1570
8/5/1981,1300
8/6/1981,1220
8/7/1981,1120
8/8/1981,1020
8/9/1981,1160
8/10/1981,954
8/11/1981,866
8/12/1981,840
8/13/1981,1230
8/14/1981,1160
8/15/1981,1240
8/16/1981,968
8/17/1981,827
8/18/1981,823
8/19/1981,1000
8/20/1981,2210
8/21/1981,1980
8/22/1981,1960
8/23/1981,1470
8/24/1981,1800
8/25/1981,1510
8/26/1981,1490
8/27/1981,1240
8/28/1981,1080
8/29/1981,892
8/30/1981,848
8/31/1981,968
9/1/1981,932
9/2/1981,954
9/3/1981,798
9/4/1981,765
9/5/1981,757
9/6/1981,749
9/7/1981,749
9/8/1981,1020
9/9/1981,1050
9/10/1981,1500
9/11/1981,2970
9/12/1981,1420
9/13/1981,1080
9/14/1981,927
9/15/1981,848
9/16/1981,1010
9/17/1981,782
9/18/1981,733
9/19/1981,733
9/20/1981,693
9/21/1981,663
9/22/1981,612
9/23/1981,550
9/24/1981,537
9/25/1981,506
9/26/1981,487
9/27/1981,474
9/28/1981,477
9/29/1981,4180
9/30/1981,1990
10/1/1981,1250
10/2/1981,923
10/3/1981,749
10/4/1981,701
10/5/1981,655
10/6/1981,584
10/7/1981,554
10/8/1981,540
10/9/1981,527
10/10/1981,493
10/11/1981,471
10/12/1981,443
10/13/1981,427
10/14/1981,412
10/15/1981,401
10/16/1981,392
10/17/1981,383
10/18/1981,377
10/19/1981,366
10/20/1981,357
10/21/1981,355
10/22/1981,344
10/23/1981,344
10/24/1981,330
10/25/1981,328
10/26/1981,323
10/27/1981,317
10/28/1981,304
10/29/1981,297
10/30/1981,291
10/31/1981,286
11/1/1981,281
11/2/1981,276
11/3/1981,271
11/4/1981,289
11/5/1981,323
11/6/1981,281
11/7/1981,269
11/8/1981,264
11/9/1981,262
11/10/1981,257
11/11/1981,252
11/12/1981,243
11/13/1981,236
11/14/1981,234
11/15/1981,234
11/16/1981,227
11/17/1981,221
11/18/1981,216
11/19/1981,212
11/20/1981,208
11/21/1981,208
11/22/1981,204
11/23/1981,200
11/24/1981,196
11/25/1981,196
11/26/1981,192
11/27/1981,192
11/28/1981,190
11/29/1981,184
11/30/1981,182
12/1/1981,180
12/2/1981,176
12/3/1981,176
12/4/1981,174
12/5/1981,172
12/6/1981,168
12/7/1981,164
12/8/1981,166
12/9/1981,164
12/10/1981,161
12/11/1981,161
12/12/1981,157
12/13/1981,155
12/14/1981,153
12/15/1981,151
12/16/1981,150
12/17/1981,148
12/18/1981,146
12/19/1981,146
12/20/1981,143
12/21/1981,143
12/22/1981,141
12/23/1981,139
12/24/1981,138
12/25/1981,136
12/26/1981,136
12/27/1981,133
12/28/1981,133
12/29/1981,133
12/30/1981,133
12/31/1981,131
1/1/1982,
1/2/1982,
1/3/1982,
1/4/1982,
1/5/1982,
1/6/1982,
1/7/1982,
1/8/1982,
1/9/1982,
1/10/1982,
1/11/1982,
1/12/1982,
1/13/1982,
1/14/1982,118
1/15/1982,116
1/16/1982,116
1/17/1982,114
1/18/1982,114
1/19/1982,113
1/20/1982,112
1/21/1982,110
1/22/1982,110
1/23/1982,110
1/24/1982,109
1/25/1982,109
1/26/1982,116
1/27/1982,146
1/28/1982,168
1/29/1982,139
1/30/1982,129
1/31/1982,122
2/1/1982,126
2/2/1982,126
2/3/1982,124
2/4/1982,118
2/5/1982,118
2/6/1982,119
2/7/1982,116
2/8/1982,113
2/9/1982,112
2/10/1982,112
2/11/1982,110
2/12/1982,110
2/13/1982,110
2/14/1982,109
2/15/1982,107
2/16/1982,105
2/17/1982,105
2/18/1982,110
2/19/1982,105
2/20/1982,103
2/21/1982,102
2/22/1982,102
2/23/1982,100
2/24/1982,99.1
2/25/1982,97.9
2/26/1982,96.7
2/27/1982,96.7
2/28/1982,96.7
3/1/1982,99.1
3/2/1982,113
3/3/1982,144
3/4/1982,126
3/5/1982,112
3/6/1982,107
3/7/1982,121
3/8/1982,136
3/9/1982,116
3/10/1982,110
3/11/1982,107
3/12/1982,104
3/13/1982,102
3/14/1982,
3/15/1982,
3/16/1982,
3/17/1982,
3/18/1982,
3/19/1982,
3/20/1982,
3/21/1982,
3/22/1982,
3/23/1982,
3/24/1982,
3/25/1982,
3/26/1982,
3/27/1982,
3/28/1982,
3/29/1982,
3/30/1982,
3/31/1982,
4/1/1982,
4/2/1982,
4/3/1982,
4/4/1982,
4/5/1982,
4/6/1982,
4/7/1982,
4/8/1982,
4/9/1982,
4/10/1982,
4/11/1982,
4/12/1982,
4/13/1982,
4/14/1982,
4/15/1982,
4/16/1982,
4/17/1982,
4/18/1982,
4/19/1982,
4/20/1982,
4/21/1982,
4/22/1982,
4/23/1982,
4/24/1982,
4/25/1982,
4/26/1982,
4/27/1982,
4/28/1982,
4/29/1982,
4/30/1982,
5/1/1982,
5/2/1982,
5/3/1982,
5/4/1982,
5/5/1982,
5/6/1982,
5/7/1982,
5/8/1982,
5/9/1982,
5/10/1982,
5/11/1982,
5/12/1982,
5/13/1982,
5/14/1982,
5/15/1982,
5/16/1982,
5/17/1982,
5/18/1982,
5/19/1982,
5/20/1982,
5/21/1982,
5/22/1982,
5/23/1982,
5/24/1982,
5/25/1982,
5/26/1982,
5/27/1982,
5/28/1982,
5/29/1982,
5/30/1982,
5/31/1982,
6/1/1982,
6/2/1982,
6/3/1982,
6/4/1982,
6/5/1982,
6/6/1982,
6/7/1982,
6/8/1982,
6/9/1982,
6/10/1982,
6/11/1982,
6/12/1982,
6/13/1982,
6/14/1982,
6/15/1982,
6/16/1982,
6/17/1982,
6/18/1982,
6/19/1982,
6/20/1982,
6/21/1982,
6/22/1982,
6/23/1982,
6/24/1982,
6/25/1982,
6/26/1982,
6/27/1982,
6/28/1982,
6/29/1982,
6/30/1982,
7/1/1982,
7/2/1982,
7/3/1982,
7/4/1982,
7/5/1982,
7/6/1982,
7/7/1982,
7/8/1982,
7/9/1982,
7/10/1982,
7/11/1982,
7/12/1982,
7/13/1982,
7/14/1982,
7/15/1982,
7/16/1982,
7/17/1982,
7/18/1982,
7/19/1982,
7/20/1982,
7/21/1982,
7/22/1982,
7/23/1982,
7/24/1982,
7/25/1982,
7/26/1982,
7/27/1982,
7/28/1982,
7/29/1982,
7/30/1982,
7/31/1982,
8/1/1982,
8/2/1982,
8/3/1982,
8/4/1982,
8/5/1982,
8/6/1982,
8/7/1982,
8/8/1982,
8/9/1982,
8/10/1982,
8/11/1982,
8/12/1982,
8/13/1982,
8/14/1982,
8/15/1982,
8/16/1982,
8/17/1982,
8/18/1982,
8/19/1982,
8/20/1982,
8/21/1982,
8/22/1982,
8/23/1982,
8/24/1982,
8/25/1982,
8/26/1982,
8/27/1982,
8/28/1982,
8/29/1982,
8/30/1982,
8/31/1982,
9/1/1982,
9/2/1982,
9/3/1982,
9/4/1982,
9/5/1982,
9/6/1982,
9/7/1982,
9/8/1982,
9/9/1982,
9/10/1982,
9/11/1982,
9/12/1982,
9/13/1982,
9/14/1982,
9/15/1982,
9/16/1982,
9/17/1982,
9/18/1982,
9/19/1982,
9/20/1982,
9/21/1982,
9/22/1982,
9/23/1982,
9/24/1982,
9/25/1982,
9/26/1982,
9/27/1982,
9/28/1982,
9/29/1982,
9/30/1982,
10/1/1982,
10/2/1982,
10/3/1982,
10/4/1982,
10/5/1982,
10/6/1982,
10/7/1982,
10/8/1982,
10/9/1982,
10/10/1982,
10/11/1982,
10/12/1982,
10/13/1982,
10/14/1982,
10/15/1982,
10/16/1982,
10/17/1982,
10/18/1982,
10/19/1982,
10/20/1982,
10/21/1982,
10/22/1982,
10/23/1982,
10/24/1982,
10/25/1982,
10/26/1982,
10/27/1982,
10/28/1982,
10/29/1982,
10/30/1982,
10/31/1982,
11/1/1982,
11/2/1982,
11/3/1982,
11/4/1982,
11/5/1982,
11/6/1982,
11/7/1982,
11/8/1982,
11/9/1982,
11/10/1982,
11/11/1982,
11/12/1982,
11/13/1982,
11/14/1982,
11/15/1982,
11/16/1982,
11/17/1982,
11/18/1982,
11/19/1982,
11/20/1982,
11/21/1982,
11/22/1982,
11/23/1982,
11/24/1982,
11/25/1982,
11/26/1982,
11/27/1982,
11/28/1982,
11/29/1982,
11/30/1982,
12/1/1982,
12/2/1982,
12/3/1982,
12/4/1982,
12/5/1982,
12/6/1982,
12/7/1982,
12/8/1982,
12/9/1982,
12/10/1982,
12/11/1982,
12/12/1982,
12/13/1982,
12/14/1982,
12/15/1982,
12/16/1982,
12/17/1982,
12/18/1982,
12/19/1982,
12/20/1982,
12/21/1982,
12/22/1982,
12/23/1982,
12/24/1982,
12/25/1982,
12/26/1982,
12/27/1982,
12/28/1982,
12/29/1982,
12/30/1982,
12/31/1982,
1/1/1983,96.7
1/2/1983,96.7
1/3/1983,95.5
1/4/1983,94.2
1/5/1983,93
1/6/1983,91.8
1/7/1983,90.7
1/8/1983,89.6
1/9/1983,89.6
1/10/1983,89.6
1/11/1983,88.4
1/12/1983,88.4
1/13/1983,89.6
1/14/1983,88.4
1/15/1983,87.3
1/16/1983,87.3
1/17/1983,86.2
1/18/1983,85.1
1/19/1983,85.1
1/20/1983,85.1
1/21/1983,84
1/22/1983,84
1/23/1983,82.8
1/24/1983,82.8
1/25/1983,82.8
1/26/1983,81.7
1/27/1983,81.7
1/28/1983,82.8
1/29/1983,87.3
1/30/1983,94.2
1/31/1983,89.6
2/1/1983,87.3
2/2/1983,86.2
2/3/1983,85.1
2/4/1983,82.8
2/5/1983,81.7
2/6/1983,80.6
2/7/1983,80.6
2/8/1983,80.6
2/9/1983,78.5
2/10/1983,78.5
2/11/1983,76.4
2/12/1983,75.4
2/13/1983,75.4
2/14/1983,75.4
2/15/1983,75.4
2/16/1983,74.4
2/17/1983,72.3
2/18/1983,70.2
2/19/1983,70.2
2/20/1983,70.2
2/21/1983,68.3
2/22/1983,68.3
2/23/1983,69.2
2/24/1983,70.2
2/25/1983,70.2
2/26/1983,72.3
2/27/1983,70.2
2/28/1983,70.2
3/1/1983,70.2
3/2/1983,70.2
3/3/1983,70.2
3/4/1983,70.2
3/5/1983,69.2
3/6/1983,68.3
3/7/1983,67.3
3/8/1983,66.3
3/9/1983,68.3
3/10/1983,68.3
3/11/1983,70.2
3/12/1983,69.2
3/13/1983,68.3
3/14/1983,67.3
3/15/1983,66.3
3/16/1983,68.3
3/17/1983,67.3
3/18/1983,67.3
3/19/1983,68.3
3/20/1983,67.3
3/21/1983,70.2
3/22/1983,73.3
3/23/1983,74.4
3/24/1983,71.2
3/25/1983,69.2
3/26/1983,68.3
3/27/1983,68.3
3/28/1983,66.3
3/29/1983,65.3
3/30/1983,64.4
3/31/1983,63.4
4/1/1983,63.4
4/2/1983,63.4
4/3/1983,63.4
4/4/1983,64.4
4/5/1983,62.4
4/6/1983,62.4
4/7/1983,62.4
4/8/1983,64.4
4/9/1983,64.4
4/10/1983,63.4
4/11/1983,63.4
4/12/1983,66.3
4/13/1983,65.3
4/14/1983,66.3
4/15/1983,66.3
4/16/1983,67.3
4/17/1983,66.3
4/18/1983,64.4
4/19/1983,65.3
4/20/1983,69.2
4/21/1983,65.3
4/22/1983,64.4
4/23/1983,63.4
4/24/1983,68.3
4/25/1983,68.3
4/26/1983,67.3
4/27/1983,68.3
4/28/1983,64.4
4/29/1983,86.2
4/30/1983,87.3
5/1/1983,84
5/2/1983,87.3
5/3/1983,85.1
5/4/1983,89.6
5/5/1983,86.2
5/6/1983,96.7
5/7/1983,126
5/8/1983,122
5/9/1983,212
5/10/1983,141
5/11/1983,116
5/12/1983,118
5/13/1983,163
5/14/1983,133
5/15/1983,110
5/16/1983,184
5/17/1983,161
5/18/1983,139
5/19/1983,136
5/20/1983,124
5/21/1983,138
5/22/1983,166
5/23/1983,164
5/24/1983,161
5/25/1983,150
5/26/1983,136
5/27/1983,126
5/28/1983,119
5/29/1983,129
5/30/1983,129
5/31/1983,121
6/1/1983,122
6/2/1983,119
6/3/1983,129
6/4/1983,143
6/5/1983,141
6/6/1983,146
6/7/1983,146
6/8/1983,136
6/9/1983,166
6/10/1983,136
6/11/1983,121
6/12/1983,119
6/13/1983,113
6/14/1983,104
6/15/1983,107
6/16/1983,119
6/17/1983,126
6/18/1983,116
6/19/1983,126
6/20/1983,119
6/21/1983,119
6/22/1983,134
6/23/1983,139
6/24/1983,146
6/25/1983,153
6/26/1983,150
6/27/1983,188
6/28/1983,487
6/29/1983,468
6/30/1983,404
7/1/1983,333
7/2/1983,465
7/3/1983,500
7/4/1983,513
7/5/1983,446
7/6/1983,406
7/7/1983,333
7/8/1983,317
7/9/1983,281
7/10/1983,221
7/11/1983,349
7/12/1983,262
7/13/1983,252
7/14/1983,271
7/15/1983,395
7/16/1983,506
7/17/1983,1050
7/18/1983,936
7/19/1983,733
7/20/1983,798
7/21/1983,717
7/22/1983,655
7/23/1983,590
7/24/1983,547
7/25/1983,823
7/26/1983,1380
7/27/1983,1470
7/28/1983,1160
7/29/1983,923
7/30/1983,749
7/31/1983,717
8/1/1983,954
8/2/1983,1400
8/3/1983,1130
8/4/1983,982
8/5/1983,973
8/6/1983,927
8/7/1983,919
8/8/1983,798
8/9/1983,806
8/10/1983,959
8/11/1983,1000
8/12/1983,982
8/13/1983,932
8/14/1983,857
8/15/1983,733
8/16/1983,733
8/17/1983,709
8/18/1983,733
8/19/1983,733
8/20/1983,733
8/21/1983,705
8/22/1983,607
8/23/1983,584
8/24/1983,659
8/25/1983,685
8/26/1983,733
8/27/1983,721
8/28/1983,670
8/29/1983,733
8/30/1983,765
8/31/1983,733
9/1/1983,892
9/2/1983,1050
9/3/1983,823
9/4/1983,1160
9/5/1983,1100
9/6/1983,1510
9/7/1983,1470
9/8/1983,1230
9/9/1983,1180
9/10/1983,1050
9/11/1983,1110
9/12/1983,2560
9/13/1983,1440
9/14/1983,1200
9/15/1983,1090
9/16/1983,1000
9/17/1983,1040
9/18/1983,1050
9/19/1983,1420
9/20/1983,1940
9/21/1983,1720
9/22/1983,1440
9/23/1983,1590
9/24/1983,1340
9/25/1983,1160
9/26/1983,982
9/27/1983,857
9/28/1983,741
9/29/1983,670
9/30/1983,611
10/1/1983,575
10/2/1983,533
10/3/1983,568
10/4/1983,533
10/5/1983,477
10/6/1983,443
10/7/1983,418
10/8/1983,412
10/9/1983,465
10/10/1983,618
10/11/1983,611
10/12/1983,1190
10/13/1983,1220
10/14/1983,798
10/15/1983,666
10/16/1983,589
10/17/1983,530
10/18/1983,480
10/19/1983,449
10/20/1983,424
10/21/1983,401
10/22/1983,392
10/23/1983,377
10/24/1983,366
10/25/1983,360
10/26/1983,341
10/27/1983,328
10/28/1983,317
10/29/1983,307
10/30/1983,297
10/31/1983,289
11/1/1983,281
11/2/1983,276
11/3/1983,271
11/4/1983,267
11/5/1983,259
11/6/1983,255
11/7/1983,248
11/8/1983,243
11/9/1983,239
11/10/1983,234
11/11/1983,230
11/12/1983,225
11/13/1983,221
11/14/1983,216
11/15/1983,212
11/16/1983,208
11/17/1983,204
11/18/1983,200
11/19/1983,196
11/20/1983,192
11/21/1983,188
11/22/1983,184
11/23/1983,180
11/24/1983,176
11/25/1983,172
11/26/1983,168
11/27/1983,164
11/28/1983,163
11/29/1983,161
11/30/1983,157
12/1/1983,153
12/2/1983,151
12/3/1983,150
12/4/1983,146
12/5/1983,144
12/6/1983,143
12/7/1983,139
12/8/1983,136
12/9/1983,134
12/10/1983,133
12/11/1983,133
12/12/1983,129
12/13/1983,129
12/14/1983,126
12/15/1983,122
12/16/1983,121
12/17/1983,119
12/18/1983,116
12/19/1983,115
12/20/1983,113
12/21/1983,113
12/22/1983,112
12/23/1983,110
12/24/1983,109
12/25/1983,109
12/26/1983,110
12/27/1983,139
12/28/1983,129
12/29/1983,119
12/30/1983,116
12/31/1983,113
1/1/1984,110
1/2/1984,110
1/3/1984,107
1/4/1984,106
1/5/1984,104
1/6/1984,101
1/7/1984,98.1
1/8/1984,98.1
1/9/1984,95.1
1/10/1984,95.1
1/11/1984,92.2
1/12/1984,98.1
1/13/1984,89.2
1/14/1984,89.2
1/15/1984,87.9
1/16/1984,86.5
1/17/1984,96.6
1/18/1984,107
1/19/1984,95.1
1/20/1984,92.2
1/21/1984,90.7
1/22/1984,89.2
1/23/1984,87.9
1/24/1984,86.5
1/25/1984,85.2
1/26/1984,83.9
1/27/1984,81.2
1/28/1984,79.9
1/29/1984,78.6
1/30/1984,75.9
1/31/1984,75.9
2/1/1984,74.7
2/2/1984,75.9
2/3/1984,74.7
2/4/1984,73.5
2/5/1984,72.2
2/6/1984,69.8
2/7/1984,68.6
2/8/1984,68.6
2/9/1984,68.6
2/10/1984,69.8
2/11/1984,69.8
2/12/1984,68.6
2/13/1984,68.6
2/14/1984,66.1
2/15/1984,64.9
2/16/1984,64.9
2/17/1984,63.7
2/18/1984,63.7
2/19/1984,62.6
2/20/1984,63.7
2/21/1984,68.6
2/22/1984,68.6
2/23/1984,63.7
2/24/1984,62.6
2/25/1984,61.5
2/26/1984,60.4
2/27/1984,59.3
2/28/1984,59.3
2/29/1984,59.3
3/1/1984,59.3
3/2/1984,59.3
3/3/1984,58.2
3/4/1984,58.2
3/5/1984,63.7
3/6/1984,61.5
3/7/1984,60.4
3/8/1984,61.5
3/9/1984,61.5
3/10/1984,61.5
3/11/1984,59.3
3/12/1984,59.3
3/13/1984,57
3/14/1984,57
3/15/1984,57
3/16/1984,54.8
3/17/1984,57
3/18/1984,59.3
3/19/1984,60.4
3/20/1984,57
3/21/1984,54.8
3/22/1984,53.7
3/23/1984,59.3
3/24/1984,57
3/25/1984,57
3/26/1984,59.3
3/27/1984,66.1
3/28/1984,63.7
3/29/1984,57
3/30/1984,59.3
3/31/1984,62.6
4/1/1984,66.1
4/2/1984,68.6
4/3/1984,63.7
4/4/1984,58.2
4/5/1984,54.8
4/6/1984,50.6
4/7/1984,48.6
4/8/1984,48.6
4/9/1984,46.5
4/10/1984,46.5
4/11/1984,46.5
4/12/1984,49.6
4/13/1984,46.5
4/14/1984,46.5
4/15/1984,47.6
4/16/1984,51.6
4/17/1984,53.7
4/18/1984,53.7
4/19/1984,52.6
4/20/1984,54.8
4/21/1984,51.6
4/22/1984,52.6
4/23/1984,50.6
4/24/1984,50.6
4/25/1984,54.8
4/26/1984,54.8
4/27/1984,52.6
4/28/1984,77.2
4/29/1984,61.5
4/30/1984,82.6
5/1/1984,78.6
5/2/1984,74.7
5/3/1984,63.7
5/4/1984,68.6
5/5/1984,66.1
5/6/1984,90.7
5/7/1984,95.1
5/8/1984,112
5/9/1984,107
5/10/1984,109
5/11/1984,101
5/12/1984,81.2
5/13/1984,90.7
5/14/1984,98.1
5/15/1984,106
5/16/1984,107
5/17/1984,99.6
5/18/1984,121
5/19/1984,107
5/20/1984,98.1
5/21/1984,119
5/22/1984,122
5/23/1984,122
5/24/1984,112
5/25/1984,146
5/26/1984,146
5/27/1984,168
5/28/1984,136
5/29/1984,230
5/30/1984,250
5/31/1984,176
6/1/1984,178
6/2/1984,188
6/3/1984,192
6/4/1984,210
6/5/1984,255
6/6/1984,289
6/7/1984,276
6/8/1984,267
6/9/1984,310
6/10/1984,307
6/11/1984,276
6/12/1984,302
6/13/1984,527
6/14/1984,325
6/15/1984,281
6/16/1984,346
6/17/1984,443
6/18/1984,468
6/19/1984,483
6/20/1984,360
6/21/1984,357
6/22/1984,527
6/23/1984,455
6/24/1984,437
6/25/1984,395
6/26/1984,455
6/27/1984,412
6/28/1984,389
6/29/1984,369
6/30/1984,510
7/1/1984,596
7/2/1984,633
7/3/1984,561
7/4/1984,875
7/5/1984,1050
7/6/1984,1570
7/7/1984,1520
7/8/1984,2080
7/9/1984,2450
7/10/1984,1640
7/11/1984,1700
7/12/1984,1410
7/13/1984,1100
7/14/1984,963
7/15/1984,840
7/16/1984,857
7/17/1984,866
7/18/1984,963
7/19/1984,892
7/20/1984,818
7/21/1984,693
7/22/1984,1220
7/23/1984,1810
7/24/1984,2240
7/25/1984,2120
7/26/1984,1850
7/27/1984,2150
7/28/1984,2400
7/29/1984,2260
7/30/1984,3030
7/31/1984,2270
8/1/1984,2020
8/2/1984,1670
8/3/1984,1350
8/4/1984,1110
8/5/1984,963
8/6/1984,892
8/7/1984,840
8/8/1984,1070
8/9/1984,857
8/10/1984,794
8/11/1984,749
8/12/1984,701
8/13/1984,685
8/14/1984,678
8/15/1984,554
8/16/1984,709
8/17/1984,520
8/18/1984,773
8/19/1984,741
8/20/1984,725
8/21/1984,685
8/22/1984,1140
8/23/1984,701
8/24/1984,823
8/25/1984,870
8/26/1984,1130
8/27/1984,1490
8/28/1984,1390
8/29/1984,1350
8/30/1984,1450
8/31/1984,1290
9/1/1984,1240
9/2/1984,1120
9/3/1984,1000
9/4/1984,1050
9/5/1984,1150
9/6/1984,1190
9/7/1984,2950
9/8/1984,3810
9/9/1984,2720
9/10/1984,1880
9/11/1984,1500
9/12/1984,1410
9/13/1984,1300
9/14/1984,1150
9/15/1984,1020
9/16/1984,973
9/17/1984,945
9/18/1984,991
9/19/1984,1250
9/20/1984,1170
9/21/1984,954
9/22/1984,840
9/23/1984,749
9/24/1984,701
9/25/1984,625
9/26/1984,582
9/27/1984,547
9/28/1984,520
9/29/1984,496
9/30/1984,477
10/1/1984,455
10/2/1984,437
10/3/1984,421
10/4/1984,412
10/5/1984,406
10/6/1984,395
10/7/1984,383
10/8/1984,372
10/9/1984,366
10/10/1984,349
10/11/1984,333
10/12/1984,317
10/13/1984,304
10/14/1984,297
10/15/1984,320
10/16/1984,341
10/17/1984,304
10/18/1984,299
10/19/1984,284
10/20/1984,274
10/21/1984,267
10/22/1984,257
10/23/1984,250
10/24/1984,252
10/25/1984,241
10/26/1984,243
10/27/1984,234
10/28/1984,225
10/29/1984,214
10/30/1984,206
10/31/1984,198
11/1/1984,196
11/2/1984,196
11/3/1984,194
11/4/1984,194
11/5/1984,192
11/6/1984,192
11/7/1984,190
11/8/1984,188
11/9/1984,188
11/10/1984,186
11/11/1984,184
11/12/1984,182
11/13/1984,180
11/14/1984,180
11/15/1984,182
11/16/1984,180
11/17/1984,178
11/18/1984,176
11/19/1984,174
11/20/1984,178
11/21/1984,176
11/22/1984,170
11/23/1984,166
11/24/1984,164
11/25/1984,161
11/26/1984,161
11/27/1984,157
11/28/1984,159
11/29/1984,159
11/30/1984,157
12/1/1984,153
12/2/1984,151
12/3/1984,153
12/4/1984,151
12/5/1984,150
12/6/1984,150
12/7/1984,148
12/8/1984,143
12/9/1984,143
12/10/1984,141
12/11/1984,139
12/12/1984,138
12/13/1984,144
12/14/1984,143
12/15/1984,141
12/16/1984,138
12/17/1984,133
12/18/1984,134
12/19/1984,133
12/20/1984,131
12/21/1984,129
12/22/1984,129
12/23/1984,124
12/24/1984,122
12/25/1984,121
12/26/1984,119
12/27/1984,116
12/28/1984,115
12/29/1984,113
12/30/1984,113
12/31/1984,112
1/1/1985,113
1/2/1985,115
1/3/1985,119
1/4/1985,117
1/5/1985,117
1/6/1985,125
1/7/1985,118
1/8/1985,115
1/9/1985,113
1/10/1985,112
1/11/1985,110
1/12/1985,109
1/13/1985,106
1/14/1985,106
1/15/1985,104
1/16/1985,103
1/17/1985,103
1/18/1985,98.1
1/19/1985,99.6
1/20/1985,101
1/21/1985,103
1/22/1985,101
1/23/1985,99.6
1/24/1985,99.6
1/25/1985,97.3
1/26/1985,93.6
1/27/1985,93.6
1/28/1985,93.6
1/29/1985,92.2
1/30/1985,93.6
1/31/1985,92.9
2/1/1985,92.2
2/2/1985,92.2
2/3/1985,92.9
2/4/1985,90.7
2/5/1985,92.2
2/6/1985,92.2
2/7/1985,92.2
2/8/1985,90.7
2/9/1985,90.7
2/10/1985,87.9
2/11/1985,88.5
2/12/1985,87.2
2/13/1985,86.5
2/14/1985,86.5
2/15/1985,85.2
2/16/1985,83.9
2/17/1985,86.5
2/18/1985,86.5
2/19/1985,85.9
2/20/1985,85.2
2/21/1985,85.9
2/22/1985,86.5
2/23/1985,85.2
2/24/1985,83.9
2/25/1985,90.7
2/26/1985,90
2/27/1985,86.5
2/28/1985,86.5
3/1/1985,87.9
3/2/1985,96.6
3/3/1985,96.6
3/4/1985,95.1
3/5/1985,97.3
3/6/1985,99.6
3/7/1985,98.1
3/8/1985,94.4
3/9/1985,92.2
3/10/1985,88.6
3/11/1985,87.2
3/12/1985,90.7
3/13/1985,91.4
3/14/1985,89.3
3/15/1985,87.2
3/16/1985,86
3/17/1985,84.5
3/18/1985,79.9
3/19/1985,81.9
3/20/1985,74.1
3/21/1985,73.5
3/22/1985,72.2
3/23/1985,74.1
3/24/1985,79.2
3/25/1985,78.6
3/26/1985,78.6
3/27/1985,76.6
3/28/1985,77.2
3/29/1985,81.2
3/30/1985,81.9
3/31/1985,80.6
4/1/1985,76
4/2/1985,73.5
4/3/1985,73.5
4/4/1985,72.9
4/5/1985,71.6
4/6/1985,70.4
4/7/1985,69.8
4/8/1985,69.2
4/9/1985,69.8
4/10/1985,69.8
4/11/1985,76
4/12/1985,80.6
4/13/1985,83.9
4/14/1985,88
4/15/1985,82.6
4/16/1985,79.2
4/17/1985,76.6
4/18/1985,76.6
4/19/1985,76.7
4/20/1985,75.3
4/21/1985,83.9
4/22/1985,90
4/23/1985,106
4/24/1985,108
4/25/1985,98.1
4/26/1985,86.5
4/27/1985,79.2
4/28/1985,74.1
4/29/1985,72.2
4/30/1985,79.9
5/1/1985,81.9
5/2/1985,87.4
5/3/1985,85.9
5/4/1985,85.2
5/5/1985,87.2
5/6/1985,92.9
5/7/1985,99.6
5/8/1985,98.1
5/9/1985,94.4
5/10/1985,132
5/11/1985,126
5/12/1985,116
5/13/1985,118
5/14/1985,106
5/15/1985,101
5/16/1985,99.6
5/17/1985,92.9
5/18/1985,94.4
5/19/1985,112
5/20/1985,147
5/21/1985,139
5/22/1985,132
5/23/1985,119
5/24/1985,106
5/25/1985,104
5/26/1985,109
5/27/1985,151
5/28/1985,173
5/29/1985,174
5/30/1985,155
5/31/1985,135
6/1/1985,138
6/2/1985,144
6/3/1985,139
6/4/1985,133
6/5/1985,159
6/6/1985,139
6/7/1985,145
6/8/1985,127
6/9/1985,124
6/10/1985,133
6/11/1985,134
6/12/1985,146
6/13/1985,137
6/14/1985,139
6/15/1985,213
6/16/1985,224
6/17/1985,211
6/18/1985,197
6/19/1985,284
6/20/1985,275
6/21/1985,384
6/22/1985,322
6/23/1985,286
6/24/1985,403
6/25/1985,332
6/26/1985,328
6/27/1985,371
6/28/1985,500
6/29/1985,420
6/30/1985,340
7/1/1985,464
7/2/1985,592
7/3/1985,447
7/4/1985,573
7/5/1985,1100
7/6/1985,868
7/7/1985,1560
7/8/1985,1600
7/9/1985,1030
7/10/1985,857
7/11/1985,1020
7/12/1985,1050
7/13/1985,1070
7/14/1985,1180
7/15/1985,1240
7/16/1985,1160
7/17/1985,1340
7/18/1985,1100
7/19/1985,1000
7/20/1985,1040
7/21/1985,1000
7/22/1985,1370
7/23/1985,1180
7/24/1985,1320
7/25/1985,1330
7/26/1985,1690
7/27/1985,1440
7/28/1985,1460
7/29/1985,1250
7/30/1985,1090
7/31/1985,868
8/1/1985,771
8/2/1985,783
8/3/1985,697
8/4/1985,739
8/5/1985,751
8/6/1985,800
8/7/1985,735
8/8/1985,682
8/9/1985,661
8/10/1985,691
8/11/1985,651
8/12/1985,638
8/13/1985,639
8/14/1985,626
8/15/1985,624
8/16/1985,563
8/17/1985,643
8/18/1985,708
8/19/1985,1270
8/20/1985,1190
8/21/1985,1090
8/22/1985,1130
8/23/1985,1670
8/24/1985,1340
8/25/1985,1030
8/26/1985,853
8/27/1985,806
8/28/1985,675
8/29/1985,897
8/30/1985,874
8/31/1985,815
9/1/1985,1010
9/2/1985,987
9/3/1985,1400
9/4/1985,2450
9/5/1985,2110
9/6/1985,1860
9/7/1985,1550
9/8/1985,1230
9/9/1985,1070
9/10/1985,917
9/11/1985,1430
9/12/1985,1440
9/13/1985,1150
9/14/1985,973
9/15/1985,1030
9/16/1985,1190
9/17/1985,1250
9/18/1985,1410
9/19/1985,1130
9/20/1985,981
9/21/1985,912
9/22/1985,802
9/23/1985,742
9/24/1985,706
9/25/1985,690
9/26/1985,829
9/27/1985,704
9/28/1985,759
9/29/1985,835
9/30/1985,771
10/1/1985,702
10/2/1985,640
10/3/1985,593
10/4/1985,553
10/5/1985,534
10/6/1985,561
10/7/1985,520
10/8/1985,498
10/9/1985,506
10/10/1985,939
10/11/1985,1250
10/12/1985,1040
10/13/1985,695
10/14/1985,590
10/15/1985,567
10/16/1985,544
10/17/1985,532
10/18/1985,595
10/19/1985,704
10/20/1985,634
10/21/1985,544
10/22/1985,524
10/23/1985,482
10/24/1985,459
10/25/1985,440
10/26/1985,416
10/27/1985,405
10/28/1985,391
10/29/1985,383
10/30/1985,375
10/31/1985,367
11/1/1985,352
11/2/1985,346
11/3/1985,340
11/4/1985,335
11/5/1985,323
11/6/1985,318
11/7/1985,309
11/8/1985,305
11/9/1985,298
11/10/1985,293
11/11/1985,289
11/12/1985,292
11/13/1985,280
11/14/1985,282
11/15/1985,270
11/16/1985,262
11/17/1985,257
11/18/1985,252
11/19/1985,250
11/20/1985,242
11/21/1985,240
11/22/1985,237
11/23/1985,234
11/24/1985,231
11/25/1985,230
11/26/1985,225
11/27/1985,221
11/28/1985,217
11/29/1985,214
11/30/1985,212
12/1/1985,211
12/2/1985,209
12/3/1985,204
12/4/1985,203
12/5/1985,200
12/6/1985,198
12/7/1985,197
12/8/1985,196
12/9/1985,190
12/10/1985,186
12/11/1985,184
12/12/1985,180
12/13/1985,177
12/14/1985,174
12/15/1985,172
12/16/1985,169
12/17/1985,169
12/18/1985,165
12/19/1985,162
12/20/1985,158
12/21/1985,155
12/22/1985,154
12/23/1985,153
12/24/1985,153
12/25/1985,151
12/26/1985,149
12/27/1985,191
12/28/1985,244
12/29/1985,202
12/30/1985,180
12/31/1985,168
1/1/1986,
1/2/1986,
1/3/1986,
1/4/1986,
1/5/1986,
1/6/1986,
1/7/1986,
1/8/1986,
1/9/1986,
1/10/1986,
1/11/1986,
1/12/1986,
1/13/1986,
1/14/1986,
1/15/1986,
1/16/1986,
1/17/1986,
1/18/1986,
1/19/1986,
1/20/1986,
1/21/1986,
1/22/1986,
1/23/1986,
1/24/1986,
1/25/1986,
1/26/1986,
1/27/1986,
1/28/1986,
1/29/1986,
1/30/1986,
1/31/1986,
2/1/1986,
2/2/1986,
2/3/1986,
2/4/1986,
2/5/1986,
2/6/1986,
2/7/1986,
2/8/1986,
2/9/1986,
2/10/1986,
2/11/1986,
2/12/1986,126
2/13/1986,117
2/14/1986,112
2/15/1986,113
2/16/1986,118
2/17/1986,113
2/18/1986,109
2/19/1986,107
2/20/1986,107
2/21/1986,105
2/22/1986,105
2/23/1986,104
2/24/1986,101
2/25/1986,97.9
2/26/1986,94.6
2/27/1986,93.7
2/28/1986,93.1
3/1/1986,90.3
3/2/1986,90.4
3/3/1986,91.1
3/4/1986,95.8
3/5/1986,98.6
3/6/1986,97.9
3/7/1986,96.4
3/8/1986,93.7
3/9/1986,95.7
3/10/1986,95
3/11/1986,95
3/12/1986,94.8
3/13/1986,94.5
3/14/1986,94.4
3/15/1986,87.8
3/16/1986,91.7
3/17/1986,97.9
3/18/1986,91.1
3/19/1986,89.8
3/20/1986,89.1
3/21/1986,86.4
3/22/1986,87.1
3/23/1986,84.4
3/24/1986,82.5
3/25/1986,80.7
3/26/1986,79.5
3/27/1986,78.3
3/28/1986,78.3
3/29/1986,82.1
3/30/1986,85.8
3/31/1986,86.4
4/1/1986,83.8
4/2/1986,81.3
4/3/1986,80.1
4/4/1986,80.1
4/5/1986,85.8
4/6/1986,81.9
4/7/1986,80.7
4/8/1986,79.5
4/9/1986,80.7
4/10/1986,79.5
4/11/1986,87.1
4/12/1986,95.2
4/13/1986,128
4/14/1986,106
4/15/1986,123
4/16/1986,113
4/17/1986,109
4/18/1986,113
4/19/1986,97.1
4/20/1986,96.5
4/21/1986,97.1
4/22/1986,110
4/23/1986,108
4/24/1986,117
4/25/1986,125
4/26/1986,117
4/27/1986,110
4/28/1986,102
4/29/1986,104
4/30/1986,117
5/1/1986,103
5/2/1986,99.3
5/3/1986,105
5/4/1986,115
5/5/1986,123
5/6/1986,118
5/7/1986,106
5/8/1986,104
5/9/1986,106
5/10/1986,116
5/11/1986,124
5/12/1986,129
5/13/1986,133
5/14/1986,144
5/15/1986,146
5/16/1986,177
5/17/1986,164
5/18/1986,180
5/19/1986,150
5/20/1986,127
5/21/1986,130
5/22/1986,116
5/23/1986,109
5/24/1986,105
5/25/1986,97.9
5/26/1986,95.7
5/27/1986,100
5/28/1986,110
5/29/1986,118
5/30/1986,112
5/31/1986,112
6/1/1986,112
6/2/1986,107
6/3/1986,104
6/4/1986,102
6/5/1986,108
6/6/1986,107
6/7/1986,114
6/8/1986,141
6/9/1986,146
6/10/1986,157
6/11/1986,157
6/12/1986,193
6/13/1986,280
6/14/1986,289
6/15/1986,284
6/16/1986,300
6/17/1986,331
6/18/1986,432
6/19/1986,669
6/20/1986,832
6/21/1986,612
6/22/1986,598
6/23/1986,601
6/24/1986,1240
6/25/1986,1190
6/26/1986,864
6/27/1986,1340
6/28/1986,1250
6/29/1986,2020
6/30/1986,2720
7/1/1986,2730
7/2/1986,1330
7/3/1986,957
7/4/1986,794
7/5/1986,834
7/6/1986,883
7/7/1986,785
7/8/1986,879
7/9/1986,945
7/10/1986,929
7/11/1986,1100
7/12/1986,768
7/13/1986,729
7/14/1986,1040
7/15/1986,1020
7/16/1986,968
7/17/1986,1530
7/18/1986,1660
7/19/1986,1410
7/20/1986,1190
7/21/1986,2040
7/22/1986,1460
7/23/1986,1190
7/24/1986,1090
7/25/1986,1810
7/26/1986,3230
7/27/1986,2940
7/28/1986,2220
7/29/1986,1490
7/30/1986,1230
7/31/1986,1560
8/1/1986,1800
8/2/1986,1550
8/3/1986,1570
8/4/1986,1430
8/5/1986,1110
8/6/1986,1070
8/7/1986,976
8/8/1986,894
8/9/1986,836
8/10/1986,766
8/11/1986,793
8/12/1986,866
8/13/1986,858
8/14/1986,726
8/15/1986,688
8/16/1986,701
8/17/1986,854
8/18/1986,973
8/19/1986,1020
8/20/1986,1090
8/21/1986,955
8/22/1986,914
8/23/1986,906
8/24/1986,952
8/25/1986,912
8/26/1986,898
8/27/1986,947
8/28/1986,1010
8/29/1986,980
8/30/1986,856
8/31/1986,769
9/1/1986,764
9/2/1986,934
9/3/1986,976
9/4/1986,933
9/5/1986,1060
9/6/1986,1590
9/7/1986,1230
9/8/1986,1160
9/9/1986,1190
9/10/1986,1290
9/11/1986,1590
9/12/1986,2560
9/13/1986,3950
9/14/1986,4530
9/15/1986,4140
9/16/1986,3100
9/17/1986,1950
9/18/1986,1590
9/19/1986,1350
9/20/1986,1180
9/21/1986,1110
9/22/1986,1100
9/23/1986,1010
9/24/1986,990
9/25/1986,904
9/26/1986,868
9/27/1986,917
9/28/1986,836
9/29/1986,1020
9/30/1986,917
10/1/1986,968
10/2/1986,878
10/3/1986,799
10/4/1986,735
10/5/1986,688
10/6/1986,670
10/7/1986,647
10/8/1986,611
10/9/1986,591
10/10/1986,571
10/11/1986,568
10/12/1986,563
10/13/1986,575
10/14/1986,559
10/15/1986,544
10/16/1986,498
10/17/1986,487
10/18/1986,456
10/19/1986,445
10/20/1986,421
10/21/1986,410
10/22/1986,399
10/23/1986,389
10/24/1986,378
10/25/1986,370
10/26/1986,361
10/27/1986,354
10/28/1986,349
10/29/1986,346
10/30/1986,338
10/31/1986,332
11/1/1986,326
11/2/1986,322
11/3/1986,320
11/4/1986,318
11/5/1986,312
11/6/1986,302
11/7/1986,298
11/8/1986,294
11/9/1986,292
11/10/1986,289
11/11/1986,288
11/12/1986,281
11/13/1986,277
11/14/1986,272
11/15/1986,267
11/16/1986,267
11/17/1986,265
11/18/1986,257
11/19/1986,253
11/20/1986,250
11/21/1986,250
11/22/1986,248
11/23/1986,244
11/24/1986,241
11/25/1986,234
11/26/1986,232
11/27/1986,226
11/28/1986,224
11/29/1986,221
11/30/1986,217
12/1/1986,220
12/2/1986,214
12/3/1986,212
12/4/1986,210
12/5/1986,208
12/6/1986,205
12/7/1986,205
12/8/1986,203
12/9/1986,204
12/10/1986,200
12/11/1986,196
12/12/1986,190
12/13/1986,189
12/14/1986,183
12/15/1986,202
12/16/1986,199
12/17/1986,190
12/18/1986,191
12/19/1986,240
12/20/1986,212
12/21/1986,196
12/22/1986,187
12/23/1986,184
12/24/1986,182
12/25/1986,179
12/26/1986,176
12/27/1986,174
12/28/1986,172
12/29/1986,171
12/30/1986,168
12/31/1986,166
1/1/1987,166
1/2/1987,162
1/3/1987,162
1/4/1987,160
1/5/1987,158
1/6/1987,156
1/7/1987,154
1/8/1987,153
1/9/1987,149
1/10/1987,147
1/11/1987,147
1/12/1987,145
1/13/1987,147
1/14/1987,145
1/15/1987,143
1/16/1987,141
1/17/1987,140
1/18/1987,140
1/19/1987,138
1/20/1987,136
1/21/1987,136
1/22/1987,134
1/23/1987,133
1/24/1987,131
1/25/1987,129
1/26/1987,129
1/27/1987,129
1/28/1987,129
1/29/1987,126
1/30/1987,128
1/31/1987,126
2/1/1987,120
2/2/1987,123
2/3/1987,126
2/4/1987,124
2/5/1987,124
2/6/1987,124
2/7/1987,123
2/8/1987,122
2/9/1987,122
2/10/1987,122
2/11/1987,123
2/12/1987,120
2/13/1987,120
2/14/1987,120
2/15/1987,120
2/16/1987,120
2/17/1987,120
2/18/1987,122
2/19/1987,122
2/20/1987,119
2/21/1987,117
2/22/1987,114
2/23/1987,113
2/24/1987,113
2/25/1987,111
2/26/1987,110
2/27/1987,110
2/28/1987,110
3/1/1987,116
3/2/1987,111
3/3/1987,113
3/4/1987,111
3/5/1987,117
3/6/1987,117
3/7/1987,113
3/8/1987,114
3/9/1987,116
3/10/1987,114
3/11/1987,114
3/12/1987,116
3/13/1987,114
3/14/1987,114
3/15/1987,113
3/16/1987,113
3/17/1987,113
3/18/1987,113
3/19/1987,111
3/20/1987,108
3/21/1987,107
3/22/1987,108
3/23/1987,105
3/24/1987,107
3/25/1987,111
3/26/1987,116
3/27/1987,113
3/28/1987,105
3/29/1987,107
3/30/1987,111
3/31/1987,128
4/1/1987,126
4/2/1987,123
4/3/1987,119
4/4/1987,116
4/5/1987,113
4/6/1987,111
4/7/1987,111
4/8/1987,119
4/9/1987,122
4/10/1987,131
4/11/1987,129
4/12/1987,114
4/13/1987,107
4/14/1987,102
4/15/1987,101
4/16/1987,99.3
4/17/1987,101
4/18/1987,104
4/19/1987,105
4/20/1987,110
4/21/1987,108
4/22/1987,117
4/23/1987,191
4/24/1987,162
4/25/1987,141
4/26/1987,170
4/27/1987,140
4/28/1987,131
4/29/1987,122
4/30/1987,122
5/1/1987,126
5/2/1987,140
5/3/1987,158
5/4/1987,185
5/5/1987,175
5/6/1987,151
5/7/1987,147
5/8/1987,149
5/9/1987,151
5/10/1987,147
5/11/1987,141
5/12/1987,129
5/13/1987,124
5/14/1987,124
5/15/1987,123
5/16/1987,120
5/17/1987,123
5/18/1987,123
5/19/1987,126
5/20/1987,123
5/21/1987,129
5/22/1987,131
5/23/1987,181
5/24/1987,185
5/25/1987,168
5/26/1987,158
5/27/1987,158
5/28/1987,158
5/29/1987,151
5/30/1987,168
5/31/1987,175
6/1/1987,206
6/2/1987,211
6/3/1987,262
6/4/1987,255
6/5/1987,240
6/6/1987,245
6/7/1987,270
6/8/1987,367
6/9/1987,275
6/10/1987,532
6/11/1987,358
6/12/1987,290
6/13/1987,272
6/14/1987,270
6/15/1987,275
6/16/1987,288
6/17/1987,224
6/18/1987,312
6/19/1987,285
6/20/1987,249
6/21/1987,233
6/22/1987,245
6/23/1987,260
6/24/1987,389
6/25/1987,374
6/26/1987,320
6/27/1987,312
6/28/1987,326
6/29/1987,408
6/30/1987,466
7/1/1987,421
7/2/1987,540
7/3/1987,547
7/4/1987,1000
7/5/1987,761
7/6/1987,724
7/7/1987,838
7/8/1987,1540
7/9/1987,2460
7/10/1987,1450
7/11/1987,2150
7/12/1987,1870
7/13/1987,1530
7/14/1987,1120
7/15/1987,973
7/16/1987,843
7/17/1987,990
7/18/1987,973
7/19/1987,973
7/20/1987,899
7/21/1987,799
7/22/1987,941
7/23/1987,2090
7/24/1987,3490
7/25/1987,3680
7/26/1987,3580
7/27/1987,2500
7/28/1987,2540
7/29/1987,2290
7/30/1987,2050
7/31/1987,2100
8/1/1987,2420
8/2/1987,2540
8/3/1987,2470
8/4/1987,1940
8/5/1987,1670
8/6/1987,1500
8/7/1987,1370
8/8/1987,1240
8/9/1987,1250
8/10/1987,1310
8/11/1987,1470
8/12/1987,1940
8/13/1987,3760
8/14/1987,2000
8/15/1987,1590
8/16/1987,1290
8/17/1987,1060
8/18/1987,991
8/19/1987,1120
8/20/1987,982
8/21/1987,897
8/22/1987,1180
8/23/1987,1130
8/24/1987,1090
8/25/1987,1080
8/26/1987,1240
8/27/1987,1260
8/28/1987,1400
8/29/1987,1360
8/30/1987,1170
8/31/1987,1010
9/1/1987,927
9/2/1987,1050
9/3/1987,1350
9/4/1987,1220
9/5/1987,977
9/6/1987,870
9/7/1987,818
9/8/1987,883
9/9/1987,831
9/10/1987,753
9/11/1987,840
9/12/1987,789
9/13/1987,721
9/14/1987,663
9/15/1987,670
9/16/1987,600
9/17/1987,554
9/18/1987,527
9/19/1987,513
9/20/1987,520
9/21/1987,618
9/22/1987,493
9/23/1987,480
9/24/1987,513
9/25/1987,468
9/26/1987,446
9/27/1987,437
9/28/1987,401
9/29/1987,401
9/30/1987,398
10/1/1987,383
10/2/1987,363
10/3/1987,355
10/4/1987,344
10/5/1987,333
10/6/1987,325
10/7/1987,317
10/8/1987,310
10/9/1987,299
10/10/1987,302
10/11/1987,289
10/12/1987,281
10/13/1987,279
10/14/1987,279
10/15/1987,274
10/16/1987,269
10/17/1987,264
10/18/1987,257
10/19/1987,255
10/20/1987,618
10/21/1987,346
10/22/1987,299
10/23/1987,281
10/24/1987,269
10/25/1987,267
10/26/1987,257
10/27/1987,255
10/28/1987,245
10/29/1987,243
10/30/1987,245
10/31/1987,239
11/1/1987,234
11/2/1987,227
11/3/1987,227
11/4/1987,223
11/5/1987,223
11/6/1987,221
11/7/1987,221
11/8/1987,219
11/9/1987,216
11/10/1987,212
11/11/1987,212
11/12/1987,210
11/13/1987,210
11/14/1987,204
11/15/1987,200
11/16/1987,198
11/17/1987,196
11/18/1987,194
11/19/1987,192
11/20/1987,186
11/21/1987,184
11/22/1987,182
11/23/1987,182
11/24/1987,180
11/25/1987,178
11/26/1987,176
11/27/1987,176
11/28/1987,174
11/29/1987,172
11/30/1987,172
12/1/1987,170
12/2/1987,168
12/3/1987,166
12/4/1987,166
12/5/1987,161
12/6/1987,164
12/7/1987,159
12/8/1987,159
12/9/1987,157
12/10/1987,157
12/11/1987,155
12/12/1987,161
12/13/1987,176
12/14/1987,164
12/15/1987,157
12/16/1987,163
12/17/1987,163
12/18/1987,151
12/19/1987,146
12/20/1987,144
12/21/1987,143
12/22/1987,139
12/23/1987,138
12/24/1987,136
12/25/1987,136
12/26/1987,134
12/27/1987,131
12/28/1987,129
12/29/1987,128
12/30/1987,126
12/31/1987,126
1/1/1988,126
1/2/1988,126
1/3/1988,128
1/4/1988,128
1/5/1988,122
1/6/1988,121
1/7/1988,119
1/8/1988,118
1/9/1988,118
1/10/1988,116
1/11/1988,116
1/12/1988,116
1/13/1988,116
1/14/1988,116
1/15/1988,116
1/16/1988,115
1/17/1988,113
1/18/1988,110
1/19/1988,109
1/20/1988,109
1/21/1988,109
1/22/1988,107
1/23/1988,107
1/24/1988,104
1/25/1988,103
1/26/1988,101
1/27/1988,99.6
1/28/1988,98.1
1/29/1988,98.1
1/30/1988,96.6
1/31/1988,96.6
2/1/1988,96.6
2/2/1988,96.6
2/3/1988,98.1
2/4/1988,96.6
2/5/1988,95.1
2/6/1988,98.1
2/7/1988,99.6
2/8/1988,101
2/9/1988,99.6
2/10/1988,98.1
2/11/1988,98.1
2/12/1988,96.6
2/13/1988,96.6
2/14/1988,93.6
2/15/1988,95.1
2/16/1988,93.6
2/17/1988,93.6
2/18/1988,92.2
2/19/1988,92.2
2/20/1988,89.2
2/21/1988,89.2
2/22/1988,90.7
2/23/1988,93.6
2/24/1988,93.6
2/25/1988,96.6
2/26/1988,95.1
2/27/1988,90.7
2/28/1988,89.2
2/29/1988,90.7
3/1/1988,103
3/2/1988,93.6
3/3/1988,90.7
3/4/1988,87.9
3/5/1988,86.5
3/6/1988,86.5
3/7/1988,89.2
3/8/1988,87.9
3/9/1988,89.2
3/10/1988,93.6
3/11/1988,98.1
3/12/1988,93.6
3/13/1988,96.6
3/14/1988,99.6
3/15/1988,92.2
3/16/1988,87.9
3/17/1988,85.2
3/18/1988,85.2
3/19/1988,83.9
3/20/1988,90.7
3/21/1988,101
3/22/1988,89.2
3/23/1988,86.5
3/24/1988,85.2
3/25/1988,85.2
3/26/1988,82.6
3/27/1988,89.2
3/28/1988,86.5
3/29/1988,83.9
3/30/1988,81.2
3/31/1988,85.2
4/1/1988,86.5
4/2/1988,82.6
4/3/1988,79.9
4/4/1988,78.6
4/5/1988,86.5
4/6/1988,90.7
4/7/1988,87.9
4/8/1988,95.1
4/9/1988,104
4/10/1988,110
4/11/1988,101
4/12/1988,96.6
4/13/1988,110
4/14/1988,109
4/15/1988,110
4/16/1988,104
4/17/1988,115
4/18/1988,113
4/19/1988,112
4/20/1988,116
4/21/1988,115
4/22/1988,112
4/23/1988,113
4/24/1988,112
4/25/1988,115
4/26/1988,103
4/27/1988,129
4/28/1988,115
4/29/1988,129
4/30/1988,115
5/1/1988,115
5/2/1988,141
5/3/1988,139
5/4/1988,118
5/5/1988,116
5/6/1988,112
5/7/1988,113
5/8/1988,103
5/9/1988,109
5/10/1988,116
5/11/1988,116
5/12/1988,134
5/13/1988,121
5/14/1988,134
5/15/1988,129
5/16/1988,133
5/17/1988,124
5/18/1988,146
5/19/1988,155
5/20/1988,168
5/21/1988,141
5/22/1988,148
5/23/1988,138
5/24/1988,138
5/25/1988,136
5/26/1988,153
5/27/1988,150
5/28/1988,153
5/29/1988,188
5/30/1988,178
5/31/1988,174
6/1/1988,168
6/2/1988,164
6/3/1988,146
6/4/1988,136
6/5/1988,131
6/6/1988,136
6/7/1988,141
6/8/1988,150
6/9/1988,138
6/10/1988,146
6/11/1988,176
6/12/1988,170
6/13/1988,192
6/14/1988,190
6/15/1988,186
6/16/1988,192
6/17/1988,221
6/18/1988,239
6/19/1988,259
6/20/1988,248
6/21/1988,267
6/22/1988,276
6/23/1988,286
6/24/1988,281
6/25/1988,377
6/26/1988,360
6/27/1988,346
6/28/1988,412
6/29/1988,395
6/30/1988,374
7/1/1988,338
7/2/1988,932
7/3/1988,777
7/4/1988,629
7/5/1988,1220
7/6/1988,2210
7/7/1988,1290
7/8/1988,1210
7/9/1988,1110
7/10/1988,927
7/11/1988,914
7/12/1988,875
7/13/1988,1620
7/14/1988,1540
7/15/1988,1180
7/16/1988,991
7/17/1988,982
7/18/1988,986
7/19/1988,991
7/20/1988,831
7/21/1988,831
7/22/1988,1230
7/23/1988,1010
7/24/1988,1180
7/25/1988,1580
7/26/1988,2070
7/27/1988,1940
7/28/1988,1670
7/29/1988,1410
7/30/1988,1220
7/31/1988,1440
8/1/1988,1600
8/2/1988,2130
8/3/1988,1630
8/4/1988,1210
8/5/1988,1160
8/6/1988,977
8/7/1988,1200
8/8/1988,1390
8/9/1988,1230
8/10/1988,1310
8/11/1988,1380
8/12/1988,1690
8/13/1988,1740
8/14/1988,1570
8/15/1988,1410
8/16/1988,1900
8/17/1988,1950
8/18/1988,1660
8/19/1988,1730
8/20/1988,1610
8/21/1988,1600
8/22/1988,1530
8/23/1988,2210
8/24/1988,3590
8/25/1988,2570
8/26/1988,3290
8/27/1988,2740
8/28/1988,2800
8/29/1988,2760
8/30/1988,2630
8/31/1988,2200
9/1/1988,1900
9/2/1988,1760
9/3/1988,1540
9/4/1988,1570
9/5/1988,1380
9/6/1988,1180
9/7/1988,1910
9/8/1988,2560
9/9/1988,3230
9/10/1988,2230
9/11/1988,1960
9/12/1988,1340
9/13/1988,1220
9/14/1988,1150
9/15/1988,1050
9/16/1988,1140
9/17/1988,1020
9/18/1988,950
9/19/1988,1130
9/20/1988,956
9/21/1988,872
9/22/1988,1750
9/23/1988,849
9/24/1988,825
9/25/1988,779
9/26/1988,732
9/27/1988,719
9/28/1988,702
9/29/1988,661
9/30/1988,637
10/1/1988,609
10/2/1988,590
10/3/1988,572
10/4/1988,568
10/5/1988,557
10/6/1988,550
10/7/1988,536
10/8/1988,518
10/9/1988,508
10/10/1988,498
10/11/1988,484
10/12/1988,474
10/13/1988,461
10/14/1988,458
10/15/1988,452
10/16/1988,445
10/17/1988,436
10/18/1988,430
10/19/1988,426
10/20/1988,420
10/21/1988,417
10/22/1988,411
10/23/1988,405
10/24/1988,402
10/25/1988,399
10/26/1988,390
10/27/1988,384
10/28/1988,378
10/29/1988,373
10/30/1988,367
10/31/1988,364
11/1/1988,361
11/2/1988,359
11/3/1988,353
11/4/1988,350
11/5/1988,348
11/6/1988,348
11/7/1988,342
11/8/1988,337
11/9/1988,334
11/10/1988,329
11/11/1988,329
11/12/1988,321
11/13/1988,318
11/14/1988,316
11/15/1988,313
11/16/1988,310
11/17/1988,310
11/18/1988,308
11/19/1988,305
11/20/1988,300
11/21/1988,295
11/22/1988,293
11/23/1988,288
11/24/1988,286
11/25/1988,281
11/26/1988,278
11/27/1988,276
11/28/1988,274
11/29/1988,274
11/30/1988,274
12/1/1988,274
12/2/1988,271
12/3/1988,269
12/4/1988,271
12/5/1988,271
12/6/1988,274
12/7/1988,274
12/8/1988,269
12/9/1988,269
12/10/1988,267
12/11/1988,264
12/12/1988,262
12/13/1988,260
12/14/1988,255
12/15/1988,251
12/16/1988,251
12/17/1988,246
12/18/1988,242
12/19/1988,238
12/20/1988,238
12/21/1988,235
12/22/1988,233
12/23/1988,231
12/24/1988,231
12/25/1988,229
12/26/1988,258
12/27/1988,345
12/28/1988,281
12/29/1988,264
12/30/1988,255
12/31/1988,249
1/1/1989,246
1/2/1989,244
1/3/1989,240
1/4/1989,240
1/5/1989,240
1/6/1989,238
1/7/1989,233
1/8/1989,264
1/9/1989,227
1/10/1989,134
1/11/1989,109
1/12/1989,97.4
1/13/1989,92.5
1/14/1989,88.9
1/15/1989,86.5
1/16/1989,84.1
1/17/1989,84.1
1/18/1989,82.9
1/19/1989,80.8
1/20/1989,78.6
1/21/1989,78.6
1/22/1989,77.5
1/23/1989,77.5
1/24/1989,76.4
1/25/1989,76.4
1/26/1989,75.3
1/27/1989,75.3
1/28/1989,75.3
1/29/1989,74.2
1/30/1989,73.1
1/31/1989,72
2/1/1989,72
2/2/1989,72
2/3/1989,70
2/4/1989,69
2/5/1989,67.9
2/6/1989,67.9
2/7/1989,66.9
2/8/1989,62.8
2/9/1989,61.8
2/10/1989,60.9
2/11/1989,60.9
2/12/1989,60
2/13/1989,58.1
2/14/1989,57.2
2/15/1989,57.2
2/16/1989,56.3
2/17/1989,55.4
2/18/1989,55.4
2/19/1989,56.3
2/20/1989,62.8
2/21/1989,62.8
2/22/1989,60
2/23/1989,59.1
2/24/1989,58.1
2/25/1989,57.2
2/26/1989,58.1
2/27/1989,57.2
2/28/1989,58.1
3/1/1989,58.1
3/2/1989,58.1
3/3/1989,56.3
3/4/1989,54.4
3/5/1989,55.4
3/6/1989,56.3
3/7/1989,54.4
3/8/1989,55.4
3/9/1989,55.4
3/10/1989,54.4
3/11/1989,53.5
3/12/1989,56.3
3/13/1989,59.1
3/14/1989,64.9
3/15/1989,61.8
3/16/1989,59.1
3/17/1989,56.3
3/18/1989,55.4
3/19/1989,54.4
3/20/1989,53.5
3/21/1989,56.3
3/22/1989,56.3
3/23/1989,60.9
3/24/1989,60.9
3/25/1989,60
3/26/1989,57.2
3/27/1989,56.3
3/28/1989,55.4
3/29/1989,55.4
3/30/1989,63.8
3/31/1989,60
4/1/1989,55.4
4/2/1989,55.4
4/3/1989,55.4
4/4/1989,55.4
4/5/1989,53.5
4/6/1989,54.4
4/7/1989,55.4
4/8/1989,60
4/9/1989,61.8
4/10/1989,67.9
4/11/1989,65.9
4/12/1989,59.1
4/13/1989,55.4
4/14/1989,53.5
4/15/1989,54.4
4/16/1989,57.2
4/17/1989,56.3
4/18/1989,55.4
4/19/1989,52.6
4/20/1989,51
4/21/1989,52.6
4/22/1989,52.6
4/23/1989,51.8
4/24/1989,56.3
4/25/1989,57.2
4/26/1989,55.4
4/27/1989,54.4
4/28/1989,53.5
4/29/1989,51.8
4/30/1989,49.3
5/1/1989,48.5
5/2/1989,50.1
5/3/1989,51.8
5/4/1989,58.1
5/5/1989,65.9
5/6/1989,62.8
5/7/1989,61.8
5/8/1989,62.8
5/9/1989,69
5/10/1989,69
5/11/1989,70
5/12/1989,84.1
5/13/1989,100
5/14/1989,86.5
5/15/1989,87.7
5/16/1989,75.3
5/17/1989,86.5
5/18/1989,97.4
5/19/1989,104
5/20/1989,148
5/21/1989,130
5/22/1989,115
5/23/1989,120
5/24/1989,112
5/25/1989,108
5/26/1989,106
5/27/1989,164
5/28/1989,244
5/29/1989,196
5/30/1989,169
5/31/1989,136
6/1/1989,128
6/2/1989,116
6/3/1989,112
6/4/1989,155
6/5/1989,146
6/6/1989,134
6/7/1989,129
6/8/1989,117
6/9/1989,112
6/10/1989,110
6/11/1989,143
6/12/1989,138
6/13/1989,188
6/14/1989,167
6/15/1989,188
6/16/1989,157
6/17/1989,148
6/18/1989,148
6/19/1989,196
6/20/1989,204
6/21/1989,196
6/22/1989,194
6/23/1989,192
6/24/1989,192
6/25/1989,206
6/26/1989,216
6/27/1989,255
6/28/1989,356
6/29/1989,411
6/30/1989,494
7/1/1989,649
7/2/1989,468
7/3/1989,550
7/4/1989,598
7/5/1989,821
7/6/1989,732
7/7/1989,758
7/8/1989,744
7/9/1989,617
7/10/1989,488
7/11/1989,645
7/12/1989,702
7/13/1989,653
7/14/1989,1060
7/15/1989,4120
7/16/1989,6270
7/17/1989,3550
7/18/1989,2770
7/19/1989,2240
7/20/1989,2140
7/21/1989,1320
7/22/1989,1240
7/23/1989,1110
7/24/1989,1010
7/25/1989,948
7/26/1989,871
7/27/1989,834
7/28/1989,1200
7/29/1989,1850
7/30/1989,4520
7/31/1989,3860
8/1/1989,4160
8/2/1989,4400
8/3/1989,3280
8/4/1989,2650
8/5/1989,1550
8/6/1989,1480
8/7/1989,1500
8/8/1989,2170
8/9/1989,2510
8/10/1989,2580
8/11/1989,2630
8/12/1989,2670
8/13/1989,2770
8/14/1989,2630
8/15/1989,2480
8/16/1989,2390
8/17/1989,2110
8/18/1989,2140
8/19/1989,1970
8/20/1989,1960
8/21/1989,2120
8/22/1989,3080
8/23/1989,3290
8/24/1989,2180
8/25/1989,1860
8/26/1989,1800
8/27/1989,1710
8/28/1989,1560
8/29/1989,1310
8/30/1989,1250
8/31/1989,1240
9/1/1989,1100
9/2/1989,1300
9/3/1989,1060
9/4/1989,983
9/5/1989,1050
9/6/1989,751
9/7/1989,1020
9/8/1989,966
9/9/1989,1010
9/10/1989,1020
9/11/1989,1030
9/12/1989,1030
9/13/1989,1060
9/14/1989,1080
9/15/1989,1080
9/16/1989,937
9/17/1989,829
9/18/1989,898
9/19/1989,977
9/20/1989,866
9/21/1989,1230
9/22/1989,1050
9/23/1989,1070
9/24/1989,1070
9/25/1989,1190
9/26/1989,1090
9/27/1989,948
9/28/1989,818
9/29/1989,813
9/30/1989,855
10/1/1989,803
10/2/1989,707
10/3/1989,655
10/4/1989,618
10/5/1989,600
10/6/1989,557
10/7/1989,527
10/8/1989,511
10/9/1989,487
10/10/1989,483
10/11/1989,475
10/12/1989,464
10/13/1989,452
10/14/1989,429
10/15/1989,414
10/16/1989,407
10/17/1989,382
10/18/1989,385
10/19/1989,385
10/20/1989,371
10/21/1989,368
10/22/1989,364
10/23/1989,344
10/24/1989,334
10/25/1989,331
10/26/1989,325
10/27/1989,322
10/28/1989,315
10/29/1989,312
10/30/1989,309
10/31/1989,306
11/1/1989,293
11/2/1989,281
11/3/1989,278
11/4/1989,275
11/5/1989,272
11/6/1989,266
11/7/1989,264
11/8/1989,258
11/9/1989,255
11/10/1989,252
11/11/1989,252
11/12/1989,249
11/13/1989,247
11/14/1989,247
11/15/1989,241
11/16/1989,236
11/17/1989,228
11/18/1989,225
11/19/1989,222
11/20/1989,220
11/21/1989,217
11/22/1989,215
11/23/1989,209
11/24/1989,204
11/25/1989,204
11/26/1989,212
11/27/1989,209
11/28/1989,204
11/29/1989,202
11/30/1989,202
12/1/1989,192
12/2/1989,187
12/3/1989,185
12/4/1989,182
12/5/1989,182
12/6/1989,182
12/7/1989,182
12/8/1989,180
12/9/1989,177
12/10/1989,175
12/11/1989,175
12/12/1989,175
12/13/1989,173
12/14/1989,173
12/15/1989,168
12/16/1989,164
12/17/1989,162
12/18/1989,160
12/19/1989,153
12/20/1989,149
12/21/1989,145
12/22/1989,140
12/23/1989,138
12/24/1989,136
12/25/1989,153
12/26/1989,145
12/27/1989,136
12/28/1989,132
12/29/1989,134
12/30/1989,136
12/31/1989,138
1/1/1990,136
1/2/1990,155
1/3/1990,143
1/4/1990,134
1/5/1990,126
1/6/1990,124
1/7/1990,121
1/8/1990,122
1/9/1990,121
1/10/1990,119
1/11/1990,115
1/12/1990,113
1/13/1990,111
1/14/1990,109
1/15/1990,108
1/16/1990,108
1/17/1990,106
1/18/1990,104
1/19/1990,102
1/20/1990,98.5
1/21/1990,98.5
1/22/1990,96.7
1/23/1990,96.7
1/24/1990,96.7
1/25/1990,94.9
1/26/1990,94.9
1/27/1990,94.9
1/28/1990,94.9
1/29/1990,96.7
1/30/1990,96.7
1/31/1990,94.9
2/1/1990,91.7
2/2/1990,90.1
2/3/1990,88.5
2/4/1990,85.2
2/5/1990,91.7
2/6/1990,88.5
2/7/1990,86.8
2/8/1990,85.2
2/9/1990,83.6
2/10/1990,83.6
2/11/1990,82
2/12/1990,82
2/13/1990,78.8
2/14/1990,77.4
2/15/1990,75.9
2/16/1990,74.5
2/17/1990,73
2/18/1990,73
2/19/1990,74.5
2/20/1990,74.5
2/21/1990,73
2/22/1990,73
2/23/1990,73
2/24/1990,74.5
2/25/1990,74.5
2/26/1990,73
2/27/1990,77.4
2/28/1990,78.8
3/1/1990,90.1
3/2/1990,85.2
3/3/1990,80.4
3/4/1990,77.4
3/5/1990,80.4
3/6/1990,86.8
3/7/1990,86.8
3/8/1990,82
3/9/1990,78.8
3/10/1990,80.4
3/11/1990,80.4
3/12/1990,77.4
3/13/1990,75.9
3/14/1990,74.5
3/15/1990,71.6
3/16/1990,71.6
3/17/1990,71.6
3/18/1990,71.6
3/19/1990,77.4
3/20/1990,77.4
3/21/1990,75.9
3/22/1990,74.5
3/23/1990,73
3/24/1990,74.5
3/25/1990,91.7
3/26/1990,77.4
3/27/1990,71.6
3/28/1990,71.6
3/29/1990,73
3/30/1990,75.9
3/31/1990,75.9
4/1/1990,82
4/2/1990,90.1
4/3/1990,77.4
4/4/1990,88.5
4/5/1990,80.4
4/6/1990,75.9
4/7/1990,74.5
4/8/1990,75.9
4/9/1990,71.6
4/10/1990,78.8
4/11/1990,90.1
4/12/1990,75.9
4/13/1990,77.4
4/14/1990,73
4/15/1990,74.5
4/16/1990,70.1
4/17/1990,65.8
4/18/1990,65.8
4/19/1990,67.2
4/20/1990,61.7
4/21/1990,68.6
4/22/1990,65.8
4/23/1990,70.1
4/24/1990,70.1
4/25/1990,67.2
4/26/1990,64.3
4/27/1990,67.2
4/28/1990,80.4
4/29/1990,98.5
4/30/1990,104
5/1/1990,108
5/2/1990,136
5/3/1990,140
5/4/1990,115
5/5/1990,78.8
5/6/1990,98.5
5/7/1990,104
5/8/1990,115
5/9/1990,124
5/10/1990,138
5/11/1990,119
5/12/1990,111
5/13/1990,113
5/14/1990,104
5/15/1990,
5/16/1990,
5/17/1990,
5/18/1990,
5/19/1990,
5/20/1990,
5/21/1990,
5/22/1990,
5/23/1990,
5/24/1990,
5/25/1990,
5/26/1990,
5/27/1990,
5/28/1990,
5/29/1990,
5/30/1990,
5/31/1990,
6/1/1990,
6/2/1990,
6/3/1990,
6/4/1990,
6/5/1990,
6/6/1990,
6/7/1990,
6/8/1990,
6/9/1990,
6/10/1990,
6/11/1990,
6/12/1990,
6/13/1990,
6/14/1990,
6/15/1990,278
6/16/1990,296
6/17/1990,309
6/18/1990,574
6/19/1990,659
6/20/1990,722
6/21/1990,570
6/22/1990,655
6/23/1990,712
6/24/1990,646
6/25/1990,519
6/26/1990,600
6/27/1990,871
6/28/1990,722
6/29/1990,641
6/30/1990,614
7/1/1990,600
7/2/1990,523
7/3/1990,557
7/4/1990,578
7/5/1990,499
7/6/1990,674
7/7/1990,650
7/8/1990,871
7/9/1990,2330
7/10/1990,2440
7/11/1990,2220
7/12/1990,1690
7/13/1990,2040
7/14/1990,2480
7/15/1990,2620
7/16/1990,1600
7/17/1990,1490
7/18/1990,1910
7/19/1990,3640
7/20/1990,3880
7/21/1990,2180
7/22/1990,1830
7/23/1990,2010
7/24/1990,1810
7/25/1990,1540
7/26/1990,1330
7/27/1990,1390
7/28/1990,2140
7/29/1990,2000
7/30/1990,1690
7/31/1990,1400
8/1/1990,1270
8/2/1990,1210
8/3/1990,1050
8/4/1990,954
8/5/1990,920
8/6/1990,931
8/7/1990,1010
8/8/1990,1030
8/9/1990,1080
8/10/1990,1190
8/11/1990,1390
8/12/1990,2940
8/13/1990,4650
8/14/1990,3740
8/15/1990,2430
8/16/1990,2100
8/17/1990,1750
8/18/1990,1560
8/19/1990,1490
8/20/1990,1290
8/21/1990,1140
8/22/1990,1110
8/23/1990,1030
8/24/1990,966
8/25/1990,954
8/26/1990,966
8/27/1990,1310
8/28/1990,1300
8/29/1990,989
8/30/1990,954
8/31/1990,888
9/1/1990,840
9/2/1990,777
9/3/1990,751
9/4/1990,683
9/5/1990,829
9/6/1990,898
9/7/1990,1050
9/8/1990,954
9/9/1990,813
9/10/1990,766
9/11/1990,1450
9/12/1990,1270
9/13/1990,937
9/14/1990,824
9/15/1990,877
9/16/1990,771
9/17/1990,722
9/18/1990,966
9/19/1990,915
9/20/1990,702
9/21/1990,664
9/22/1990,678
9/23/1990,636
9/24/1990,722
9/25/1990,818
9/26/1990,746
9/27/1990,669
9/28/1990,641
9/29/1990,641
9/30/1990,587
10/1/1990,570
10/2/1990,540
10/3/1990,507
10/4/1990,499
10/5/1990,483
10/6/1990,464
10/7/1990,441
10/8/1990,433
10/9/1990,414
10/10/1990,418
10/11/1990,400
10/12/1990,392
10/13/1990,392
10/14/1990,483
10/15/1990,425
10/16/1990,403
10/17/1990,378
10/18/1990,358
10/19/1990,347
10/20/1990,344
10/21/1990,341
10/22/1990,318
10/23/1990,309
10/24/1990,300
10/25/1990,296
10/26/1990,290
10/27/1990,284
10/28/1990,278
10/29/1990,272
10/30/1990,269
10/31/1990,264
11/1/1990,258
11/2/1990,252
11/3/1990,252
11/4/1990,252
11/5/1990,252
11/6/1990,247
11/7/1990,244
11/8/1990,249
11/9/1990,238
11/10/1990,236
11/11/1990,230
11/12/1990,222
11/13/1990,220
11/14/1990,215
11/15/1990,212
11/16/1990,209
11/17/1990,207
11/18/1990,204
11/19/1990,199
11/20/1990,194
11/21/1990,192
11/22/1990,180
11/23/1990,182
11/24/1990,182
11/25/1990,177
11/26/1990,175
11/27/1990,175
11/28/1990,171
11/29/1990,171
11/30/1990,171
12/1/1990,168
12/2/1990,168
12/3/1990,166
12/4/1990,164
12/5/1990,162
12/6/1990,162
12/7/1990,160
12/8/1990,153
12/9/1990,151
12/10/1990,149
12/11/1990,143
12/12/1990,140
12/13/1990,140
12/14/1990,138
12/15/1990,136
12/16/1990,134
12/17/1990,132
12/18/1990,128
12/19/1990,126
12/20/1990,126
12/21/1990,124
12/22/1990,122
12/23/1990,122
12/24/1990,122
12/25/1990,121
12/26/1990,121
12/27/1990,119
12/28/1990,117
12/29/1990,117
12/30/1990,121
12/31/1990,119
1/1/1991,136
1/2/1991,155
1/3/1991,143
1/4/1991,134
1/5/1991,126
1/6/1991,124
1/7/1991,121
1/8/1991,122
1/9/1991,121
1/10/1991,119
1/11/1991,115
1/12/1991,113
1/13/1991,111
1/14/1991,109
1/15/1991,108
1/16/1991,108
1/17/1991,106
1/18/1991,104
1/19/1991,102
1/20/1991,98.5
1/21/1991,98.5
1/22/1991,96.7
1/23/1991,96.7
1/24/1991,96.7
1/25/1991,94.9
1/26/1991,94.9
1/27/1991,94.9
1/28/1991,94.9
1/29/1991,96.7
1/30/1991,96.7
1/31/1991,94.9
2/1/1991,91.7
2/2/1991,90.1
2/3/1991,88.5
2/4/1991,85.2
2/5/1991,91.7
2/6/1991,88.5
2/7/1991,86.8
2/8/1991,85.2
2/9/1991,83.6
2/10/1991,83.6
2/11/1991,82
2/12/1991,82
2/13/1991,78.8
2/14/1991,77.4
2/15/1991,75.9
2/16/1991,74.5
2/17/1991,73
2/18/1991,73
2/19/1991,74.5
2/20/1991,74.5
2/21/1991,73
2/22/1991,73
2/23/1991,73
2/24/1991,74.5
2/25/1991,74.5
2/26/1991,73
2/27/1991,77.4
2/28/1991,90.1
3/1/1991,90.1
3/2/1991,85.2
3/3/1991,80.4
3/4/1991,77.4
3/5/1991,80.4
3/6/1991,86.8
3/7/1991,86.8
3/8/1991,82
3/9/1991,78.8
3/10/1991,80.4
3/11/1991,80.4
3/12/1991,77.4
3/13/1991,75.9
3/14/1991,74.5
3/15/1991,71.6
3/16/1991,71.6
3/17/1991,73
3/18/1991,71.6
3/19/1991,75.9
3/20/1991,77.4
3/21/1991,75.9
3/22/1991,74.5
3/23/1991,73
3/24/1991,74.5
3/25/1991,91.7
3/26/1991,77.4
3/27/1991,71.6
3/28/1991,71.6
3/29/1991,71.6
3/30/1991,75.9
3/31/1991,75.9
4/1/1991,82
4/2/1991,90.1
4/3/1991,77.4
4/4/1991,88.5
4/5/1991,80.4
4/6/1991,75.9
4/7/1991,74.5
4/8/1991,75.9
4/9/1991,73
4/10/1991,78.8
4/11/1991,90.1
4/12/1991,75.9
4/13/1991,77.4
4/14/1991,73
4/15/1991,74.5
4/16/1991,70.1
4/17/1991,65.8
4/18/1991,65.8
4/19/1991,67.2
4/20/1991,67.2
4/21/1991,68.6
4/22/1991,65.8
4/23/1991,70.1
4/24/1991,70.1
4/25/1991,67.2
4/26/1991,64.3
4/27/1991,67.2
4/28/1991,80.4
4/29/1991,98.5
4/30/1991,104
5/1/1991,108
5/2/1991,136
5/3/1991,140
5/4/1991,115
5/5/1991,78.8
5/6/1991,98.5
5/7/1991,104
5/8/1991,115
5/9/1991,124
5/10/1991,138
5/11/1991,119
5/12/1991,111
5/13/1991,113
5/14/1991,104
5/15/1991,94.9
5/16/1991,175
5/17/1991,132
5/18/1991,136
5/19/1991,132
5/20/1991,164
5/21/1991,145
5/22/1991,177
5/23/1991,171
5/24/1991,149
5/25/1991,122
5/26/1991,119
5/27/1991,153
5/28/1991,187
5/29/1991,182
5/30/1991,182
5/31/1991,189
6/1/1991,164
6/2/1991,143
6/3/1991,122
6/4/1991,109
6/5/1991,128
6/6/1991,182
6/7/1991,228
6/8/1991,410
6/9/1991,414
6/10/1991,358
6/11/1991,425
6/12/1991,407
6/13/1991,361
6/14/1991,364
6/15/1991,441
6/16/1991,315
6/17/1991,296
6/18/1991,368
6/19/1991,403
6/20/1991,396
6/21/1991,375
6/22/1991,375
6/23/1991,368
6/24/1991,422
6/25/1991,464
6/26/1991,464
6/27/1991,495
6/28/1991,468
6/29/1991,669
6/30/1991,468
7/1/1991,966
7/2/1991,618
7/3/1991,623
7/4/1991,1720
7/5/1991,1760
7/6/1991,1600
7/7/1991,1480
7/8/1991,1660
7/9/1991,2210
7/10/1991,1470
7/11/1991,1330
7/12/1991,1100
7/13/1991,861
7/14/1991,777
7/15/1991,920
7/16/1991,989
7/17/1991,792
7/18/1991,792
7/19/1991,722
7/20/1991,782
7/21/1991,877
7/22/1991,834
7/23/1991,818
7/24/1991,717
7/25/1991,674
7/26/1991,693
7/27/1991,674
7/28/1991,712
7/29/1991,1150
7/30/1991,1160
7/31/1991,977
8/1/1991,751
8/2/1991,850
8/3/1991,1420
8/4/1991,1870
8/5/1991,1970
8/6/1991,1890
8/7/1991,1550
8/8/1991,1440
8/9/1991,1720
8/10/1991,1710
8/11/1991,1830
8/12/1991,1610
8/13/1991,1500
8/14/1991,1320
8/15/1991,1330
8/16/1991,1460
8/17/1991,2650
8/18/1991,1700
8/19/1991,1790
8/20/1991,1650
8/21/1991,1630
8/22/1991,1330
8/23/1991,1180
8/24/1991,1080
8/25/1991,1040
8/26/1991,1030
8/27/1991,1040
8/28/1991,2060
8/29/1991,1650
8/30/1991,1590
8/31/1991,1630
9/1/1991,1510
9/2/1991,1640
9/3/1991,2190
9/4/1991,1870
9/5/1991,1750
9/6/1991,1470
9/7/1991,1470
9/8/1991,1420
9/9/1991,1510
9/10/1991,1750
9/11/1991,1620
9/12/1991,1560
9/13/1991,1410
9/14/1991,1460
9/15/1991,1290
9/16/1991,1200
9/17/1991,1550
9/18/1991,1470
9/19/1991,1250
9/20/1991,1090
9/21/1991,909
9/22/1991,829
9/23/1991,766
9/24/1991,712
9/25/1991,650
9/26/1991,614
9/27/1991,574
9/28/1991,540
9/29/1991,527
9/30/1991,507
10/1/1991,459
10/2/1991,469
10/3/1991,469
10/4/1991,473
10/5/1991,428
10/6/1991,418
10/7/1991,418
10/8/1991,405
10/9/1991,390
10/10/1991,388
10/11/1991,375
10/12/1991,367
10/13/1991,362
10/14/1991,352
10/15/1991,345
10/16/1991,342
10/17/1991,340
10/18/1991,328
10/19/1991,322
10/20/1991,320
10/21/1991,315
10/22/1991,312
10/23/1991,310
10/24/1991,305
10/25/1991,300
10/26/1991,298
10/27/1991,292
10/28/1991,292
10/29/1991,288
10/30/1991,278
10/31/1991,275
11/1/1991,272
11/2/1991,270
11/3/1991,268
11/4/1991,268
11/5/1991,263
11/6/1991,260
11/7/1991,255
11/8/1991,252
11/9/1991,247
11/10/1991,242
11/11/1991,242
11/12/1991,237
11/13/1991,240
11/14/1991,232
11/15/1991,232
11/16/1991,230
11/17/1991,225
11/18/1991,222
11/19/1991,220
11/20/1991,220
11/21/1991,218
11/22/1991,207
11/23/1991,205
11/24/1991,205
11/25/1991,202
11/26/1991,200
11/27/1991,200
11/28/1991,198
11/29/1991,195
11/30/1991,193
12/1/1991,188
12/2/1991,182
12/3/1991,176
12/4/1991,176
12/5/1991,176
12/6/1991,174
12/7/1991,172
12/8/1991,172
12/9/1991,168
12/10/1991,168
12/11/1991,162
12/12/1991,158
12/13/1991,160
12/14/1991,158
12/15/1991,158
12/16/1991,154
12/17/1991,154
12/18/1991,154
12/19/1991,152
12/20/1991,150
12/21/1991,148
12/22/1991,146
12/23/1991,144
12/24/1991,148
12/25/1991,160
12/26/1991,188
12/27/1991,178
12/28/1991,164
12/29/1991,160
12/30/1991,156
12/31/1991,150
1/1/1992,148
1/2/1992,146
1/3/1992,144
1/4/1992,144
1/5/1992,142
1/6/1992,140
1/7/1992,140
1/8/1992,140
1/9/1992,136
1/10/1992,136
1/11/1992,132
1/12/1992,132
1/13/1992,146
1/14/1992,136
1/15/1992,134
1/16/1992,130
1/17/1992,130
1/18/1992,124
1/19/1992,124
1/20/1992,124
1/21/1992,122
1/22/1992,124
1/23/1992,126
1/24/1992,124
1/25/1992,122
1/26/1992,120
1/27/1992,118
1/28/1992,116
1/29/1992,118
1/30/1992,116
1/31/1992,116
2/1/1992,118
2/2/1992,120
2/3/1992,116
2/4/1992,114
2/5/1992,110
2/6/1992,114
2/7/1992,112
2/8/1992,126
2/9/1992,128
2/10/1992,120
2/11/1992,106
2/12/1992,110
2/13/1992,106
2/14/1992,102
2/15/1992,106
2/16/1992,104
2/17/1992,102
2/18/1992,102
2/19/1992,98
2/20/1992,96
2/21/1992,94
2/22/1992,94
2/23/1992,94
2/24/1992,92
2/25/1992,92
2/26/1992,90
2/27/1992,90
2/28/1992,90
2/29/1992,94
3/1/1992,94
3/2/1992,92
3/3/1992,88
3/4/1992,94
3/5/1992,98
3/6/1992,96
3/7/1992,92
3/8/1992,92
3/9/1992,96
3/10/1992,90
3/11/1992,94
3/12/1992,86
3/13/1992,88
3/14/1992,90
3/15/1992,86
3/16/1992,82
3/17/1992,80
3/18/1992,80
3/19/1992,82
3/20/1992,90
3/21/1992,84
3/22/1992,86
3/23/1992,82
3/24/1992,82
3/25/1992,80
3/26/1992,80
3/27/1992,80
3/28/1992,75.5
3/29/1992,78.5
3/30/1992,82
3/31/1992,80
4/1/1992,80
4/2/1992,80
4/3/1992,80
4/4/1992,78.5
4/5/1992,78.5
4/6/1992,77
4/7/1992,77
4/8/1992,78.5
4/9/1992,80
4/10/1992,80
4/11/1992,84
4/12/1992,84
4/13/1992,88
4/14/1992,100
4/15/1992,100
4/16/1992,98
4/17/1992,92
4/18/1992,86
4/19/1992,78.5
4/20/1992,80
4/21/1992,80
4/22/1992,86
4/23/1992,102
4/24/1992,90
4/25/1992,90
4/26/1992,80
4/27/1992,80
4/28/1992,82
4/29/1992,96
4/30/1992,100
5/1/1992,96
5/2/1992,114
5/3/1992,116
5/4/1992,108
5/5/1992,108
5/6/1992,124
5/7/1992,108
5/8/1992,100
5/9/1992,96
5/10/1992,94
5/11/1992,94
5/12/1992,132
5/13/1992,140
5/14/1992,128
5/15/1992,128
5/16/1992,120
5/17/1992,122
5/18/1992,126
5/19/1992,148
5/20/1992,116
5/21/1992,106
5/22/1992,102
5/23/1992,100
5/24/1992,108
5/25/1992,102
5/26/1992,102
5/27/1992,102
5/28/1992,120
5/29/1992,112
5/30/1992,118
5/31/1992,124
6/1/1992,130
6/2/1992,116
6/3/1992,118
6/4/1992,122
6/5/1992,112
6/6/1992,126
6/7/1992,142
6/8/1992,166
6/9/1992,166
6/10/1992,176
6/11/1992,170
6/12/1992,148
6/13/1992,140
6/14/1992,156
6/15/1992,164
6/16/1992,180
6/17/1992,182
6/18/1992,205
6/19/1992,202
6/20/1992,235
6/21/1992,335
6/22/1992,432
6/23/1992,312
6/24/1992,312
6/25/1992,307
6/26/1992,290
6/27/1992,298
6/28/1992,300
6/29/1992,307
6/30/1992,298
7/1/1992,298
7/2/1992,265
7/3/1992,285
7/4/1992,268
7/5/1992,317
7/6/1992,367
7/7/1992,370
7/8/1992,350
7/9/1992,445
7/10/1992,459
7/11/1992,400
7/12/1992,377
7/13/1992,382
7/14/1992,440
7/15/1992,425
7/16/1992,410
7/17/1992,523
7/18/1992,618
7/19/1992,636
7/20/1992,574
7/21/1992,544
7/22/1992,425
7/23/1992,430
7/24/1992,435
7/25/1992,688
7/26/1992,1050
7/27/1992,712
7/28/1992,552
7/29/1992,523
7/30/1992,855
7/31/1992,882
8/1/1992,1280
8/2/1992,2800
8/3/1992,1310
8/4/1992,1140
8/5/1992,1030
8/6/1992,732
8/7/1992,1740
8/8/1992,1790
8/9/1992,1390
8/10/1992,1020
8/11/1992,893
8/12/1992,741
8/13/1992,678
8/14/1992,641
8/15/1992,1230
8/16/1992,1270
8/17/1992,1060
8/18/1992,1090
8/19/1992,1100
8/20/1992,1020
8/21/1992,983
8/22/1992,1610
8/23/1992,1250
8/24/1992,2070
8/25/1992,3040
8/26/1992,2560
8/27/1992,2260
8/28/1992,1790
8/29/1992,1510
8/30/1992,1280
8/31/1992,1110
9/1/1992,1030
9/2/1992,943
9/3/1992,1620
9/4/1992,871
9/5/1992,792
9/6/1992,741
9/7/1992,761
9/8/1992,722
9/9/1992,777
9/10/1992,741
9/11/1992,702
9/12/1992,618
9/13/1992,587
9/14/1992,544
9/15/1992,507
9/16/1992,499
9/17/1992,824
9/18/1992,707
9/19/1992,641
9/20/1992,587
9/21/1992,540
9/22/1992,511
9/23/1992,495
9/24/1992,459
9/25/1992,442
9/26/1992,435
9/27/1992,428
9/28/1992,425
9/29/1992,425
9/30/1992,511
10/1/1992,531
10/2/1992,455
10/3/1992,425
10/4/1992,413
10/5/1992,402
10/6/1992,405
10/7/1992,388
10/8/1992,380
10/9/1992,350
10/10/1992,340
10/11/1992,335
10/12/1992,430
10/13/1992,428
10/14/1992,392
10/15/1992,362
10/16/1992,355
10/17/1992,345
10/18/1992,345
10/19/1992,328
10/20/1992,317
10/21/1992,307
10/22/1992,302
10/23/1992,295
10/24/1992,288
10/25/1992,283
10/26/1992,275
10/27/1992,278
10/28/1992,272
10/29/1992,268
10/30/1992,263
10/31/1992,260
11/1/1992,255
11/2/1992,252
11/3/1992,252
11/4/1992,247
11/5/1992,247
11/6/1992,240
11/7/1992,235
11/8/1992,232
11/9/1992,215
11/10/1992,210
11/11/1992,218
11/12/1992,222
11/13/1992,228
11/14/1992,210
11/15/1992,205
11/16/1992,202
11/17/1992,200
11/18/1992,195
11/19/1992,193
11/20/1992,188
11/21/1992,182
11/22/1992,182
11/23/1992,178
11/24/1992,178
11/25/1992,176
11/26/1992,170
11/27/1992,168
11/28/1992,170
11/29/1992,168
11/30/1992,162
12/1/1992,160
12/2/1992,162
12/3/1992,160
12/4/1992,166
12/5/1992,166
12/6/1992,164
12/7/1992,160
12/8/1992,156
12/9/1992,150
12/10/1992,148
12/11/1992,146
12/12/1992,144
12/13/1992,144
12/14/1992,142
12/15/1992,138
12/16/1992,138
12/17/1992,134
12/18/1992,132
12/19/1992,130
12/20/1992,126
12/21/1992,124
12/22/1992,122
12/23/1992,120
12/24/1992,116
12/25/1992,114
12/26/1992,120
12/27/1992,112
12/28/1992,112
12/29/1992,112
12/30/1992,110
12/31/1992,108
1/1/1993,106
1/2/1993,104
1/3/1993,106
1/4/1993,104
1/5/1993,102
1/6/1993,102
1/7/1993,102
1/8/1993,108
1/9/1993,116
1/10/1993,104
1/11/1993,106
1/12/1993,104
1/13/1993,104
1/14/1993,102
1/15/1993,100
1/16/1993,96
1/17/1993,96
1/18/1993,96
1/19/1993,94
1/20/1993,92
1/21/1993,90
1/22/1993,90
1/23/1993,88
1/24/1993,86
1/25/1993,86
1/26/1993,86
1/27/1993,86
1/28/1993,90
1/29/1993,90
1/30/1993,90
1/31/1993,86
2/1/1993,84
2/2/1993,82
2/3/1993,80
2/4/1993,78.5
2/5/1993,78.5
2/6/1993,78.5
2/7/1993,77
2/8/1993,75.5
2/9/1993,74
2/10/1993,86
2/11/1993,94
2/12/1993,82
2/13/1993,78.5
2/14/1993,82
2/15/1993,88
2/16/1993,88
2/17/1993,84
2/18/1993,84
2/19/1993,77
2/20/1993,75.5
2/21/1993,74
2/22/1993,72.5
2/23/1993,69.5
2/24/1993,68
2/25/1993,66.5
2/26/1993,68
2/27/1993,71
2/28/1993,71
3/1/1993,69.5
3/2/1993,68
3/3/1993,69.5
3/4/1993,65
3/5/1993,65
3/6/1993,63.7
3/7/1993,61.1
3/8/1993,61.1
3/9/1993,59.8
3/10/1993,61.1
3/11/1993,61.1
3/12/1993,59.8
3/13/1993,61.1
3/14/1993,61.1
3/15/1993,59.8
3/16/1993,59.8
3/17/1993,59.8
3/18/1993,57.2
3/19/1993,55.9
3/20/1993,54.6
3/21/1993,53.3
3/22/1993,53.3
3/23/1993,57.2
3/24/1993,55.9
3/25/1993,61.1
3/26/1993,116
3/27/1993,94
3/28/1993,98
3/29/1993,74
3/30/1993,68
3/31/1993,66.5
4/1/1993,63.7
4/2/1993,63.7
4/3/1993,59.8
4/4/1993,55.9
4/5/1993,54.6
4/6/1993,54.6
4/7/1993,52
4/8/1993,52
4/9/1993,52
4/10/1993,53.3
4/11/1993,55.9
4/12/1993,53.3
4/13/1993,65
4/14/1993,65
4/15/1993,66.5
4/16/1993,69.5
4/17/1993,71
4/18/1993,84
4/19/1993,82
4/20/1993,88
4/21/1993,88
4/22/1993,90
4/23/1993,86
4/24/1993,102
4/25/1993,130
4/26/1993,128
4/27/1993,122
4/28/1993,106
4/29/1993,144
4/30/1993,172
5/1/1993,144
5/2/1993,148
5/3/1993,154
5/4/1993,158
5/5/1993,162
5/6/1993,182
5/7/1993,210
5/8/1993,164
5/9/1993,188
5/10/1993,174
5/11/1993,158
5/12/1993,138
5/13/1993,124
5/14/1993,116
5/15/1993,154
5/16/1993,134
5/17/1993,166
5/18/1993,162
5/19/1993,160
5/20/1993,156
5/21/1993,154
5/22/1993,140
5/23/1993,134
5/24/1993,120
5/25/1993,142
5/26/1993,170
5/27/1993,168
5/28/1993,265
5/29/1993,178
5/30/1993,166
5/31/1993,172
6/1/1993,178
6/2/1993,182
6/3/1993,168
6/4/1993,193
6/5/1993,225
6/6/1993,210
6/7/1993,305
6/8/1993,240
6/9/1993,245
6/10/1993,255
6/11/1993,270
6/12/1993,263
6/13/1993,328
6/14/1993,300
6/15/1993,275
6/16/1993,288
6/17/1993,317
6/18/1993,288
6/19/1993,322
6/20/1993,315
6/21/1993,305
6/22/1993,265
6/23/1993,307
6/24/1993,312
6/25/1993,455
6/26/1993,398
6/27/1993,328
6/28/1993,380
6/29/1993,442
6/30/1993,398
7/1/1993,435
7/2/1993,491
7/3/1993,459
7/4/1993,570
7/5/1993,544
7/6/1993,544
7/7/1993,570
7/8/1993,523
7/9/1993,452
7/10/1993,445
7/11/1993,469
7/12/1993,574
7/13/1993,455
7/14/1993,445
7/15/1993,664
7/16/1993,587
7/17/1993,641
7/18/1993,994
7/19/1993,641
7/20/1993,535
7/21/1993,527
7/22/1993,544
7/23/1993,818
7/24/1993,698
7/25/1993,698
7/26/1993,782
7/27/1993,777
7/28/1993,954
7/29/1993,1260
7/30/1993,664
7/31/1993,1310
8/1/1993,2040
8/2/1993,3690
8/3/1993,3010
8/4/1993,2020
8/5/1993,2200
8/6/1993,1800
8/7/1993,1870
8/8/1993,1530
8/9/1993,1680
8/10/1993,2280
8/11/1993,1490
8/12/1993,1360
8/13/1993,1390
8/14/1993,1460
8/15/1993,1210
8/16/1993,1220
8/17/1993,1220
8/18/1993,1190
8/19/1993,1490
8/20/1993,2120
8/21/1993,1770
8/22/1993,1940
8/23/1993,1620
8/24/1993,2040
8/25/1993,1980
8/26/1993,1870
8/27/1993,1610
8/28/1993,1620
8/29/1993,1690
8/30/1993,1710
8/31/1993,2180
9/1/1993,2040
9/2/1993,1780
9/3/1993,1590
9/4/1993,1470
9/5/1993,1210
9/6/1993,5740
9/7/1993,6840
9/8/1993,3210
9/9/1993,2630
9/10/1993,2020
9/11/1993,1850
9/12/1993,1490
9/13/1993,1320
9/14/1993,1420
9/15/1993,1370
9/16/1993,1240
9/17/1993,1100
9/18/1993,1000
9/19/1993,866
9/20/1993,803
9/21/1993,797
9/22/1993,756
9/23/1993,761
9/24/1993,1670
9/25/1993,2140
9/26/1993,2050
9/27/1993,1980
9/28/1993,1910
9/29/1993,1420
9/30/1993,861
10/1/1993,829
10/2/1993,771
10/3/1993,741
10/4/1993,698
10/5/1993,702
10/6/1993,659
10/7/1993,636
10/8/1993,587
10/9/1993,544
10/10/1993,531
10/11/1993,531
10/12/1993,507
10/13/1993,479
10/14/1993,475
10/15/1993,441
10/16/1993,429
10/17/1993,414
10/18/1993,400
10/19/1993,385
10/20/1993,375
10/21/1993,364
10/22/1993,358
10/23/1993,351
10/24/1993,344
10/25/1993,341
10/26/1993,328
10/27/1993,318
10/28/1993,312
10/29/1993,312
10/30/1993,306
10/31/1993,293
11/1/1993,296
11/2/1993,284
11/3/1993,278
11/4/1993,275
11/5/1993,269
11/6/1993,269
11/7/1993,266
11/8/1993,261
11/9/1993,255
11/10/1993,252
11/11/1993,252
11/12/1993,244
11/13/1993,241
11/14/1993,238
11/15/1993,236
11/16/1993,236
11/17/1993,233
11/18/1993,230
11/19/1993,222
11/20/1993,215
11/21/1993,209
11/22/1993,204
11/23/1993,199
11/24/1993,197
11/25/1993,194
11/26/1993,192
11/27/1993,189
11/28/1993,187
11/29/1993,185
11/30/1993,182
12/1/1993,177
12/2/1993,173
12/3/1993,171
12/4/1993,171
12/5/1993,168
12/6/1993,168
12/7/1993,166
12/8/1993,164
12/9/1993,162
12/10/1993,157
12/11/1993,155
12/12/1993,153
12/13/1993,151
12/14/1993,147
12/15/1993,145
12/16/1993,138
12/17/1993,138
12/18/1993,136
12/19/1993,134
12/20/1993,132
12/21/1993,132
12/22/1993,132
12/23/1993,126
12/24/1993,122
12/25/1993,122
12/26/1993,121
12/27/1993,121
12/28/1993,119
12/29/1993,119
12/30/1993,117
12/31/1993,115
1/1/1994,113
1/2/1994,111
1/3/1994,111
1/4/1994,109
1/5/1994,109
1/6/1994,108
1/7/1994,108
1/8/1994,109
1/9/1994,108
1/10/1994,106
1/11/1994,106
1/12/1994,104
1/13/1994,104
1/14/1994,102
1/15/1994,111
1/16/1994,117
1/17/1994,122
1/18/1994,121
1/19/1994,111
1/20/1994,108
1/21/1994,104
1/22/1994,104
1/23/1994,102
1/24/1994,100
1/25/1994,98.5
1/26/1994,96.7
1/27/1994,94.9
1/28/1994,109
1/29/1994,108
1/30/1994,100
1/31/1994,85.2
2/1/1994,91.7
2/2/1994,88.5
2/3/1994,86.8
2/4/1994,85.2
2/5/1994,83.6
2/6/1994,83.6
2/7/1994,80.4
2/8/1994,78.8
2/9/1994,86.8
2/10/1994,113
2/11/1994,111
2/12/1994,102
2/13/1994,94.9
2/14/1994,85.2
2/15/1994,82
2/16/1994,82
2/17/1994,80.4
2/18/1994,78.8
2/19/1994,77.4
2/20/1994,75.9
2/21/1994,74.5
2/22/1994,74.5
2/23/1994,85.2
2/24/1994,78.8
2/25/1994,78.8
2/26/1994,75.9
2/27/1994,73
2/28/1994,71.6
3/1/1994,73
3/2/1994,71.6
3/3/1994,71.6
3/4/1994,71.6
3/5/1994,71.6
3/6/1994,71.6
3/7/1994,71.6
3/8/1994,68.6
3/9/1994,68.6
3/10/1994,67.2
3/11/1994,65.8
3/12/1994,65.8
3/13/1994,65.8
3/14/1994,68.6
3/15/1994,68.6
3/16/1994,68.6
3/17/1994,71.6
3/18/1994,67.2
3/19/1994,65.8
3/20/1994,77.4
3/21/1994,75.9
3/22/1994,71.6
3/23/1994,67.2
3/24/1994,64.3
3/25/1994,61.7
3/26/1994,61.7
3/27/1994,65.8
3/28/1994,64.3
3/29/1994,60.4
3/30/1994,60.4
3/31/1994,61.7
4/1/1994,82
4/2/1994,74.5
4/3/1994,67.2
4/4/1994,63
4/5/1994,61.7
4/6/1994,65.8
4/7/1994,71.6
4/8/1994,67.2
4/9/1994,65.8
4/10/1994,63
4/11/1994,59.1
4/12/1994,55.2
4/13/1994,53.9
4/14/1994,53.9
4/15/1994,51.3
4/16/1994,52.6
4/17/1994,49
4/18/1994,49
4/19/1994,49
4/20/1994,49
4/21/1994,51.3
4/22/1994,55.2
4/23/1994,59.1
4/24/1994,61.7
4/25/1994,61.7
4/26/1994,61.7
4/27/1994,59.1
4/28/1994,59.1
4/29/1994,57.8
4/30/1994,59.1
5/1/1994,60.4
5/2/1994,60.4
5/3/1994,64.3
5/4/1994,67.2
5/5/1994,64.3
5/6/1994,68.6
5/7/1994,73
5/8/1994,80.4
5/9/1994,90.1
5/10/1994,98.5
5/11/1994,108
5/12/1994,96.7
5/13/1994,85.2
5/14/1994,78.8
5/15/1994,98.5
5/16/1994,88.5
5/17/1994,83.6
5/18/1994,82
5/19/1994,86.8
5/20/1994,83.6
5/21/1994,80.4
5/22/1994,121
5/23/1994,130
5/24/1994,185
5/25/1994,199
5/26/1994,212
5/27/1994,187
5/28/1994,197
5/29/1994,199
5/30/1994,192
5/31/1994,230
6/1/1994,347
6/2/1994,215
6/3/1994,204
6/4/1994,207
6/5/1994,236
6/6/1994,197
6/7/1994,194
6/8/1994,192
6/9/1994,315
6/10/1994,296
6/11/1994,364
6/12/1994,296
6/13/1994,293
6/14/1994,344
6/15/1994,396
6/16/1994,444
6/17/1994,441
6/18/1994,495
6/19/1994,678
6/20/1994,483
6/21/1994,609
6/22/1994,503
6/23/1994,803
6/24/1994,888
6/25/1994,797
6/26/1994,850
6/27/1994,948
6/28/1994,727
6/29/1994,707
6/30/1994,712
7/1/1994,678
7/2/1994,636
7/3/1994,751
7/4/1994,782
7/5/1994,712
7/6/1994,623
7/7/1994,632
7/8/1994,587
7/9/1994,519
7/10/1994,766
7/11/1994,1020
7/12/1994,1270
7/13/1994,937
7/14/1994,898
7/15/1994,926
7/16/1994,693
7/17/1994,641
7/18/1994,618
7/19/1994,693
7/20/1994,678
7/21/1994,732
7/22/1994,904
7/23/1994,977
7/24/1994,1140
7/25/1994,1060
7/26/1994,1160
7/27/1994,1920
7/28/1994,1440
7/29/1994,1510
7/30/1994,1540
7/31/1994,1560
8/1/1994,1490
8/2/1994,824
8/3/1994,824
8/4/1994,813
8/5/1994,824
8/6/1994,983
8/7/1994,1020
8/8/1994,943
8/9/1994,1170
8/10/1994,1490
8/11/1994,1500
8/12/1994,1490
8/13/1994,1310
8/14/1994,1210
8/15/1994,1790
8/16/1994,1560
8/17/1994,1290
8/18/1994,1210
8/19/1994,1230
8/20/1994,1250
8/21/1994,954
8/22/1994,1170
8/23/1994,1270
8/24/1994,1380
8/25/1994,2150
8/26/1994,2260
8/27/1994,1980
8/28/1994,1500
8/29/1994,1180
8/30/1994,1160
8/31/1994,1250
9/1/1994,1090
9/2/1994,994
9/3/1994,931
9/4/1994,915
9/5/1994,824
9/6/1994,746
9/7/1994,702
9/8/1994,655
9/9/1994,632
9/10/1994,893
9/11/1994,931
9/12/1994,803
9/13/1994,1060
9/14/1994,1060
9/15/1994,1180
9/16/1994,1200
9/17/1994,871
9/18/1994,787
9/19/1994,1200
9/20/1994,1690
9/21/1994,1370
9/22/1994,834
9/23/1994,707
9/24/1994,674
9/25/1994,618
9/26/1994,574
9/27/1994,527
9/28/1994,511
9/29/1994,495
9/30/1994,477
10/1/1994,466
10/2/1994,466
10/3/1994,447
10/4/1994,420
10/5/1994,395
10/6/1994,382
10/7/1994,380
10/8/1994,367
10/9/1994,362
10/10/1994,360
10/11/1994,357
10/12/1994,342
10/13/1994,340
10/14/1994,338
10/15/1994,320
10/16/1994,322
10/17/1994,325
10/18/1994,320
10/19/1994,310
10/20/1994,307
10/21/1994,300
10/22/1994,290
10/23/1994,285
10/24/1994,283
10/25/1994,280
10/26/1994,275
10/27/1994,272
10/28/1994,270
10/29/1994,280
10/30/1994,270
10/31/1994,270
11/1/1994,257
11/2/1994,247
11/3/1994,245
11/4/1994,242
11/5/1994,240
11/6/1994,237
11/7/1994,232
11/8/1994,228
11/9/1994,225
11/10/1994,222
11/11/1994,222
11/12/1994,220
11/13/1994,218
11/14/1994,212
11/15/1994,207
11/16/1994,202
11/17/1994,200
11/18/1994,195
11/19/1994,190
11/20/1994,185
11/21/1994,185
11/22/1994,180
11/23/1994,176
11/24/1994,174
11/25/1994,172
11/26/1994,168
11/27/1994,166
11/28/1994,164
11/29/1994,166
11/30/1994,164
12/1/1994,160
12/2/1994,158
12/3/1994,156
12/4/1994,154
12/5/1994,154
12/6/1994,152
12/7/1994,152
12/8/1994,150
12/9/1994,150
12/10/1994,148
12/11/1994,146
12/12/1994,144
12/13/1994,142
12/14/1994,140
12/15/1994,138
12/16/1994,134
12/17/1994,130
12/18/1994,126
12/19/1994,128
12/20/1994,126
12/21/1994,124
12/22/1994,120
12/23/1994,118
12/24/1994,116
12/25/1994,116
12/26/1994,114
12/27/1994,112
12/28/1994,112
12/29/1994,110
12/30/1994,108
12/31/1994,108
1/1/1995,108
1/2/1995,106
1/3/1995,106
1/4/1995,104
1/5/1995,102
1/6/1995,100
1/7/1995,100
1/8/1995,102
1/9/1995,104
1/10/1995,100
1/11/1995,100
1/12/1995,114
1/13/1995,112
1/14/1995,108
1/15/1995,104
1/16/1995,102
1/17/1995,102
1/18/1995,102
1/19/1995,102
1/20/1995,98
1/21/1995,98
1/22/1995,98
1/23/1995,94
1/24/1995,92
1/25/1995,90
1/26/1995,90
1/27/1995,88
1/28/1995,88
1/29/1995,88
1/30/1995,86
1/31/1995,82
2/1/1995,82
2/2/1995,82
2/3/1995,82
2/4/1995,80
2/5/1995,78.5
2/6/1995,80
2/7/1995,80
2/8/1995,78.5
2/9/1995,77
2/10/1995,80
2/11/1995,80
2/12/1995,80
2/13/1995,80
2/14/1995,78.5
2/15/1995,78.5
2/16/1995,84
2/17/1995,92
2/18/1995,84
2/19/1995,82
2/20/1995,78.5
2/21/1995,77
2/22/1995,74
2/23/1995,78.5
2/24/1995,96
2/25/1995,96
2/26/1995,82
2/27/1995,75.5
2/28/1995,77
3/1/1995,82
3/2/1995,78.5
3/3/1995,74
3/4/1995,74
3/5/1995,74
3/6/1995,72.5
3/7/1995,69.5
3/8/1995,69.5
3/9/1995,68
3/10/1995,68
3/11/1995,66.5
3/12/1995,65
3/13/1995,63.7
3/14/1995,63.7
3/15/1995,62.4
3/16/1995,62.4
3/17/1995,61.1
3/18/1995,63.7
3/19/1995,63.7
3/20/1995,63.7
3/21/1995,66.5
3/22/1995,65
3/23/1995,68
3/24/1995,69.5
3/25/1995,74
3/26/1995,90
3/27/1995,98
3/28/1995,168
3/29/1995,132
3/30/1995,120
3/31/1995,90
4/1/1995,94
4/2/1995,86
4/3/1995,75.5
4/4/1995,74
4/5/1995,72.5
4/6/1995,69.5
4/7/1995,66.5
4/8/1995,63.7
4/9/1995,63.7
4/10/1995,66.5
4/11/1995,90
4/12/1995,94
4/13/1995,88
4/14/1995,71
4/15/1995,74
4/16/1995,72.5
4/17/1995,72.5
4/18/1995,71
4/19/1995,84
4/20/1995,84
4/21/1995,82
4/22/1995,80
4/23/1995,80
4/24/1995,108
4/25/1995,100
4/26/1995,100
4/27/1995,112
4/28/1995,126
4/29/1995,134
4/30/1995,134
5/1/1995,158
5/2/1995,142
5/3/1995,132
5/4/1995,122
5/5/1995,110
5/6/1995,102
5/7/1995,98
5/8/1995,114
5/9/1995,132
5/10/1995,134
5/11/1995,148
5/12/1995,158
5/13/1995,178
5/14/1995,250
5/15/1995,200
5/16/1995,212
5/17/1995,292
5/18/1995,300
5/19/1995,285
5/20/1995,280
5/21/1995,263
5/22/1995,230
5/23/1995,218
5/24/1995,202
5/25/1995,182
5/26/1995,168
5/27/1995,166
5/28/1995,215
5/29/1995,247
5/30/1995,220
5/31/1995,218
6/1/1995,220
6/2/1995,242
6/3/1995,245
6/4/1995,263
6/5/1995,265
6/6/1995,310
6/7/1995,405
6/8/1995,548
6/9/1995,352
6/10/1995,523
6/11/1995,664
6/12/1995,761
6/13/1995,702
6/14/1995,741
6/15/1995,540
6/16/1995,515
6/17/1995,499
6/18/1995,565
6/19/1995,727
6/20/1995,1080
6/21/1995,866
6/22/1995,1060
6/23/1995,1130
6/24/1995,2170
6/25/1995,2660
6/26/1995,1460
6/27/1995,1220
6/28/1995,1290
6/29/1995,1490
6/30/1995,1610
7/1/1995,1910
7/2/1995,2280
7/3/1995,2340
7/4/1995,1230
7/5/1995,1250
7/6/1995,2350
7/7/1995,2360
7/8/1995,2750
7/9/1995,2480
7/10/1995,2370
7/11/1995,5810
7/12/1995,5240
7/13/1995,3150
7/14/1995,2380
7/15/1995,1960
7/16/1995,1620
7/17/1995,1850
7/18/1995,2180
7/19/1995,2200
7/20/1995,2120
7/21/1995,1780
7/22/1995,1600
7/23/1995,1500
7/24/1995,1450
7/25/1995,1210
7/26/1995,1030
7/27/1995,994
7/28/1995,1300
7/29/1995,1060
7/30/1995,1090
7/31/1995,1050
8/1/1995,1540
8/2/1995,2040
8/3/1995,1750
8/4/1995,1810
8/5/1995,1630
8/6/1995,1600
8/7/1995,1420
8/8/1995,1610
8/9/1995,1460
8/10/1995,1610
8/11/1995,1390
8/12/1995,1270
8/13/1995,1660
8/14/1995,2350
8/15/1995,1960
8/16/1995,1830
8/17/1995,2020
8/18/1995,2040
8/19/1995,1840
8/20/1995,2110
8/21/1995,2330
8/22/1995,1530
8/23/1995,1440
8/24/1995,1580
8/25/1995,1430
8/26/1995,1380
8/27/1995,1370
8/28/1995,1420
8/29/1995,1560
8/30/1995,1870
8/31/1995,1820
9/1/1995,2070
9/2/1995,1870
9/3/1995,1220
9/4/1995,1230
9/5/1995,1390
9/6/1995,1540
9/7/1995,1620
9/8/1995,1720
9/9/1995,1420
9/10/1995,1080
9/11/1995,1190
9/12/1995,1060
9/13/1995,761
9/14/1995,736
9/15/1995,717
9/16/1995,746
9/17/1995,746
9/18/1995,727
9/19/1995,766
9/20/1995,756
9/21/1995,722
9/22/1995,664
9/23/1995,600
9/24/1995,548
9/25/1995,609
9/26/1995,587
9/27/1995,570
9/28/1995,548
9/29/1995,527
9/30/1995,507
10/1/1995,507
10/2/1995,499
10/3/1995,515
10/4/1995,535
10/5/1995,499
10/6/1995,437
10/7/1995,433
10/8/1995,400
10/9/1995,389
10/10/1995,410
10/11/1995,425
10/12/1995,403
10/13/1995,382
10/14/1995,378
10/15/1995,358
10/16/1995,351
10/17/1995,344
10/18/1995,341
10/19/1995,334
10/20/1995,312
10/21/1995,306
10/22/1995,296
10/23/1995,284
10/24/1995,278
10/25/1995,281
10/26/1995,281
10/27/1995,278
10/28/1995,275
10/29/1995,266
10/30/1995,261
10/31/1995,258
11/1/1995,252
11/2/1995,244
11/3/1995,241
11/4/1995,236
11/5/1995,233
11/6/1995,230
11/7/1995,225
11/8/1995,222
11/9/1995,220
11/10/1995,228
11/11/1995,736
11/12/1995,519
11/13/1995,331
11/14/1995,290
11/15/1995,272
11/16/1995,258
11/17/1995,252
11/18/1995,247
11/19/1995,233
11/20/1995,228
11/21/1995,222
11/22/1995,217
11/23/1995,217
11/24/1995,212
11/25/1995,207
11/26/1995,202
11/27/1995,197
11/28/1995,192
11/29/1995,187
11/30/1995,185
12/1/1995,182
12/2/1995,180
12/3/1995,173
12/4/1995,173
12/5/1995,168
12/6/1995,168
12/7/1995,168
12/8/1995,166
12/9/1995,164
12/10/1995,160
12/11/1995,155
12/12/1995,168
12/13/1995,162
12/14/1995,151
12/15/1995,140
12/16/1995,138
12/17/1995,138
12/18/1995,136
12/19/1995,134
12/20/1995,132
12/21/1995,130
12/22/1995,130
12/23/1995,128
12/24/1995,126
12/25/1995,126
12/26/1995,124
12/27/1995,121
12/28/1995,119
12/29/1995,117
12/30/1995,117
12/31/1995,115
1/1/1996,107
1/2/1996,105
1/3/1996,97.3
1/4/1996,92.7
1/5/1996,103
1/6/1996,102
1/7/1996,102
1/8/1996,107
1/9/1996,98.1
1/10/1996,97.3
1/11/1996,99.6
1/12/1996,98.1
1/13/1996,95.8
1/14/1996,94.2
1/15/1996,93.4
1/16/1996,141
1/17/1996,160
1/18/1996,130
1/19/1996,121
1/20/1996,113
1/21/1996,113
1/22/1996,113
1/23/1996,111
1/24/1996,109
1/25/1996,106
1/26/1996,104
1/27/1996,102
1/28/1996,98.8
1/29/1996,96.5
1/30/1996,95
1/31/1996,93.4
2/1/1996,93.4
2/2/1996,91.1
2/3/1996,91.1
2/4/1996,88.9
2/5/1996,86.7
2/6/1996,85.2
2/7/1996,83.1
2/8/1996,81.6
2/9/1996,81.6
2/10/1996,109
2/11/1996,149
2/12/1996,194
2/13/1996,148
2/14/1996,127
2/15/1996,116
2/16/1996,113
2/17/1996,108
2/18/1996,103
2/19/1996,98.8
2/20/1996,99.6
2/21/1996,98.1
2/22/1996,95
2/23/1996,91.9
2/24/1996,91.1
2/25/1996,88.9
2/26/1996,108
2/27/1996,108
2/28/1996,149
2/29/1996,121
3/1/1996,103
3/2/1996,95.8
3/3/1996,94.2
3/4/1996,99.6
3/5/1996,98.1
3/6/1996,97.3
3/7/1996,95.8
3/8/1996,93.4
3/9/1996,94.2
3/10/1996,92.7
3/11/1996,94.2
3/12/1996,95.8
3/13/1996,104
3/14/1996,114
3/15/1996,109
3/16/1996,100
3/17/1996,97.3
3/18/1996,90.4
3/19/1996,103
3/20/1996,83.1
3/21/1996,79.4
3/22/1996,75.1
3/23/1996,75.1
3/24/1996,75.9
3/25/1996,73.8
3/26/1996,74.4
3/27/1996,76.6
3/28/1996,80.2
3/29/1996,76.6
3/30/1996,84.5
3/31/1996,83.8
4/1/1996,76.6
4/2/1996,73.8
4/3/1996,70.5
4/4/1996,70.5
4/5/1996,69.9
4/6/1996,72.5
4/7/1996,73.8
4/8/1996,75.2
4/9/1996,73.8
4/10/1996,70.5
4/11/1996,70.5
4/12/1996,68.6
4/13/1996,69.9
4/14/1996,68.6
4/15/1996,65.3
4/16/1996,65.9
4/17/1996,96.5
4/18/1996,76.6
4/19/1996,78
4/20/1996,77.3
4/21/1996,80.9
4/22/1996,80.9
4/23/1996,83.1
4/24/1996,83.8
4/25/1996,83.8
4/26/1996,86.7
4/27/1996,100
4/28/1996,94.2
4/29/1996,98.8
4/30/1996,104
5/1/1996,95.8
5/2/1996,114
5/3/1996,113
5/4/1996,119
5/5/1996,123
5/6/1996,118
5/7/1996,116
5/8/1996,132
5/9/1996,134
5/10/1996,122
5/11/1996,120
5/12/1996,108
5/13/1996,92.7
5/14/1996,83.1
5/15/1996,87.4
5/16/1996,91.2
5/17/1996,109
5/18/1996,133
5/19/1996,114
5/20/1996,106
5/21/1996,107
5/22/1996,85.2
5/23/1996,85.2
5/24/1996,84.5
5/25/1996,95.8
5/26/1996,126
5/27/1996,124
5/28/1996,163
5/29/1996,162
5/30/1996,169
5/31/1996,179
6/1/1996,147
6/2/1996,197
6/3/1996,177
6/4/1996,159
6/5/1996,139
6/6/1996,134
6/7/1996,124
6/8/1996,117
6/9/1996,119
6/10/1996,119
6/11/1996,137
6/12/1996,247
6/13/1996,228
6/14/1996,253
6/15/1996,272
6/16/1996,217
6/17/1996,268
6/18/1996,395
6/19/1996,380
6/20/1996,357
6/21/1996,375
6/22/1996,431
6/23/1996,440
6/24/1996,555
6/25/1996,677
6/26/1996,677
6/27/1996,679
6/28/1996,732
6/29/1996,699
6/30/1996,738
7/1/1996,850
7/2/1996,621
7/3/1996,514
7/4/1996,448
7/5/1996,463
7/6/1996,505
7/7/1996,512
7/8/1996,519
7/9/1996,537
7/10/1996,631
7/11/1996,1170
7/12/1996,2300
7/13/1996,1430
7/14/1996,3130
7/15/1996,5340
7/16/1996,1900
7/17/1996,1570
7/18/1996,1590
7/19/1996,3470
7/20/1996,4030
7/21/1996,1890
7/22/1996,1620
7/23/1996,1420
7/24/1996,1650
7/25/1996,1310
7/26/1996,1200
7/27/1996,1050
7/28/1996,936
7/29/1996,903
7/30/1996,898
7/31/1996,1000
8/1/1996,1040
8/2/1996,1070
8/3/1996,1180
8/4/1996,1040
8/5/1996,1040
8/6/1996,924
8/7/1996,870
8/8/1996,1090
8/9/1996,1940
8/10/1996,1550
8/11/1996,1530
8/12/1996,1420
8/13/1996,2120
8/14/1996,2320
8/15/1996,2330
8/16/1996,2300
8/17/1996,2190
8/18/1996,3440
8/19/1996,3800
8/20/1996,3610
8/21/1996,2280
8/22/1996,2330
8/23/1996,2220
8/24/1996,1890
8/25/1996,1470
8/26/1996,1220
8/27/1996,1250
8/28/1996,1060
8/29/1996,1020
8/30/1996,1040
8/31/1996,1460
9/1/1996,2140
9/2/1996,1950
9/3/1996,2020
9/4/1996,1760
9/5/1996,1760
9/6/1996,1770
9/7/1996,1510
9/8/1996,1420
9/9/1996,1350
9/10/1996,1140
9/11/1996,1070
9/12/1996,998
9/13/1996,967
9/14/1996,948
9/15/1996,918
9/16/1996,875
9/17/1996,792
9/18/1996,743
9/19/1996,699
9/20/1996,708
9/21/1996,625
9/22/1996,580
9/23/1996,602
9/24/1996,594
9/25/1996,588
9/26/1996,582
9/27/1996,580
9/28/1996,580
9/29/1996,574
9/30/1996,572
10/1/1996,580
10/2/1996,570
10/3/1996,564
10/4/1996,519
10/5/1996,1110
10/6/1996,1230
10/7/1996,1210
10/8/1996,1080
10/9/1996,900
10/10/1996,853
10/11/1996,590
10/12/1996,516
10/13/1996,488
10/14/1996,467
10/15/1996,459
10/16/1996,438
10/17/1996,850
10/18/1996,828
10/19/1996,806
10/20/1996,778
10/21/1996,773
10/22/1996,757
10/23/1996,712
10/24/1996,655
10/25/1996,531
10/26/1996,424
10/27/1996,367
10/28/1996,341
10/29/1996,325
10/30/1996,316
10/31/1996,308
11/1/1996,302
11/2/1996,296
11/3/1996,294
11/4/1996,281
11/5/1996,276
11/6/1996,272
11/7/1996,269
11/8/1996,263
11/9/1996,259
11/10/1996,255
11/11/1996,253
11/12/1996,248
11/13/1996,243
11/14/1996,238
11/15/1996,235
11/16/1996,229
11/17/1996,223
11/18/1996,219
11/19/1996,217
11/20/1996,222
11/21/1996,210
11/22/1996,204
11/23/1996,199
11/24/1996,192
11/25/1996,183
11/26/1996,179
11/27/1996,176
11/28/1996,174
11/29/1996,172
11/30/1996,167
12/1/1996,165
12/2/1996,163
12/3/1996,161
12/4/1996,156
12/5/1996,154
12/6/1996,151
12/7/1996,151
12/8/1996,149
12/9/1996,149
12/10/1996,145
12/11/1996,145
12/12/1996,142
12/13/1996,141
12/14/1996,140
12/15/1996,138
12/16/1996,136
12/17/1996,133
12/18/1996,132
12/19/1996,130
12/20/1996,128
12/21/1996,124
12/22/1996,122
12/23/1996,119
12/24/1996,119
12/25/1996,119
12/26/1996,119
12/27/1996,119
12/28/1996,117
12/29/1996,114
12/30/1996,114
12/31/1996,112
1/1/1997,109
1/2/1997,107
1/3/1997,105
1/4/1997,109
1/5/1997,109
1/6/1997,108
1/7/1997,104
1/8/1997,103
1/9/1997,102
1/10/1997,100
1/11/1997,98.8
1/12/1997,97.3
1/13/1997,97.3
1/14/1997,96.5
1/15/1997,95
1/16/1997,92.7
1/17/1997,91.1
1/18/1997,91.1
1/19/1997,91.1
1/20/1997,93.4
1/21/1997,117
1/22/1997,126
1/23/1997,106
1/24/1997,101
1/25/1997,97.3
1/26/1997,98.8
1/27/1997,98.1
1/28/1997,97.3
1/29/1997,95
1/30/1997,93.4
1/31/1997,91.1
2/1/1997,89.6
2/2/1997,88.2
2/3/1997,87.4
2/4/1997,86.7
2/5/1997,88.9
2/6/1997,86.7
2/7/1997,85.2
2/8/1997,83.8
2/9/1997,83.1
2/10/1997,81.6
2/11/1997,80.9
2/12/1997,79.4
2/13/1997,78
2/14/1997,76.6
2/15/1997,76.6
2/16/1997,76.6
2/17/1997,73.8
2/18/1997,72.5
2/19/1997,69.9
2/20/1997,68.6
2/21/1997,68.6
2/22/1997,69.2
2/23/1997,69.2
2/24/1997,72.5
2/25/1997,71.2
2/26/1997,71.8
2/27/1997,73.1
2/28/1997,72.5
3/1/1997,71.2
3/2/1997,70.5
3/3/1997,81.6
3/4/1997,73.8
3/5/1997,71.8
3/6/1997,70.5
3/7/1997,71.2
3/8/1997,69.9
3/9/1997,70.5
3/10/1997,70.5
3/11/1997,71.8
3/12/1997,73.1
3/13/1997,73.8
3/14/1997,69.9
3/15/1997,71.2
3/16/1997,68.6
3/17/1997,67.9
3/18/1997,66.6
3/19/1997,66.6
3/20/1997,66.6
3/21/1997,65.9
3/22/1997,65.9
3/23/1997,64.6
3/24/1997,63.3
3/25/1997,62
3/26/1997,60.8
3/27/1997,59.6
3/28/1997,60.8
3/29/1997,60.8
3/30/1997,63.3
3/31/1997,71.2
4/1/1997,73.8
4/2/1997,68.6
4/3/1997,69.2
4/4/1997,71.8
4/5/1997,77.3
4/6/1997,72.5
4/7/1997,69.9
4/8/1997,64
4/9/1997,66.6
4/10/1997,77.3
4/11/1997,78.7
4/12/1997,78.7
4/13/1997,71.2
4/14/1997,78.7
4/15/1997,92.1
4/16/1997,104
4/17/1997,99.6
4/18/1997,95.8
4/19/1997,85.7
4/20/1997,69.2
4/21/1997,69.9
4/22/1997,71.2
4/23/1997,76.6
4/24/1997,80.9
4/25/1997,86
4/26/1997,100
4/27/1997,110
4/28/1997,108
4/29/1997,103
4/30/1997,121
5/1/1997,135
5/2/1997,133
5/3/1997,132
5/4/1997,143
5/5/1997,107
5/6/1997,118
5/7/1997,112
5/8/1997,108
5/9/1997,114
5/10/1997,120
5/11/1997,108
5/12/1997,113
5/13/1997,100
5/14/1997,98.1
5/15/1997,97.3
5/16/1997,97.3
5/17/1997,94.2
5/18/1997,83.1
5/19/1997,83.8
5/20/1997,92
5/21/1997,104
5/22/1997,119
5/23/1997,109
5/24/1997,116
5/25/1997,118
5/26/1997,126
5/27/1997,110
5/28/1997,108
5/29/1997,141
5/30/1997,158
5/31/1997,160
6/1/1997,128
6/2/1997,124
6/3/1997,129
6/4/1997,132
6/5/1997,127
6/6/1997,129
6/7/1997,143
6/8/1997,139
6/9/1997,170
6/10/1997,183
6/11/1997,197
6/12/1997,241
6/13/1997,222
6/14/1997,212
6/15/1997,194
6/16/1997,191
6/17/1997,272
6/18/1997,302
6/19/1997,331
6/20/1997,396
6/21/1997,268
6/22/1997,268
6/23/1997,592
6/24/1997,708
6/25/1997,453
6/26/1997,482
6/27/1997,538
6/28/1997,524
6/29/1997,398
6/30/1997,524
7/1/1997,710
7/2/1997,599
7/3/1997,782
7/4/1997,773
7/5/1997,1020
7/6/1997,1410
7/7/1997,1320
7/8/1997,1720
7/9/1997,1440
7/10/1997,1990
7/11/1997,2050
7/12/1997,2750
7/13/1997,1790
7/14/1997,2000
7/15/1997,2000
7/16/1997,1870
7/17/1997,1430
7/18/1997,1410
7/19/1997,1310
7/20/1997,1360
7/21/1997,2650
7/22/1997,1960
7/23/1997,1780
7/24/1997,1480
7/25/1997,1430
7/26/1997,1220
7/27/1997,1110
7/28/1997,1360
7/29/1997,1190
7/30/1997,1140
7/31/1997,1170
8/1/1997,1400
8/2/1997,1300
8/3/1997,1100
8/4/1997,991
8/5/1997,1120
8/6/1997,1020
8/7/1997,966
8/8/1997,1060
8/9/1997,959
8/10/1997,1070
8/11/1997,1510
8/12/1997,1770
8/13/1997,2940
8/14/1997,2410
8/15/1997,1690
8/16/1997,1510
8/17/1997,1440
8/18/1997,1760
8/19/1997,2030
8/20/1997,1510
8/21/1997,1220
8/22/1997,1050
8/23/1997,1020
8/24/1997,855
8/25/1997,778
8/26/1997,726
8/27/1997,734
8/28/1997,667
8/29/1997,649
8/30/1997,643
8/31/1997,702
9/1/1997,651
9/2/1997,714
9/3/1997,669
9/4/1997,623
9/5/1997,598
9/6/1997,691
9/7/1997,661
9/8/1997,617
9/9/1997,614
9/10/1997,571
9/11/1997,592
9/12/1997,671
9/13/1997,794
9/14/1997,813
9/15/1997,692
9/16/1997,715
9/17/1997,692
9/18/1997,651
9/19/1997,635
9/20/1997,614
9/21/1997,600
9/22/1997,596
9/23/1997,594
9/24/1997,542
9/25/1997,487
9/26/1997,470
9/27/1997,466
9/28/1997,452
9/29/1997,433
9/30/1997,453
10/1/1997,443
10/2/1997,449
10/3/1997,390
10/4/1997,388
10/5/1997,361
10/6/1997,346
10/7/1997,334
10/8/1997,328
10/9/1997,315
10/10/1997,313
10/11/1997,300
10/12/1997,297
10/13/1997,292
10/14/1997,286
10/15/1997,284
10/16/1997,280
10/17/1997,272
10/18/1997,266
10/19/1997,260
10/20/1997,256
10/21/1997,254
10/22/1997,250
10/23/1997,246
10/24/1997,243
10/25/1997,330
10/26/1997,294
10/27/1997,281
10/28/1997,254
10/29/1997,246
10/30/1997,243
10/31/1997,241
11/1/1997,234
11/2/1997,230
11/3/1997,228
11/4/1997,225
11/5/1997,221
11/6/1997,215
11/7/1997,213
11/8/1997,212
11/9/1997,209
11/10/1997,206
11/11/1997,205
11/12/1997,202
11/13/1997,197
11/14/1997,193
11/15/1997,193
11/16/1997,190
11/17/1997,187
11/18/1997,184
11/19/1997,183
11/20/1997,187
11/21/1997,185
11/22/1997,180
11/23/1997,176
11/24/1997,171
11/25/1997,168
11/26/1997,168
11/27/1997,177
11/28/1997,170
11/29/1997,169
11/30/1997,166
12/1/1997,166
12/2/1997,182
12/3/1997,172
12/4/1997,166
12/5/1997,164
12/6/1997,160
12/7/1997,155
12/8/1997,155
12/9/1997,172
12/10/1997,261
12/11/1997,458
12/12/1997,302
12/13/1997,289
12/14/1997,328
12/15/1997,268
12/16/1997,230
12/17/1997,216
12/18/1997,210
12/19/1997,199
12/20/1997,190
12/21/1997,188
12/22/1997,187
12/23/1997,185
12/24/1997,182
12/25/1997,178
12/26/1997,174
12/27/1997,170
12/28/1997,165
12/29/1997,161
12/30/1997,158
12/31/1997,156
1/1/1998,155
1/2/1998,152
1/3/1998,149
1/4/1998,146
1/5/1998,145
1/6/1998,144
1/7/1998,142
1/8/1998,141
1/9/1998,140
1/10/1998,137
1/11/1998,135
1/12/1998,131
1/13/1998,129
1/14/1998,129
1/15/1998,128
1/16/1998,127
1/17/1998,126
1/18/1998,123
1/19/1998,119
1/20/1998,117
1/21/1998,116
1/22/1998,116
1/23/1998,116
1/24/1998,114
1/25/1998,113
1/26/1998,112
1/27/1998,111
1/28/1998,111
1/29/1998,111
1/30/1998,110
1/31/1998,110
2/1/1998,109
2/2/1998,108
2/3/1998,111
2/4/1998,112
2/5/1998,110
2/6/1998,107
2/7/1998,106
2/8/1998,106
2/9/1998,105
2/10/1998,103
2/11/1998,102
2/12/1998,102
2/13/1998,102
2/14/1998,102
2/15/1998,101
2/16/1998,98.8
2/17/1998,97.4
2/18/1998,96
2/19/1998,96.7
2/20/1998,102
2/21/1998,98.1
2/22/1998,96
2/23/1998,94.6
2/24/1998,92.6
2/25/1998,101
2/26/1998,106
2/27/1998,97.4
2/28/1998,101
3/1/1998,99.5
3/2/1998,98.1
3/3/1998,97.4
3/4/1998,95.3
3/5/1998,96
3/6/1998,100
3/7/1998,106
3/8/1998,108
3/9/1998,98.8
3/10/1998,100
3/11/1998,97.4
3/12/1998,95.3
3/13/1998,94
3/14/1998,95.3
3/15/1998,104
3/16/1998,95.3
3/17/1998,92.6
3/18/1998,91.2
3/19/1998,92.6
3/20/1998,107
3/21/1998,104
3/22/1998,104
3/23/1998,96
3/24/1998,98.8
3/25/1998,96
3/26/1998,96
3/27/1998,94.6
3/28/1998,91.9
3/29/1998,91.9
3/30/1998,94.6
3/31/1998,116
4/1/1998,116
4/2/1998,109
4/3/1998,109
4/4/1998,106
4/5/1998,106
4/6/1998,104
4/7/1998,102
4/8/1998,113
4/9/1998,123
4/10/1998,116
4/11/1998,106
4/12/1998,106
4/13/1998,106
4/14/1998,105
4/15/1998,104
4/16/1998,104
4/17/1998,104
4/18/1998,104
4/19/1998,107
4/20/1998,124
4/21/1998,129
4/22/1998,132
4/23/1998,154
4/24/1998,158
4/25/1998,159
4/26/1998,150
4/27/1998,171
4/28/1998,165
4/29/1998,167
4/30/1998,166
5/1/1998,156
5/2/1998,169
5/3/1998,186
5/4/1998,223
5/5/1998,260
5/6/1998,235
5/7/1998,251
5/8/1998,219
5/9/1998,192
5/10/1998,181
5/11/1998,181
5/12/1998,150
5/13/1998,140
5/14/1998,143
5/15/1998,187
5/16/1998,186
5/17/1998,182
5/18/1998,191
5/19/1998,208
5/20/1998,196
5/21/1998,191
5/22/1998,216
5/23/1998,230
5/24/1998,243
5/25/1998,265
5/26/1998,250
5/27/1998,246
5/28/1998,249
5/29/1998,251
5/30/1998,253
5/31/1998,226
6/1/1998,209
6/2/1998,215
6/3/1998,224
6/4/1998,225
6/5/1998,229
6/6/1998,201
6/7/1998,210
6/8/1998,216
6/9/1998,220
6/10/1998,235
6/11/1998,201
6/12/1998,232
6/13/1998,223
6/14/1998,250
6/15/1998,226
6/16/1998,275
6/17/1998,228
6/18/1998,213
6/19/1998,261
6/20/1998,818
6/21/1998,938
6/22/1998,821
6/23/1998,637
6/24/1998,656
6/25/1998,706
6/26/1998,832
6/27/1998,1740
6/28/1998,1550
6/29/1998,1680
6/30/1998,1370
7/1/1998,1140
7/2/1998,1180
7/3/1998,1190
7/4/1998,1080
7/5/1998,1760
7/6/1998,1880
7/7/1998,1730
7/8/1998,5730
7/9/1998,4610
7/10/1998,2760
7/11/1998,1840
7/12/1998,1690
7/13/1998,1640
7/14/1998,1750
7/15/1998,1310
7/16/1998,1360
7/17/1998,1430
7/18/1998,1760
7/19/1998,2330
7/20/1998,2180
7/21/1998,2560
7/22/1998,1760
7/23/1998,1800
7/24/1998,1750
7/25/1998,1850
7/26/1998,1790
7/27/1998,1420
7/28/1998,1700
7/29/1998,1440
7/30/1998,1320
7/31/1998,1190
8/1/1998,1180
8/2/1998,1160
8/3/1998,2430
8/4/1998,3090
8/5/1998,2200
8/6/1998,2120
8/7/1998,1970
8/8/1998,1660
8/9/1998,1660
8/10/1998,1740
8/11/1998,2130
8/12/1998,2230
8/13/1998,3280
8/14/1998,4450
8/15/1998,3850
8/16/1998,2960
8/17/1998,2400
8/18/1998,3140
8/19/1998,4180
8/20/1998,2450
8/21/1998,3820
8/22/1998,3650
8/23/1998,3000
8/24/1998,2900
8/25/1998,2760
8/26/1998,2680
8/27/1998,4040
8/28/1998,2820
8/29/1998,2580
8/30/1998,2930
8/31/1998,2700
9/1/1998,3320
9/2/1998,2850
9/3/1998,2650
9/4/1998,2260
9/5/1998,2060
9/6/1998,2410
9/7/1998,2160
9/8/1998,1630
9/9/1998,1350
9/10/1998,1190
9/11/1998,1070
9/12/1998,990
9/13/1998,895
9/14/1998,855
9/15/1998,804
9/16/1998,764
9/17/1998,944
9/18/1998,718
9/19/1998,707
9/20/1998,666
9/21/1998,681
9/22/1998,696
9/23/1998,621
9/24/1998,619
9/25/1998,592
9/26/1998,594
9/27/1998,535
9/28/1998,597
9/29/1998,638
9/30/1998,636
10/1/1998,673
10/2/1998,685
10/3/1998,683
10/4/1998,655
10/5/1998,630
10/6/1998,552
10/7/1998,540
10/8/1998,508
10/9/1998,510
10/10/1998,467
10/11/1998,464
10/12/1998,460
10/13/1998,428
10/14/1998,417
10/15/1998,405
10/16/1998,394
10/17/1998,383
10/18/1998,409
10/19/1998,456
10/20/1998,402
10/21/1998,376
10/22/1998,370
10/23/1998,360
10/24/1998,349
10/25/1998,341
10/26/1998,334
10/27/1998,325
10/28/1998,318
10/29/1998,310
10/30/1998,309
10/31/1998,302
11/1/1998,298
11/2/1998,295
11/3/1998,291
11/4/1998,285
11/5/1998,281
11/6/1998,280
11/7/1998,278
11/8/1998,262
11/9/1998,253
11/10/1998,254
11/11/1998,243
11/12/1998,236
11/13/1998,234
11/14/1998,233
11/15/1998,233
11/16/1998,229
11/17/1998,228
11/18/1998,223
11/19/1998,222
11/20/1998,228
11/21/1998,225
11/22/1998,216
11/23/1998,205
11/24/1998,203
11/25/1998,202
11/26/1998,198
11/27/1998,195
11/28/1998,190
11/29/1998,189
11/30/1998,187
12/1/1998,184
12/2/1998,182
12/3/1998,179
12/4/1998,177
12/5/1998,176
12/6/1998,174
12/7/1998,172
12/8/1998,169
12/9/1998,167
12/10/1998,164
12/11/1998,160
12/12/1998,157
12/13/1998,155
12/14/1998,154
12/15/1998,151
12/16/1998,152
12/17/1998,150
12/18/1998,148
12/19/1998,145
12/20/1998,143
12/21/1998,142
12/22/1998,140
12/23/1998,138
12/24/1998,136
12/25/1998,134
12/26/1998,133
12/27/1998,132
12/28/1998,132
12/29/1998,132
12/30/1998,130
12/31/1998,130
1/1/1999,128
1/2/1999,128
1/3/1999,128
1/4/1999,127
1/5/1999,126
1/6/1999,125
1/7/1999,126
1/8/1999,124
1/9/1999,122
1/10/1999,124
1/11/1999,129
1/12/1999,127
1/13/1999,121
1/14/1999,119
1/15/1999,115
1/16/1999,115
1/17/1999,114
1/18/1999,112
1/19/1999,112
1/20/1999,110
1/21/1999,108
1/22/1999,110
1/23/1999,108
1/24/1999,106
1/25/1999,106
1/26/1999,104
1/27/1999,103
1/28/1999,103
1/29/1999,113
1/30/1999,113
1/31/1999,123
2/1/1999,103
2/2/1999,102
2/3/1999,102
2/4/1999,101
2/5/1999,109
2/6/1999,98.8
2/7/1999,97.3
2/8/1999,96.5
2/9/1999,95.8
2/10/1999,95.8
2/11/1999,94.2
2/12/1999,94.2
2/13/1999,92.7
2/14/1999,91.9
2/15/1999,91.1
2/16/1999,89.6
2/17/1999,90.4
2/18/1999,89.6
2/19/1999,88.2
2/20/1999,86.7
2/21/1999,87.4
2/22/1999,86.7
2/23/1999,85.2
2/24/1999,88.2
2/25/1999,87.4
2/26/1999,86.7
2/27/1999,86
2/28/1999,85.2
3/1/1999,83.1
3/2/1999,82.3
3/3/1999,82.3
3/4/1999,81.6
3/5/1999,83.8
3/6/1999,82.3
3/7/1999,80.9
3/8/1999,80.2
3/9/1999,80.9
3/10/1999,81.6
3/11/1999,80.2
3/12/1999,78.7
3/13/1999,78
3/14/1999,76.6
3/15/1999,75.1
3/16/1999,75.9
3/17/1999,77.3
3/18/1999,78
3/19/1999,77.3
3/20/1999,75.1
3/21/1999,78.1
3/22/1999,78
3/23/1999,75.1
3/24/1999,73.8
3/25/1999,72.5
3/26/1999,73.8
3/27/1999,73.8
3/28/1999,70.5
3/29/1999,68.6
3/30/1999,67.2
3/31/1999,78
4/1/1999,82.4
4/2/1999,86.7
4/3/1999,85.2
4/4/1999,84.5
4/5/1999,83.1
4/6/1999,80.9
4/7/1999,79.4
4/8/1999,79.4
4/9/1999,82.4
4/10/1999,92.7
4/11/1999,86
4/12/1999,85.2
4/13/1999,99.6
4/14/1999,109
4/15/1999,118
4/16/1999,100
4/17/1999,88.2
4/18/1999,85.2
4/19/1999,81.6
4/20/1999,77.3
4/21/1999,83.8
4/22/1999,87.4
4/23/1999,88.2
4/24/1999,95
4/25/1999,127
4/26/1999,121
4/27/1999,120
4/28/1999,117
4/29/1999,109
4/30/1999,119
5/1/1999,116
5/2/1999,120
5/3/1999,114
5/4/1999,124
5/5/1999,120
5/6/1999,115
5/7/1999,128
5/8/1999,130
5/9/1999,133
5/10/1999,120
5/11/1999,125
5/12/1999,158
5/13/1999,120
5/14/1999,113
5/15/1999,131
5/16/1999,140
5/17/1999,121
5/18/1999,130
5/19/1999,123
5/20/1999,120
5/21/1999,122
5/22/1999,167
5/23/1999,167
5/24/1999,179
5/25/1999,205
5/26/1999,171
5/27/1999,258
5/28/1999,181.12
5/29/1999,182.12
5/30/1999,179.06
5/31/1999,172.42
6/1/1999,
6/2/1999,
6/3/1999,
6/4/1999,
6/5/1999,
6/6/1999,
6/7/1999,
6/8/1999,
6/9/1999,
6/10/1999,
6/11/1999,
6/12/1999,
6/13/1999,
6/14/1999,2040
6/15/1999,1140
6/16/1999,543
6/17/1999,522
6/18/1999,544
6/19/1999,504
6/20/1999,494
6/21/1999,523
6/22/1999,543
6/23/1999,553
6/24/1999,640
6/25/1999,1130
6/26/1999,923
6/27/1999,866
6/28/1999,812
6/29/1999,673
6/30/1999,673
7/1/1999,730
7/2/1999,878
7/3/1999,888
7/4/1999,1510
7/5/1999,1140
7/6/1999,886
7/7/1999,1120
7/8/1999,1130
7/9/1999,1050
7/10/1999,2370
7/11/1999,2230
7/12/1999,1040
7/13/1999,1380
7/14/1999,1040
7/15/1999,939
7/16/1999,772
7/17/1999,433
7/18/1999,1220
7/19/1999,1230
7/20/1999,1340
7/21/1999,1460
7/22/1999,1120
7/23/1999,1140
7/24/1999,1060
7/25/1999,1240
7/26/1999,1390
7/27/1999,1680
7/28/1999,1930
7/29/1999,1650
7/30/1999,1530
7/31/1999,2420
8/1/1999,2080
8/2/1999,1820
8/3/1999,1780
8/4/1999,1700
8/5/1999,857
8/6/1999,838
8/7/1999,799
8/8/1999,806
8/9/1999,839
8/10/1999,836
8/11/1999,820
8/12/1999,848
8/13/1999,2140
8/14/1999,2580
8/15/1999,2210
8/16/1999,1700
8/17/1999,1350
8/18/1999,1320
8/19/1999,1400
8/20/1999,1310
8/21/1999,1380
8/22/1999,1690
8/23/1999,2390
8/24/1999,3560
8/25/1999,2990
8/26/1999,4080
8/27/1999,4290
8/28/1999,2340
8/29/1999,2050
8/30/1999,2060
8/31/1999,2050
9/1/1999,2270
9/2/1999,1760
9/3/1999,1800
9/4/1999,1620
9/5/1999,1320
9/6/1999,1200
9/7/1999,1110
9/8/1999,1120
9/9/1999,1690
9/10/1999,1740
9/11/1999,1330
9/12/1999,1340
9/13/1999,1040
9/14/1999,1000
9/15/1999,983
9/16/1999,926
9/17/1999,924
9/18/1999,883
9/19/1999,776
9/20/1999,783
9/21/1999,797
9/22/1999,793
9/23/1999,782
9/24/1999,731
9/25/1999,701
9/26/1999,691
9/27/1999,691
9/28/1999,907
9/29/1999,929
9/30/1999,1110
10/1/1999,823
10/2/1999,1040
10/3/1999,931
10/4/1999,883
10/5/1999,798
10/6/1999,799
10/7/1999,815
10/8/1999,811
10/9/1999,793
10/10/1999,659
10/11/1999,635
10/12/1999,565
10/13/1999,533
10/14/1999,510
10/15/1999,503
10/16/1999,473
10/17/1999,425
10/18/1999,405
10/19/1999,399
10/20/1999,408
10/21/1999,403
10/22/1999,388
10/23/1999,361
10/24/1999,349
10/25/1999,332
10/26/1999,318
10/27/1999,324
10/28/1999,321
10/29/1999,315
10/30/1999,311
10/31/1999,321
11/1/1999,319
11/2/1999,308
11/3/1999,304
11/4/1999,306
11/5/1999,285
11/6/1999,264
11/7/1999,258
11/8/1999,250
11/9/1999,244
11/10/1999,236
11/11/1999,234
11/12/1999,231
11/13/1999,229
11/14/1999,222
11/15/1999,219
11/16/1999,219
11/17/1999,226
11/18/1999,213
11/19/1999,210
11/20/1999,208
11/21/1999,206
11/22/1999,201
11/23/1999,195
11/24/1999,193
11/25/1999,190
11/26/1999,185
11/27/1999,179
11/28/1999,179
11/29/1999,176
11/30/1999,174
12/1/1999,173
12/2/1999,171
12/3/1999,169
12/4/1999,167
12/5/1999,165
12/6/1999,161
12/7/1999,156
12/8/1999,154
12/9/1999,152
12/10/1999,151
12/11/1999,149
12/12/1999,145
12/13/1999,143
12/14/1999,142
12/15/1999,140
12/16/1999,138
12/17/1999,136
12/18/1999,134
12/19/1999,133
12/20/1999,131
12/21/1999,130
12/22/1999,129
12/23/1999,126
12/24/1999,125
12/25/1999,125
12/26/1999,126
12/27/1999,126
12/28/1999,125
12/29/1999,124
12/30/1999,122
12/31/1999,122
1/1/2000,120
1/2/2000,119
1/3/2000,118
1/4/2000,118
1/5/2000,117
1/6/2000,115
1/7/2000,115
1/8/2000,115
1/9/2000,114
1/10/2000,113
1/11/2000,110
1/12/2000,106
1/13/2000,107
1/14/2000,112
1/15/2000,114
1/16/2000,111
1/17/2000,110
1/18/2000,108
1/19/2000,107
1/20/2000,106
1/21/2000,105
1/22/2000,103
1/23/2000,103
1/24/2000,101
1/25/2000,100
1/26/2000,99.8
1/27/2000,99.1
1/28/2000,99.1
1/29/2000,97
1/30/2000,96.2
1/31/2000,94.8
2/1/2000,92.7
2/2/2000,95.5
2/3/2000,94.8
2/4/2000,92.7
2/5/2000,91.3
2/6/2000,94.8
2/7/2000,97
2/8/2000,99.1
2/9/2000,96.2
2/10/2000,93.4
2/11/2000,91.3
2/12/2000,92.7
2/13/2000,99.1
2/14/2000,96.2
2/15/2000,92
2/16/2000,89.9
2/17/2000,88.6
2/18/2000,87.3
2/19/2000,85.3
2/20/2000,84.6
2/21/2000,83.3
2/22/2000,82
2/23/2000,82
2/24/2000,79.3
2/25/2000,78
2/26/2000,78
2/27/2000,76.7
2/28/2000,76.7
2/29/2000,78
3/1/2000,78.7
3/2/2000,78.7
3/3/2000,79.3
3/4/2000,79.3
3/5/2000,78.7
3/6/2000,77.4
3/7/2000,76.1
3/8/2000,74.9
3/9/2000,73.7
3/10/2000,73.1
3/11/2000,73.7
3/12/2000,72.5
3/13/2000,74.3
3/14/2000,73.7
3/15/2000,75.5
3/16/2000,78.7
3/17/2000,74.9
3/18/2000,72.5
3/19/2000,73.1
3/20/2000,73.7
3/21/2000,73.1
3/22/2000,71.9
3/23/2000,71.9
3/24/2000,75.5
3/25/2000,78
3/26/2000,78
3/27/2000,75.5
3/28/2000,74.9
3/29/2000,73.7
3/30/2000,73.7
3/31/2000,76.8
4/1/2000,88.2
4/2/2000,91.5
4/3/2000,92.7
4/4/2000,95.5
4/5/2000,87.9
4/6/2000,89.3
4/7/2000,85.3
4/8/2000,86.6
4/9/2000,86.6
4/10/2000,90
4/11/2000,87.9
4/12/2000,78
4/13/2000,81.3
4/14/2000,86
4/15/2000,103
4/16/2000,103
4/17/2000,97
4/18/2000,110
4/19/2000,112
4/20/2000,114
4/21/2000,109
4/22/2000,107
4/23/2000,118
4/24/2000,126
4/25/2000,136
4/26/2000,130
4/27/2000,122
4/28/2000,130
4/29/2000,125
4/30/2000,113
5/1/2000,118
5/2/2000,113
5/3/2000,111
5/4/2000,113
5/5/2000,114
5/6/2000,133
5/7/2000,220
5/8/2000,124
5/9/2000,111
5/10/2000,111
5/11/2000,114
5/12/2000,130
5/13/2000,138
5/14/2000,141
5/15/2000,140
5/16/2000,154
5/17/2000,165
5/18/2000,151
5/19/2000,156
5/20/2000,173
5/21/2000,181
5/22/2000,245
5/23/2000,217
5/24/2000,319
5/25/2000,310
5/26/2000,288
5/27/2000,309
5/28/2000,315
5/29/2000,249
5/30/2000,244
5/31/2000,252
6/1/2000,230
6/2/2000,216
6/3/2000,205
6/4/2000,200
6/5/2000,231
6/6/2000,229
6/7/2000,279
6/8/2000,1850
6/9/2000,2490
6/10/2000,1140
6/11/2000,686
6/12/2000,540
6/13/2000,476
6/14/2000,451
6/15/2000,552
6/16/2000,956
6/17/2000,1130
6/18/2000,973
6/19/2000,878
6/20/2000,768
6/21/2000,690
6/22/2000,1440
6/23/2000,1760
6/24/2000,1260
6/25/2000,960
6/26/2000,795
6/27/2000,688
6/28/2000,653
6/29/2000,702
6/30/2000,1010
7/1/2000,1110
7/2/2000,1060
7/3/2000,1170
7/4/2000,1120
7/5/2000,1130
7/6/2000,1180
7/7/2000,2130
7/8/2000,2550
7/9/2000,2220
7/10/2000,1490
7/11/2000,1500
7/12/2000,1400
7/13/2000,1220
7/14/2000,980
7/15/2000,1310
7/16/2000,1170
7/17/2000,968
7/18/2000,1080
7/19/2000,797
7/20/2000,1030
7/21/2000,1040
7/22/2000,1490
7/23/2000,1400
7/24/2000,1249.91
7/25/2000,1349.79
7/26/2000,1367.29
7/27/2000,1374.06
7/28/2000,1555.53
7/29/2000,1400.06
7/30/2000,1442.94
7/31/2000,1652.53
8/1/2000,2220
8/2/2000,1860
8/3/2000,1630
8/4/2000,1210
8/5/2000,1050
8/6/2000,883
8/7/2000,892
8/8/2000,1040
8/9/2000,3480
8/10/2000,2290
8/11/2000,2170
8/12/2000,2300
8/13/2000,1540
8/14/2000,1460
8/15/2000,1640
8/16/2000,1580
8/17/2000,1300
8/18/2000,1250
8/19/2000,1220
8/20/2000,1200
8/21/2000,1090
8/22/2000,1248
8/23/2000,1290
8/24/2000,1400
8/25/2000,1340
8/26/2000,1420
8/27/2000,1380
8/28/2000,1600
8/29/2000,2040
8/30/2000,2170
8/31/2000,2020
9/1/2000,1780
9/2/2000,1860
9/3/2000,1500
9/4/2000,1330
9/5/2000,1200
9/6/2000,1190
9/7/2000,1190
9/8/2000,1840
9/9/2000,2570
9/10/2000,2450
9/11/2000,2030
9/12/2000,1870
9/13/2000,1400
9/14/2000,1190
9/15/2000,1240
9/16/2000,1080
9/17/2000,1000
9/18/2000,1300
9/19/2000,1680
9/20/2000,1460
9/21/2000,1340
9/22/2000,1180
9/23/2000,948
9/24/2000,888
9/25/2000,815
9/26/2000,806
9/27/2000,692
9/28/2000,653
9/29/2000,573
9/30/2000,526
10/1/2000,517
10/2/2000,498
10/3/2000,487
10/4/2000,479
10/5/2000,464
10/6/2000,449
10/7/2000,417
10/8/2000,397
10/9/2000,390
10/10/2000,378
10/11/2000,370
10/12/2000,360
10/13/2000,352
10/14/2000,340
10/15/2000,335
10/16/2000,324
10/17/2000,319
10/18/2000,315
10/19/2000,306
10/20/2000,302
10/21/2000,298
10/22/2000,295
10/23/2000,294
10/24/2000,292
10/25/2000,286
10/26/2000,284
10/27/2000,279
10/28/2000,270
10/29/2000,258
10/30/2000,253
10/31/2000,251
11/1/2000,250
11/2/2000,250
11/3/2000,251
11/4/2000,242
11/5/2000,244
11/6/2000,242
11/7/2000,237
11/8/2000,232
11/9/2000,228
11/10/2000,224
11/11/2000,219
11/12/2000,216
11/13/2000,214
11/14/2000,212
11/15/2000,204
11/16/2000,199
11/17/2000,196
11/18/2000,196
11/19/2000,194
11/20/2000,194
11/21/2000,187
11/22/2000,184
11/23/2000,179
11/24/2000,175
11/25/2000,173
11/26/2000,172
11/27/2000,169
11/28/2000,165
11/29/2000,164
11/30/2000,161
12/1/2000,158
12/2/2000,154
12/3/2000,152
12/4/2000,149
12/5/2000,149
12/6/2000,147
12/7/2000,145
12/8/2000,145
12/9/2000,143
12/10/2000,140
12/11/2000,138
12/12/2000,137
12/13/2000,136
12/14/2000,135
12/15/2000,134
12/16/2000,133
12/17/2000,133
12/18/2000,131
12/19/2000,132
12/20/2000,131
12/21/2000,130
12/22/2000,129
12/23/2000,128
12/24/2000,128
12/25/2000,126
12/26/2000,126
12/27/2000,123
12/28/2000,122
12/29/2000,120
12/30/2000,120
12/31/2000,118
1/1/2001,118
1/2/2001,123
1/3/2001,118
1/4/2001,116
1/5/2001,114
1/6/2001,111
1/7/2001,109
1/8/2001,107
1/9/2001,109
1/10/2001,106
1/11/2001,107
1/12/2001,106
1/13/2001,106
1/14/2001,105
1/15/2001,104
1/16/2001,104
1/17/2001,105
1/18/2001,101
1/19/2001,101
1/20/2001,99.8
1/21/2001,97.9
1/22/2001,97.9
1/23/2001,97
1/24/2001,95.5
1/25/2001,95.5
1/26/2001,94.1
1/27/2001,92.2
1/28/2001,91.8
1/29/2001,95.5
1/30/2001,98.4
1/31/2001,98.4
2/1/2001,99.3
2/2/2001,97.4
2/3/2001,95.5
2/4/2001,91.3
2/5/2001,89.9
2/6/2001,89.5
2/7/2001,87.7
2/8/2001,87.7
2/9/2001,87.3
2/10/2001,88.1
2/11/2001,89.5
2/12/2001,92.7
2/13/2001,90.4
2/14/2001,88.6
2/15/2001,87.3
2/16/2001,87.3
2/17/2001,86.4
2/18/2001,85.1
2/19/2001,83.3
2/20/2001,83.3
2/21/2001,82
2/22/2001,86.8
2/23/2001,85.9
2/24/2001,84.6
2/25/2001,85.5
2/26/2001,88.6
2/27/2001,88.6
2/28/2001,87.3
3/1/2001,85.9
3/2/2001,82.9
3/3/2001,80.7
3/4/2001,78
3/5/2001,78
3/6/2001,77.6
3/7/2001,76.7
3/8/2001,77.6
3/9/2001,76.3
3/10/2001,77.6
3/11/2001,75.9
3/12/2001,75.1
3/13/2001,74.3
3/14/2001,74.7
3/15/2001,76.4
3/16/2001,77.6
3/17/2001,74.3
3/18/2001,73.5
3/19/2001,73.1
3/20/2001,71.1
3/21/2001,69.5
3/22/2001,74.7
3/23/2001,74.3
3/24/2001,74.3
3/25/2001,70.7
3/26/2001,69.9
3/27/2001,71.9
3/28/2001,69.9
3/29/2001,71.9
3/30/2001,76
3/31/2001,75.1
4/1/2001,75.5
4/2/2001,74.3
4/3/2001,73.1
4/4/2001,70.7
4/5/2001,69.5
4/6/2001,68.7
4/7/2001,67.9
4/8/2001,68.3
4/9/2001,68.3
4/10/2001,69.1
4/11/2001,68.3
4/12/2001,68.3
4/13/2001,70.3
4/14/2001,73.5
4/15/2001,76.8
4/16/2001,80.7
4/17/2001,79.3
4/18/2001,78
4/19/2001,75.5
4/20/2001,82
4/21/2001,79.8
4/22/2001,79.3
4/23/2001,79.8
4/24/2001,84.2
4/25/2001,83.3
4/26/2001,84.6
4/27/2001,88.1
4/28/2001,91.3
4/29/2001,93.2
4/30/2001,109
5/1/2001,119
5/2/2001,134
5/3/2001,168
5/4/2001,131
5/5/2001,146
5/6/2001,123
5/7/2001,126
5/8/2001,141
5/9/2001,151
5/10/2001,160
5/11/2001,167
5/12/2001,150
5/13/2001,145
5/14/2001,157
5/15/2001,152
5/16/2001,135
5/17/2001,143
5/18/2001,133
5/19/2001,124
5/20/2001,122
5/21/2001,128
5/22/2001,123
5/23/2001,122
5/24/2001,131
5/25/2001,163
5/26/2001,167
5/27/2001,166
5/28/2001,172
5/29/2001,165
5/30/2001,176
5/31/2001,174
6/1/2001,182
6/2/2001,251
6/3/2001,377
6/4/2001,313
6/5/2001,452
6/6/2001,411
6/7/2001,344
6/8/2001,297
6/9/2001,263
6/10/2001,248
6/11/2001,288
6/12/2001,266
6/13/2001,239
6/14/2001,301
6/15/2001,295
6/16/2001,354
6/17/2001,368
6/18/2001,377
6/19/2001,403
6/20/2001,697
6/21/2001,626
6/22/2001,566
6/23/2001,803
6/24/2001,770
6/25/2001,583
6/26/2001,579
6/27/2001,736
6/28/2001,419
6/29/2001,446
6/30/2001,575
7/1/2001,656
7/2/2001,514
7/3/2001,466
7/4/2001,480
7/5/2001,560
7/6/2001,526
7/7/2001,482
7/8/2001,487
7/9/2001,419
7/10/2001,414
7/11/2001,502
7/12/2001,568
7/13/2001,518
7/14/2001,561
7/15/2001,957
7/16/2001,2500
7/17/2001,4290
7/18/2001,1800
7/19/2001,1340
7/20/2001,1210
7/21/2001,1130
7/22/2001,1050
7/23/2001,1040
7/24/2001,975
7/25/2001,898
7/26/2001,996
7/27/2001,1180
7/28/2001,1020
7/29/2001,1670
7/30/2001,2040
7/31/2001,3330
8/1/2001,2790
8/2/2001,2420
8/3/2001,2190
8/4/2001,2130
8/5/2001,1530
8/6/2001,1200
8/7/2001,980
8/8/2001,898
8/9/2001,976
8/10/2001,995
8/11/2001,981
8/12/2001,929
8/13/2001,1140
8/14/2001,1550
8/15/2001,1280
8/16/2001,1160
8/17/2001,1080
8/18/2001,1210
8/19/2001,2280
8/20/2001,2320
8/21/2001,2100
8/22/2001,2860
8/23/2001,5100
8/24/2001,4030
8/25/2001,3230
8/26/2001,2330
8/27/2001,2270
8/28/2001,2270
8/29/2001,2140
8/30/2001,2100
8/31/2001,1600
9/1/2001,1690
9/2/2001,2180
9/3/2001,2190
9/4/2001,1860
9/5/2001,2040
9/6/2001,1840
9/7/2001,1600
9/8/2001,1360
9/9/2001,1430
9/10/2001,1290
9/11/2001,1130
9/12/2001,961
9/13/2001,970
9/14/2001,1070
9/15/2001,1010
9/16/2001,882
9/17/2001,827
9/18/2001,757
9/19/2001,681
9/20/2001,636
9/21/2001,573
9/22/2001,553
9/23/2001,526
9/24/2001,515
9/25/2001,485
9/26/2001,474
9/27/2001,461
9/28/2001,431
9/29/2001,410
9/30/2001,403
10/1/2001,402
10/2/2001,397
10/3/2001,386
10/4/2001,397
10/5/2001,406
10/6/2001,387
10/7/2001,363
10/8/2001,357
10/9/2001,348
10/10/2001,339
10/11/2001,332
10/12/2001,321
10/13/2001,312
10/14/2001,308
10/15/2001,302
10/16/2001,291
10/17/2001,288
10/18/2001,282
10/19/2001,279
10/20/2001,272
10/21/2001,268
10/22/2001,268
10/23/2001,264
10/24/2001,260
10/25/2001,257
10/26/2001,252
10/27/2001,248
10/28/2001,246
10/29/2001,244
10/30/2001,239
10/31/2001,234
11/1/2001,232
11/2/2001,230
11/3/2001,226
11/4/2001,222
11/5/2001,222
11/6/2001,222
11/7/2001,216
11/8/2001,216
11/9/2001,213
11/10/2001,208
11/11/2001,205
11/12/2001,203
11/13/2001,198
11/14/2001,196
11/15/2001,196
11/16/2001,195
11/17/2001,194
11/18/2001,191
11/19/2001,189
11/20/2001,188
11/21/2001,185
11/22/2001,183
11/23/2001,181
11/24/2001,179
11/25/2001,177
11/26/2001,175
11/27/2001,173
11/28/2001,168
11/29/2001,163
11/30/2001,159
12/1/2001,158
12/2/2001,158
12/3/2001,157
12/4/2001,156
12/5/2001,155
12/6/2001,153
12/7/2001,151
12/8/2001,150
12/9/2001,149
12/10/2001,144
12/11/2001,143
12/12/2001,141
12/13/2001,141
12/14/2001,140
12/15/2001,138
12/16/2001,136
12/17/2001,133
12/18/2001,133
12/19/2001,131
12/20/2001,130
12/21/2001,130
12/22/2001,128
12/23/2001,125
12/24/2001,124
12/25/2001,123
12/26/2001,121
12/27/2001,120
12/28/2001,118
12/29/2001,118
12/30/2001,117
12/31/2001,117
1/1/2002,117
1/2/2002,116
1/3/2002,115
1/4/2002,116
1/5/2002,115
1/6/2002,114
1/7/2002,114
1/8/2002,111
1/9/2002,110
1/10/2002,109
1/11/2002,109
1/12/2002,109
1/13/2002,109
1/14/2002,109
1/15/2002,111
1/16/2002,117
1/17/2002,140
1/18/2002,147
1/19/2002,132
1/20/2002,123
1/21/2002,120
1/22/2002,115
1/23/2002,115
1/24/2002,113
1/25/2002,102
1/26/2002,87.8
1/27/2002,78
1/28/2002,95.7
1/29/2002,115
1/30/2002,119
1/31/2002,106
2/1/2002,90
2/2/2002,86.8
2/3/2002,95.5
2/4/2002,81.04
2/5/2002,86.4
2/6/2002,86.2
2/7/2002,110
2/8/2002,111
2/9/2002,103
2/10/2002,101
2/11/2002,99.3
2/12/2002,104
2/13/2002,
2/14/2002,
2/15/2002,
2/16/2002,
2/17/2002,
2/18/2002,
2/19/2002,
2/20/2002,
2/21/2002,
2/22/2002,
2/23/2002,
2/24/2002,
2/25/2002,
2/26/2002,
2/27/2002,
2/28/2002,
3/1/2002,
3/2/2002,
3/3/2002,
3/4/2002,
3/5/2002,
3/6/2002,
3/7/2002,
3/8/2002,
3/9/2002,
3/10/2002,
3/11/2002,
3/12/2002,
3/13/2002,
3/14/2002,90.8
3/15/2002,89
3/16/2002,89.9
3/17/2002,88.6
3/18/2002,86.8
3/19/2002,99.3
3/20/2002,101
3/21/2002,105
3/22/2002,104
3/23/2002,121
3/24/2002,111
3/25/2002,101
3/26/2002,110
3/27/2002,112
3/28/2002,94.6
3/29/2002,95.1
3/30/2002,95
3/31/2002,102
4/1/2002,112
4/2/2002,126
4/3/2002,95.5
4/4/2002,104
4/5/2002,91.3
4/6/2002,92.2
4/7/2002,103
4/8/2002,112
4/9/2002,109
4/10/2002,110
4/11/2002,112
4/12/2002,101
4/13/2002,94.6
4/14/2002,93.2
4/15/2002,94.6
4/16/2002,98.4
4/17/2002,108
4/18/2002,147
4/19/2002,144
4/20/2002,136
4/21/2002,136
4/22/2002,135
4/23/2002,138
4/24/2002,124
4/25/2002,134
4/26/2002,166
4/27/2002,133
4/28/2002,143
4/29/2002,133
4/30/2002,124
5/1/2002,118
5/2/2002,126
5/3/2002,108
5/4/2002,99.4
5/5/2002,120
5/6/2002,134
5/7/2002,125
5/8/2002,165
5/9/2002,135
5/10/2002,168
5/11/2002,201
5/12/2002,216
5/13/2002,193
5/14/2002,279
5/15/2002,235
5/16/2002,218
5/17/2002,208
5/18/2002,259
5/19/2002,261
5/20/2002,196
5/21/2002,215
5/22/2002,195
5/23/2002,185
5/24/2002,170
5/25/2002,215
5/26/2002,203
5/27/2002,174
5/28/2002,164
5/29/2002,204
5/30/2002,247
5/31/2002,232
6/1/2002,209
6/2/2002,193
6/3/2002,168
6/4/2002,205
6/5/2002,196
6/6/2002,223
6/7/2002,239
6/8/2002,272
6/9/2002,238
6/10/2002,232
6/11/2002,360
6/12/2002,368
6/13/2002,367
6/14/2002,307
6/15/2002,295
6/16/2002,306
6/17/2002,317
6/18/2002,335
6/19/2002,332
6/20/2002,326
6/21/2002,364
6/22/2002,316
6/23/2002,292
6/24/2002,346
6/25/2002,370
6/26/2002,360
6/27/2002,370
6/28/2002,455
6/29/2002,345
6/30/2002,378
7/1/2002,428
7/2/2002,1080
7/3/2002,1280
7/4/2002,456
7/5/2002,1120
7/6/2002,539
7/7/2002,621
7/8/2002,584
7/9/2002,771
7/10/2002,696
7/11/2002,658
7/12/2002,668
7/13/2002,640
7/14/2002,571
7/15/2002,704
7/16/2002,629
7/17/2002,722
7/18/2002,604
7/19/2002,618
7/20/2002,1160
7/21/2002,2430
7/22/2002,2730
7/23/2002,2420
7/24/2002,1790
7/25/2002,1660
7/26/2002,1440
7/27/2002,1340
7/28/2002,1180
7/29/2002,1280
7/30/2002,1210
7/31/2002,1280
8/1/2002,1260
8/2/2002,1180
8/3/2002,1560
8/4/2002,1530
8/5/2002,1160
8/6/2002,966
8/7/2002,876
8/8/2002,693
8/9/2002,643
8/10/2002,664
8/11/2002,917
8/12/2002,1150
8/13/2002,1760
8/14/2002,1700
8/15/2002,1360
8/16/2002,1320
8/17/2002,1090
8/18/2002,948
8/19/2002,837
8/20/2002,903
8/21/2002,962
8/22/2002,2010
8/23/2002,2310
8/24/2002,1820
8/25/2002,1350
8/26/2002,1130
8/27/2002,1070
8/28/2002,1020
8/29/2002,841
8/30/2002,777
8/31/2002,738
9/1/2002,693
9/2/2002,684
9/3/2002,932
9/4/2002,653
9/5/2002,686
9/6/2002,1020
9/7/2002,857
9/8/2002,771
9/9/2002,664
9/10/2002,611
9/11/2002,588
9/12/2002,565
9/13/2002,545
9/14/2002,515
9/15/2002,495
9/16/2002,469
9/17/2002,487
9/18/2002,472
9/19/2002,476
9/20/2002,462
9/21/2002,434
9/22/2002,495
9/23/2002,527
9/24/2002,470
9/25/2002,642
9/26/2002,672
9/27/2002,569
9/28/2002,518
9/29/2002,461
9/30/2002,446
10/1/2002,437
10/2/2002,426
10/3/2002,415
10/4/2002,403
10/5/2002,386
10/6/2002,367
10/7/2002,369
10/8/2002,356
10/9/2002,347
10/10/2002,366
10/11/2002,341
10/12/2002,292
10/13/2002,262
10/14/2002,272
10/15/2002,285
10/16/2002,299
10/17/2002,272
10/18/2002,263
10/19/2002,245
10/20/2002,232
10/21/2002,221
10/22/2002,216
10/23/2002,259
10/24/2002,240
10/25/2002,234
10/26/2002,269
10/27/2002,216
10/28/2002,211
10/29/2002,208
10/30/2002,213
10/31/2002,236
11/1/2002,184
11/2/2002,178
11/3/2002,191
11/4/2002,265
11/5/2002,256
11/6/2002,247
11/7/2002,226
11/8/2002,186
11/9/2002,208
11/10/2002,200
11/11/2002,189
11/12/2002,179
11/13/2002,198
11/14/2002,267
11/15/2002,206
11/16/2002,216
11/17/2002,196
11/18/2002,183
11/19/2002,176
11/20/2002,170
11/21/2002,167
11/22/2002,160
11/23/2002,170
11/24/2002,167
11/25/2002,165
11/26/2002,162
11/27/2002,141
11/28/2002,149
11/29/2002,165
11/30/2002,163
12/1/2002,155
12/2/2002,145
12/3/2002,142
12/4/2002,140
12/5/2002,137
12/6/2002,132
12/7/2002,116
12/8/2002,130
12/9/2002,126
12/10/2002,116
12/11/2002,111
12/12/2002,122
12/13/2002,104
12/14/2002,91
12/15/2002,85.1
12/16/2002,125
12/17/2002,132
12/18/2002,123
12/19/2002,128
12/20/2002,132
12/21/2002,132
12/22/2002,116
12/23/2002,127
12/24/2002,132
12/25/2002,90.5
12/26/2002,82.4
12/27/2002,95.3
12/28/2002,92.2
12/29/2002,112
12/30/2002,124
12/31/2002,123
1/1/2003,133
1/2/2003,146
1/3/2003,
1/4/2003,
1/5/2003,
1/6/2003,137
1/7/2003,127
1/8/2003,119
1/9/2003,124
1/10/2003,109
1/11/2003,104
1/12/2003,101
1/13/2003,89.1
1/14/2003,79.3
1/15/2003,
1/16/2003,
1/17/2003,
1/18/2003,
1/19/2003,
1/20/2003,
1/21/2003,
1/22/2003,
1/23/2003,
1/24/2003,
1/25/2003,
1/26/2003,
1/27/2003,
1/28/2003,
1/29/2003,
1/30/2003,
1/31/2003,
2/1/2003,
2/2/2003,
2/3/2003,
2/4/2003,
2/5/2003,
2/6/2003,
2/7/2003,
2/8/2003,
2/9/2003,
2/10/2003,
2/11/2003,
2/12/2003,
2/13/2003,97.5
2/14/2003,98.2
2/15/2003,98.6
2/16/2003,92.4
2/17/2003,91.2
2/18/2003,86.3
2/19/2003,101
2/20/2003,120
2/21/2003,131
2/22/2003,113
2/23/2003,104
2/24/2003,103
2/25/2003,92.3
2/26/2003,82.9
2/27/2003,102
2/28/2003,108
3/1/2003,88.3
3/2/2003,107
3/3/2003,103
3/4/2003,83.8
3/5/2003,94.9
3/6/2003,102
3/7/2003,89
3/8/2003,82.8
3/9/2003,74.4
3/10/2003,81.1
3/11/2003,95.5
3/12/2003,89
3/13/2003,79.9
3/14/2003,86.3
3/15/2003,92.1
3/16/2003,90.5
3/17/2003,83.2
3/18/2003,85.5
3/19/2003,64.7
3/20/2003,86.4
3/21/2003,92.7
3/22/2003,70.4
3/23/2003,76.2
3/24/2003,108
3/25/2003,106
3/26/2003,118
3/27/2003,112
3/28/2003,97.4
3/29/2003,93.2
3/30/2003,93.8
3/31/2003,118
4/1/2003,110
4/2/2003,111
4/3/2003,110
4/4/2003,109
4/5/2003,92.2
4/6/2003,80.3
4/7/2003,100
4/8/2003,93.7
4/9/2003,88.1
4/10/2003,90.5
4/11/2003,88.2
4/12/2003,97
4/13/2003,97
4/14/2003,96.5
4/15/2003,86
4/16/2003,105
4/17/2003,100
4/18/2003,124
4/19/2003,101
4/20/2003,115
4/21/2003,116
4/22/2003,119
4/23/2003,101
4/24/2003,97
4/25/2003,95.1
4/26/2003,121
4/27/2003,119
4/28/2003,144
4/29/2003,119
4/30/2003,121
5/1/2003,114
5/2/2003,91.8
5/3/2003,121
5/4/2003,100
5/5/2003,121
5/6/2003,118
5/7/2003,89.6
5/8/2003,83.7
5/9/2003,101
5/10/2003,79.3
5/11/2003,81.1
5/12/2003,101
5/13/2003,92.3
5/14/2003,82
5/15/2003,107
5/16/2003,110
5/17/2003,122
5/18/2003,118
5/19/2003,141
5/20/2003,174
5/21/2003,150
5/22/2003,192
5/23/2003,174
5/24/2003,172
5/25/2003,177
5/26/2003,154
5/27/2003,95.2
5/28/2003,108
5/29/2003,145
5/30/2003,131
5/31/2003,164
6/1/2003,260
6/2/2003,237
6/3/2003,237
6/4/2003,285
6/5/2003,260
6/6/2003,248
6/7/2003,195
6/8/2003,211
6/9/2003,226
6/10/2003,235
6/11/2003,233
6/12/2003,221
6/13/2003,241
6/14/2003,240
6/15/2003,237
6/16/2003,236
6/17/2003,246
6/18/2003,289
6/19/2003,298
6/20/2003,268
6/21/2003,304
6/22/2003,394
6/23/2003,346
6/24/2003,396
6/25/2003,1150
6/26/2003,912
6/27/2003,1110
6/28/2003,1160
6/29/2003,1020
6/30/2003,1400
7/1/2003,1500
7/2/2003,1370
7/3/2003,736
7/4/2003,1190
7/5/2003,1490
7/6/2003,1240
7/7/2003,1090
7/8/2003,900
7/9/2003,2380
7/10/2003,2500
7/11/2003,1730
7/12/2003,1390
7/13/2003,1150
7/14/2003,1750
7/15/2003,1350
7/16/2003,1160
7/17/2003,1080
7/18/2003,1060
7/19/2003,1050
7/20/2003,1580
7/21/2003,1630
7/22/2003,1160
7/23/2003,1030
7/24/2003,937
7/25/2003,865
7/26/2003,793
7/27/2003,818
7/28/2003,868
7/29/2003,849
7/30/2003,842
7/31/2003,3060
8/1/2003,3030
8/2/2003,2050
8/3/2003,1600
8/4/2003,1430
8/5/2003,1230
8/6/2003,1080
8/7/2003,962
8/8/2003,957
8/9/2003,1090
8/10/2003,1090
8/11/2003,1100
8/12/2003,1030
8/13/2003,1190
8/14/2003,1160
8/15/2003,1180
8/16/2003,1090
8/17/2003,947
8/18/2003,2090
8/19/2003,3470
8/20/2003,3420
8/21/2003,2590
8/22/2003,2060
8/23/2003,1630
8/24/2003,1570
8/25/2003,1250
8/26/2003,1170
8/27/2003,1080
8/28/2003,1100
8/29/2003,1150
8/30/2003,1150
8/31/2003,1120
9/1/2003,1200
9/2/2003,2270
9/3/2003,2060
9/4/2003,1880
9/5/2003,1820
9/6/2003,1780
9/7/2003,1420
9/8/2003,1250
9/9/2003,1170
9/10/2003,1060
9/11/2003,938
9/12/2003,960
9/13/2003,1140
9/14/2003,1080
9/15/2003,1080
9/16/2003,1210
9/17/2003,1120
9/18/2003,963
9/19/2003,900
9/20/2003,850
9/21/2003,1030
9/22/2003,1040
9/23/2003,1140
9/24/2003,1300
9/25/2003,1320
9/26/2003,1180
9/27/2003,1040
9/28/2003,1010
9/29/2003,865
9/30/2003,951
10/1/2003,1070
10/2/2003,981
10/3/2003,894
10/4/2003,726
10/5/2003,533
10/6/2003,508
10/7/2003,461
10/8/2003,422
10/9/2003,401
10/10/2003,391
10/11/2003,388
10/12/2003,378
10/13/2003,365
10/14/2003,358
10/15/2003,363
10/16/2003,359
10/17/2003,349
10/18/2003,368
10/19/2003,343
10/20/2003,330
10/21/2003,292
10/22/2003,261
10/23/2003,254
10/24/2003,292
10/25/2003,310
10/26/2003,342
10/27/2003,371
10/28/2003,348
10/29/2003,295
10/30/2003,268
10/31/2003,288
11/1/2003,289
11/2/2003,296
11/3/2003,298
11/4/2003,280
11/5/2003,270
11/6/2003,263
11/7/2003,266
11/8/2003,248
11/9/2003,235
11/10/2003,229
11/11/2003,233
11/12/2003,242
11/13/2003,220
11/14/2003,206
11/15/2003,218
11/16/2003,225
11/17/2003,232
11/18/2003,245
11/19/2003,232
11/20/2003,225
11/21/2003,224
11/22/2003,211
11/23/2003,209
11/24/2003,212
11/25/2003,209
11/26/2003,206
11/27/2003,199
11/28/2003,181
11/29/2003,180
11/30/2003,182
12/1/2003,193
12/2/2003,201
12/3/2003,188
12/4/2003,181
12/5/2003,174
12/6/2003,169
12/7/2003,173
12/8/2003,166
12/9/2003,170
12/10/2003,181
12/11/2003,171
12/12/2003,159
12/13/2003,146
12/14/2003,146
12/15/2003,152
12/16/2003,147
12/17/2003,137
12/18/2003,151
12/19/2003,132
12/20/2003,131
12/21/2003,146
12/22/2003,145
12/23/2003,140
12/24/2003,147
12/25/2003,136
12/26/2003,115
12/27/2003,132
12/28/2003,147
12/29/2003,148
12/30/2003,151
12/31/2003,143
1/1/2004,141
1/2/2004,134
1/3/2004,123
1/4/2004,133
1/5/2004,157
1/6/2004,149
1/7/2004,114
1/8/2004,111
1/9/2004,111
1/10/2004,108
1/11/2004,102
1/12/2004,102
1/13/2004,113
1/14/2004,109
1/15/2004,126
1/16/2004,121
1/17/2004,124
1/18/2004,116
1/19/2004,113
1/20/2004,125
1/21/2004,124
1/22/2004,118
1/23/2004,133
1/24/2004,159
1/25/2004,144
1/26/2004,136
1/27/2004,109
1/28/2004,124
1/29/2004,123
1/30/2004,126
1/31/2004,126
2/1/2004,122
2/2/2004,120
2/3/2004,122
2/4/2004,128
2/5/2004,120
2/6/2004,119
2/7/2004,114
2/8/2004,115
2/9/2004,109
2/10/2004,113
2/11/2004,113
2/12/2004,106
2/13/2004,109
2/14/2004,106
2/15/2004,101
2/16/2004,115
2/17/2004,112
2/18/2004,97.2
2/19/2004,105
2/20/2004,104
2/21/2004,108
2/22/2004,85.1
2/23/2004,107
2/24/2004,113
2/25/2004,111
2/26/2004,101
2/27/2004,113
2/28/2004,121
2/29/2004,106
3/1/2004,99.9
3/2/2004,109
3/3/2004,116
3/4/2004,101
3/5/2004,105
3/6/2004,100
3/7/2004,101
3/8/2004,106
3/9/2004,100
3/10/2004,111
3/11/2004,98
3/12/2004,104
3/13/2004,105
3/14/2004,73.9
3/15/2004,104
3/16/2004,94.8
3/17/2004,107
3/18/2004,95.3
3/19/2004,109
3/20/2004,112
3/21/2004,119
3/22/2004,125
3/23/2004,116
3/24/2004,114
3/25/2004,121
3/26/2004,107
3/27/2004,98.9
3/28/2004,95.5
3/29/2004,104
3/30/2004,86.6
3/31/2004,79.3
4/1/2004,73.1
4/2/2004,73.2
4/3/2004,108
4/4/2004,99
4/5/2004,121
4/6/2004,109
4/7/2004,103
4/8/2004,109
4/9/2004,110
4/10/2004,122
4/11/2004,111
4/12/2004,105
4/13/2004,95.5
4/14/2004,97.9
4/15/2004,108
4/16/2004,102
4/17/2004,105
4/18/2004,87.7
4/19/2004,106
4/20/2004,107
4/21/2004,101
4/22/2004,109
4/23/2004,129
4/24/2004,134
4/25/2004,128
4/26/2004,122
4/27/2004,118
4/28/2004,118
4/29/2004,116
4/30/2004,114
5/1/2004,89.6
5/2/2004,73.5
5/3/2004,87.9
5/4/2004,103
5/5/2004,90
5/6/2004,109
5/7/2004,114
5/8/2004,94.6
5/9/2004,102
5/10/2004,108
5/11/2004,85.1
5/12/2004,66
5/13/2004,121
5/14/2004,145
5/15/2004,126
5/16/2004,115
5/17/2004,114
5/18/2004,158
5/19/2004,185
5/20/2004,185
5/21/2004,247
5/22/2004,178
5/23/2004,171
5/24/2004,158
5/25/2004,151
5/26/2004,142
5/27/2004,142
5/28/2004,130
5/29/2004,155
5/30/2004,181
5/31/2004,163
6/1/2004,178
6/2/2004,160
6/3/2004,164
6/4/2004,191
6/5/2004,193
6/6/2004,199
6/7/2004,165
6/8/2004,194
6/9/2004,201
6/10/2004,169
6/11/2004,141
6/12/2004,188
6/13/2004,197
6/14/2004,197
6/15/2004,212
6/16/2004,248
6/17/2004,475
6/18/2004,583
6/19/2004,714
6/20/2004,311
6/21/2004,406
6/22/2004,464
6/23/2004,400
6/24/2004,351
6/25/2004,338
6/26/2004,309
6/27/2004,269
6/28/2004,294
6/29/2004,252
6/30/2004,272
7/1/2004,326
7/2/2004,270
7/3/2004,426
7/4/2004,546
7/5/2004,434
7/6/2004,606
7/7/2004,636
7/8/2004,824
7/9/2004,1060
7/10/2004,727
7/11/2004,653
7/12/2004,755
7/13/2004,1110
7/14/2004,1180
7/15/2004,1120
7/16/2004,685
7/17/2004,714
7/18/2004,1110
7/19/2004,2400
7/20/2004,1860
7/21/2004,1520
7/22/2004,801
7/23/2004,777
7/24/2004,686
7/25/2004,680
7/26/2004,887
7/27/2004,791
7/28/2004,1210
7/29/2004,1240
7/30/2004,1110
7/31/2004,1050
8/1/2004,1060
8/2/2004,1020
8/3/2004,1070
8/4/2004,850
8/5/2004,840
8/6/2004,1040
8/7/2004,1050
8/8/2004,1010
8/9/2004,932
8/10/2004,844
8/11/2004,794
8/12/2004,766
8/13/2004,713
8/14/2004,675
8/15/2004,665
8/16/2004,728
8/17/2004,754
8/18/2004,937
8/19/2004,1140
8/20/2004,2020
8/21/2004,1770
8/22/2004,1180
8/23/2004,1070
8/24/2004,889
8/25/2004,793
8/26/2004,703
8/27/2004,644
8/28/2004,609
8/29/2004,640
8/30/2004,615
8/31/2004,675
9/1/2004,896
9/2/2004,751
9/3/2004,709
9/4/2004,941
9/5/2004,975
9/6/2004,754
9/7/2004,715
9/8/2004,659
9/9/2004,676
9/10/2004,2000
9/11/2004,1090
9/12/2004,835
9/13/2004,766
9/14/2004,726
9/15/2004,706
9/16/2004,698
9/17/2004,656
9/18/2004,669
9/19/2004,644
9/20/2004,639
9/21/2004,653
9/22/2004,681
9/23/2004,639
9/24/2004,575
9/25/2004,489
9/26/2004,455
9/27/2004,495
9/28/2004,464
9/29/2004,604
9/30/2004,573
10/1/2004,571
10/2/2004,578
10/3/2004,789
10/4/2004,677
10/5/2004,621
10/6/2004,606
10/7/2004,533
10/8/2004,516
10/9/2004,517
10/10/2004,490
10/11/2004,493
10/12/2004,402
10/13/2004,421
10/14/2004,417
10/15/2004,404
10/16/2004,381
10/17/2004,379
10/18/2004,364
10/19/2004,369
10/20/2004,360
10/21/2004,342
10/22/2004,337
10/23/2004,329
10/24/2004,332
10/25/2004,353
10/26/2004,343
10/27/2004,293
10/28/2004,257
10/29/2004,268
10/30/2004,298
10/31/2004,287
11/1/2004,279
11/2/2004,285
11/3/2004,281
11/4/2004,277
11/5/2004,206
11/6/2004,205
11/7/2004,199
11/8/2004,213
11/9/2004,228
11/10/2004,216
11/11/2004,221
11/12/2004,212
11/13/2004,207
11/14/2004,205
11/15/2004,215
11/16/2004,244
11/17/2004,214
11/18/2004,233
11/19/2004,226
11/20/2004,220
11/21/2004,212
11/22/2004,211
11/23/2004,204
11/24/2004,213
11/25/2004,203
11/26/2004,176
11/27/2004,164
11/28/2004,202
11/29/2004,188
11/30/2004,179
12/1/2004,164
12/2/2004,157
12/3/2004,169
12/4/2004,180
12/5/2004,175
12/6/2004,174
12/7/2004,174
12/8/2004,164
12/9/2004,162
12/10/2004,159
12/11/2004,158
12/12/2004,157
12/13/2004,166
12/14/2004,149
12/15/2004,139
12/16/2004,159
12/17/2004,153
12/18/2004,153
12/19/2004,152
12/20/2004,147
12/21/2004,139
12/22/2004,134
12/23/2004,132
12/24/2004,139
12/25/2004,142
12/26/2004,135
12/27/2004,133
12/28/2004,118
12/29/2004,110
12/30/2004,104
12/31/2004,123
1/1/2005,115
1/2/2005,128
1/3/2005,124
1/4/2005,124
1/5/2005,122
1/6/2005,117
1/7/2005,119
1/8/2005,125
1/9/2005,116
1/10/2005,101
1/11/2005,109
1/12/2005,124
1/13/2005,119
1/14/2005,108
1/15/2005,117
1/16/2005,96.2
1/17/2005,112
1/18/2005,132
1/19/2005,122
1/20/2005,131
1/21/2005,119
1/22/2005,120
1/23/2005,137
1/24/2005,132
1/25/2005,130
1/26/2005,137
1/27/2005,125
1/28/2005,135
1/29/2005,142
1/30/2005,136
1/31/2005,123
2/1/2005,122
2/2/2005,121
2/3/2005,111
2/4/2005,108
2/5/2005,105
2/6/2005,99.5
2/7/2005,126
2/8/2005,123
2/9/2005,116
2/10/2005,119
2/11/2005,102
2/12/2005,109
2/13/2005,94.3
2/14/2005,92
2/15/2005,98.8
2/16/2005,107
2/17/2005,115
2/18/2005,124
2/19/2005,101
2/20/2005,114
2/21/2005,111
2/22/2005,104
2/23/2005,99.9
2/24/2005,104
2/25/2005,108
2/26/2005,105
2/27/2005,104
2/28/2005,103
3/1/2005,85.1
3/2/2005,110
3/3/2005,112
3/4/2005,110
3/5/2005,111
3/6/2005,103
3/7/2005,94.4
3/8/2005,97.2
3/9/2005,94.5
3/10/2005,103
3/11/2005,79.3
3/12/2005,80.1
3/13/2005,87.4
3/14/2005,92.5
3/15/2005,99
3/16/2005,108
3/17/2005,98.9
3/18/2005,93.6
3/19/2005,107
3/20/2005,106
3/21/2005,120
3/22/2005,113
3/23/2005,102
3/24/2005,118
3/25/2005,103
3/26/2005,93.8
3/27/2005,102
3/28/2005,104
3/29/2005,99.6
3/30/2005,102
3/31/2005,102
4/1/2005,92
4/2/2005,88.7
4/3/2005,81.6
4/4/2005,84.7
4/5/2005,78.2
4/6/2005,87.7
4/7/2005,83.7
4/8/2005,102
4/9/2005,89
4/10/2005,90.1
4/11/2005,81.7
4/12/2005,96.6
4/13/2005,75.7
4/14/2005,100
4/15/2005,103
4/16/2005,108
4/17/2005,107
4/18/2005,101
4/19/2005,98.2
4/20/2005,96.9
4/21/2005,102
4/22/2005,96.2
4/23/2005,88.2
4/24/2005,102
4/25/2005,147
4/26/2005,143
4/27/2005,116
4/28/2005,140
4/29/2005,113
4/30/2005,110
5/1/2005,116
5/2/2005,118
5/3/2005,113
5/4/2005,108
5/5/2005,115
5/6/2005,107
5/7/2005,132
5/8/2005,128
5/9/2005,135
5/10/2005,138
5/11/2005,145
5/12/2005,130
5/13/2005,127
5/14/2005,117
5/15/2005,114
5/16/2005,94.8
5/17/2005,121
5/18/2005,137
5/19/2005,146
5/20/2005,133
5/21/2005,120
5/22/2005,154
5/23/2005,136
5/24/2005,170
5/25/2005,178
5/26/2005,187
5/27/2005,168
5/28/2005,167
5/29/2005,171
5/30/2005,160
5/31/2005,152
6/1/2005,145
6/2/2005,136
6/3/2005,126
6/4/2005,92.7
6/5/2005,141
6/6/2005,161
6/7/2005,135
6/8/2005,153
6/9/2005,136
6/10/2005,136
6/11/2005,137
6/12/2005,149
6/13/2005,172
6/14/2005,207
6/15/2005,190
6/16/2005,209
6/17/2005,205
6/18/2005,199
6/19/2005,205
6/20/2005,222
6/21/2005,201
6/22/2005,276
6/23/2005,281
6/24/2005,300
6/25/2005,287
6/26/2005,291
6/27/2005,372
6/28/2005,425
6/29/2005,436
6/30/2005,452
7/1/2005,445
7/2/2005,544
7/3/2005,902
7/4/2005,691
7/5/2005,522
7/6/2005,953
7/7/2005,1110
7/8/2005,626
7/9/2005,605
7/10/2005,1090
7/11/2005,1320
7/12/2005,919
7/13/2005,963
7/14/2005,1040
7/15/2005,1180
7/16/2005,941
7/17/2005,1010
7/18/2005,1510
7/19/2005,1100
7/20/2005,1100
7/21/2005,1030
7/22/2005,1100
7/23/2005,1130
7/24/2005,980
7/25/2005,918
7/26/2005,900
7/27/2005,936
7/28/2005,919
7/29/2005,902
7/30/2005,848
7/31/2005,744
8/1/2005,688
8/2/2005,713
8/3/2005,670
8/4/2005,673
8/5/2005,754
8/6/2005,860
8/7/2005,1180
8/8/2005,963
8/9/2005,840
8/10/2005,733
8/11/2005,711
8/12/2005,800
8/13/2005,1080
8/14/2005,955
8/15/2005,970
8/16/2005,1050
8/17/2005,976
8/18/2005,1050
8/19/2005,1840
8/20/2005,2020
8/21/2005,1600
8/22/2005,1290
8/23/2005,1210
8/24/2005,1180
8/25/2005,1230
8/26/2005,1200
8/27/2005,1060
8/28/2005,831
8/29/2005,777
8/30/2005,724
8/31/2005,652
9/1/2005,634
9/2/2005,617
9/3/2005,635
9/4/2005,651
9/5/2005,620
9/6/2005,710
9/7/2005,785
9/8/2005,681
9/9/2005,798
9/10/2005,784
9/11/2005,649
9/12/2005,595
9/13/2005,580
9/14/2005,541
9/15/2005,520
9/16/2005,478
9/17/2005,466
9/18/2005,452
9/19/2005,456
9/20/2005,444
9/21/2005,411
9/22/2005,590
9/23/2005,573
9/24/2005,545
9/25/2005,528
9/26/2005,472
9/27/2005,421
9/28/2005,404
9/29/2005,377
9/30/2005,389
10/1/2005,361
10/2/2005,376
10/3/2005,357
10/4/2005,382
10/5/2005,391
10/6/2005,437
10/7/2005,402
10/8/2005,402
10/9/2005,360
10/10/2005,373
10/11/2005,377
10/12/2005,373
10/13/2005,362
10/14/2005,369
10/15/2005,349
10/16/2005,292
10/17/2005,324
10/18/2005,306
10/19/2005,310
10/20/2005,320
10/21/2005,888
10/22/2005,531
10/23/2005,512
10/24/2005,504
10/25/2005,459
10/26/2005,406
10/27/2005,389
10/28/2005,368
10/29/2005,340
10/30/2005,352
10/31/2005,342
11/1/2005,299
11/2/2005,310
11/3/2005,297
11/4/2005,261
11/5/2005,250
11/6/2005,261
11/7/2005,258
11/8/2005,222
11/9/2005,210
11/10/2005,226
11/11/2005,198
11/12/2005,236
11/13/2005,221
11/14/2005,237
11/15/2005,216
11/16/2005,232
11/17/2005,229
11/18/2005,222
11/19/2005,224
11/20/2005,228
11/21/2005,237
11/22/2005,211
11/23/2005,204
11/24/2005,199
11/25/2005,192
11/26/2005,206
11/27/2005,183
11/28/2005,184
11/29/2005,176
11/30/2005,177
12/1/2005,179
12/2/2005,170
12/3/2005,167
12/4/2005,171
12/5/2005,172
12/6/2005,171
12/7/2005,161
12/8/2005,162
12/9/2005,164
12/10/2005,154
12/11/2005,152
12/12/2005,146
12/13/2005,152
12/14/2005,147
12/15/2005,141
12/16/2005,136
12/17/2005,141
12/18/2005,141
12/19/2005,150
12/20/2005,149
12/21/2005,148
12/22/2005,137
12/23/2005,139
12/24/2005,137
12/25/2005,133
12/26/2005,153
12/27/2005,149
12/28/2005,133
12/29/2005,124
12/30/2005,119
12/31/2005,129
1/1/2006,142
1/2/2006,121
1/3/2006,140
1/4/2006,146
1/5/2006,128
1/6/2006,116
1/7/2006,113
1/8/2006,111
1/9/2006,114
1/10/2006,121
1/11/2006,124
1/12/2006,119
1/13/2006,132
1/14/2006,131
1/15/2006,130
1/16/2006,120
1/17/2006,113
1/18/2006,120
1/19/2006,113
1/20/2006,132
1/21/2006,109
1/22/2006,99.6
1/23/2006,109
1/24/2006,125
1/25/2006,103
1/26/2006,96.8
1/27/2006,107
1/28/2006,111
1/29/2006,115
1/30/2006,113
1/31/2006,113
2/1/2006,108
2/2/2006,105
2/3/2006,110
2/4/2006,108
2/5/2006,98.7
2/6/2006,100
2/7/2006,100
2/8/2006,100
2/9/2006,95.4
2/10/2006,114
2/11/2006,121
2/12/2006,109
2/13/2006,107
2/14/2006,96.2
2/15/2006,97.6
2/16/2006,116
2/17/2006,109
2/18/2006,111
2/19/2006,108
2/20/2006,111
2/21/2006,107
2/22/2006,107
2/23/2006,108
2/24/2006,102
2/25/2006,111
2/26/2006,109
2/27/2006,108
2/28/2006,92.1
3/1/2006,112
3/2/2006,105
3/3/2006,92.9
3/4/2006,100
3/5/2006,100
3/6/2006,78.9
3/7/2006,77
3/8/2006,76.2
3/9/2006,83.6
3/10/2006,84
3/11/2006,94.9
3/12/2006,106
3/13/2006,128
3/14/2006,145
3/15/2006,107
3/16/2006,105
3/17/2006,117
3/18/2006,109
3/19/2006,114
3/20/2006,75.4
3/21/2006,101
3/22/2006,101
3/23/2006,89.8
3/24/2006,98.6
3/25/2006,98.1
3/26/2006,79.4
3/27/2006,77.7
3/28/2006,80.3
3/29/2006,80.5
3/30/2006,98.9
3/31/2006,83.6
4/1/2006,87.8
4/2/2006,83.1
4/3/2006,99.3
4/4/2006,100
4/5/2006,98.3
4/6/2006,102
4/7/2006,101
4/8/2006,104
4/9/2006,97.5
4/10/2006,104
4/11/2006,105
4/12/2006,140
4/13/2006,101
4/14/2006,93.4
4/15/2006,85.3
4/16/2006,87.7
4/17/2006,89.7
4/18/2006,76.1
4/19/2006,108
4/20/2006,130
4/21/2006,111
4/22/2006,105
4/23/2006,108
4/24/2006,111
4/25/2006,128
4/26/2006,124
4/27/2006,140
4/28/2006,112
4/29/2006,111
4/30/2006,108
5/1/2006,108
5/2/2006,104
5/3/2006,154
5/4/2006,160
5/5/2006,140
5/6/2006,120
5/7/2006,116
5/8/2006,120
5/9/2006,143
5/10/2006,152
5/11/2006,180
5/12/2006,163
5/13/2006,167
5/14/2006,152
5/15/2006,151
5/16/2006,170
5/17/2006,167
5/18/2006,147
5/19/2006,152
5/20/2006,162
5/21/2006,182
5/22/2006,216
5/23/2006,199
5/24/2006,182
5/25/2006,195
5/26/2006,254
5/27/2006,310
5/28/2006,290
5/29/2006,349
5/30/2006,341
5/31/2006,292
6/1/2006,262
6/2/2006,279
6/3/2006,284
6/4/2006,553
6/5/2006,437
6/6/2006,380
6/7/2006,406
6/8/2006,390
6/9/2006,317
6/10/2006,336
6/11/2006,418
6/12/2006,381
6/13/2006,350
6/14/2006,270
6/15/2006,264
6/16/2006,240
6/17/2006,235
6/18/2006,245
6/19/2006,242
6/20/2006,240
6/21/2006,208
6/22/2006,218
6/23/2006,208
6/24/2006,327
6/25/2006,389
6/26/2006,432
6/27/2006,412
6/28/2006,437
6/29/2006,500
6/30/2006,550
7/1/2006,514
7/2/2006,501
7/3/2006,519
7/4/2006,429
7/5/2006,444
7/6/2006,499
7/7/2006,441
7/8/2006,494
7/9/2006,565
7/10/2006,386
7/11/2006,498
7/12/2006,711
7/13/2006,828
7/14/2006,953
7/15/2006,1170
7/16/2006,1350
7/17/2006,1080
7/18/2006,1140
7/19/2006,1240
7/20/2006,1600
7/21/2006,1200
7/22/2006,1060
7/23/2006,876
7/24/2006,775
7/25/2006,733
7/26/2006,811
7/27/2006,1060
7/28/2006,828
7/29/2006,738
7/30/2006,704
7/31/2006,630
8/1/2006,579
8/2/2006,603
8/3/2006,591
8/4/2006,670
8/5/2006,662
8/6/2006,717
8/7/2006,710
8/8/2006,754
8/9/2006,700
8/10/2006,701
8/11/2006,654
8/12/2006,565
8/13/2006,520
8/14/2006,543
8/15/2006,556
8/16/2006,562
8/17/2006,491
8/18/2006,469
8/19/2006,466
8/20/2006,487
8/21/2006,800
8/22/2006,637
8/23/2006,612
8/24/2006,635
8/25/2006,645
8/26/2006,681
8/27/2006,1590
8/28/2006,1810
8/29/2006,1720
8/30/2006,1490
8/31/2006,1200
9/1/2006,1070
9/2/2006,912
9/3/2006,717
9/4/2006,626
9/5/2006,648
9/6/2006,578
9/7/2006,527
9/8/2006,528
9/9/2006,603
9/10/2006,610
9/11/2006,847
9/12/2006,910
9/13/2006,844
9/14/2006,767
9/15/2006,721
9/16/2006,658
9/17/2006,661
9/18/2006,610
9/19/2006,608
9/20/2006,540
9/21/2006,516
9/22/2006,493
9/23/2006,593
9/24/2006,606
9/25/2006,595
9/26/2006,524
9/27/2006,533
9/28/2006,486
9/29/2006,427
9/30/2006,397
10/1/2006,367
10/2/2006,358
10/3/2006,350
10/4/2006,383
10/5/2006,357
10/6/2006,326
10/7/2006,321
10/8/2006,338
10/9/2006,326
10/10/2006,301
10/11/2006,301
10/12/2006,287
10/13/2006,295
10/14/2006,272
10/15/2006,289
10/16/2006,266
10/17/2006,258
10/18/2006,256
10/19/2006,265
10/20/2006,278
10/21/2006,272
10/22/2006,248
10/23/2006,289
10/24/2006,263
10/25/2006,256
10/26/2006,228
10/27/2006,225
10/28/2006,250
10/29/2006,209
10/30/2006,217
10/31/2006,222
11/1/2006,218
11/2/2006,217
11/3/2006,205
11/4/2006,201
11/5/2006,203
11/6/2006,204
11/7/2006,158
11/8/2006,210
11/9/2006,179
11/10/2006,184
11/11/2006,171
11/12/2006,181
11/13/2006,173
11/14/2006,166
11/15/2006,167
11/16/2006,166
11/17/2006,166
11/18/2006,165
11/19/2006,153
11/20/2006,171
11/21/2006,156
11/22/2006,164
11/23/2006,147
11/24/2006,149
11/25/2006,130
11/26/2006,155
11/27/2006,161
11/28/2006,145
11/29/2006,134
11/30/2006,150
12/1/2006,148
12/2/2006,125
12/3/2006,122
12/4/2006,145
12/5/2006,119
12/6/2006,135
12/7/2006,131
12/8/2006,142
12/9/2006,139
12/10/2006,130
12/11/2006,126
12/12/2006,137
12/13/2006,135
12/14/2006,128
12/15/2006,113
12/16/2006,118
12/17/2006,130
12/18/2006,139
12/19/2006,131
12/20/2006,127
12/21/2006,114
12/22/2006,112
12/23/2006,105
12/24/2006,102
12/25/2006,116
12/26/2006,127
12/27/2006,132
12/28/2006,132
12/29/2006,130
12/30/2006,128
12/31/2006,116
1/1/2007,110
1/2/2007,106
1/3/2007,110
1/4/2007,120
1/5/2007,130
1/6/2007,132
1/7/2007,125
1/8/2007,109
1/9/2007,117
1/10/2007,117
1/11/2007,111
1/12/2007,101
1/13/2007,114
1/14/2007,113
1/15/2007,96.3
1/16/2007,83.6
1/17/2007,84
1/18/2007,89.2
1/19/2007,98.9
1/20/2007,108
1/21/2007,106
1/22/2007,102
1/23/2007,105
1/24/2007,114
1/25/2007,102
1/26/2007,86.1
1/27/2007,98.1
1/28/2007,99.6
1/29/2007,100
1/30/2007,102
1/31/2007,95
2/1/2007,89.7
2/2/2007,105
2/3/2007,96.7
2/4/2007,99.7
2/5/2007,103
2/6/2007,120
2/7/2007,90.1
2/8/2007,96.8
2/9/2007,106
2/10/2007,95.8
2/11/2007,90.1
2/12/2007,84.8
2/13/2007,89.5
2/14/2007,245
2/15/2007,205
2/16/2007,160
2/17/2007,128
2/18/2007,96.3
2/19/2007,105
2/20/2007,114
2/21/2007,104
2/22/2007,104
2/23/2007,109
2/24/2007,97.9
2/25/2007,93.5
2/26/2007,103
2/27/2007,98.2
2/28/2007,98.5
3/1/2007,116
3/2/2007,128
3/3/2007,119
3/4/2007,111
3/5/2007,98.2
3/6/2007,103
3/7/2007,114
3/8/2007,103
3/9/2007,102
3/10/2007,105
3/11/2007,105
3/12/2007,106
3/13/2007,101
3/14/2007,122
3/15/2007,132
3/16/2007,124
3/17/2007,116
3/18/2007,107
3/19/2007,109
3/20/2007,106
3/21/2007,123
3/22/2007,116
3/23/2007,93
3/24/2007,119
3/25/2007,102
3/26/2007,107
3/27/2007,91.7
3/28/2007,92.9
3/29/2007,92.1
3/30/2007,91.4
3/31/2007,91.7
4/1/2007,128
4/2/2007,136
4/3/2007,119
4/4/2007,114
4/5/2007,127
4/6/2007,120
4/7/2007,124
4/8/2007,109
4/9/2007,104
4/10/2007,110
4/11/2007,105
4/12/2007,120
4/13/2007,110
4/14/2007,124
4/15/2007,130
4/16/2007,112
4/17/2007,114
4/18/2007,113
4/19/2007,135
4/20/2007,136
4/21/2007,142
4/22/2007,112
4/23/2007,121
4/24/2007,136
4/25/2007,134
4/26/2007,127
4/27/2007,127
4/28/2007,116
4/29/2007,117
4/30/2007,124
5/1/2007,118
5/2/2007,113
5/3/2007,115
5/4/2007,111
5/5/2007,115
5/6/2007,115
5/7/2007,129
5/8/2007,129
5/9/2007,112
5/10/2007,111
5/11/2007,146
5/12/2007,105
5/13/2007,101
5/14/2007,169
5/15/2007,112
5/16/2007,113
5/17/2007,148
5/18/2007,133
5/19/2007,161
5/20/2007,191
5/21/2007,148
5/22/2007,183
5/23/2007,170
5/24/2007,180
5/25/2007,167
5/26/2007,157
5/27/2007,136
5/28/2007,114
5/29/2007,114
5/30/2007,124
5/31/2007,90
6/1/2007,103
6/2/2007,82.8
6/3/2007,107
6/4/2007,105
6/5/2007,154
6/6/2007,148
6/7/2007,196
6/8/2007,213
6/9/2007,375
6/10/2007,538
6/11/2007,456
6/12/2007,337
6/13/2007,350
6/14/2007,545
6/15/2007,742
6/16/2007,470
6/17/2007,923
6/18/2007,377
6/19/2007,324
6/20/2007,337
6/21/2007,310
6/22/2007,270
6/23/2007,265
6/24/2007,267
6/25/2007,312
6/26/2007,380
6/27/2007,377
6/28/2007,406
6/29/2007,432
6/30/2007,474
7/1/2007,428
7/2/2007,385
7/3/2007,479
7/4/2007,500
7/5/2007,502
7/6/2007,500
7/7/2007,540
7/8/2007,557
7/9/2007,699
7/10/2007,548
7/11/2007,751
7/12/2007,732
7/13/2007,1110
7/14/2007,1063
7/15/2007,1096
7/16/2007,998
7/17/2007,924
7/18/2007,1191
7/19/2007,959
7/20/2007,1600
7/21/2007,1321
7/22/2007,1475
7/23/2007,1568
7/24/2007,1333
7/25/2007,1557
7/26/2007,1415
7/27/2007,2302
7/28/2007,2586
7/29/2007,2330
7/30/2007,2372
7/31/2007,2254
8/1/2007,2110
8/2/2007,1974
8/3/2007,1791
8/4/2007,1381
8/5/2007,1212
8/6/2007,1030
8/7/2007,904
8/8/2007,836
8/9/2007,810
8/10/2007,771
8/11/2007,755
8/12/2007,781
8/13/2007,887
8/14/2007,1149
8/15/2007,1471
8/16/2007,1485
8/17/2007,2297
8/18/2007,1726
8/19/2007,1781
8/20/2007,1806
8/21/2007,1353
8/22/2007,1120
8/23/2007,970
8/24/2007,1068
8/25/2007,1475
8/26/2007,1170
8/27/2007,1265
8/28/2007,1226
8/29/2007,1144
8/30/2007,1195
8/31/2007,1282
9/1/2007,2345
9/2/2007,1711
9/3/2007,1491
9/4/2007,2262
9/5/2007,2491
9/6/2007,5017
9/7/2007,3252
9/8/2007,2174
9/9/2007,1823
9/10/2007,1479
9/11/2007,1182
9/12/2007,1064
9/13/2007,1107
9/14/2007,1055
9/15/2007,1069
9/16/2007,983
9/17/2007,896
9/18/2007,773
9/19/2007,774
9/20/2007,710
9/21/2007,743
9/22/2007,675
9/23/2007,630
9/24/2007,627
9/25/2007,588
9/26/2007,1268
9/27/2007,1208
9/28/2007,1074
9/29/2007,2643
9/30/2007,3332
10/1/2007,1795
10/2/2007,1369
10/3/2007,1118
10/4/2007,976
10/5/2007,884
10/6/2007,791
10/7/2007,741
10/8/2007,713
10/9/2007,668
10/10/2007,668
10/11/2007,622
10/12/2007,611
10/13/2007,574
10/14/2007,545
10/15/2007,539
10/16/2007,575
10/17/2007,566
10/18/2007,506
10/19/2007,487
10/20/2007,491
10/21/2007,493
10/22/2007,476
10/23/2007,436
10/24/2007,402
10/25/2007,413
10/26/2007,420
10/27/2007,414
10/28/2007,362
10/29/2007,346
10/30/2007,374
10/31/2007,373
11/1/2007,321
11/2/2007,320
11/3/2007,267
11/4/2007,331
11/5/2007,305
11/6/2007,311
11/7/2007,305
11/8/2007,283
11/9/2007,286
11/10/2007,303
11/11/2007,347
11/12/2007,326
11/13/2007,289
11/14/2007,232
11/15/2007,237
11/16/2007,237
11/17/2007,225
11/18/2007,237
11/19/2007,243
11/20/2007,216
11/21/2007,217
11/22/2007,218
11/23/2007,224
11/24/2007,208
11/25/2007,207
11/26/2007,204
11/27/2007,213
11/28/2007,214
11/29/2007,215
11/30/2007,211
12/1/2007,200
12/2/2007,197
12/3/2007,200
12/4/2007,196
12/5/2007,190
12/6/2007,188
12/7/2007,175
12/8/2007,183
12/9/2007,187
12/10/2007,189
12/11/2007,181
12/12/2007,177
12/13/2007,183
12/14/2007,179
12/15/2007,172
12/16/2007,152
12/17/2007,160
12/18/2007,156
12/19/2007,158
12/20/2007,155
12/21/2007,171
12/22/2007,163
12/23/2007,156
12/24/2007,146
12/25/2007,151
12/26/2007,158
12/27/2007,168
12/28/2007,162
12/29/2007,148
12/30/2007,137
12/31/2007,152
1/1/2008,150
1/2/2008,143
1/3/2008,138
1/4/2008,125
1/5/2008,122
1/6/2008,124
1/7/2008,144
1/8/2008,134
1/9/2008,139
1/10/2008,130
1/11/2008,136
1/12/2008,123
1/13/2008,104
1/14/2008,134
1/15/2008,136
1/16/2008,91.1
1/17/2008,119
1/18/2008,127
1/19/2008,134
1/20/2008,132
1/21/2008,129
1/22/2008,143
1/23/2008,136
1/24/2008,143
1/25/2008,135
1/26/2008,116
1/27/2008,115
1/28/2008,134
1/29/2008,125
1/30/2008,128
1/31/2008,131
2/1/2008,129
2/2/2008,127
2/3/2008,118
2/4/2008,108
2/5/2008,99.9
2/6/2008,124
2/7/2008,107
2/8/2008,105
2/9/2008,103
2/10/2008,103
2/11/2008,106
2/12/2008,97.1
2/13/2008,94.8
2/14/2008,98.8
2/15/2008,97.1
2/16/2008,100
2/17/2008,102
2/18/2008,112
2/19/2008,121
2/20/2008,108
2/21/2008,107
2/22/2008,106
2/23/2008,99.2
2/24/2008,102
2/25/2008,102
2/26/2008,101
2/27/2008,105
2/28/2008,102
2/29/2008,100
3/1/2008,104
3/2/2008,105
3/3/2008,107
3/4/2008,104
3/5/2008,116
3/6/2008,121
3/7/2008,109
3/8/2008,108
3/9/2008,108
3/10/2008,117
3/11/2008,114
3/12/2008,108
3/13/2008,113
3/14/2008,105
3/15/2008,111
3/16/2008,95.3
3/17/2008,119
3/18/2008,111
3/19/2008,107
3/20/2008,94.4
3/21/2008,112
3/22/2008,94.2
3/23/2008,82.9
3/24/2008,103
3/25/2008,94.7
3/26/2008,103
3/27/2008,99.9
3/28/2008,93.7
3/29/2008,82.2
3/30/2008,104
3/31/2008,95.1
4/1/2008,85.8
4/2/2008,86.8
4/3/2008,84.4
4/4/2008,91.2
4/5/2008,97.9
4/6/2008,98
4/7/2008,102
4/8/2008,118
4/9/2008,108
4/10/2008,101
4/11/2008,109
4/12/2008,113
4/13/2008,133
4/14/2008,137
4/15/2008,129
4/16/2008,116
4/17/2008,92.6
4/18/2008,93.8
4/19/2008,99.6
4/20/2008,104
4/21/2008,109
4/22/2008,108
4/23/2008,107
4/24/2008,98.4
4/25/2008,118
4/26/2008,110
4/27/2008,109
4/28/2008,106
4/29/2008,127
4/30/2008,133
5/1/2008,128
5/2/2008,134
5/3/2008,138
5/4/2008,130
5/5/2008,119
5/6/2008,127
5/7/2008,134
5/8/2008,145
5/9/2008,141
5/10/2008,147
5/11/2008,143
5/12/2008,144
5/13/2008,143
5/14/2008,130
5/15/2008,134
5/16/2008,126
5/17/2008,118
5/18/2008,151
5/19/2008,132
5/20/2008,175
5/21/2008,157
5/22/2008,147
5/23/2008,140
5/24/2008,139
5/25/2008,140
5/26/2008,146
5/27/2008,168
5/28/2008,164
5/29/2008,160
5/30/2008,160
5/31/2008,160
6/1/2008,157
6/2/2008,160
6/3/2008,149
6/4/2008,148
6/5/2008,151
6/6/2008,157
6/7/2008,175
6/8/2008,224
6/9/2008,263
6/10/2008,328
6/11/2008,367
6/12/2008,350
6/13/2008,445
6/14/2008,379
6/15/2008,990
6/16/2008,829
6/17/2008,828
6/18/2008,450
6/19/2008,633
6/20/2008,631
6/21/2008,576
6/22/2008,528
6/23/2008,529
6/24/2008,617
6/25/2008,767
6/26/2008,651
6/27/2008,609
6/28/2008,829
6/29/2008,1148
6/30/2008,1144
7/1/2008,881
7/2/2008,1088
7/3/2008,992
7/4/2008,1065
7/5/2008,871
7/6/2008,861
7/7/2008,750
7/8/2008,665
7/9/2008,623
7/10/2008,636
7/11/2008,564
7/12/2008,529
7/13/2008,702
7/14/2008,769
7/15/2008,1010
7/16/2008,1000
7/17/2008,734
7/18/2008,753
7/19/2008,962
7/20/2008,1244
7/21/2008,1761
7/22/2008,1445
7/23/2008,1241
7/24/2008,1063
7/25/2008,993
7/26/2008,838
7/27/2008,842
7/28/2008,1001
7/29/2008,917
7/30/2008,794
7/31/2008,918
8/1/2008,1012
8/2/2008,907
8/3/2008,868
8/4/2008,916
8/5/2008,1080
8/6/2008,1070
8/7/2008,1514
8/8/2008,2118
8/9/2008,1498
8/10/2008,1308
8/11/2008,1135
8/12/2008,1155
8/13/2008,1678
8/14/2008,2164
8/15/2008,1938
8/16/2008,2150
8/17/2008,1874
8/18/2008,1515
8/19/2008,1694
8/20/2008,3028
8/21/2008,2530
8/22/2008,2239
8/23/2008,2067
8/24/2008,1984
8/25/2008,1716
8/26/2008,1788
8/27/2008,1830
8/28/2008,1715
8/29/2008,1638
8/30/2008,1351
8/31/2008,1251
9/1/2008,974
9/2/2008,843
9/3/2008,765
9/4/2008,726
9/5/2008,675
9/6/2008,632
9/7/2008,565
9/8/2008,571
9/9/2008,545
9/10/2008,498
9/11/2008,498
9/12/2008,509
9/13/2008,581
9/14/2008,672
9/15/2008,549
9/16/2008,534
9/17/2008,548
9/18/2008,597
9/19/2008,602
9/20/2008,901.71
9/21/2008,2671
9/22/2008,1433
9/23/2008,1075
9/24/2008,910
9/25/2008,876
9/26/2008,787
9/27/2008,680
9/28/2008,655
9/29/2008,635
9/30/2008,628
10/1/2008,593
10/2/2008,529
10/3/2008,543
10/4/2008,496
10/5/2008,453
10/6/2008,445
10/7/2008,439
10/8/2008,428
10/9/2008,426
10/10/2008,407
10/11/2008,395
10/12/2008,345
10/13/2008,359
10/14/2008,364
10/15/2008,335
10/16/2008,337
10/17/2008,319
10/18/2008,328
10/19/2008,313
10/20/2008,294
10/21/2008,289
10/22/2008,254
10/23/2008,264
10/24/2008,300
10/25/2008,288
10/26/2008,282
10/27/2008,248
10/28/2008,241
10/29/2008,305
10/30/2008,313
10/31/2008,338
11/1/2008,265
11/2/2008,234
11/3/2008,233
11/4/2008,203
11/5/2008,234
11/6/2008,251
11/7/2008,247
11/8/2008,245
11/9/2008,244
11/10/2008,234
11/11/2008,224
11/12/2008,223
11/13/2008,222
11/14/2008,213
11/15/2008,194
11/16/2008,199
11/17/2008,209
11/18/2008,192
11/19/2008,206
11/20/2008,202
11/21/2008,193
11/22/2008,191
11/23/2008,168
11/24/2008,164
11/25/2008,168
11/26/2008,167
11/27/2008,166
11/28/2008,165
11/29/2008,169
11/30/2008,158
12/1/2008,161
12/2/2008,166
12/3/2008,168
12/4/2008,162
12/5/2008,161
12/6/2008,160
12/7/2008,158
12/8/2008,160
12/9/2008,154
12/10/2008,158
12/11/2008,158
12/12/2008,156
12/13/2008,156
12/14/2008,152
12/15/2008,154
12/16/2008,148
12/17/2008,148
12/18/2008,138
12/19/2008,136
12/20/2008,134
12/21/2008,132
12/22/2008,139
12/23/2008,135
12/24/2008,129
12/25/2008,126
12/26/2008,130
12/27/2008,126
12/28/2008,126
12/29/2008,127
12/30/2008,129
12/31/2008,126
1/1/2009,137
1/2/2009,136
1/3/2009,115
1/4/2009,113
1/5/2009,121
1/6/2009,116
1/7/2009,101
1/8/2009,112
1/9/2009,118
1/10/2009,125
1/11/2009,110
1/12/2009,98.3
1/13/2009,87.8
1/14/2009,84.4
1/15/2009,87.9
1/16/2009,113
1/17/2009,94.8
1/18/2009,81
1/19/2009,77
1/20/2009,78.7
1/21/2009,91.3
1/22/2009,78.7
1/23/2009,92.6
1/24/2009,89.8
1/25/2009,103
1/26/2009,106
1/27/2009,96.7
1/28/2009,91.2
1/29/2009,82.8
1/30/2009,85.3
1/31/2009,84.4
2/1/2009,91.1
2/2/2009,84.9
2/3/2009,75.4
2/4/2009,82.3
2/5/2009,86.9
2/6/2009,87.3
2/7/2009,79.8
2/8/2009,69.4
2/9/2009,79.9
2/10/2009,81.5
2/11/2009,81.3
2/12/2009,88.9
2/13/2009,76.6
2/14/2009,81.3
2/15/2009,82
2/16/2009,72.1
2/17/2009,81.4
2/18/2009,81.3
2/19/2009,78.7
2/20/2009,81.3
2/21/2009,75.9
2/22/2009,77
2/23/2009,72.2
2/24/2009,74.4
2/25/2009,74
2/26/2009,74
2/27/2009,75.1
2/28/2009,60.4
3/1/2009,67.5
3/2/2009,73
3/3/2009,70.1
3/4/2009,71.6
3/5/2009,68.8
3/6/2009,64.4
3/7/2009,64
3/8/2009,77.1
3/9/2009,63.2
3/10/2009,65.3
3/11/2009,67
3/12/2009,68.5
3/13/2009,77
3/14/2009,69
3/15/2009,77.6
3/16/2009,74.3
3/17/2009,58.4
3/18/2009,72.5
3/19/2009,66.7
3/20/2009,71.8
3/21/2009,60.4
3/22/2009,68.4
3/23/2009,65.5
3/24/2009,71.1
3/25/2009,71.9
3/26/2009,72.5
3/27/2009,73.6
3/28/2009,70.1
3/29/2009,67.1
3/30/2009,66.7
3/31/2009,55.3
4/1/2009,73
4/2/2009,74.9
4/3/2009,67.2
4/4/2009,75.2
4/5/2009,76.1
4/6/2009,63.7
4/7/2009,77.7
4/8/2009,80.4
4/9/2009,83
4/10/2009,72.1
4/11/2009,73.9
4/12/2009,72.6
4/13/2009,72.1
4/14/2009,72.4
4/15/2009,77.8
4/16/2009,75.4
4/17/2009,72.5
4/18/2009,88.4
4/19/2009,90.3
4/20/2009,82.4
4/21/2009,80.3
4/22/2009,76.6
4/23/2009,92.4
4/24/2009,87.4
4/25/2009,86.8
4/26/2009,77.7
4/27/2009,89.7
4/28/2009,90.7
4/29/2009,85.8
4/30/2009,88.7
5/1/2009,101
5/2/2009,128
5/3/2009,130
5/4/2009,129
5/5/2009,111
5/6/2009,79.3
5/7/2009,105
5/8/2009,74.7
5/9/2009,76.1
5/10/2009,72.1
5/11/2009,67.4
5/12/2009,69.9
5/13/2009,80.4
5/14/2009,92.3
5/15/2009,75.1
5/16/2009,68.6
5/17/2009,92.8
5/18/2009,82.6
5/19/2009,79.6
5/20/2009,136
5/21/2009,134
5/22/2009,256
5/23/2009,182
5/24/2009,214
5/25/2009,169
5/26/2009,131
5/27/2009,164
5/28/2009,197
5/29/2009,169
5/30/2009,154
5/31/2009,128
6/1/2009,118
6/2/2009,102
6/3/2009,109
6/4/2009,235
6/5/2009,171
6/6/2009,241
6/7/2009,235
6/8/2009,175
6/9/2009,144
6/10/2009,165
6/11/2009,172
6/12/2009,183
6/13/2009,171
6/14/2009,177
6/15/2009,177
6/16/2009,171
6/17/2009,174
6/18/2009,164
6/19/2009,151
6/20/2009,151
6/21/2009,149
6/22/2009,149
6/23/2009,250
6/24/2009,255
6/25/2009,281
6/26/2009,223
6/27/2009,427
6/28/2009,525
6/29/2009,814
6/30/2009,451
7/1/2009,515
7/2/2009,883
7/3/2009,715
7/4/2009,466
7/5/2009,441
7/6/2009,414
7/7/2009,382
7/8/2009,525
7/9/2009,655
7/10/2009,546
7/11/2009,547
7/12/2009,533
7/13/2009,670
7/14/2009,914
7/15/2009,854
7/16/2009,1050
7/17/2009,532
7/18/2009,539
7/19/2009,593
7/20/2009,591
7/21/2009,605
7/22/2009,519
7/23/2009,499
7/24/2009,543
7/25/2009,525
7/26/2009,485
7/27/2009,1035
7/28/2009,4441
7/29/2009,3129
7/30/2009,1844
7/31/2009,2079
8/1/2009,1616
8/2/2009,1166
8/3/2009,1083
8/4/2009,1320
8/5/2009,1463
8/6/2009,1668
8/7/2009,2065
8/8/2009,1888
8/9/2009,1673
8/10/2009,2333
8/11/2009,1883
8/12/2009,1383
8/13/2009,1368
8/14/2009,1611
8/15/2009,1752
8/16/2009,2348
8/17/2009,2516
8/18/2009,2552
8/19/2009,2377
8/20/2009,1851
8/21/2009,1422
8/22/2009,1441
8/23/2009,1110
8/24/2009,1127
8/25/2009,1206
8/26/2009,1233
8/27/2009,1074
8/28/2009,986
8/29/2009,1002
8/30/2009,876
8/31/2009,1558
9/1/2009,1420
9/2/2009,1227
9/3/2009,999
9/4/2009,956
9/5/2009,1072
9/6/2009,1011
9/7/2009,1052
9/8/2009,1117
9/9/2009,1015
9/10/2009,862
9/11/2009,833
9/12/2009,752
9/13/2009,681
9/14/2009,613
9/15/2009,584
9/16/2009,540
9/17/2009,545
9/18/2009,512
9/19/2009,505
9/20/2009,562
9/21/2009,509
9/22/2009,580
9/23/2009,547
9/24/2009,523
9/25/2009,570
9/26/2009,582
9/27/2009,573
9/28/2009,515
9/29/2009,488
9/30/2009,459
10/1/2009,420
10/2/2009,389
10/3/2009,378
10/4/2009,350
10/5/2009,340
10/6/2009,401
10/7/2009,2079
10/8/2009,3005
10/9/2009,1473
10/10/2009,1006
10/11/2009,867
10/12/2009,789
10/13/2009,683
10/14/2009,614
10/15/2009,575
10/16/2009,537
10/17/2009,540
10/18/2009,551
10/19/2009,511
10/20/2009,474
10/21/2009,456
10/22/2009,438
10/23/2009,397
10/24/2009,361
10/25/2009,418
10/26/2009,337
10/27/2009,338
10/28/2009,384
10/29/2009,329
10/30/2009,328
10/31/2009,277
11/1/2009,331
11/2/2009,296
11/3/2009,293
11/4/2009,288
11/5/2009,295
11/6/2009,277
11/7/2009,279
11/8/2009,263
11/9/2009,253
11/10/2009,251
11/11/2009,238
11/12/2009,236
11/13/2009,233
11/14/2009,241
11/15/2009,257
11/16/2009,228
11/17/2009,223
11/18/2009,220
11/19/2009,199
11/20/2009,224
11/21/2009,222
11/22/2009,206
11/23/2009,207
11/24/2009,199
11/25/2009,195
11/26/2009,199
11/27/2009,203
11/28/2009,197
11/29/2009,193
11/30/2009,185
12/1/2009,194
12/2/2009,199
12/3/2009,191
12/4/2009,179
12/5/2009,171
12/6/2009,175
12/7/2009,183
12/8/2009,167
12/9/2009,183
12/10/2009,179
12/11/2009,153
12/12/2009,152
12/13/2009,148
12/14/2009,146
12/15/2009,153
12/16/2009,154
12/17/2009,145
12/18/2009,144
12/19/2009,142
12/20/2009,147
12/21/2009,143
12/22/2009,139
12/23/2009,142
12/24/2009,141
12/25/2009,147
12/26/2009,133
12/27/2009,127
12/28/2009,141
12/29/2009,139
12/30/2009,130
12/31/2009,118
1/1/2010,127
1/2/2010,125
1/3/2010,125
1/4/2010,126
1/5/2010,126
1/6/2010,134
1/7/2010,132
1/8/2010,135
1/9/2010,132
1/10/2010,120
1/11/2010,105
1/12/2010,119
1/13/2010,108
1/14/2010,128
1/15/2010,118
1/16/2010,109
1/17/2010,114
1/18/2010,109
1/19/2010,111
1/20/2010,104
1/21/2010,101
1/22/2010,98.9
1/23/2010,105
1/24/2010,101
1/25/2010,105
1/26/2010,114
1/27/2010,115
1/28/2010,111
1/29/2010,95.5
1/30/2010,93.3
1/31/2010,83.4
2/1/2010,85.8
2/2/2010,86.4
2/3/2010,103
2/4/2010,98.9
2/5/2010,90.7
2/6/2010,98.1
2/7/2010,96.8
2/8/2010,86.6
2/9/2010,95.9
2/10/2010,97.1
2/11/2010,132
2/12/2010,131
2/13/2010,115
2/14/2010,109
2/15/2010,103
2/16/2010,103
2/17/2010,96.5
2/18/2010,102
2/19/2010,97.2
2/20/2010,96.9
2/21/2010,101
2/22/2010,97.3
2/23/2010,91.7
2/24/2010,94.9
2/25/2010,89.7
2/26/2010,88.9
2/27/2010,88.2
2/28/2010,77.1
3/1/2010,84.5
3/2/2010,74.7
3/3/2010,93.3
3/4/2010,83.9
3/5/2010,85.9
3/6/2010,82.6
3/7/2010,91.5
3/8/2010,97.3
3/9/2010,91.7
3/10/2010,83.7
3/11/2010,86
3/12/2010,86.6
3/13/2010,84.1
3/14/2010,70.7
3/15/2010,76.9
3/16/2010,66.7
3/17/2010,78.3
3/18/2010,85.9
3/19/2010,74.7
3/20/2010,70.3
3/21/2010,69.9
3/22/2010,110
3/23/2010,101
3/24/2010,107
3/25/2010,88.9
3/26/2010,101
3/27/2010,99.3
3/28/2010,82.9
3/29/2010,72.7
3/30/2010,68.3
3/31/2010,64
4/1/2010,71.7
4/2/2010,60.8
4/3/2010,64.4
4/4/2010,63.6
4/5/2010,68.1
4/6/2010,67.2
4/7/2010,60
4/8/2010,75.4
4/9/2010,65.2
4/10/2010,83.7
4/11/2010,106
4/12/2010,87.9
4/13/2010,88.7
4/14/2010,77
4/15/2010,98.9
4/16/2010,89.3
4/17/2010,74.8
4/18/2010,174
4/19/2010,190
4/20/2010,127
4/21/2010,122
4/22/2010,113
4/23/2010,110
4/24/2010,94.4
4/25/2010,94.3
4/26/2010,92.1
4/27/2010,80.7
4/28/2010,64.8
4/29/2010,77
4/30/2010,77.5
5/1/2010,114
5/2/2010,99.3
5/3/2010,110
5/4/2010,121
5/5/2010,105
5/6/2010,158
5/7/2010,107
5/8/2010,114
5/9/2010,122
5/10/2010,108
5/11/2010,108
5/12/2010,105
5/13/2010,108
5/14/2010,108
5/15/2010,95.7
5/16/2010,69.5
5/17/2010,78.9
5/18/2010,82.6
5/19/2010,72.1
5/20/2010,92.9
5/21/2010,106
5/22/2010,152
5/23/2010,103
5/24/2010,138
5/25/2010,181
5/26/2010,151
5/27/2010,138
5/28/2010,153
5/29/2010,169
5/30/2010,158
5/31/2010,139
6/1/2010,154
6/2/2010,140
6/3/2010,136
6/4/2010,152
6/5/2010,149
6/6/2010,164
6/7/2010,158
6/8/2010,156
6/9/2010,142
6/10/2010,124
6/11/2010,125
6/12/2010,138
6/13/2010,162
6/14/2010,188
6/15/2010,161
6/16/2010,163
6/17/2010,172
6/18/2010,253
6/19/2010,246
6/20/2010,282
6/21/2010,410
6/22/2010,326
6/23/2010,317
6/24/2010,324
6/25/2010,286
6/26/2010,346
6/27/2010,350
6/28/2010,521
6/29/2010,479
6/30/2010,479
7/1/2010,487
7/2/2010,656
7/3/2010,527
7/4/2010,700
7/5/2010,673
7/6/2010,990
7/7/2010,713
7/8/2010,655
7/9/2010,678
7/10/2010,648
7/11/2010,1004
7/12/2010,1102
7/13/2010,893
7/14/2010,713
7/15/2010,699
7/16/2010,664
7/17/2010,645
7/18/2010,666
7/19/2010,1111
7/20/2010,2355
7/21/2010,1770
7/22/2010,1500
7/23/2010,1461
7/24/2010,1315
7/25/2010,1826
7/26/2010,1363
7/27/2010,1355
7/28/2010,2296
7/29/2010,1359
7/30/2010,1382
7/31/2010,2419
8/1/2010,1618
8/2/2010,1351
8/3/2010,1423
8/4/2010,1208
8/5/2010,1291
8/6/2010,1391
8/7/2010,1113
8/8/2010,1029
8/9/2010,938
8/10/2010,931
8/11/2010,959
8/12/2010,976
8/13/2010,942
8/14/2010,903
8/15/2010,906
8/16/2010,1196
8/17/2010,1033
8/18/2010,1103
8/19/2010,1249
8/20/2010,2961
8/21/2010,2062
8/22/2010,2136
8/23/2010,2655
8/24/2010,3232
8/25/2010,2467
8/26/2010,2060
8/27/2010,1712
8/28/2010,2651
8/29/2010,2478
8/30/2010,1943
8/31/2010,1972
9/1/2010,1853
9/2/2010,1751
9/3/2010,1844
9/4/2010,2023
9/5/2010,2000
9/6/2010,1519
9/7/2010,2378
9/8/2010,1927
9/9/2010,1464
9/10/2010,1222
9/11/2010,1142
9/12/2010,1769
9/13/2010,1569
9/14/2010,1391
9/15/2010,1567
9/16/2010,2182
9/17/2010,2287
9/18/2010,2335
9/19/2010,2151
9/20/2010,1934
9/21/2010,1637
9/22/2010,1423
9/23/2010,1471
9/24/2010,1557
9/25/2010,1277
9/26/2010,1113
9/27/2010,977
9/28/2010,877
9/29/2010,797
9/30/2010,752
10/1/2010,707
10/2/2010,642
10/3/2010,606
10/4/2010,569
10/5/2010,551
10/6/2010,515
10/7/2010,483
10/8/2010,470
10/9/2010,468
10/10/2010,464
10/11/2010,462
10/12/2010,440
10/13/2010,428
10/14/2010,424
10/15/2010,427
10/16/2010,426
10/17/2010,427
10/18/2010,428
10/19/2010,423
10/20/2010,414
10/21/2010,409
10/22/2010,410
10/23/2010,412
10/24/2010,395
10/25/2010,358
10/26/2010,331
10/27/2010,318
10/28/2010,341
10/29/2010,312
10/30/2010,300
10/31/2010,321
11/1/2010,263
11/2/2010,277
11/3/2010,279
11/4/2010,267
11/5/2010,259
11/6/2010,258
11/7/2010,258
11/8/2010,251
11/9/2010,244
11/10/2010,227
11/11/2010,233
11/12/2010,255
11/13/2010,219
11/14/2010,228
11/15/2010,231
11/16/2010,225
11/17/2010,238
11/18/2010,235
11/19/2010,233
11/20/2010,223
11/21/2010,210
11/22/2010,221
11/23/2010,217
11/24/2010,212
11/25/2010,209
11/26/2010,209
11/27/2010,208
11/28/2010,201
11/29/2010,190
11/30/2010,180
12/1/2010,185
12/2/2010,183
12/3/2010,190
12/4/2010,179
12/5/2010,171
12/6/2010,171
12/7/2010,169
12/8/2010,167
12/9/2010,170
12/10/2010,169
12/11/2010,160
12/12/2010,154
12/13/2010,152
12/14/2010,162
12/15/2010,162
12/16/2010,155
12/17/2010,154
12/18/2010,152
12/19/2010,131
12/20/2010,149
12/21/2010,147
12/22/2010,133
12/23/2010,135
12/24/2010,123
12/25/2010,136
12/26/2010,137
12/27/2010,132
12/28/2010,132
12/29/2010,132
12/30/2010,133
12/31/2010,136
1/1/2011,139
1/2/2011,141
1/3/2011,133
1/4/2011,136
1/5/2011,133
1/6/2011,133
1/7/2011,131
1/8/2011,131
1/9/2011,124
1/10/2011,131
1/11/2011,126
1/12/2011,126
1/13/2011,119
1/14/2011,121
1/15/2011,122
1/16/2011,120
1/17/2011,125
1/18/2011,123
1/19/2011,123
1/20/2011,122
1/21/2011,126
1/22/2011,117
1/23/2011,115
1/24/2011,118
1/25/2011,120
1/26/2011,122
1/27/2011,120
1/28/2011,114
1/29/2011,112
1/30/2011,110
1/31/2011,113
2/1/2011,111
2/2/2011,104
2/3/2011,119
2/4/2011,112
2/5/2011,105
2/6/2011,97.3
2/7/2011,110
2/8/2011,97.8
2/9/2011,107
2/10/2011,106
2/11/2011,107
2/12/2011,108
2/13/2011,87.8
2/14/2011,107
2/15/2011,109
2/16/2011,87.8
2/17/2011,129
2/18/2011,124
2/19/2011,118
2/20/2011,109
2/21/2011,105
2/22/2011,99.8
2/23/2011,109
2/24/2011,110
2/25/2011,105
2/26/2011,109
2/27/2011,100
2/28/2011,106
3/1/2011,112
3/2/2011,91.3
3/3/2011,102
3/4/2011,104
3/5/2011,84.4
3/6/2011,81
3/7/2011,93
3/8/2011,107
3/9/2011,99.6
3/10/2011,88
3/11/2011,90.1
3/12/2011,102
3/13/2011,97.7
3/14/2011,102
3/15/2011,90.8
3/16/2011,91.8
3/17/2011,87.4
3/18/2011,86.8
3/19/2011,99.4
3/20/2011,85.3
3/21/2011,93.8
3/22/2011,97.8
3/23/2011,102
3/24/2011,96.4
3/25/2011,96.8
3/26/2011,83.4
3/27/2011,88.8
3/28/2011,77.4
3/29/2011,86.3
3/30/2011,94.2
3/31/2011,81.2
4/1/2011,98.2
4/2/2011,95.2
4/3/2011,91.3
4/4/2011,95.3
4/5/2011,79.8
4/6/2011,75.7
4/7/2011,95.7
4/8/2011,94.4
4/9/2011,82.3
4/10/2011,87.8
4/11/2011,74.7
4/12/2011,85.8
4/13/2011,101
4/14/2011,100
4/15/2011,100
4/16/2011,98.3
4/17/2011,96.3
4/18/2011,92
4/19/2011,95.9
4/20/2011,111
4/21/2011,98.2
4/22/2011,98.2
4/23/2011,98.7
4/24/2011,94.8
4/25/2011,80.8
4/26/2011,86.6
4/27/2011,103
4/28/2011,103
4/29/2011,87.1
4/30/2011,110
5/1/2011,107
5/2/2011,138
5/3/2011,132
5/4/2011,116
5/5/2011,121
5/6/2011,115
5/7/2011,103
5/8/2011,132
5/9/2011,132
5/10/2011,141
5/11/2011,122
5/12/2011,183
5/13/2011,170
5/14/2011,148
5/15/2011,153
5/16/2011,156
5/17/2011,148
5/18/2011,147
5/19/2011,199
5/20/2011,185
5/21/2011,158
5/22/2011,163
5/23/2011,151
5/24/2011,186
5/25/2011,146
5/26/2011,220
5/27/2011,220
5/28/2011,171
5/29/2011,175
5/30/2011,169
5/31/2011,182
6/1/2011,175
6/2/2011,169
6/3/2011,159
6/4/2011,158
6/5/2011,157
6/6/2011,153
6/7/2011,150
6/8/2011,189
6/9/2011,175
6/10/2011,158
6/11/2011,152
6/12/2011,172
6/13/2011,211
6/14/2011,270
6/15/2011,212
6/16/2011,244
6/17/2011,207
6/18/2011,320
6/19/2011,343
6/20/2011,441
6/21/2011,363
6/22/2011,300
6/23/2011,276
6/24/2011,278
6/25/2011,437
6/26/2011,524
6/27/2011,495
6/28/2011,540
6/29/2011,598
6/30/2011,1037
7/1/2011,4065
7/2/2011,2904
7/3/2011,1485
7/4/2011,1293
7/5/2011,1462
7/6/2011,1615
7/7/2011,1183
7/8/2011,1061
7/9/2011,947
7/10/2011,824
7/11/2011,717
7/12/2011,707
7/13/2011,799
7/14/2011,984
7/15/2011,1309
7/16/2011,1510
7/17/2011,1517
7/18/2011,1184
7/19/2011,1083
7/20/2011,1579
7/21/2011,2324
7/22/2011,1756
7/23/2011,1863
7/24/2011,1529
7/25/2011,1361
7/26/2011,1331
7/27/2011,1492
7/28/2011,1654
7/29/2011,1483
7/30/2011,2285
7/31/2011,1593
8/1/2011,1514
8/2/2011,1968
8/3/2011,2246
8/4/2011,2001
8/5/2011,1596
8/6/2011,2125
8/7/2011,1817
8/8/2011,1793
8/9/2011,1418
8/10/2011,1337
8/11/2011,1260
8/12/2011,1302
8/13/2011,1174
8/14/2011,1111
8/15/2011,1380
8/16/2011,1351
8/17/2011,1186
8/18/2011,1226
8/19/2011,1300
8/20/2011,1483
8/21/2011,1229
8/22/2011,1061
8/23/2011,1500
8/24/2011,1805
8/25/2011,1844
8/26/2011,1681
8/27/2011,1391
8/28/2011,1244
8/29/2011,1115
8/30/2011,967
8/31/2011,874
9/1/2011,902
9/2/2011,790
9/3/2011,793
9/4/2011,820
9/5/2011,802
9/6/2011,794
9/7/2011,789
9/8/2011,862
9/9/2011,904
9/10/2011,854
9/11/2011,828
9/12/2011,909
9/13/2011,916
9/14/2011,794
9/15/2011,942
9/16/2011,850
9/17/2011,763
9/18/2011,816
9/19/2011,988
9/20/2011,1157
9/21/2011,965
9/22/2011,1193
9/23/2011,1277
9/24/2011,1083
9/25/2011,1033
9/26/2011,841
9/27/2011,737
9/28/2011,665
9/29/2011,611
9/30/2011,595
10/1/2011,586
10/2/2011,574
10/3/2011,552
10/4/2011,529
10/5/2011,505
10/6/2011,476
10/7/2011,447
10/8/2011,421
10/9/2011,393
10/10/2011,374
10/11/2011,344
10/12/2011,340
10/13/2011,336
10/14/2011,331
10/15/2011,327
10/16/2011,325
10/17/2011,322
10/18/2011,320
10/19/2011,327
10/20/2011,320
10/21/2011,291
10/22/2011,293
10/23/2011,304
10/24/2011,303
10/25/2011,284
10/26/2011,284
10/27/2011,294
10/28/2011,303
10/29/2011,294
10/30/2011,291
10/31/2011,269
11/1/2011,262
11/2/2011,262
11/3/2011,222
11/4/2011,217
11/5/2011,209
11/6/2011,216
11/7/2011,217
11/8/2011,255
11/9/2011,231
11/10/2011,208
11/11/2011,206
11/12/2011,214
11/13/2011,179
11/14/2011,205
11/15/2011,201
11/16/2011,197
11/17/2011,209
11/18/2011,208
11/19/2011,206
11/20/2011,206
11/21/2011,200
11/22/2011,192
11/23/2011,190
11/24/2011,187
11/25/2011,188
11/26/2011,185
11/27/2011,175
11/28/2011,174
11/29/2011,167
11/30/2011,168
12/1/2011,170
12/2/2011,174
12/3/2011,163
12/4/2011,154
12/5/2011,155
12/6/2011,164
12/7/2011,155
12/8/2011,168
12/9/2011,159
12/10/2011,141
12/11/2011,136
12/12/2011,150
12/13/2011,145
12/14/2011,141
12/15/2011,139
12/16/2011,127
12/17/2011,126
12/18/2011,128
12/19/2011,125
12/20/2011,120
12/21/2011,124
12/22/2011,137
12/23/2011,131
12/24/2011,118
12/25/2011,113
12/26/2011,116
12/27/2011,111
12/28/2011,109
12/29/2011,111
12/30/2011,112
12/31/2011,101
1/1/2012,108
1/2/2012,116
1/3/2012,124
1/4/2012,117
1/5/2012,113
1/6/2012,117
1/7/2012,114
1/8/2012,113
1/9/2012,112
1/10/2012,113
1/11/2012,113
1/12/2012,113
1/13/2012,112
1/14/2012,106
1/15/2012,109
1/16/2012,109
1/17/2012,108
1/18/2012,109
1/19/2012,109
1/20/2012,109
1/21/2012,112
1/22/2012,91.1
1/23/2012,91.7
1/24/2012,83.9
1/25/2012,84.9
1/26/2012,88.1
1/27/2012,84.7
1/28/2012,99
1/29/2012,87.4
1/30/2012,88.4
1/31/2012,97.3
2/1/2012,83.9
2/2/2012,85.3
2/3/2012,89.7
2/4/2012,91.1
2/5/2012,92.7
2/6/2012,83.1
2/7/2012,86.8
2/8/2012,110
2/9/2012,99.4
2/10/2012,122
2/11/2012,101
2/12/2012,96.7
2/13/2012,87.3
2/14/2012,90.6
2/15/2012,92.8
2/16/2012,96.2
2/17/2012,98.7
2/18/2012,98.7
2/19/2012,97.7
2/20/2012,92.6
2/21/2012,86.3
2/22/2012,84.4
2/23/2012,94.1
2/24/2012,88.2
2/25/2012,90.2
2/26/2012,88.2
2/27/2012,87.3
2/28/2012,87.8
2/29/2012,85
3/1/2012,82.5
3/2/2012,76.1
3/3/2012,86.8
3/4/2012,82.4
3/5/2012,79.6
3/6/2012,81.1
3/7/2012,77.4
3/8/2012,67.7
3/9/2012,63.3
3/10/2012,81.7
3/11/2012,66.7
3/12/2012,83.4
3/13/2012,69.3
3/14/2012,72.6
3/15/2012,72.1
3/16/2012,84
3/17/2012,78.3
3/18/2012,77
3/19/2012,78.3
3/20/2012,75.6
3/21/2012,83.4
3/22/2012,83.9
3/23/2012,79.7
3/24/2012,79.6
3/25/2012,85.8
3/26/2012,92.1
3/27/2012,90.6
3/28/2012,85.3
3/29/2012,83.4
3/30/2012,83.4
3/31/2012,82.9
4/1/2012,83.4
4/2/2012,82.4
4/3/2012,79.2
4/4/2012,74.3
4/5/2012,76.1
4/6/2012,83.9
4/7/2012,89.4
4/8/2012,99.4
4/9/2012,105
4/10/2012,117
4/11/2012,107
4/12/2012,93.1
4/13/2012,98.7
4/14/2012,95.1
4/15/2012,83.3
4/16/2012,66.5
4/17/2012,94.2
4/18/2012,65.2
4/19/2012,65.6
4/20/2012,71.8
4/21/2012,82
4/22/2012,81.5
4/23/2012,78.7
4/24/2012,92.1
4/25/2012,92.1
4/26/2012,89.2
4/27/2012,89.7
4/28/2012,57.2
4/29/2012,57.2
4/30/2012,83.9
5/1/2012,69.9
5/2/2012,70.7
5/3/2012,65.9
5/4/2012,60.6
5/5/2012,62.4
5/6/2012,69.5
5/7/2012,84.4
5/8/2012,58.1
5/9/2012,57.2
5/10/2012,108
5/11/2012,125
5/12/2012,120
5/13/2012,115
5/14/2012,110
5/15/2012,117
5/16/2012,128
5/17/2012,91.9
5/18/2012,84.4
5/19/2012,115
5/20/2012,122
5/21/2012,137
5/22/2012,118
5/23/2012,132
5/24/2012,122
5/25/2012,114
5/26/2012,137
5/27/2012,140
5/28/2012,176
5/29/2012,168
5/30/2012,164
5/31/2012,162
6/1/2012,176
6/2/2012,177
6/3/2012,202
6/4/2012,161
6/5/2012,167
6/6/2012,142
6/7/2012,106
6/8/2012,197
6/9/2012,122
6/10/2012,114
6/11/2012,151
6/12/2012,172
6/13/2012,182
6/14/2012,189
6/15/2012,206
6/16/2012,202
6/17/2012,213
6/18/2012,268
6/19/2012,434
6/20/2012,332
6/21/2012,287
6/22/2012,350
6/23/2012,521
6/24/2012,614
6/25/2012,586
6/26/2012,390
6/27/2012,347
6/28/2012,381
6/29/2012,384
6/30/2012,441
7/1/2012,466
7/2/2012,411
7/3/2012,542
7/4/2012,690
7/5/2012,864
7/6/2012,1084
7/7/2012,1747
7/8/2012,1855
7/9/2012,951
7/10/2012,871
7/11/2012,1314
7/12/2012,865
7/13/2012,860
7/14/2012,863
7/15/2012,755
7/16/2012,774
7/17/2012,802
7/18/2012,679
7/19/2012,994
7/20/2012,1390
7/21/2012,1254
7/22/2012,1018
7/23/2012,988
7/24/2012,1048
7/25/2012,1829
7/26/2012,2122
7/27/2012,1394
7/28/2012,1335
7/29/2012,1069
7/30/2012,1372
7/31/2012,1241
8/1/2012,1109
8/2/2012,1151
8/3/2012,1613
8/4/2012,4307
8/5/2012,2095
8/6/2012,1870
8/7/2012,1502
8/8/2012,1273
8/9/2012,1535
8/10/2012,1561
8/11/2012,1183
8/12/2012,1085
8/13/2012,1088
8/14/2012,1044
8/15/2012,921
8/16/2012,913
8/17/2012,844
8/18/2012,819
8/19/2012,900
8/20/2012,949
8/21/2012,1044
8/22/2012,1146
8/23/2012,1513
8/24/2012,1221
8/25/2012,1090
8/26/2012,1275
8/27/2012,1135
8/28/2012,1022
8/29/2012,985
8/30/2012,1019
8/31/2012,1138
9/1/2012,1111
9/2/2012,1153
9/3/2012,1325
9/4/2012,1228
9/5/2012,1250
9/6/2012,1115
9/7/2012,1007
9/8/2012,840
9/9/2012,726
9/10/2012,699
9/11/2012,683
9/12/2012,731
9/13/2012,980
9/14/2012,1031
9/15/2012,1306
9/16/2012,1615
9/17/2012,1975
9/18/2012,3219
9/19/2012,2387
9/20/2012,1682
9/21/2012,1448
9/22/2012,1191
9/23/2012,1006
9/24/2012,877
9/25/2012,792
9/26/2012,731
9/27/2012,665
9/28/2012,609
9/29/2012,543
9/30/2012,562
10/1/2012,547
10/2/2012,520
10/3/2012,492
10/4/2012,475
10/5/2012,454
10/6/2012,446
10/7/2012,420
10/8/2012,402
10/9/2012,381
10/10/2012,378
10/11/2012,358
10/12/2012,329
10/13/2012,327
10/14/2012,329
10/15/2012,326
10/16/2012,326
10/17/2012,324
10/18/2012,314
10/19/2012,303
10/20/2012,279
10/21/2012,266
10/22/2012,258
10/23/2012,252
10/24/2012,247
10/25/2012,242
10/26/2012,237
10/27/2012,211
10/28/2012,207
10/29/2012,252
10/30/2012,242
10/31/2012,225
11/1/2012,241
11/2/2012,232
11/3/2012,238
11/4/2012,226
11/5/2012,216
11/6/2012,237
11/7/2012,217
11/8/2012,207
11/9/2012,212
11/10/2012,203
11/11/2012,198
11/12/2012,199
11/13/2012,200
11/14/2012,195
11/15/2012,193
11/16/2012,180
11/17/2012,202
11/18/2012,196
11/19/2012,181
11/20/2012,178
11/21/2012,166
11/22/2012,188
11/23/2012,185
11/24/2012,178
11/25/2012,177
11/26/2012,176
11/27/2012,168
11/28/2012,154
11/29/2012,162
11/30/2012,175
12/1/2012,167
12/2/2012,151
12/3/2012,154
12/4/2012,162
12/5/2012,156
12/6/2012,151
12/7/2012,145
12/8/2012,139
12/9/2012,139
12/10/2012,144
12/11/2012,139
12/12/2012,139
12/13/2012,143
12/14/2012,142
12/15/2012,127
12/16/2012,107
12/17/2012,129
12/18/2012,123
12/19/2012,134
12/20/2012,131
12/21/2012,126
12/22/2012,116
12/23/2012,114
12/24/2012,116
12/25/2012,115
12/26/2012,114
12/27/2012,121
12/28/2012,116
12/29/2012,115
12/30/2012,116
12/31/2012,115
1/1/2013,114
1/2/2013,99.8
1/3/2013,96.6
1/4/2013,118
1/5/2013,116
1/6/2013,115
1/7/2013,117
1/8/2013,111
1/9/2013,101
1/10/2013,101
1/11/2013,100
1/12/2013,101
1/13/2013,101
1/14/2013,96.6
1/15/2013,92.1
1/16/2013,91.6
1/17/2013,113
1/18/2013,109
1/19/2013,98.3
1/20/2013,140
1/21/2013,117
1/22/2013,125
1/23/2013,100
1/24/2013,103
1/25/2013,108
1/26/2013,101
1/27/2013,90.2
1/28/2013,88.7
1/29/2013,87.3
1/30/2013,85.8
1/31/2013,85.3
2/1/2013,86.8
2/2/2013,89.3
2/3/2013,85.8
2/4/2013,83.9
2/5/2013,85.8
2/6/2013,111
2/7/2013,135
2/8/2013,121
2/9/2013,96.1
2/10/2013,93.6
2/11/2013,101
2/12/2013,91.7
2/13/2013,95.9
2/14/2013,93.7
2/15/2013,98
2/16/2013,86.3
2/17/2013,92.2
2/18/2013,103
2/19/2013,145
2/20/2013,105
2/21/2013,105
2/22/2013,102
2/23/2013,107
2/24/2013,97.1
2/25/2013,91.6
2/26/2013,95.8
2/27/2013,101
2/28/2013,105
3/1/2013,107
3/2/2013,97.7
3/3/2013,97.1
3/4/2013,99.3
3/5/2013,91.6
3/6/2013,91.1
3/7/2013,94.6
3/8/2013,89.2
3/9/2013,83.4
3/10/2013,101
3/11/2013,92.1
3/12/2013,93.4
3/13/2013,93.9
3/14/2013,71.6
3/15/2013,99.8
3/16/2013,85.3
3/17/2013,78.6
3/18/2013,76.1
3/19/2013,76.1
3/20/2013,74.3
3/21/2013,75.2
3/22/2013,84.4
3/23/2013,86.6
3/24/2013,74.8
3/25/2013,70.3
3/26/2013,69.4
3/27/2013,80.5
3/28/2013,78.6
3/29/2013,77.2
3/30/2013,83.3
3/31/2013,85.2
4/1/2013,84.3
4/2/2013,83.8
4/3/2013,84.3
4/4/2013,84.6
4/5/2013,82.8
4/6/2013,83.3
4/7/2013,81.4
4/8/2013,81
4/9/2013,81
4/10/2013,84.3
4/11/2013,86.8
4/12/2013,85.5
4/13/2013,82.4
4/14/2013,80.5
4/15/2013,73.9
4/16/2013,79
4/17/2013,81.2
4/18/2013,95.3
4/19/2013,67
4/20/2013,67.8
4/21/2013,204
4/22/2013,174
4/23/2013,150
4/24/2013,132
4/25/2013,138
4/26/2013,126
4/27/2013,131
4/28/2013,123
4/29/2013,122
4/30/2013,120
5/1/2013,118
5/2/2013,118
5/3/2013,127
5/4/2013,119
5/5/2013,106
5/6/2013,104
5/7/2013,106
5/8/2013,103
5/9/2013,114
5/10/2013,109
5/11/2013,111
5/12/2013,131
5/13/2013,122
5/14/2013,120
5/15/2013,113
5/16/2013,101
5/17/2013,106
5/18/2013,126
5/19/2013,148
5/20/2013,243
5/21/2013,265
5/22/2013,220
5/23/2013,208
5/24/2013,250
5/25/2013,234
5/26/2013,304
5/27/2013,253
5/28/2013,319
5/29/2013,266
5/30/2013,257
5/31/2013,217
6/1/2013,237
6/2/2013,234
6/3/2013,222
6/4/2013,200
6/5/2013,203
6/6/2013,206
6/7/2013,262
6/8/2013,279
6/9/2013,305
6/10/2013,267
6/11/2013,408
6/12/2013,631
6/13/2013,547
6/14/2013,386
6/15/2013,325
6/16/2013,531
6/17/2013,2562
6/18/2013,3555
6/19/2013,3954
6/20/2013,2305
6/21/2013,1107
6/22/2013,1014
6/23/2013,1200
6/24/2013,1259
6/25/2013,1103
6/26/2013,1000
6/27/2013,1017
6/28/2013,1353
6/29/2013,1355
6/30/2013,1298
7/1/2013,1220
7/2/2013,1085
7/3/2013,1038
7/4/2013,967
7/5/2013,921
7/6/2013,1313
7/7/2013,1164
7/8/2013,1617
7/9/2013,1834
7/10/2013,2157
7/11/2013,3015
7/12/2013,2942
7/13/2013,2025
7/14/2013,1579
7/15/2013,1527
7/16/2013,1501
7/17/2013,1417
7/18/2013,1487
7/19/2013,2116
7/20/2013,3401
7/21/2013,2086
7/22/2013,4754
7/23/2013,3617
7/24/2013,2387
7/25/2013,4151
7/26/2013,2968
7/27/2013,2369
7/28/2013,1967
7/29/2013,1666
7/30/2013,1452
7/31/2013,1361
8/1/2013,1400
8/2/2013,1361
8/3/2013,1328
8/4/2013,1186
8/5/2013,1316
8/6/2013,1480
8/7/2013,1785
8/8/2013,2020
8/9/2013,1987
8/10/2013,2775
8/11/2013,2225
8/12/2013,2317
8/13/2013,2194
8/14/2013,2064
8/15/2013,1880
8/16/2013,1700
8/17/2013,1532
8/18/2013,1438
8/19/2013,1453
8/20/2013,1221
8/21/2013,1120
8/22/2013,1228
8/23/2013,1093
8/24/2013,999
8/25/2013,1012
8/26/2013,1069
8/27/2013,1430
8/28/2013,1561
8/29/2013,1446
8/30/2013,1283
8/31/2013,1149
9/1/2013,1153
9/2/2013,1153
9/3/2013,2372
9/4/2013,2289
9/5/2013,1941
9/6/2013,1409
9/7/2013,1177
9/8/2013,1013
9/9/2013,943
9/10/2013,886
9/11/2013,810
9/12/2013,771
9/13/2013,702
9/14/2013,684
9/15/2013,630
9/16/2013,620
9/17/2013,573
9/18/2013,558
9/19/2013,537
9/20/2013,527
9/21/2013,569
9/22/2013,529
9/23/2013,493
9/24/2013,495
9/25/2013,506
9/26/2013,490
9/27/2013,475
9/28/2013,481
9/29/2013,600
9/30/2013,509
10/1/2013,484
10/2/2013,471
10/3/2013,490
10/4/2013,481
10/5/2013,472
10/6/2013,436
10/7/2013,460
10/8/2013,432
10/9/2013,421
10/10/2013,413
10/11/2013,410
10/12/2013,417
10/13/2013,502
10/14/2013,599
10/15/2013,539
10/16/2013,558
10/17/2013,595
10/18/2013,554
10/19/2013,476
10/20/2013,430
10/21/2013,404
10/22/2013,411
10/23/2013,363
10/24/2013,316
10/25/2013,345
10/26/2013,322
10/27/2013,289
10/28/2013,307
10/29/2013,324
10/30/2013,309
10/31/2013,336
11/1/2013,328
11/2/2013,318
11/3/2013,319
11/4/2013,317
11/5/2013,317
11/6/2013,330
11/7/2013,296
11/8/2013,271
11/9/2013,275
11/10/2013,274
11/11/2013,278
11/12/2013,272
11/13/2013,277
11/14/2013,241
11/15/2013,242
11/16/2013,242
11/17/2013,236
11/18/2013,224
11/19/2013,223
11/20/2013,246
11/21/2013,236
11/22/2013,215
11/23/2013,217
11/24/2013,206
11/25/2013,221
11/26/2013,227
11/27/2013,229
11/28/2013,220
11/29/2013,217
11/30/2013,217
12/1/2013,214
12/2/2013,202
12/3/2013,205
12/4/2013,215
12/5/2013,214
12/6/2013,206
12/7/2013,191
12/8/2013,199
12/9/2013,200
12/10/2013,201
12/11/2013,200
12/12/2013,195
12/13/2013,187
12/14/2013,178
12/15/2013,163
12/16/2013,164
12/17/2013,174
12/18/2013,177
12/19/2013,177
12/20/2013,172
12/21/2013,163
12/22/2013,156
12/23/2013,162
12/24/2013,158
12/25/2013,156
12/26/2013,158
12/27/2013,160
12/28/2013,158
12/29/2013,154
12/30/2013,154
12/31/2013,153
1/1/2014,150
1/2/2014,149
1/3/2014,148
1/4/2014,147
1/5/2014,152
1/6/2014,154
1/7/2014,148
1/8/2014,145
1/9/2014,150
1/10/2014,150
1/11/2014,150
1/12/2014,150
1/13/2014,150
1/14/2014,150
1/15/2014,148
1/16/2014,139
1/17/2014,148
1/18/2014,144
1/19/2014,150
1/20/2014,161
1/21/2014,148
1/22/2014,154
1/23/2014,154
1/24/2014,148
1/25/2014,136
1/26/2014,117
1/27/2014,133
1/28/2014,126
1/29/2014,133
1/30/2014,138
1/31/2014,114
2/1/2014,110
2/2/2014,110
2/3/2014,136
2/4/2014,133
2/5/2014,132
2/6/2014,130
2/7/2014,130
2/8/2014,129
2/9/2014,129
2/10/2014,132
2/11/2014,113
2/12/2014,117
2/13/2014,101
2/14/2014,96.1
2/15/2014,111
2/16/2014,127
2/17/2014,134
2/18/2014,138
2/19/2014,125
2/20/2014,124
2/21/2014,111
2/22/2014,125
2/23/2014,114
2/24/2014,114
2/25/2014,104
2/26/2014,107
2/27/2014,102
2/28/2014,104
3/1/2014,117
3/2/2014,107
3/3/2014,106
3/4/2014,102
3/5/2014,106
3/6/2014,103
3/7/2014,107
3/8/2014,105
3/9/2014,101
3/10/2014,98.7
3/11/2014,101
3/12/2014,104
3/13/2014,102
3/14/2014,98.9
3/15/2014,106
3/16/2014,106
3/17/2014,94.6
3/18/2014,97.4
3/19/2014,88.2
3/20/2014,113
3/21/2014,104
3/22/2014,99.3
3/23/2014,105
3/24/2014,123
3/25/2014,98.7
3/26/2014,97.7
3/27/2014,89.7
3/28/2014,87.8
3/29/2014,87.3
3/30/2014,85.3
3/31/2014,85.3
4/1/2014,85.3
4/2/2014,82
4/3/2014,96.1
4/4/2014,90.2
4/5/2014,91.1
4/6/2014,104
4/7/2014,89.7
4/8/2014,88.7
4/9/2014,89.2
4/10/2014,95.1
4/11/2014,105
4/12/2014,103
4/13/2014,102
4/14/2014,102
4/15/2014,98.7
4/16/2014,95.5
4/17/2014,95.5
4/18/2014,96.1
4/19/2014,97.7
4/20/2014,86.8
4/21/2014,89.7
4/22/2014,90.7
4/23/2014,82
4/24/2014,85.7
4/25/2014,88.2
4/26/2014,83.9
4/27/2014,95.4
4/28/2014,98.7
4/29/2014,95.4
4/30/2014,92.3
5/1/2014,104
5/2/2014,149
5/3/2014,157
5/4/2014,126
5/5/2014,147
5/6/2014,130
5/7/2014,128
5/8/2014,124
5/9/2014,120
5/10/2014,142
5/11/2014,126
5/12/2014,139
5/13/2014,118
5/14/2014,114
5/15/2014,113
5/16/2014,117
5/17/2014,118
5/18/2014,119
5/19/2014,131
5/20/2014,149
5/21/2014,163
5/22/2014,165
5/23/2014,158
5/24/2014,133
5/25/2014,170
5/26/2014,157
5/27/2014,172
5/28/2014,133
5/29/2014,148
5/30/2014,140
5/31/2014,169
6/1/2014,161
6/2/2014,174
6/3/2014,215
6/4/2014,180
6/5/2014,179
6/6/2014,190
6/7/2014,233
6/8/2014,245
6/9/2014,273
6/10/2014,290
6/11/2014,279
6/12/2014,291
6/13/2014,231
6/14/2014,244
6/15/2014,175
6/16/2014,217
6/17/2014,186
6/18/2014,276
6/19/2014,262
6/20/2014,279
6/21/2014,498
6/22/2014,473
6/23/2014,542
6/24/2014,383
6/25/2014,311
6/26/2014,298
6/27/2014,319
6/28/2014,287
6/29/2014,377
6/30/2014,419
7/1/2014,471
7/2/2014,417
7/3/2014,383
7/4/2014,474
7/5/2014,548
7/6/2014,484
7/7/2014,1085
7/8/2014,938
7/9/2014,497
7/10/2014,463
7/11/2014,531
7/12/2014,487
7/13/2014,571
7/14/2014,588
7/15/2014,575
7/16/2014,1155
7/17/2014,1072
7/18/2014,1422
7/19/2014,2495
7/20/2014,2069
7/21/2014,1788
7/22/2014,1341
7/23/2014,1173
7/24/2014,1202
7/25/2014,1140
7/26/2014,1257
7/27/2014,1207
7/28/2014,1219
7/29/2014,1298
7/30/2014,1148
7/31/2014,1061
8/1/2014,1089
8/2/2014,1159
8/3/2014,1389
8/4/2014,2982
8/5/2014,2556
8/6/2014,1963
8/7/2014,1380
8/8/2014,1240
8/9/2014,1140
8/10/2014,1156
8/11/2014,1115
8/12/2014,1049
8/13/2014,1149
8/14/2014,1593
8/15/2014,4378
8/16/2014,3401
8/17/2014,1979
8/18/2014,1565
8/19/2014,1252
8/20/2014,1227
8/21/2014,1569
8/22/2014,1653
8/23/2014,1477
8/24/2014,1401
8/25/2014,1448
8/26/2014,1369
8/27/2014,1368
8/28/2014,2662
8/29/2014,1276
8/30/2014,1087
8/31/2014,949
9/1/2014,910
9/2/2014,854
9/3/2014,807
9/4/2014,759
9/5/2014,714
9/6/2014,665
9/7/2014,659
9/8/2014,672
9/9/2014,629
9/10/2014,738
9/11/2014,981
9/12/2014,1201
9/13/2014,1002
9/14/2014,905
9/15/2014,840
9/16/2014,804
9/17/2014,787
9/18/2014,693
9/19/2014,722
9/20/2014,1185
9/21/2014,851
9/22/2014,770
9/23/2014,748
9/24/2014,840
9/25/2014,884
9/26/2014,871
9/27/2014,889
9/28/2014,889
9/29/2014,845
9/30/2014,627
10/1/2014,648
10/2/2014,637
10/3/2014,604
10/4/2014,581
10/5/2014,523
10/6/2014,491
10/7/2014,445
10/8/2014,419
10/9/2014,429
10/10/2014,392
10/11/2014,389
10/12/2014,383
10/13/2014,375
10/14/2014,416
10/15/2014,1775
10/16/2014,1260
10/17/2014,751
10/18/2014,502
10/19/2014,465
10/20/2014,440
10/21/2014,428
10/22/2014,424
10/23/2014,417
10/24/2014,411
10/25/2014,406
10/26/2014,397
10/27/2014,381
10/28/2014,363
10/29/2014,339
10/30/2014,330
10/31/2014,324
11/1/2014,318
11/2/2014,329
11/3/2014,323
11/4/2014,303
11/5/2014,281
11/6/2014,276
11/7/2014,283
11/8/2014,274
11/9/2014,277
11/10/2014,267
11/11/2014,251
11/12/2014,253
11/13/2014,244
11/14/2014,233
11/15/2014,266
11/16/2014,231
11/17/2014,228
11/18/2014,223
11/19/2014,218
11/20/2014,211
11/21/2014,206
11/22/2014,202
11/23/2014,197
11/24/2014,193
11/25/2014,188
11/26/2014,182
11/27/2014,155
11/28/2014,173
11/29/2014,169
11/30/2014,165
12/1/2014,218
12/2/2014,216
12/3/2014,213
12/4/2014,211
12/5/2014,206
12/6/2014,204
12/7/2014,202
12/8/2014,200
12/9/2014,197
12/10/2014,195
12/11/2014,193
12/12/2014,190
12/13/2014,186
12/14/2014,184
12/15/2014,182
12/16/2014,191
12/17/2014,185
12/18/2014,166
12/19/2014,167
12/20/2014,168
12/21/2014,165
12/22/2014,153
12/23/2014,154
12/24/2014,156
12/25/2014,149
12/26/2014,237
12/27/2014,148
12/28/2014,146
12/29/2014,146
12/30/2014,144
12/31/2014,143
1/1/2015,144
1/2/2015,145
1/3/2015,178
1/4/2015,218
1/5/2015,197
1/6/2015,163
1/7/2015,166
1/8/2015,164
1/9/2015,152
1/10/2015,147
1/11/2015,145
1/12/2015,144
1/13/2015,142
1/14/2015,138
1/15/2015,145
1/16/2015,116
1/17/2015,129
1/18/2015,131
1/19/2015,136
1/20/2015,131
1/21/2015,111
1/22/2015,123
1/23/2015,126
1/24/2015,129
1/25/2015,122
1/26/2015,129
1/27/2015,115
1/28/2015,116
1/29/2015,116
1/30/2015,108
1/31/2015,104
2/1/2015,106
2/2/2015,117
2/3/2015,116
2/4/2015,120
2/5/2015,119
2/6/2015,121
2/7/2015,118
2/8/2015,117
2/9/2015,99.3
2/10/2015,112
2/11/2015,110
2/12/2015,101
2/13/2015,101
2/14/2015,101
2/15/2015,104
2/16/2015,106
2/17/2015,114
2/18/2015,104
2/19/2015,112
2/20/2015,127
2/21/2015,115
2/22/2015,110
2/23/2015,100
2/24/2015,108
2/25/2015,125
2/26/2015,123
2/27/2015,122
2/28/2015,122
3/1/2015,116
3/2/2015,114
3/3/2015,165
3/4/2015,166
3/5/2015,149
3/6/2015,138
3/7/2015,129
3/8/2015,123
3/9/2015,120
3/10/2015,116
3/11/2015,112
3/12/2015,110
3/13/2015,115
3/14/2015,100
3/15/2015,112
3/16/2015,115
3/17/2015,110
3/18/2015,98.3
3/19/2015,107
3/20/2015,109
3/21/2015,111
3/22/2015,109
3/23/2015,106
3/24/2015,110
3/25/2015,120
3/26/2015,116
3/27/2015,121
3/28/2015,125
3/29/2015,124
3/30/2015,122
3/31/2015,129
4/1/2015,142
4/2/2015,134
4/3/2015,126
4/4/2015,128
4/5/2015,108
4/6/2015,124
4/7/2015,109
4/8/2015,115
4/9/2015,116
4/10/2015,112
4/11/2015,92.6
4/12/2015,108
4/13/2015,113
4/14/2015,127
4/15/2015,132
4/16/2015,134
4/17/2015,139
4/18/2015,139
4/19/2015,142
4/20/2015,132
4/21/2015,131
4/22/2015,139
4/23/2015,138
4/24/2015,138
4/25/2015,125
4/26/2015,116
4/27/2015,128
4/28/2015,132
4/29/2015,129
4/30/2015,134
5/1/2015,158
5/2/2015,151
5/3/2015,146
5/4/2015,178
5/5/2015,153
5/6/2015,143
5/7/2015,140
5/8/2015,146
5/9/2015,160
5/10/2015,180
5/11/2015,185
5/12/2015,185
5/13/2015,202
5/14/2015,186
5/15/2015,170
5/16/2015,236
5/17/2015,187
5/18/2015,178
5/19/2015,177
5/20/2015,176
5/21/2015,202
5/22/2015,214
5/23/2015,244
5/24/2015,234
5/25/2015,185
5/26/2015,200
5/27/2015,212
5/28/2015,268
5/29/2015,240
5/30/2015,222
5/31/2015,242
6/1/2015,203
6/2/2015,225
6/3/2015,220
6/4/2015,203
6/5/2015,191
6/6/2015,188
6/7/2015,199
6/8/2015,192
6/9/2015,212
6/10/2015,216
6/11/2015,228
6/12/2015,220
6/13/2015,258
6/14/2015,250
6/15/2015,235
6/16/2015,213
6/17/2015,211
6/18/2015,280
6/19/2015,387
6/20/2015,410
6/21/2015,469
6/22/2015,357
6/23/2015,360
6/24/2015,323
6/25/2015,484
6/26/2015,446
6/27/2015,448
6/28/2015,659
6/29/2015,758
6/30/2015,627
7/1/2015,483
7/2/2015,423
7/3/2015,456
7/4/2015,434
7/5/2015,431
7/6/2015,499
7/7/2015,551
7/8/2015,517
7/9/2015,509
7/10/2015,559
7/11/2015,609
7/12/2015,655
7/13/2015,606
7/14/2015,534
7/15/2015,507
7/16/2015,693
7/17/2015,1171
7/18/2015,764
7/19/2015,649
7/20/2015,596
7/21/2015,595
7/22/2015,651
7/23/2015,609
7/24/2015,607
7/25/2015,610
7/26/2015,673
7/27/2015,586
7/28/2015,550
7/29/2015,623
7/30/2015,601
7/31/2015,1372
8/1/2015,1542
8/2/2015,1428
8/3/2015,1402
8/4/2015,1105
8/5/2015,974
8/6/2015,961
8/7/2015,1015
8/8/2015,942
8/9/2015,865
8/10/2015,819
8/11/2015,1119
8/12/2015,1460
8/13/2015,1183
8/14/2015,1162
8/15/2015,1367
8/16/2015,1580
8/17/2015,1469
8/18/2015,1376
8/19/2015,1215
8/20/2015,1132
8/21/2015,1194
8/22/2015,1256
8/23/2015,1359
8/24/2015,1085
8/25/2015,942
8/26/2015,890
8/27/2015,1097
8/28/2015,912
8/29/2015,974
8/30/2015,1106
8/31/2015,1189
9/1/2015,1043
9/2/2015,951
9/3/2015,800
9/4/2015,1047
9/5/2015,654
9/6/2015,570
9/7/2015,575
9/8/2015,557
9/9/2015,518
9/10/2015,482
9/11/2015,491
9/12/2015,564
9/13/2015,571
9/14/2015,545
9/15/2015,795
9/16/2015,659
9/17/2015,570
9/18/2015,495
9/19/2015,454
9/20/2015,432
9/21/2015,497
9/22/2015,599
9/23/2015,637
9/24/2015,563
9/25/2015,511
9/26/2015,497
9/27/2015,463
9/28/2015,419
9/29/2015,403
9/30/2015,379
10/1/2015,353
10/2/2015,334
10/3/2015,349
10/4/2015,332
10/5/2015,312
10/6/2015,285
10/7/2015,255
10/8/2015,275
10/9/2015,292
10/10/2015,267
10/11/2015,254
10/12/2015,280
10/13/2015,276
10/14/2015,251
10/15/2015,256
10/16/2015,283
10/17/2015,243
10/18/2015,227
10/19/2015,228
10/20/2015,223
10/21/2015,223
10/22/2015,225
10/23/2015,226
10/24/2015,224
10/25/2015,203
10/26/2015,202
10/27/2015,189
10/28/2015,184
10/29/2015,186
10/30/2015,203
10/31/2015,213
11/1/2015,204
11/2/2015,200
11/3/2015,182
11/4/2015,179
11/5/2015,182
11/6/2015,175
11/7/2015,181
11/8/2015,180
11/9/2015,178
11/10/2015,163
11/11/2015,174
11/12/2015,171
11/13/2015,167
11/14/2015,171
11/15/2015,166
11/16/2015,163
11/17/2015,160
11/18/2015,158
11/19/2015,161
11/20/2015,163
11/21/2015,160
11/22/2015,156
11/23/2015,156
11/24/2015,144
11/25/2015,138
11/26/2015,138
11/27/2015,129
11/28/2015,125
11/29/2015,124
11/30/2015,124
12/1/2015,126
12/2/2015,138
12/3/2015,129
12/4/2015,137
12/5/2015,124
12/6/2015,122
12/7/2015,121
12/8/2015,116
12/9/2015,120
12/10/2015,120
12/11/2015,139
12/12/2015,128
12/13/2015,122
12/14/2015,125
12/15/2015,85.8
12/16/2015,114
12/17/2015,114
12/18/2015,95.5
12/19/2015,91.9
12/20/2015,77.4
12/21/2015,92.1
12/22/2015,91.1
12/23/2015,88.2
12/24/2015,89.3
12/25/2015,82.3
12/26/2015,92.8
12/27/2015,94.3
12/28/2015,98.5
12/29/2015,102
12/30/2015,102
12/31/2015,99.3
1/1/2016,122
1/2/2016,122
1/3/2016,118
1/4/2016,112
1/5/2016,108
1/6/2016,118
1/7/2016,130
1/8/2016,115
1/9/2016,110
1/10/2016,113
1/11/2016,126
1/12/2016,122
1/13/2016,122
1/14/2016,121
1/15/2016,120
1/16/2016,121
1/17/2016,114
1/18/2016,105
1/19/2016,107
1/20/2016,119
1/21/2016,122
1/22/2016,122
1/23/2016,108
1/24/2016,94.2
1/25/2016,97.6
1/26/2016,101
1/27/2016,109
1/28/2016,122
1/29/2016,114
1/30/2016,94
1/31/2016,101
2/1/2016,102
2/2/2016,104
2/3/2016,106
2/4/2016,114
2/5/2016,110
2/6/2016,108
2/7/2016,108
2/8/2016,108
2/9/2016,102
2/10/2016,108
2/11/2016,117
2/12/2016,98.8
2/13/2016,94.6
2/14/2016,86.2
2/15/2016,85.4
2/16/2016,83.3
2/17/2016,83
2/18/2016,107
2/19/2016,89.6
2/20/2016,90.7
2/21/2016,89.9
2/22/2016,78.3
2/23/2016,73.3
2/24/2016,78.2
2/25/2016,93.1
2/26/2016,94.9
2/27/2016,89.1
2/28/2016,81.3
2/29/2016,75.6
3/1/2016,71.8
3/2/2016,83.2
3/3/2016,84.6
3/4/2016,82.6
3/5/2016,94.6
3/6/2016,95.4
3/7/2016,85.8
3/8/2016,89.5
3/9/2016,82.5
3/10/2016,80.2
3/11/2016,80.6
3/12/2016,80.2
3/13/2016,78.7
3/14/2016,82.5
3/15/2016,102
3/16/2016,81
3/17/2016,75.6
3/18/2016,72.6
3/19/2016,72.2
3/20/2016,70.5
3/21/2016,86.9
3/22/2016,76.4
3/23/2016,77.1
3/24/2016,86.6
3/25/2016,79.2
3/26/2016,90.3
3/27/2016,85.6
3/28/2016,93.9
3/29/2016,89.2
3/30/2016,94.1
3/31/2016,86.1
4/1/2016,105
4/2/2016,113
4/3/2016,114
4/4/2016,113
4/5/2016,128
4/6/2016,123
4/7/2016,126
4/8/2016,101
4/9/2016,102
4/10/2016,82.7
4/11/2016,104
4/12/2016,96
4/13/2016,78
4/14/2016,89.5
4/15/2016,99.2
4/16/2016,100
4/17/2016,91.4
4/18/2016,106
4/19/2016,114
4/20/2016,117
4/21/2016,87.1
4/22/2016,113
4/23/2016,102
4/24/2016,101
4/25/2016,92.2
4/26/2016,94.7
4/27/2016,96.6
4/28/2016,83.1
4/29/2016,79.1
4/30/2016,82.9
5/1/2016,74.5
5/2/2016,78.2
5/3/2016,85.9
5/4/2016,105
5/5/2016,96.6
5/6/2016,100
5/7/2016,88.4
5/8/2016,88.2
5/9/2016,104
5/10/2016,96
5/11/2016,92.2
5/12/2016,95.8
5/13/2016,111
5/14/2016,115
5/15/2016,129
5/16/2016,143
5/17/2016,128
5/18/2016,140
5/19/2016,128
5/20/2016,140
5/21/2016,154
5/22/2016,198
5/23/2016,174
5/24/2016,139
5/25/2016,141
5/26/2016,137
5/27/2016,151
5/28/2016,142
5/29/2016,187
5/30/2016,189
5/31/2016,174
6/1/2016,154
6/2/2016,152
6/3/2016,176
6/4/2016,226
6/5/2016,266
6/6/2016,218
6/7/2016,207
6/8/2016,182
6/9/2016,201
6/10/2016,178
6/11/2016,179
6/12/2016,190
6/13/2016,223
6/14/2016,282
6/15/2016,317
6/16/2016,320
6/17/2016,243
6/18/2016,347
6/19/2016,304
6/20/2016,440
6/21/2016,512
6/22/2016,622
6/23/2016,475
6/24/2016,414
6/25/2016,473
6/26/2016,547
6/27/2016,513
6/28/2016,564
6/29/2016,531
6/30/2016,597
7/1/2016,1150
7/2/2016,2470
7/3/2016,2250
7/4/2016,1210
7/5/2016,1250
7/6/2016,1240
7/7/2016,1300
7/8/2016,1150
7/9/2016,992
7/10/2016,1140
7/11/2016,1390
7/12/2016,1360
7/13/2016,1220
7/14/2016,1110
7/15/2016,1120
7/16/2016,1220
7/17/2016,1980
7/18/2016,2270
7/19/2016,2140
7/20/2016,1490
7/21/2016,1640
7/22/2016,3600
7/23/2016,3840
7/24/2016,2260
7/25/2016,2100
7/26/2016,3020
7/27/2016,4960
7/28/2016,3270
7/29/2016,2760
7/30/2016,2830
7/31/2016,2470
8/1/2016,2320
8/2/2016,1970
8/3/2016,1730
8/4/2016,1500
8/5/2016,1370
8/6/2016,1320
8/7/2016,1260
8/8/2016,1230
8/9/2016,1220
8/10/2016,1280
8/11/2016,1300
8/12/2016,1140
8/13/2016,1090
8/14/2016,1070
8/15/2016,1100
8/16/2016,1070
8/17/2016,1180
8/18/2016,975
8/19/2016,876
8/20/2016,1010
8/21/2016,782
8/22/2016,754
8/23/2016,710
8/24/2016,624
8/25/2016,676
8/26/2016,614
8/27/2016,597
8/28/2016,574
8/29/2016,537
8/30/2016,549
8/31/2016,861
9/1/2016,705
9/2/2016,792
9/3/2016,881
9/4/2016,1380
9/5/2016,1020
9/6/2016,822
9/7/2016,759
9/8/2016,996
9/9/2016,1010
9/10/2016,1110
9/11/2016,1120
9/12/2016,989
9/13/2016,1050
9/14/2016,959
9/15/2016,917
9/16/2016,883
9/17/2016,1050
9/18/2016,1600
9/19/2016,1210
9/20/2016,1230
9/21/2016,1180
9/22/2016,1050
9/23/2016,1000
9/24/2016,910
9/25/2016,891
9/26/2016,850
9/27/2016,644
9/28/2016,702
9/29/2016,687
9/30/2016,684
10/1/2016,622
10/2/2016,629
10/3/2016,652
10/4/2016,656
10/5/2016,624
10/6/2016,641
10/7/2016,735
10/8/2016,626
10/9/2016,592
10/10/2016,575
10/11/2016,567
10/12/2016,565
10/13/2016,518
10/14/2016,487
10/15/2016,474
10/16/2016,446
10/17/2016,436
10/18/2016,419
10/19/2016,396
10/20/2016,379
10/21/2016,378
10/22/2016,393
10/23/2016,358
10/24/2016,356
10/25/2016,349
10/26/2016,332
10/27/2016,297
10/28/2016,315
10/29/2016,299
10/30/2016,296
10/31/2016,296
11/1/2016,311
11/2/2016,312
11/3/2016,271
11/4/2016,260
11/5/2016,253
11/6/2016,246
11/7/2016,266
11/8/2016,249
11/9/2016,240
11/10/2016,227
11/11/2016,234
11/12/2016,245
11/13/2016,245
11/14/2016,240
11/15/2016,213
11/16/2016,226
11/17/2016,207
11/18/2016,213
11/19/2016,197
11/20/2016,203
11/21/2016,203
11/22/2016,190
11/23/2016,196
11/24/2016,202
11/25/2016,205
11/26/2016,184
11/27/2016,206
11/28/2016,203
11/29/2016,197
11/30/2016,186
12/1/2016,187
12/2/2016,196
12/3/2016,181
12/4/2016,162
12/5/2016,172
12/6/2016,171
12/7/2016,166
12/8/2016,171
12/9/2016,178
12/10/2016,171
12/11/2016,184
12/12/2016,181
12/13/2016,177
12/14/2016,178
12/15/2016,168
12/16/2016,167
12/17/2016,153
12/18/2016,138
12/19/2016,146
12/20/2016,141
12/21/2016,140
12/22/2016,146
12/23/2016,147
12/24/2016,141
12/25/2016,147
12/26/2016,155
12/27/2016,144
12/28/2016,131
12/29/2016,117
12/30/2016,128
12/31/2016,127
1/1/2017,117
1/2/2017,136
1/3/2017,121
1/4/2017,132
1/5/2017,134
1/6/2017,116
1/7/2017,106
1/8/2017,110
1/9/2017,138
1/10/2017,126
1/11/2017,121
1/12/2017,82.4
1/13/2017,100
1/14/2017,84.4
1/15/2017,79.2
1/16/2017,120
1/17/2017,119
1/18/2017,140
1/19/2017,107
1/20/2017,107
1/21/2017,99
1/22/2017,84.4
1/23/2017,110
1/24/2017,87.8
1/25/2017,76.2
1/26/2017,83.5
1/27/2017,87.8
1/28/2017,91.1
1/29/2017,130
1/30/2017,111
1/31/2017,108
2/1/2017,116
2/2/2017,105
2/3/2017,112
2/4/2017,120
2/5/2017,104
2/6/2017,103
2/7/2017,102
2/8/2017,101
2/9/2017,107
2/10/2017,106
2/11/2017,106
2/12/2017,89.5
2/13/2017,112
2/14/2017,87.3
2/15/2017,92.4
2/16/2017,99.5
2/17/2017,97
2/18/2017,100
2/19/2017,98.2
2/20/2017,95.4
2/21/2017,99.9
2/22/2017,105
2/23/2017,102
2/24/2017,97
2/25/2017,84.5
2/26/2017,95.2
2/27/2017,101
2/28/2017,97.2
3/1/2017,97.9
3/2/2017,99
3/3/2017,95.4
3/4/2017,96.5
3/5/2017,90.2
3/6/2017,92.7
3/7/2017,90.5
3/8/2017,89.5
3/9/2017,85
3/10/2017,87
3/11/2017,68.9
3/12/2017,125
3/13/2017,106
3/14/2017,101
3/15/2017,117
3/16/2017,92.6
3/17/2017,99.1
3/18/2017,101
3/19/2017,92.8
3/20/2017,103
3/21/2017,97.1
3/22/2017,97.5
3/23/2017,84.4
3/24/2017,111
3/25/2017,111
3/26/2017,112
3/27/2017,111
3/28/2017,180
3/29/2017,132
3/30/2017,140
3/31/2017,120
4/1/2017,113
4/2/2017,88.4
4/3/2017,116
4/4/2017,114
4/5/2017,116
4/6/2017,109
4/7/2017,104
4/8/2017,93.1
4/9/2017,93.8
4/10/2017,81
4/11/2017,80.6
4/12/2017,64.4
4/13/2017,64.6
4/14/2017,74.7
4/15/2017,79.2
4/16/2017,97.1
4/17/2017,90.7
4/18/2017,90.8
4/19/2017,98.5
4/20/2017,126
4/21/2017,119
4/22/2017,117
4/23/2017,130
4/24/2017,126
4/25/2017,122
4/26/2017,125
4/27/2017,97.5
4/28/2017,100
4/29/2017,75.9
4/30/2017,87.8
5/1/2017,104
5/2/2017,83.9
5/3/2017,103
5/4/2017,114
5/5/2017,109
5/6/2017,101
5/7/2017,120
5/8/2017,111
5/9/2017,111
5/10/2017,112
5/11/2017,98.7
5/12/2017,145
5/13/2017,140
5/14/2017,130
5/15/2017,151
5/16/2017,209
5/17/2017,151
5/18/2017,156
5/19/2017,158
5/20/2017,152
5/21/2017,153
5/22/2017,152
5/23/2017,150
5/24/2017,153
5/25/2017,150
5/26/2017,129
5/27/2017,149
5/28/2017,170
5/29/2017,154
5/30/2017,155
5/31/2017,160
6/1/2017,158
6/2/2017,132
6/3/2017,132
6/4/2017,145
6/5/2017,169
6/6/2017,171
6/7/2017,145
6/8/2017,149
6/9/2017,188
6/10/2017,154
6/11/2017,203
6/12/2017,186
6/13/2017,143
6/14/2017,150
6/15/2017,211
6/16/2017,230
6/17/2017,233
6/18/2017,186
6/19/2017,166
6/20/2017,205
6/21/2017,300
6/22/2017,352
6/23/2017,293
6/24/2017,274
6/25/2017,260
6/26/2017,288
6/27/2017,377
6/28/2017,774
6/29/2017,741
6/30/2017,556
7/1/2017,721
7/2/2017,1720
7/3/2017,1430
7/4/2017,1190
7/5/2017,1240
7/6/2017,2170
7/7/2017,1620
7/8/2017,1020
7/9/2017,1220
7/10/2017,2180
7/11/2017,2110
7/12/2017,1570
7/13/2017,1540
7/14/2017,1150
7/15/2017,989
7/16/2017,1050
7/17/2017,1010
7/18/2017,886
7/19/2017,780
7/20/2017,739
7/21/2017,778
7/22/2017,986
7/23/2017,929
7/24/2017,834
7/25/2017,828
7/26/2017,933
7/27/2017,1010
7/28/2017,869
7/29/2017,813
7/30/2017,1150
7/31/2017,1940
8/1/2017,1300
8/2/2017,1570
8/3/2017,1710
8/4/2017,2660
8/5/2017,1980
8/6/2017,1700
8/7/2017,1390
8/8/2017,1440
8/9/2017,1290
8/10/2017,1820
8/11/2017,1710
8/12/2017,2030
8/13/2017,2150
8/14/2017,2570
8/15/2017,2360
8/16/2017,2070
8/17/2017,2120
8/18/2017,1780
8/19/2017,1590
8/20/2017,1580
8/21/2017,1430
8/22/2017,1380
8/23/2017,1440
8/24/2017,1410
8/25/2017,1280
8/26/2017,1120
8/27/2017,999
8/28/2017,1080
8/29/2017,1060
8/30/2017,963
8/31/2017,872
9/1/2017,952
9/2/2017,1020
9/3/2017,1440
9/4/2017,1310
9/5/2017,1020
9/6/2017,889
9/7/2017,883
9/8/2017,783
9/9/2017,696
9/10/2017,619
9/11/2017,602
9/12/2017,589
9/13/2017,660
9/14/2017,640
9/15/2017,622
9/16/2017,596
9/17/2017,524
9/18/2017,537
9/19/2017,529
9/20/2017,570
9/21/2017,700
9/22/2017,963
9/23/2017,908
9/24/2017,884
9/25/2017,625
9/26/2017,527
9/27/2017,501
9/28/2017,506
9/29/2017,491
9/30/2017,543
10/1/2017,566
10/2/2017,549
10/3/2017,527
10/4/2017,470
10/5/2017,444
10/6/2017,431
10/7/2017,422
10/8/2017,421
10/9/2017,410
10/10/2017,380
10/11/2017,356
10/12/2017,366
10/13/2017,449
10/14/2017,352
10/15/2017,325
10/16/2017,306
10/17/2017,303
10/18/2017,295
10/19/2017,292
10/20/2017,292
10/21/2017,305
10/22/2017,311
10/23/2017,288
10/24/2017,272
10/25/2017,257
10/26/2017,256
10/27/2017,239
10/28/2017,243
10/29/2017,241
10/30/2017,258
10/31/2017,236
11/1/2017,236
11/2/2017,239
11/3/2017,225
11/4/2017,221
11/5/2017,224
11/6/2017,215
11/7/2017,210
11/8/2017,206
11/9/2017,208
11/10/2017,206
11/11/2017,195
11/12/2017,181
11/13/2017,195
11/14/2017,184
11/15/2017,212
11/16/2017,208
11/17/2017,203
11/18/2017,175
11/19/2017,182
11/20/2017,200
11/21/2017,193
11/22/2017,187
11/23/2017,172
11/24/2017,174
11/25/2017,160
11/26/2017,164
11/27/2017,164
11/28/2017,163
11/29/2017,162
11/30/2017,173
12/1/2017,168
12/2/2017,178
12/3/2017,169
12/4/2017,153
12/5/2017,149
12/6/2017,174
12/7/2017,176
12/8/2017,168
12/9/2017,159
12/10/2017,159
12/11/2017,150
12/12/2017,145
12/13/2017,136
12/14/2017,137
12/15/2017,137
12/16/2017,142
12/17/2017,129
12/18/2017,135
12/19/2017,142
12/20/2017,141
12/21/2017,132
12/22/2017,139
12/23/2017,138
12/24/2017,129
12/25/2017,136
12/26/2017,150
12/27/2017,137
12/28/2017,132
12/29/2017,142
12/30/2017,135
12/31/2017,130
1/1/2018,130
1/2/2018,105
1/3/2018,108
1/4/2018,128
1/5/2018,132
1/6/2018,130
1/7/2018,95.7
1/8/2018,140
1/9/2018,134
1/10/2018,131
1/11/2018,128
1/12/2018,127
1/13/2018,127
1/14/2018,121
1/15/2018,125
1/16/2018,109
1/17/2018,128
1/18/2018,118
1/19/2018,123
1/20/2018,113
1/21/2018,115
1/22/2018,110
1/23/2018,118
1/24/2018,112
1/25/2018,110
1/26/2018,117
1/27/2018,103
1/28/2018,113
1/29/2018,115
1/30/2018,127
1/31/2018,112
2/1/2018,124
2/2/2018,125
2/3/2018,122
2/4/2018,112
2/5/2018,117
2/6/2018,109
2/7/2018,113
2/8/2018,110
2/9/2018,108
2/10/2018,98.3
2/11/2018,102
2/12/2018,105
2/13/2018,108
2/14/2018,111
2/15/2018,114
2/16/2018,102
2/17/2018,106
2/18/2018,90
2/19/2018,85.8
2/20/2018,93
2/21/2018,94
2/22/2018,104
2/23/2018,106
2/24/2018,107
2/25/2018,92.9
2/26/2018,103
2/27/2018,95
2/28/2018,95.5
3/1/2018,107
3/2/2018,104
3/3/2018,100
3/4/2018,98.3
3/5/2018,107
3/6/2018,98.8
3/7/2018,89.5
3/8/2018,89.5
3/9/2018,88.7
3/10/2018,93.7
3/11/2018,91.6
3/12/2018,92.1
3/13/2018,97.9
3/14/2018,104
3/15/2018,98.8
3/16/2018,98.4
3/17/2018,107
3/18/2018,90.8
3/19/2018,96.7
3/20/2018,99.2
3/21/2018,95.8
3/22/2018,98.3
3/23/2018,99.2
3/24/2018,96.2
3/25/2018,92.8
3/26/2018,89.5
3/27/2018,91.5
3/28/2018,92
3/29/2018,94.2
3/30/2018,96.2
3/31/2018,96
4/1/2018,99.6
4/2/2018,99.6
4/3/2018,97.9
4/4/2018,98.3
4/5/2018,105
4/6/2018,110
4/7/2018,108
4/8/2018,108
4/9/2018,112
4/10/2018,92.9
4/11/2018,101
4/12/2018,103
4/13/2018,104
4/14/2018,112
4/15/2018,105
4/16/2018,100
4/17/2018,101
4/18/2018,101
4/19/2018,107
4/20/2018,104
4/21/2018,95.4
4/22/2018,100
4/23/2018,97.5
4/24/2018,92.4
4/25/2018,92
4/26/2018,96.6
4/27/2018,86.6
4/28/2018,92
4/29/2018,95
4/30/2018,92.8
5/1/2018,121
5/2/2018,108
5/3/2018,114
5/4/2018,129
5/5/2018,108
5/6/2018,96.2
5/7/2018,104
5/8/2018,105
5/9/2018,104
5/10/2018,107
5/11/2018,99.2
5/12/2018,103
5/13/2018,95.3
5/14/2018,132
5/15/2018,163
5/16/2018,130
5/17/2018,127
5/18/2018,134
5/19/2018,130
5/20/2018,132
5/21/2018,149
5/22/2018,173
5/23/2018,170
5/24/2018,169
5/25/2018,153
5/26/2018,159
5/27/2018,148
5/28/2018,149
5/29/2018,134
5/30/2018,156
5/31/2018,146
6/1/2018,211
6/2/2018,176
6/3/2018,155
6/4/2018,138
6/5/2018,147
6/6/2018,215
6/7/2018,157
6/8/2018,166
6/9/2018,249
6/10/2018,227
6/11/2018,266
6/12/2018,314
6/13/2018,290
6/14/2018,309
6/15/2018,266
6/16/2018,233
6/17/2018,306
6/18/2018,338
6/19/2018,263
6/20/2018,231
6/21/2018,227
6/22/2018,232
6/23/2018,251
6/24/2018,246
6/25/2018,264
6/26/2018,875
6/27/2018,561
6/28/2018,436
6/29/2018,482
6/30/2018,437
7/1/2018,384
7/2/2018,703
7/3/2018,1050
7/4/2018,637
7/5/2018,585
7/6/2018,577
7/7/2018,484
7/8/2018,668
7/9/2018,639
7/10/2018,1250
7/11/2018,896
7/12/2018,925
7/13/2018,1120
7/14/2018,1050
7/15/2018,1040
7/16/2018,1030
7/17/2018,1200
7/18/2018,879
7/19/2018,1000
7/20/2018,870
7/21/2018,984
7/22/2018,809
7/23/2018,1080
7/24/2018,893
7/25/2018,933
7/26/2018,1200
7/27/2018,1260
7/28/2018,1030
7/29/2018,998
7/30/2018,828
7/31/2018,1050
8/1/2018,1100
8/2/2018,1250
8/3/2018,1570
8/4/2018,1620
8/5/2018,1540
8/6/2018,2190
8/7/2018,1800
8/8/2018,1810
8/9/2018,1360
8/10/2018,1160
8/11/2018,1170
8/12/2018,1290
8/13/2018,1440
8/14/2018,1560
8/15/2018,1690
8/16/2018,1950
8/17/2018,1660
8/18/2018,1440
8/19/2018,1240
8/20/2018,1100
8/21/2018,1020
8/22/2018,1040
8/23/2018,1110
8/24/2018,1100
8/25/2018,1370
8/26/2018,1320
8/27/2018,1220
8/28/2018,1080
8/29/2018,1070
8/30/2018,1040
8/31/2018,1030
9/1/2018,2010
9/2/2018,1850
9/3/2018,1630
9/4/2018,1360
9/5/2018,1160
9/6/2018,1070
9/7/2018,1030
9/8/2018,902
9/9/2018,788
9/10/2018,802
9/11/2018,941
9/12/2018,1070
9/13/2018,1050
9/14/2018,888
9/15/2018,813
9/16/2018,771
9/17/2018,752
9/18/2018,825
9/19/2018,505
9/20/2018,592
9/21/2018,576
9/22/2018,575
9/23/2018,591
9/24/2018,546
9/25/2018,493
9/26/2018,469
9/27/2018,454
9/28/2018,463
9/29/2018,454
9/30/2018,451
10/1/2018,439
10/2/2018,420
10/3/2018,401
10/4/2018,397
10/5/2018,398
10/6/2018,391
10/7/2018,375
10/8/2018,366
10/9/2018,354
10/10/2018,343
10/11/2018,340
10/12/2018,334
10/13/2018,325
10/14/2018,317
10/15/2018,316
10/16/2018,310
10/17/2018,310
10/18/2018,310
10/19/2018,310
10/20/2018,310
10/21/2018,310
10/22/2018,303
10/23/2018,279
10/24/2018,278
10/25/2018,276
10/26/2018,273
10/27/2018,266
10/28/2018,259
10/29/2018,259
10/30/2018,256
10/31/2018,256
11/1/2018,248
11/2/2018,239
11/3/2018,245
11/4/2018,249
11/5/2018,248
11/6/2018,242
11/7/2018,237
11/8/2018,235
11/9/2018,242
11/10/2018,238
11/11/2018,223
11/12/2018,224
11/13/2018,223
11/14/2018,223
11/15/2018,234
11/16/2018,219
11/17/2018,216
11/18/2018,200
11/19/2018,210
11/20/2018,175
11/21/2018,196
11/22/2018,197
11/23/2018,192
11/24/2018,185
11/25/2018,184
11/26/2018,198
11/27/2018,206
11/28/2018,174
11/29/2018,185
11/30/2018,185
12/1/2018,185
12/2/2018,186
12/3/2018,186
12/4/2018,189
12/5/2018,203
12/6/2018,196
12/7/2018,184
12/8/2018,166
12/9/2018,167
12/10/2018,172
12/11/2018,177
12/12/2018,186
12/13/2018,169
12/14/2018,165
12/15/2018,164
12/16/2018,163
12/17/2018,153
12/18/2018,152
12/19/2018,151
12/20/2018,163
12/21/2018,170
12/22/2018,167
12/23/2018,133
12/24/2018,144
12/25/2018,153
12/26/2018,157
12/27/2018,152
12/28/2018,150
12/29/2018,157
12/30/2018,141
12/31/2018,149
1/1/2019,144
1/2/2019,153
1/3/2019,150
1/4/2019,151
1/5/2019,130
1/6/2019,127
1/7/2019,132
1/8/2019,139
1/9/2019,149
1/10/2019,158
1/11/2019,144
1/12/2019,133
1/13/2019,137
1/14/2019,146
1/15/2019,154
1/16/2019,150
1/17/2019,154
1/18/2019,143
1/19/2019,141
1/20/2019,151
1/21/2019,145
1/22/2019,149
1/23/2019,139
1/24/2019,146
1/25/2019,144
1/26/2019,155
1/27/2019,173
1/28/2019,149
1/29/2019,154
1/30/2019,136
1/31/2019,120
2/1/2019,132
2/2/2019,131
2/3/2019,131
2/4/2019,134
2/5/2019,141
2/6/2019,135
2/7/2019,143
2/8/2019,156
2/9/2019,189
2/10/2019,222
2/11/2019,162
2/12/2019,150
2/13/2019,150
2/14/2019,140
2/15/2019,167
2/16/2019,147
2/17/2019,153
2/18/2019,139
2/19/2019,142
2/20/2019,131
2/21/2019,143
2/22/2019,141
2/23/2019,139
2/24/2019,132
2/25/2019,135
2/26/2019,131
2/27/2019,136
2/28/2019,147
3/1/2019,151
3/2/2019,148
3/3/2019,149
3/4/2019,142
3/5/2019,143
3/6/2019,135
3/7/2019,125
3/8/2019,131
3/9/2019,134
3/10/2019,132
3/11/2019,130
3/12/2019,133
3/13/2019,117
3/14/2019,133
3/15/2019,124
3/16/2019,125
3/17/2019,129
3/18/2019,130
3/19/2019,133
3/20/2019,135
3/21/2019,141
3/22/2019,139
3/23/2019,139
3/24/2019,138
3/25/2019,140
3/26/2019,141
3/27/2019,136
3/28/2019,132
3/29/2019,137
3/30/2019,158
3/31/2019,176
4/1/2019,143
4/2/2019,159
4/3/2019,161
4/4/2019,143
4/5/2019,142
4/6/2019,150
4/7/2019,154
4/8/2019,185
4/9/2019,155
4/10/2019,153
4/11/2019,155
4/12/2019,163
4/13/2019,177
4/14/2019,173
4/15/2019,176
4/16/2019,223
4/17/2019,220
4/18/2019,218
4/19/2019,200
4/20/2019,179
4/21/2019,166
4/22/2019,152
4/23/2019,177
4/24/2019,161
4/25/2019,159
4/26/2019,185
4/27/2019,180
4/28/2019,185
4/29/2019,193
4/30/2019,206
5/1/2019,198
5/2/2019,175
5/3/2019,201
5/4/2019,196
5/5/2019,198
5/6/2019,193
5/7/2019,166
5/8/2019,172
5/9/2019,171
5/10/2019,163
5/11/2019,170
5/12/2019,188
5/13/2019,172
5/14/2019,166
5/15/2019,162
5/16/2019,157
5/17/2019,168
5/18/2019,191
5/19/2019,171
5/20/2019,173
5/21/2019,174
5/22/2019,179
5/23/2019,310
5/24/2019,256
5/25/2019,220
5/26/2019,231
5/27/2019,223
5/28/2019,231
5/29/2019,219
5/30/2019,235
5/31/2019,217
6/1/2019,216
6/2/2019,192
6/3/2019,218
6/4/2019,197
6/5/2019,179
6/6/2019,198
6/7/2019,279
6/8/2019,266
6/9/2019,249
6/10/2019,276
6/11/2019,259
6/12/2019,253
6/13/2019,259
6/14/2019,261
6/15/2019,259
6/16/2019,269
6/17/2019,259
6/18/2019,260
6/19/2019,268
6/20/2019,253
6/21/2019,232
6/22/2019,233
6/23/2019,300
6/24/2019,695
6/25/2019,348
6/26/2019,314
6/27/2019,322
6/28/2019,309
6/29/2019,300
6/30/2019,395
7/1/2019,423
7/2/2019,352
7/3/2019,386
7/4/2019,422
7/5/2019,399
7/6/2019,540
7/7/2019,631
7/8/2019,741
7/9/2019,1020
7/10/2019,1130
7/11/2019,900
7/12/2019,965
7/13/2019,924
7/14/2019,788
7/15/2019,726
7/16/2019,649
7/17/2019,532
7/18/2019,528
7/19/2019,490
7/20/2019,458
7/21/2019,466
7/22/2019,521
7/23/2019,619
7/24/2019,798
7/25/2019,1080
7/26/2019,773
7/27/2019,888
7/28/2019,810
7/29/2019,695
7/30/2019,691
7/31/2019,686
8/1/2019,615
8/2/2019,738
8/3/2019,737
8/4/2019,714
8/5/2019,818
8/6/2019,1080
8/7/2019,1170
8/8/2019,900
8/9/2019,760
8/10/2019,768
8/11/2019,779
8/12/2019,705
8/13/2019,695
8/14/2019,652
8/15/2019,663
8/16/2019,648
8/17/2019,643
8/18/2019,606
8/19/2019,747
8/20/2019,716
8/21/2019,596
8/22/2019,765
8/23/2019,651
8/24/2019,580
8/25/2019,785
8/26/2019,803
8/27/2019,658
8/28/2019,583
8/29/2019,555
8/30/2019,568
8/31/2019,525
9/1/2019,909
9/2/2019,862
9/3/2019,623
9/4/2019,654
9/5/2019,819
9/6/2019,771
9/7/2019,996
9/8/2019,1070
9/9/2019,846
9/10/2019,738
9/11/2019,966
9/12/2019,1020
9/13/2019,1260
9/14/2019,1380
9/15/2019,1040
9/16/2019,1030
9/17/2019,1900
9/18/2019,1680
9/19/2019,1620
9/20/2019,1390
9/21/2019,1090
9/22/2019,968
9/23/2019,847
9/24/2019,812
9/25/2019,757
9/26/2019,816
9/27/2019,828
9/28/2019,833
9/29/2019,832
9/30/2019,696
10/1/2019,670
10/2/2019,647
10/3/2019,603
10/4/2019,545
10/5/2019,512
10/6/2019,508
10/7/2019,503
10/8/2019,490
10/9/2019,478
10/10/2019,471
10/11/2019,447
10/12/2019,409
10/13/2019,393
10/14/2019,373
10/15/2019,356
10/16/2019,351
10/17/2019,330
10/18/2019,333
10/19/2019,331
10/20/2019,325
10/21/2019,311
10/22/2019,300
10/23/2019,290
10/24/2019,280
10/25/2019,290
10/26/2019,286
10/27/2019,261
10/28/2019,342
10/29/2019,338
10/30/2019,323
10/31/2019,307
11/1/2019,294
11/2/2019,289
11/3/2019,236
11/4/2019,282
11/5/2019,232
11/6/2019,239
11/7/2019,227
11/8/2019,222
11/9/2019,219
11/10/2019,222
11/11/2019,219
11/12/2019,225
11/13/2019,206
11/14/2019,208
11/15/2019,206
11/16/2019,206
11/17/2019,260
11/18/2019,195
11/19/2019,204
11/20/2019,203
11/21/2019,200
11/22/2019,197
11/23/2019,195
11/24/2019,232
11/25/2019,230
11/26/2019,221
11/27/2019,268
11/28/2019,174
11/29/2019,177
11/30/2019,181
12/1/2019,171
12/2/2019,171
12/3/2019,165
12/4/2019,160
12/5/2019,192
12/6/2019,174
12/7/2019,164
12/8/2019,152
12/9/2019,163
12/10/2019,165
12/11/2019,168
12/12/2019,154
12/13/2019,174
12/14/2019,154
12/15/2019,210
12/16/2019,190
12/17/2019,185
12/18/2019,156
12/19/2019,168
12/20/2019,155
12/21/2019,152
12/22/2019,154
12/23/2019,164
12/24/2019,154
12/25/2019,154
12/26/2019,157
12/27/2019,146
12/28/2019,142
12/29/2019,156
12/30/2019,147
12/31/2019,167